{"gameTime":10,"state":{"npc_dota_hero_antimage":{"lastAbilityUpgraded":"","victory":true,"state":{"kills":0.0010000000474974513,"towersLeft":1,"netWorth":0.025690000504255295,"xp":0.07450617104768753,"teamXp":0.05426543205976486,"teamDeaths":0.006000000052154064,"enemyTowersLeft":1,"deaths":0,"teamNetWorth":0.06418000161647797,"teamKills":0.0010000000474974513},"lastItemPurchased":[0,1,0,0,0,0,0,0,0,0,0]},"npc_dota_hero_winter_wyvern":{"lastAbilityUpgraded":"","victory":true,"state":{"kills":0,"towersLeft":1,"netWorth":0.012090000323951244,"xp":0.041512344032526016,"teamXp":0.05426543205976486,"teamDeaths":0.006000000052154064,"enemyTowersLeft":1,"deaths":0,"teamNetWorth":0.06418000161647797,"teamKills":0.0010000000474974513},"lastItemPurchased":[0,0,0,0,0,0,0,0,0,0,0]},"npc_dota_hero_centaur":{"lastAbilityUpgraded":"","victory":true,"state":{"kills":0,"towersLeft":1,"netWorth":0.013899999670684338,"xp":0.07138888537883759,"teamXp":0.05426543205976486,"teamDeaths":0.006000000052154064,"enemyTowersLeft":1,"deaths":0.0010000000474974513,"teamNetWorth":0.06418000161647797,"teamKills":0.0010000000474974513},"lastItemPurchased":[0,0,0,0,0,0,0,0,0,0,0]},"npc_dota_hero_visage":{"lastAbilityUpgraded":"","victory":true,"state":{"kills":0,"towersLeft":1,"netWorth":0.005969999823719263,"xp":0.021172840148210526,"teamXp":0.05426543205976486,"teamDeaths":0.006000000052154064,"enemyTowersLeft":1,"deaths":0.0020000000949949026,"teamNetWorth":0.06418000161647797,"teamKills":0.0010000000474974513},"lastItemPurchased":[0,0,0,0,0,0,0,0,0,0,0]},"npc_dota_hero_drow_ranger":{"lastAbilityUpgraded":"","victory":false,"state":{"kills":0.0010000000474974513,"towersLeft":1,"netWorth":0.022989999502897263,"xp":0.09419753402471542,"teamXp":0.07423456758260727,"teamDeaths":0.0010000000474974513,"enemyTowersLeft":1,"deaths":0,"teamNetWorth":0.10233999788761139,"teamKills":0.006000000052154064},"lastItemPurchased":[0,0,0,0,0,0,0,0,0,0,0]},"npc_dota_hero_legion_commander":{"lastAbilityUpgraded":"","victory":false,"state":{"kills":0,"towersLeft":1,"netWorth":0.018959999084472656,"xp":0.0718827173113823,"teamXp":0.07423456758260727,"teamDeaths":0.0010000000474974513,"enemyTowersLeft":1,"deaths":0,"teamNetWorth":0.10233999788761139,"teamKills":0.006000000052154064},"lastItemPurchased":[0,0,0,0,0,0,0,0,0,0,0]},"npc_dota_hero_invoker":{"lastAbilityUpgraded":"","victory":true,"state":{"kills":0,"towersLeft":1,"netWorth":0.0065299998968839645,"xp":0.06274691224098206,"teamXp":0.05426543205976486,"teamDeaths":0.006000000052154064,"enemyTowersLeft":1,"deaths":0.003000000026077032,"teamNetWorth":0.06418000161647797,"teamKills":0.0010000000474974513},"lastItemPurchased":[0,0,0,0,0,0,0,0,0,0,0]},"npc_dota_hero_sniper":{"lastAbilityUpgraded":"","victory":false,"state":{"kills":0.003000000026077032,"towersLeft":1,"netWorth":0.029319999739527702,"xp":0.10197530686855316,"teamXp":0.07423456758260727,"teamDeaths":0.0010000000474974513,"enemyTowersLeft":1,"deaths":0,"teamNetWorth":0.10233999788761139,"teamKills":0.006000000052154064},"lastItemPurchased":[0,0,1,0,0,0,0,0,0,0,0]},"npc_dota_hero_ogre_magi":{"lastAbilityUpgraded":"","victory":false,"state":{"kills":0.0010000000474974513,"towersLeft":1,"netWorth":0.015850000083446503,"xp":0.04484567791223526,"teamXp":0.07423456758260727,"teamDeaths":0.0010000000474974513,"enemyTowersLeft":1,"deaths":0,"teamNetWorth":0.10233999788761139,"teamKills":0.006000000052154064},"lastItemPurchased":[0,0,0,0,0,0,0,0,0,0,0]},"npc_dota_hero_batrider":{"lastAbilityUpgraded":"","victory":false,"state":{"kills":0.0010000000474974513,"towersLeft":1,"netWorth":0.01522000040858984,"xp":0.058271605521440506,"teamXp":0.07423456758260727,"teamDeaths":0.0010000000474974513,"enemyTowersLeft":1,"deaths":0.0010000000474974513,"teamNetWorth":0.10233999788761139,"teamKills":0.006000000052154064},"lastItemPurchased":[0,1,0,0,0,0,0,0,0,0,0]}}}