{"gameTime":22,"state":{"npc_dota_hero_antimage":{"lastAbilityUpgraded":"","victory":true,"state":{"kills":0.0020000000949949026,"towersLeft":0.9090909361839294,"netWorth":0.05827999860048294,"xp":0.22052469849586487,"teamXp":0.15761728584766388,"teamDeaths":0.006000000052154064,"enemyTowersLeft":0.9696969985961914,"deaths":0,"teamNetWorth":0.17940999567508698,"teamKills":0.00800000037997961},"lastItemPurchased":[0,0,0,0,0,0,0,0,0,0,0]},"npc_dota_hero_nyx_assassin":{"lastAbilityUpgraded":"","victory":true,"state":{"kills":0.003000000026077032,"towersLeft":0.9090909361839294,"netWorth":0.03175000101327896,"xp":0.1388888955116272,"teamXp":0.15761728584766388,"teamDeaths":0.006000000052154064,"enemyTowersLeft":0.9696969985961914,"deaths":0.0010000000474974513,"teamNetWorth":0.17940999567508698,"teamKills":0.00800000037997961},"lastItemPurchased":[0,0,0,0,0,0,0,0,0,0,0]},"npc_dota_hero_rubick":{"lastAbilityUpgraded":"","victory":false,"state":{"kills":0,"towersLeft":0.9696969985961914,"netWorth":0.016820000484585762,"xp":0.08836419880390167,"teamXp":0.14373457431793213,"teamDeaths":0.008999999612569809,"enemyTowersLeft":0.9090909361839294,"deaths":0.0020000000949949026,"teamNetWorth":0.19934000074863434,"teamKills":0.006000000052154064},"lastItemPurchased":[1,0,0,0,0,0,0,0,0,0,0]},"npc_dota_hero_visage":{"lastAbilityUpgraded":"","victory":false,"state":{"kills":0.0020000000949949026,"towersLeft":0.9696969985961914,"netWorth":0.05042999982833862,"xp":0.1873456835746765,"teamXp":0.14373457431793213,"teamDeaths":0.008999999612569809,"enemyTowersLeft":0.9090909361839294,"deaths":0.0020000000949949026,"teamNetWorth":0.19934000074863434,"teamKills":0.006000000052154064},"lastItemPurchased":[0,0,0,0,0,1,0,0,0,0,0]},"npc_dota_hero_drow_ranger":{"lastAbilityUpgraded":"","victory":false,"state":{"kills":0.0010000000474974513,"towersLeft":0.9696969985961914,"netWorth":0.04693000018596649,"xp":0.16003087162971497,"teamXp":0.14373457431793213,"teamDeaths":0.008999999612569809,"enemyTowersLeft":0.9090909361839294,"deaths":0.0020000000949949026,"teamNetWorth":0.19934000074863434,"teamKills":0.006000000052154064},"lastItemPurchased":[0,0,0,0,0,0,0,0,0,0,0]},"npc_dota_hero_silencer":{"lastAbilityUpgraded":"","victory":true,"state":{"kills":0,"towersLeft":0.9090909361839294,"netWorth":0.012029999867081642,"xp":0.08339506387710571,"teamXp":0.15761728584766388,"teamDeaths":0.006000000052154064,"enemyTowersLeft":0.9696969985961914,"deaths":0.004000000189989805,"teamNetWorth":0.17940999567508698,"teamKills":0.00800000037997961},"lastItemPurchased":[0,0,0,0,0,0,0,0,0,0,0]},"npc_dota_hero_mirana":{"lastAbilityUpgraded":"","victory":false,"state":{"kills":0.0020000000949949026,"towersLeft":0.9696969985961914,"netWorth":0.02558000013232231,"xp":0.08277777582406998,"teamXp":0.14373457431793213,"teamDeaths":0.008999999612569809,"enemyTowersLeft":0.9090909361839294,"deaths":0.0020000000949949026,"teamNetWorth":0.19934000074863434,"teamKills":0.006000000052154064},"lastItemPurchased":[1,0,0,0,0,0,0,0,0,0,0]},"npc_dota_hero_slardar":{"lastAbilityUpgraded":"","victory":true,"state":{"kills":0.003000000026077032,"towersLeft":0.9090909361839294,"netWorth":0.04213999956846237,"xp":0.1581481546163559,"teamXp":0.15761728584766388,"teamDeaths":0.006000000052154064,"enemyTowersLeft":0.9696969985961914,"deaths":0,"teamNetWorth":0.17940999567508698,"teamKills":0.00800000037997961},"lastItemPurchased":[0,0,0,0,0,0,0,0,0,0,0]},"npc_dota_hero_obsidian_destroyer":{"lastAbilityUpgraded":"","victory":false,"state":{"kills":0.0010000000474974513,"towersLeft":0.9696969985961914,"netWorth":0.059579998254776,"xp":0.20015431940555573,"teamXp":0.14373457431793213,"teamDeaths":0.008999999612569809,"enemyTowersLeft":0.9090909361839294,"deaths":0.0010000000474974513,"teamNetWorth":0.19934000074863434,"teamKills":0.006000000052154064},"lastItemPurchased":[0,0,0,0,0,0,0,0,0,0,0]},"npc_dota_hero_magnataur":{"lastAbilityUpgraded":"","victory":true,"state":{"kills":0,"towersLeft":0.9090909361839294,"netWorth":0.03520999848842621,"xp":0.18712963163852692,"teamXp":0.15761728584766388,"teamDeaths":0.006000000052154064,"enemyTowersLeft":0.9696969985961914,"deaths":0.0010000000474974513,"teamNetWorth":0.17940999567508698,"teamKills":0.00800000037997961},"lastItemPurchased":[0,0,0,0,0,0,0,0,0,0,0]}}}