{"gameTime":9,"state":{"npc_dota_hero_antimage":{"lastAbilityUpgraded":"","victory":true,"state":{"kills":0.0010000000474974513,"towersLeft":1,"netWorth":0.024129999801516533,"xp":0.0683024674654007,"teamXp":0.04695061594247818,"teamDeaths":0.006000000052154064,"enemyTowersLeft":1,"deaths":0,"teamNetWorth":0.05942000076174736,"teamKills":0.0010000000474974513},"lastItemPurchased":[0,0,0,1,0,0,0,0,0,0,0]},"npc_dota_hero_winter_wyvern":{"lastAbilityUpgraded":"","victory":true,"state":{"kills":0,"towersLeft":1,"netWorth":0.010420000180602074,"xp":0.03604938089847565,"teamXp":0.04695061594247818,"teamDeaths":0.006000000052154064,"enemyTowersLeft":1,"deaths":0,"teamNetWorth":0.05942000076174736,"teamKills":0.0010000000474974513},"lastItemPurchased":[0,0,0,1,0,0,0,0,0,0,0]},"npc_dota_hero_centaur":{"lastAbilityUpgraded":"","victory":true,"state":{"kills":0,"towersLeft":1,"netWorth":0.012729999609291553,"xp":0.060277778655290604,"teamXp":0.04695061594247818,"teamDeaths":0.006000000052154064,"enemyTowersLeft":1,"deaths":0.0010000000474974513,"teamNetWorth":0.05942000076174736,"teamKills":0.0010000000474974513},"lastItemPurchased":[0,0,0,0,0,0,0,0,0,0,0]},"npc_dota_hero_visage":{"lastAbilityUpgraded":"","victory":true,"state":{"kills":0,"towersLeft":1,"netWorth":0.005969999823719263,"xp":0.013611110858619213,"teamXp":0.04695061594247818,"teamDeaths":0.006000000052154064,"enemyTowersLeft":1,"deaths":0.0020000000949949026,"teamNetWorth":0.05942000076174736,"teamKills":0.0010000000474974513},"lastItemPurchased":[0,0,0,0,0,0,0,0,0,0,0]},"npc_dota_hero_drow_ranger":{"lastAbilityUpgraded":"","victory":false,"state":{"kills":0.0010000000474974513,"towersLeft":1,"netWorth":0.020230000838637352,"xp":0.07620370388031006,"teamXp":0.06153086572885513,"teamDeaths":0.0010000000474974513,"enemyTowersLeft":1,"deaths":0,"teamNetWorth":0.09369999915361404,"teamKills":0.006000000052154064},"lastItemPurchased":[0,0,0,1,0,0,0,0,0,0,0]},"npc_dota_hero_legion_commander":{"lastAbilityUpgraded":"","victory":false,"state":{"kills":0,"towersLeft":1,"netWorth":0.016820000484585762,"xp":0.059135802090168,"teamXp":0.06153086572885513,"teamDeaths":0.0010000000474974513,"enemyTowersLeft":1,"deaths":0,"teamNetWorth":0.09369999915361404,"teamKills":0.006000000052154064},"lastItemPurchased":[0,0,0,0,0,0,0,0,0,0,0]},"npc_dota_hero_invoker":{"lastAbilityUpgraded":"","victory":true,"state":{"kills":0,"towersLeft":1,"netWorth":0.006169999949634075,"xp":0.056512344628572464,"teamXp":0.04695061594247818,"teamDeaths":0.006000000052154064,"enemyTowersLeft":1,"deaths":0.003000000026077032,"teamNetWorth":0.05942000076174736,"teamKills":0.0010000000474974513},"lastItemPurchased":[0,0,0,0,0,0,0,0,0,0,0]},"npc_dota_hero_sniper":{"lastAbilityUpgraded":"","victory":false,"state":{"kills":0.003000000026077032,"towersLeft":1,"netWorth":0.02621999941766262,"xp":0.08700617402791977,"teamXp":0.06153086572885513,"teamDeaths":0.0010000000474974513,"enemyTowersLeft":1,"deaths":0,"teamNetWorth":0.09369999915361404,"teamKills":0.006000000052154064},"lastItemPurchased":[0,0,0,0,0,0,0,0,0,0,0]},"npc_dota_hero_ogre_magi":{"lastAbilityUpgraded":"","victory":false,"state":{"kills":0.0010000000474974513,"towersLeft":1,"netWorth":0.015850000083446503,"xp":0.037654321640729904,"teamXp":0.06153086572885513,"teamDeaths":0.0010000000474974513,"enemyTowersLeft":1,"deaths":0,"teamNetWorth":0.09369999915361404,"teamKills":0.006000000052154064},"lastItemPurchased":[1,0,0,0,0,0,0,0,0,0,0]},"npc_dota_hero_batrider":{"lastAbilityUpgraded":"","victory":false,"state":{"kills":0.0010000000474974513,"towersLeft":1,"netWorth":0.014580000191926956,"xp":0.04765431955456734,"teamXp":0.06153086572885513,"teamDeaths":0.0010000000474974513,"enemyTowersLeft":1,"deaths":0.0010000000474974513,"teamNetWorth":0.09369999915361404,"teamKills":0.006000000052154064},"lastItemPurchased":[1,0,0,0,0,0,0,0,0,0,0]}}}