{"gameTime":13,"state":{"npc_dota_hero_warlock":{"lastAbilityUpgraded":"","victory":true,"state":{"kills":0.0010000000474974513,"towersLeft":1,"netWorth":0.012729999609291553,"xp":0.05395061895251274,"teamXp":0.06777160614728928,"teamDeaths":0.004999999888241291,"enemyTowersLeft":1,"deaths":0,"teamNetWorth":0.10739000141620636,"teamKills":0.007000000216066837},"lastItemPurchased":[0,0,0,0,0,0,0,0,0,0,0]},"npc_dota_hero_storm_spirit":{"lastAbilityUpgraded":"","victory":false,"state":{"kills":0,"towersLeft":1,"netWorth":0.013100000098347664,"xp":0.07271604984998703,"teamXp":0.06691358238458633,"teamDeaths":0.007000000216066837,"enemyTowersLeft":1,"deaths":0.004999999888241291,"teamNetWorth":0.08664000034332275,"teamKills":0.0020000000949949026},"lastItemPurchased":[0,0,0,0,0,0,0,0,0,0,0]},"npc_dota_hero_meepo":{"lastAbilityUpgraded":"","victory":false,"state":{"kills":0,"towersLeft":1,"netWorth":0.03564000129699707,"xp":0.13398148119449615,"teamXp":0.06691358238458633,"teamDeaths":0.007000000216066837,"enemyTowersLeft":1,"deaths":0,"teamNetWorth":0.08664000034332275,"teamKills":0.0020000000949949026},"lastItemPurchased":[0,0,0,0,0,0,0,0,0,0,0]},"npc_dota_hero_earthshaker":{"lastAbilityUpgraded":"","victory":true,"state":{"kills":0.0020000000949949026,"towersLeft":1,"netWorth":0.02159000001847744,"xp":0.02361111156642437,"teamXp":0.06777160614728928,"teamDeaths":0.004999999888241291,"enemyTowersLeft":1,"deaths":0.003000000026077032,"teamNetWorth":0.10739000141620636,"teamKills":0.007000000216066837},"lastItemPurchased":[0,0,0,0,0,0,0,0,0,0,0]},"npc_dota_hero_silencer":{"lastAbilityUpgraded":"","victory":false,"state":{"kills":0,"towersLeft":1,"netWorth":0.010400000028312206,"xp":0.04058641940355301,"teamXp":0.06691358238458633,"teamDeaths":0.007000000216066837,"enemyTowersLeft":1,"deaths":0,"teamNetWorth":0.08664000034332275,"teamKills":0.0020000000949949026},"lastItemPurchased":[1,0,0,0,0,0,0,0,0,0,0]},"npc_dota_hero_mirana":{"lastAbilityUpgraded":"","victory":false,"state":{"kills":0.0010000000474974513,"towersLeft":1,"netWorth":0.01592000015079975,"xp":0.05824074149131775,"teamXp":0.06691358238458633,"teamDeaths":0.007000000216066837,"enemyTowersLeft":1,"deaths":0.0010000000474974513,"teamNetWorth":0.08664000034332275,"teamKills":0.0020000000949949026},"lastItemPurchased":[0,0,0,0,0,0,0,0,0,0,0]},"npc_dota_hero_sniper":{"lastAbilityUpgraded":"","victory":true,"state":{"kills":0.004000000189989805,"towersLeft":1,"netWorth":0.033980000764131546,"xp":0.11796296387910843,"teamXp":0.06777160614728928,"teamDeaths":0.004999999888241291,"enemyTowersLeft":1,"deaths":0,"teamNetWorth":0.10739000141620636,"teamKills":0.007000000216066837},"lastItemPurchased":[1,0,0,0,0,0,0,0,0,0,0]},"npc_dota_hero_rattletrap":{"lastAbilityUpgraded":"","victory":true,"state":{"kills":0,"towersLeft":1,"netWorth":0.012070000171661377,"xp":0.07336419820785522,"teamXp":0.06777160614728928,"teamDeaths":0.004999999888241291,"enemyTowersLeft":1,"deaths":0.0010000000474974513,"teamNetWorth":0.10739000141620636,"teamKills":0.007000000216066837},"lastItemPurchased":[0,0,1,0,0,0,0,0,0,0,0]},"npc_dota_hero_disruptor":{"lastAbilityUpgraded":"","victory":false,"state":{"kills":0.0010000000474974513,"towersLeft":1,"netWorth":0.011579999700188637,"xp":0.029043210670351982,"teamXp":0.06691358238458633,"teamDeaths":0.007000000216066837,"enemyTowersLeft":1,"deaths":0.0010000000474974513,"teamNetWorth":0.08664000034332275,"teamKills":0.0020000000949949026},"lastItemPurchased":[1,0,0,0,0,0,0,0,0,0,0]},"npc_dota_hero_slark":{"lastAbilityUpgraded":"","victory":true,"state":{"kills":0,"towersLeft":1,"netWorth":0.02701999992132187,"xp":0.06996913254261017,"teamXp":0.06777160614728928,"teamDeaths":0.004999999888241291,"enemyTowersLeft":1,"deaths":0.0010000000474974513,"teamNetWorth":0.10739000141620636,"teamKills":0.007000000216066837},"lastItemPurchased":[0,0,0,0,1,0,0,0,0,0,0]}}}