{"gameTime":35,"state":{"npc_dota_hero_crystal_maiden":{"lastAbilityUpgraded":"","victory":true,"state":{"kills":0.0010000000474974513,"towersLeft":0.9090909361839294,"netWorth":0.04628999903798103,"xp":0.19728395342826843,"teamXp":0.37132716178894043,"teamDeaths":0.014000000432133675,"enemyTowersLeft":0.6969696879386902,"deaths":0.004999999888241291,"teamNetWorth":0.48388001322746277,"teamKills":0.029999999329447746},"lastItemPurchased":[0,0,0,0,0,0,0,0,0,0,0]},"npc_dota_hero_ursa":{"lastAbilityUpgraded":"","victory":false,"state":{"kills":0.004000000189989805,"towersLeft":0.6969696879386902,"netWorth":0.11287999898195267,"xp":0.4226234555244446,"teamXp":0.32466667890548706,"teamDeaths":0.03099999949336052,"enemyTowersLeft":0.9090909361839294,"deaths":0.004999999888241291,"teamNetWorth":0.3617500066757202,"teamKills":0.012000000104308128},"lastItemPurchased":[0,0,0,0,0,0,0,0,0,0,0]},"npc_dota_hero_earthshaker":{"lastAbilityUpgraded":"","victory":true,"state":{"kills":0.0020000000949949026,"towersLeft":0.9090909361839294,"netWorth":0.05517999827861786,"xp":0.25740739703178406,"teamXp":0.37132716178894043,"teamDeaths":0.014000000432133675,"enemyTowersLeft":0.6969696879386902,"deaths":0.003000000026077032,"teamNetWorth":0.48388001322746277,"teamKills":0.029999999329447746},"lastItemPurchased":[0,0,0,0,0,0,0,0,0,0,0]},"npc_dota_hero_sand_king":{"lastAbilityUpgraded":"","victory":false,"state":{"kills":0,"towersLeft":0.6969696879386902,"netWorth":0.0587799996137619,"xp":0.2563580274581909,"teamXp":0.32466667890548706,"teamDeaths":0.03099999949336052,"enemyTowersLeft":0.9090909361839294,"deaths":0.00800000037997961,"teamNetWorth":0.3617500066757202,"teamKills":0.012000000104308128},"lastItemPurchased":[0,0,0,0,0,0,0,0,0,0,0]},"npc_dota_hero_kunkka":{"lastAbilityUpgraded":"","victory":true,"state":{"kills":0.004999999888241291,"towersLeft":0.9090909361839294,"netWorth":0.06797000020742416,"xp":0.32793208956718445,"teamXp":0.37132716178894043,"teamDeaths":0.014000000432133675,"enemyTowersLeft":0.6969696879386902,"deaths":0.0020000000949949026,"teamNetWorth":0.48388001322746277,"teamKills":0.029999999329447746},"lastItemPurchased":[0,0,0,0,0,0,0,0,0,0,0]},"npc_dota_hero_ogre_magi":{"lastAbilityUpgraded":"","victory":false,"state":{"kills":0.0010000000474974513,"towersLeft":0.6969696879386902,"netWorth":0.03249000012874603,"xp":0.22503086924552917,"teamXp":0.32466667890548706,"teamDeaths":0.03099999949336052,"enemyTowersLeft":0.9090909361839294,"deaths":0.007000000216066837,"teamNetWorth":0.3617500066757202,"teamKills":0.012000000104308128},"lastItemPurchased":[0,0,0,0,0,0,0,0,0,0,0]},"npc_dota_hero_shredder":{"lastAbilityUpgraded":"","victory":true,"state":{"kills":0.006000000052154064,"towersLeft":0.9090909361839294,"netWorth":0.11461000144481659,"xp":0.40601852536201477,"teamXp":0.37132716178894043,"teamDeaths":0.014000000432133675,"enemyTowersLeft":0.6969696879386902,"deaths":0.004000000189989805,"teamNetWorth":0.48388001322746277,"teamKills":0.029999999329447746},"lastItemPurchased":[0,0,0,0,0,0,0,0,1,0,0]},"npc_dota_hero_obsidian_destroyer":{"lastAbilityUpgraded":"","victory":false,"state":{"kills":0.006000000052154064,"towersLeft":0.6969696879386902,"netWorth":0.14034000039100647,"xp":0.5064814686775208,"teamXp":0.32466667890548706,"teamDeaths":0.03099999949336052,"enemyTowersLeft":0.9090909361839294,"deaths":0.003000000026077032,"teamNetWorth":0.3617500066757202,"teamKills":0.012000000104308128},"lastItemPurchased":[0,0,0,0,0,0,0,0,0,0,0]},"npc_dota_hero_wisp":{"lastAbilityUpgraded":"","victory":false,"state":{"kills":0.0010000000474974513,"towersLeft":0.6969696879386902,"netWorth":0.017260000109672546,"xp":0.2128394991159439,"teamXp":0.32466667890548706,"teamDeaths":0.03099999949336052,"enemyTowersLeft":0.9090909361839294,"deaths":0.00800000037997961,"teamNetWorth":0.3617500066757202,"teamKills":0.012000000104308128},"lastItemPurchased":[0,0,0,0,0,0,0,0,0,0,0]},"npc_dota_hero_juggernaut":{"lastAbilityUpgraded":"","victory":true,"state":{"kills":0.01600000075995922,"towersLeft":0.9090909361839294,"netWorth":0.19982999563217163,"xp":0.6679938435554504,"teamXp":0.37132716178894043,"teamDeaths":0.014000000432133675,"enemyTowersLeft":0.6969696879386902,"deaths":0,"teamNetWorth":0.48388001322746277,"teamKills":0.029999999329447746},"lastItemPurchased":[0,0,0,0,0,0,0,0,0,0,0]}}}