{"gameTime":36,"state":{"npc_dota_hero_crystal_maiden":{"lastAbilityUpgraded":"","victory":true,"state":{"kills":0.0010000000474974513,"towersLeft":0.9090909361839294,"netWorth":0.05982999876141548,"xp":0.212777778506279,"teamXp":0.38749998807907104,"teamDeaths":0.014000000432133675,"enemyTowersLeft":0.3636363744735718,"deaths":0.004999999888241291,"teamNetWorth":0.5679600238800049,"teamKills":0.03099999949336052},"lastItemPurchased":[0,0,0,1,0,0,0,0,0,0,0]},"npc_dota_hero_ursa":{"lastAbilityUpgraded":"","victory":false,"state":{"kills":0.004000000189989805,"towersLeft":0.3636363744735718,"netWorth":0.11287999898195267,"xp":0.4226234555244446,"teamXp":0.32466667890548706,"teamDeaths":0.03200000151991844,"enemyTowersLeft":0.9090909361839294,"deaths":0.004999999888241291,"teamNetWorth":0.3538300096988678,"teamKills":0.012000000104308128},"lastItemPurchased":[0,0,1,0,0,0,0,0,0,0,0]},"npc_dota_hero_earthshaker":{"lastAbilityUpgraded":"","victory":true,"state":{"kills":0.0020000000949949026,"towersLeft":0.9090909361839294,"netWorth":0.064970001578331,"xp":0.2752160429954529,"teamXp":0.38749998807907104,"teamDeaths":0.014000000432133675,"enemyTowersLeft":0.3636363744735718,"deaths":0.003000000026077032,"teamNetWorth":0.5679600238800049,"teamKills":0.03099999949336052},"lastItemPurchased":[0,0,0,0,0,0,0,0,0,0,0]},"npc_dota_hero_sand_king":{"lastAbilityUpgraded":"","victory":false,"state":{"kills":0,"towersLeft":0.3636363744735718,"netWorth":0.05928000062704086,"xp":0.2563580274581909,"teamXp":0.32466667890548706,"teamDeaths":0.03200000151991844,"enemyTowersLeft":0.9090909361839294,"deaths":0.00800000037997961,"teamNetWorth":0.3538300096988678,"teamKills":0.012000000104308128},"lastItemPurchased":[0,0,0,0,0,0,0,0,0,0,0]},"npc_dota_hero_kunkka":{"lastAbilityUpgraded":"","victory":true,"state":{"kills":0.004999999888241291,"towersLeft":0.9090909361839294,"netWorth":0.08169999718666077,"xp":0.34447529911994934,"teamXp":0.38749998807907104,"teamDeaths":0.014000000432133675,"enemyTowersLeft":0.3636363744735718,"deaths":0.0020000000949949026,"teamNetWorth":0.5679600238800049,"teamKills":0.03099999949336052},"lastItemPurchased":[0,0,0,0,0,1,0,0,0,0,0]},"npc_dota_hero_ogre_magi":{"lastAbilityUpgraded":"","victory":false,"state":{"kills":0.0010000000474974513,"towersLeft":0.3636363744735718,"netWorth":0.03249000012874603,"xp":0.22503086924552917,"teamXp":0.32466667890548706,"teamDeaths":0.03200000151991844,"enemyTowersLeft":0.9090909361839294,"deaths":0.007000000216066837,"teamNetWorth":0.3538300096988678,"teamKills":0.012000000104308128},"lastItemPurchased":[0,0,0,0,0,0,0,0,0,0,0]},"npc_dota_hero_shredder":{"lastAbilityUpgraded":"","victory":true,"state":{"kills":0.007000000216066837,"towersLeft":0.9090909361839294,"netWorth":0.13431000709533691,"xp":0.4238271713256836,"teamXp":0.38749998807907104,"teamDeaths":0.014000000432133675,"enemyTowersLeft":0.3636363744735718,"deaths":0.004000000189989805,"teamNetWorth":0.5679600238800049,"teamKills":0.03099999949336052},"lastItemPurchased":[0,0,0,1,0,0,0,0,0,0,0]},"npc_dota_hero_obsidian_destroyer":{"lastAbilityUpgraded":"","victory":false,"state":{"kills":0.006000000052154064,"towersLeft":0.3636363744735718,"netWorth":0.1319199949502945,"xp":0.5064814686775208,"teamXp":0.32466667890548706,"teamDeaths":0.03200000151991844,"enemyTowersLeft":0.9090909361839294,"deaths":0.004000000189989805,"teamNetWorth":0.3538300096988678,"teamKills":0.012000000104308128},"lastItemPurchased":[0,0,0,0,0,0,0,0,0,0,0]},"npc_dota_hero_wisp":{"lastAbilityUpgraded":"","victory":false,"state":{"kills":0.0010000000474974513,"towersLeft":0.3636363744735718,"netWorth":0.017260000109672546,"xp":0.2128394991159439,"teamXp":0.32466667890548706,"teamDeaths":0.03200000151991844,"enemyTowersLeft":0.9090909361839294,"deaths":0.00800000037997961,"teamNetWorth":0.3538300096988678,"teamKills":0.012000000104308128},"lastItemPurchased":[0,0,0,0,0,0,0,0,0,0,0]},"npc_dota_hero_juggernaut":{"lastAbilityUpgraded":"","victory":true,"state":{"kills":0.01600000075995922,"towersLeft":0.9090909361839294,"netWorth":0.22714999318122864,"xp":0.6812037229537964,"teamXp":0.38749998807907104,"teamDeaths":0.014000000432133675,"enemyTowersLeft":0.3636363744735718,"deaths":0,"teamNetWorth":0.5679600238800049,"teamKills":0.03099999949336052},"lastItemPurchased":[0,0,0,0,0,0,0,0,0,1,0]}}}