{"gameTime":29,"state":{"npc_dota_hero_life_stealer":{"lastAbilityUpgraded":"","victory":true,"state":{"kills":0.012000000104308128,"towersLeft":0.939393937587738,"netWorth":0.0941300019621849,"xp":0.42271605134010315,"teamXp":0.34198763966560364,"teamDeaths":0.029999999329447746,"enemyTowersLeft":0.9696969985961914,"deaths":0.004999999888241291,"teamNetWorth":0.3189699947834015,"teamKills":0.03200000151991844},"lastItemPurchased":[0,0,0,0,0,0,0,0,0,0,0]},"npc_dota_hero_rubick":{"lastAbilityUpgraded":"","victory":false,"state":{"kills":0.00800000037997961,"towersLeft":0.9090909361839294,"netWorth":0.03623000159859657,"xp":0.25799381732940674,"teamXp":0.2799135744571686,"teamDeaths":0.03200000151991844,"enemyTowersLeft":0.8787878751754761,"deaths":0.007000000216066837,"teamNetWorth":0.26363998651504517,"teamKills":0.027000000700354576},"lastItemPurchased":[0,0,0,0,0,0,0,0,0,0,0]},"npc_dota_hero_earth_spirit":{"lastAbilityUpgraded":"","victory":false,"state":{"kills":0.008999999612569809,"towersLeft":0.9090909361839294,"netWorth":0.09837000072002411,"xp":0.35700616240501404,"teamXp":0.2799135744571686,"teamDeaths":0.03200000151991844,"enemyTowersLeft":0.8787878751754761,"deaths":0.0020000000949949026,"teamNetWorth":0.26363998651504517,"teamKills":0.027000000700354576},"lastItemPurchased":[0,0,0,0,0,0,0,0,0,0,0]},"npc_dota_hero_drow_ranger":{"lastAbilityUpgraded":"","victory":false,"state":{"kills":0.0020000000949949026,"towersLeft":0.9090909361839294,"netWorth":0.042180001735687256,"xp":0.22632716596126556,"teamXp":0.2799135744571686,"teamDeaths":0.03200000151991844,"enemyTowersLeft":0.8787878751754761,"deaths":0.00800000037997961,"teamNetWorth":0.26363998651504517,"teamKills":0.027000000700354576},"lastItemPurchased":[0,0,0,0,0,0,0,0,0,0,0]},"npc_dota_hero_legion_commander":{"lastAbilityUpgraded":"","victory":false,"state":{"kills":0.0020000000949949026,"towersLeft":0.9090909361839294,"netWorth":0.025760000571608543,"xp":0.200956791639328,"teamXp":0.2799135744571686,"teamDeaths":0.03200000151991844,"enemyTowersLeft":0.8787878751754761,"deaths":0.008999999612569809,"teamNetWorth":0.26363998651504517,"teamKills":0.027000000700354576},"lastItemPurchased":[0,1,0,0,0,0,0,0,0,0,0]},"npc_dota_hero_sand_king":{"lastAbilityUpgraded":"","victory":true,"state":{"kills":0.006000000052154064,"towersLeft":0.939393937587738,"netWorth":0.05711999908089638,"xp":0.34956789016723633,"teamXp":0.34198763966560364,"teamDeaths":0.029999999329447746,"enemyTowersLeft":0.9696969985961914,"deaths":0.006000000052154064,"teamNetWorth":0.3189699947834015,"teamKills":0.03200000151991844},"lastItemPurchased":[0,0,0,0,0,0,0,0,0,0,0]},"npc_dota_hero_mirana":{"lastAbilityUpgraded":"","victory":true,"state":{"kills":0.003000000026077032,"towersLeft":0.939393937587738,"netWorth":0.030810000374913216,"xp":0.2208641916513443,"teamXp":0.34198763966560364,"teamDeaths":0.029999999329447746,"enemyTowersLeft":0.9696969985961914,"deaths":0.009999999776482582,"teamNetWorth":0.3189699947834015,"teamKills":0.03200000151991844},"lastItemPurchased":[1,0,0,0,0,0,0,0,0,0,0]},"npc_dota_hero_ember_spirit":{"lastAbilityUpgraded":"","victory":false,"state":{"kills":0.006000000052154064,"towersLeft":0.9090909361839294,"netWorth":0.06109999865293503,"xp":0.35728394985198975,"teamXp":0.2799135744571686,"teamDeaths":0.03200000151991844,"enemyTowersLeft":0.8787878751754761,"deaths":0.006000000052154064,"teamNetWorth":0.26363998651504517,"teamKills":0.027000000700354576},"lastItemPurchased":[0,0,0,0,0,0,0,0,0,0,0]},"npc_dota_hero_obsidian_destroyer":{"lastAbilityUpgraded":"","victory":true,"state":{"kills":0.00800000037997961,"towersLeft":0.939393937587738,"netWorth":0.09453999996185303,"xp":0.4196913540363312,"teamXp":0.34198763966560364,"teamDeaths":0.029999999329447746,"enemyTowersLeft":0.9696969985961914,"deaths":0.003000000026077032,"teamNetWorth":0.3189699947834015,"teamKills":0.03200000151991844},"lastItemPurchased":[0,0,0,0,1,0,0,0,0,0,0]},"npc_dota_hero_omniknight":{"lastAbilityUpgraded":"","victory":true,"state":{"kills":0.003000000026077032,"towersLeft":0.939393937587738,"netWorth":0.04236999899148941,"xp":0.2970987558364868,"teamXp":0.34198763966560364,"teamDeaths":0.029999999329447746,"enemyTowersLeft":0.9696969985961914,"deaths":0.006000000052154064,"teamNetWorth":0.3189699947834015,"teamKills":0.03200000151991844},"lastItemPurchased":[0,0,0,0,0,0,0,0,0,0,0]}}}