{"gameTime":21,"state":{"npc_dota_hero_tusk":{"lastAbilityUpgraded":"","victory":false,"state":{"kills":0.003000000026077032,"towersLeft":1,"netWorth":0.019579999148845673,"xp":0.1117592602968216,"teamXp":0.1650432050228119,"teamDeaths":0.02199999988079071,"enemyTowersLeft":1,"deaths":0.004000000189989805,"teamNetWorth":0.175929993391037,"teamKills":0.013000000268220901},"lastItemPurchased":[0,0,0,0,0,0,0,0,0,0,0]},"npc_dota_hero_ursa":{"lastAbilityUpgraded":"","victory":true,"state":{"kills":0.008999999612569809,"towersLeft":1,"netWorth":0.04932999983429909,"xp":0.1789814829826355,"teamXp":0.1749074012041092,"teamDeaths":0.014000000432133675,"enemyTowersLeft":1,"deaths":0.0020000000949949026,"teamNetWorth":0.19411000609397888,"teamKills":0.019999999552965164},"lastItemPurchased":[0,0,0,0,0,0,0,0,0,0,0]},"npc_dota_hero_templar_assassin":{"lastAbilityUpgraded":"","victory":false,"state":{"kills":0.003000000026077032,"towersLeft":1,"netWorth":0.04830000177025795,"xp":0.215925931930542,"teamXp":0.1650432050228119,"teamDeaths":0.02199999988079071,"enemyTowersLeft":1,"deaths":0.0020000000949949026,"teamNetWorth":0.175929993391037,"teamKills":0.013000000268220901},"lastItemPurchased":[0,0,1,0,0,0,0,0,0,0,0]},"npc_dota_hero_rubick":{"lastAbilityUpgraded":"","victory":false,"state":{"kills":0.0020000000949949026,"towersLeft":1,"netWorth":0.02613000012934208,"xp":0.1303703635931015,"teamXp":0.1650432050228119,"teamDeaths":0.02199999988079071,"enemyTowersLeft":1,"deaths":0.004000000189989805,"teamNetWorth":0.175929993391037,"teamKills":0.013000000268220901},"lastItemPurchased":[0,0,0,1,0,0,0,0,0,0,0]},"npc_dota_hero_axe":{"lastAbilityUpgraded":"","victory":false,"state":{"kills":0.0010000000474974513,"towersLeft":1,"netWorth":0.025369999930262566,"xp":0.15111111104488373,"teamXp":0.1650432050228119,"teamDeaths":0.02199999988079071,"enemyTowersLeft":1,"deaths":0.007000000216066837,"teamNetWorth":0.175929993391037,"teamKills":0.013000000268220901},"lastItemPurchased":[0,0,0,0,0,0,0,0,0,0,0]},"npc_dota_hero_sand_king":{"lastAbilityUpgraded":"","victory":true,"state":{"kills":0.0020000000949949026,"towersLeft":1,"netWorth":0.02841000072658062,"xp":0.1324382722377777,"teamXp":0.1749074012041092,"teamDeaths":0.014000000432133675,"enemyTowersLeft":1,"deaths":0.006000000052154064,"teamNetWorth":0.19411000609397888,"teamKills":0.019999999552965164},"lastItemPurchased":[0,0,0,0,0,0,0,0,0,0,0]},"npc_dota_hero_phantom_assassin":{"lastAbilityUpgraded":"","victory":false,"state":{"kills":0.004000000189989805,"towersLeft":1,"netWorth":0.05654999986290932,"xp":0.21604938805103302,"teamXp":0.1650432050228119,"teamDeaths":0.02199999988079071,"enemyTowersLeft":1,"deaths":0.004999999888241291,"teamNetWorth":0.175929993391037,"teamKills":0.013000000268220901},"lastItemPurchased":[0,0,0,0,0,0,0,0,0,0,0]},"npc_dota_hero_puck":{"lastAbilityUpgraded":"","victory":true,"state":{"kills":0.0020000000949949026,"towersLeft":1,"netWorth":0.045170001685619354,"xp":0.2134259194135666,"teamXp":0.1749074012041092,"teamDeaths":0.014000000432133675,"enemyTowersLeft":1,"deaths":0,"teamNetWorth":0.19411000609397888,"teamKills":0.019999999552965164},"lastItemPurchased":[0,0,0,0,0,0,0,0,0,0,0]},"npc_dota_hero_spectre":{"lastAbilityUpgraded":"","victory":true,"state":{"kills":0.0020000000949949026,"towersLeft":1,"netWorth":0.04064000025391579,"xp":0.18515431880950928,"teamXp":0.1749074012041092,"teamDeaths":0.014000000432133675,"enemyTowersLeft":1,"deaths":0.0020000000949949026,"teamNetWorth":0.19411000609397888,"teamKills":0.019999999552965164},"lastItemPurchased":[0,0,0,0,0,0,0,0,0,0,0]},"npc_dota_hero_wisp":{"lastAbilityUpgraded":"","victory":true,"state":{"kills":0.004999999888241291,"towersLeft":1,"netWorth":0.030559999868273735,"xp":0.16453704237937927,"teamXp":0.1749074012041092,"teamDeaths":0.014000000432133675,"enemyTowersLeft":1,"deaths":0.004000000189989805,"teamNetWorth":0.19411000609397888,"teamKills":0.019999999552965164},"lastItemPurchased":[0,0,0,0,0,1,0,0,0,0,0]}}}