{"gameTime":20,"state":{"npc_dota_hero_tusk":{"lastAbilityUpgraded":"","victory":true,"state":{"kills":0.004000000189989805,"towersLeft":1,"netWorth":0.04064999893307686,"xp":0.1693827211856842,"teamXp":0.22965432703495026,"teamDeaths":0.017000000923871994,"enemyTowersLeft":0.6666666865348816,"deaths":0.004000000189989805,"teamNetWorth":0.3068999946117401,"teamKills":0.03500000014901161},"lastItemPurchased":[0,0,0,0,0,0,0,0,0,0,0]},"npc_dota_hero_ursa":{"lastAbilityUpgraded":"","victory":true,"state":{"kills":0.017000000923871994,"towersLeft":1,"netWorth":0.08983000367879868,"xp":0.29543209075927734,"teamXp":0.22965432703495026,"teamDeaths":0.017000000923871994,"enemyTowersLeft":0.6666666865348816,"deaths":0.004000000189989805,"teamNetWorth":0.3068999946117401,"teamKills":0.03500000014901161},"lastItemPurchased":[0,0,0,0,0,0,0,0,0,0,0]},"npc_dota_hero_axe":{"lastAbilityUpgraded":"","victory":true,"state":{"kills":0.004000000189989805,"towersLeft":1,"netWorth":0.06693000346422195,"xp":0.25567901134490967,"teamXp":0.22965432703495026,"teamDeaths":0.017000000923871994,"enemyTowersLeft":0.6666666865348816,"deaths":0.0020000000949949026,"teamNetWorth":0.3068999946117401,"teamKills":0.03500000014901161},"lastItemPurchased":[0,0,0,0,0,0,0,0,0,0,0]},"npc_dota_hero_silencer":{"lastAbilityUpgraded":"","victory":false,"state":{"kills":0.0010000000474974513,"towersLeft":0.6363636255264282,"netWorth":0.01882999949157238,"xp":0.12395061552524567,"teamXp":0.1350555568933487,"teamDeaths":0.03400000184774399,"enemyTowersLeft":0.9696969985961914,"deaths":0.008999999612569809,"teamNetWorth":0.1294099986553192,"teamKills":0.009999999776482582},"lastItemPurchased":[0,0,0,0,0,0,0,0,0,0,0]},"npc_dota_hero_huskar":{"lastAbilityUpgraded":"","victory":false,"state":{"kills":0.0020000000949949026,"towersLeft":0.6363636255264282,"netWorth":0.027000000700354576,"xp":0.11851851642131805,"teamXp":0.1350555568933487,"teamDeaths":0.03400000184774399,"enemyTowersLeft":0.9696969985961914,"deaths":0.006000000052154064,"teamNetWorth":0.1294099986553192,"teamKills":0.009999999776482582},"lastItemPurchased":[0,0,0,0,0,0,0,0,0,0,0]},"npc_dota_hero_chen":{"lastAbilityUpgraded":"","victory":false,"state":{"kills":0.0020000000949949026,"towersLeft":0.6363636255264282,"netWorth":0.013249999843537807,"xp":0.07743827253580093,"teamXp":0.1350555568933487,"teamDeaths":0.03400000184774399,"enemyTowersLeft":0.9696969985961914,"deaths":0.006000000052154064,"teamNetWorth":0.1294099986553192,"teamKills":0.009999999776482582},"lastItemPurchased":[0,0,0,0,0,0,0,0,0,0,0]},"npc_dota_hero_vengefulspirit":{"lastAbilityUpgraded":"","victory":true,"state":{"kills":0.004000000189989805,"towersLeft":1,"netWorth":0.035590000450611115,"xp":0.1798456758260727,"teamXp":0.22965432703495026,"teamDeaths":0.017000000923871994,"enemyTowersLeft":0.6666666865348816,"deaths":0.004000000189989805,"teamNetWorth":0.3068999946117401,"teamKills":0.03500000014901161},"lastItemPurchased":[0,0,0,0,0,0,0,0,0,0,0]},"npc_dota_hero_doom_bringer":{"lastAbilityUpgraded":"","victory":false,"state":{"kills":0.0020000000949949026,"towersLeft":0.6363636255264282,"netWorth":0.03612999990582466,"xp":0.15703703463077545,"teamXp":0.1350555568933487,"teamDeaths":0.03400000184774399,"enemyTowersLeft":0.9696969985961914,"deaths":0.006000000052154064,"teamNetWorth":0.1294099986553192,"teamKills":0.009999999776482582},"lastItemPurchased":[0,0,0,0,0,0,0,0,0,0,0]},"npc_dota_hero_obsidian_destroyer":{"lastAbilityUpgraded":"","victory":false,"state":{"kills":0.003000000026077032,"towersLeft":0.6363636255264282,"netWorth":0.03420000150799751,"xp":0.19833333790302277,"teamXp":0.1350555568933487,"teamDeaths":0.03400000184774399,"enemyTowersLeft":0.9696969985961914,"deaths":0.007000000216066837,"teamNetWorth":0.1294099986553192,"teamKills":0.009999999776482582},"lastItemPurchased":[0,0,0,0,0,0,0,0,0,0,0]},"npc_dota_hero_weaver":{"lastAbilityUpgraded":"","victory":true,"state":{"kills":0.006000000052154064,"towersLeft":1,"netWorth":0.0738999992609024,"xp":0.2479320913553238,"teamXp":0.22965432703495026,"teamDeaths":0.017000000923871994,"enemyTowersLeft":0.6666666865348816,"deaths":0.003000000026077032,"teamNetWorth":0.3068999946117401,"teamKills":0.03500000014901161},"lastItemPurchased":[0,0,0,0,0,0,0,0,0,0,0]}}}