{"gameTime":41,"state":{"npc_dota_hero_antimage":{"lastAbilityUpgraded":"","victory":true,"state":{"kills":0.010999999940395355,"towersLeft":0.8484848737716675,"netWorth":0.15272000432014465,"xp":0.6975926160812378,"teamXp":0.4098148047924042,"teamDeaths":0.03200000151991844,"enemyTowersLeft":0.7878788113594055,"deaths":0.004999999888241291,"teamNetWorth":0.3963800072669983,"teamKills":0.02800000086426735},"lastItemPurchased":[0,0,0,0,0,0,0,0,0,0,0]},"npc_dota_hero_winter_wyvern":{"lastAbilityUpgraded":"","victory":true,"state":{"kills":0.006000000052154064,"towersLeft":0.8484848737716675,"netWorth":0.0523499995470047,"xp":0.29197531938552856,"teamXp":0.4098148047924042,"teamDeaths":0.03200000151991844,"enemyTowersLeft":0.7878788113594055,"deaths":0.008999999612569809,"teamNetWorth":0.3963800072669983,"teamKills":0.02800000086426735},"lastItemPurchased":[0,0,0,0,0,0,0,0,0,0,0]},"npc_dota_hero_axe":{"lastAbilityUpgraded":"","victory":false,"state":{"kills":0.007000000216066837,"towersLeft":0.7878788113594055,"netWorth":0.08314000070095062,"xp":0.45879629254341125,"teamXp":0.443148136138916,"teamDeaths":0.035999998450279236,"enemyTowersLeft":0.8484848737716675,"deaths":0.00800000037997961,"teamNetWorth":0.41106998920440674,"teamKills":0.03200000151991844},"lastItemPurchased":[0,0,0,0,0,0,0,0,0,0,0]},"npc_dota_hero_pudge":{"lastAbilityUpgraded":"","victory":false,"state":{"kills":0.004999999888241291,"towersLeft":0.7878788113594055,"netWorth":0.029190000146627426,"xp":0.27145060896873474,"teamXp":0.443148136138916,"teamDeaths":0.035999998450279236,"enemyTowersLeft":0.8484848737716675,"deaths":0.009999999776482582,"teamNetWorth":0.41106998920440674,"teamKills":0.03200000151991844},"lastItemPurchased":[0,0,0,0,0,0,0,0,0,0,0]},"npc_dota_hero_slardar":{"lastAbilityUpgraded":"","victory":true,"state":{"kills":0.0010000000474974513,"towersLeft":0.8484848737716675,"netWorth":0.050599999725818634,"xp":0.32814815640449524,"teamXp":0.4098148047924042,"teamDeaths":0.03200000151991844,"enemyTowersLeft":0.7878788113594055,"deaths":0.007000000216066837,"teamNetWorth":0.3963800072669983,"teamKills":0.02800000086426735},"lastItemPurchased":[0,0,0,0,0,0,0,0,0,0,0]},"npc_dota_hero_ogre_magi":{"lastAbilityUpgraded":"","victory":true,"state":{"kills":0.0020000000949949026,"towersLeft":0.8484848737716675,"netWorth":0.046939998865127563,"xp":0.29657408595085144,"teamXp":0.4098148047924042,"teamDeaths":0.03200000151991844,"enemyTowersLeft":0.7878788113594055,"deaths":0.006000000052154064,"teamNetWorth":0.3963800072669983,"teamKills":0.02800000086426735},"lastItemPurchased":[1,0,0,0,0,0,0,0,0,0,0]},"npc_dota_hero_puck":{"lastAbilityUpgraded":"","victory":true,"state":{"kills":0.00800000037997961,"towersLeft":0.8484848737716675,"netWorth":0.09376999735832214,"xp":0.4347839653491974,"teamXp":0.4098148047924042,"teamDeaths":0.03200000151991844,"enemyTowersLeft":0.7878788113594055,"deaths":0.004999999888241291,"teamNetWorth":0.3963800072669983,"teamKills":0.02800000086426735},"lastItemPurchased":[0,0,0,0,0,0,0,0,0,0,0]},"npc_dota_hero_obsidian_destroyer":{"lastAbilityUpgraded":"","victory":false,"state":{"kills":0.008999999612569809,"towersLeft":0.7878788113594055,"netWorth":0.11702000349760056,"xp":0.5681790113449097,"teamXp":0.443148136138916,"teamDeaths":0.035999998450279236,"enemyTowersLeft":0.8484848737716675,"deaths":0.006000000052154064,"teamNetWorth":0.41106998920440674,"teamKills":0.03200000151991844},"lastItemPurchased":[0,0,0,0,0,0,0,0,0,0,0]},"npc_dota_hero_disruptor":{"lastAbilityUpgraded":"","victory":false,"state":{"kills":0.0010000000474974513,"towersLeft":0.7878788113594055,"netWorth":0.031029999256134033,"xp":0.25382715463638306,"teamXp":0.443148136138916,"teamDeaths":0.035999998450279236,"enemyTowersLeft":0.8484848737716675,"deaths":0.007000000216066837,"teamNetWorth":0.41106998920440674,"teamKills":0.03200000151991844},"lastItemPurchased":[0,0,0,0,0,0,0,0,0,0,0]},"npc_dota_hero_slark":{"lastAbilityUpgraded":"","victory":false,"state":{"kills":0.009999999776482582,"towersLeft":0.7878788113594055,"netWorth":0.1506900042295456,"xp":0.6634876728057861,"teamXp":0.443148136138916,"teamDeaths":0.035999998450279236,"enemyTowersLeft":0.8484848737716675,"deaths":0.004999999888241291,"teamNetWorth":0.41106998920440674,"teamKills":0.03200000151991844},"lastItemPurchased":[0,0,0,0,0,0,0,0,0,0,0]}}}