{"gameTime":32,"state":{"npc_dota_hero_naga_siren":{"lastAbilityUpgraded":"","victory":false,"state":{"kills":0,"towersLeft":0.8484848737716675,"netWorth":0.06707999855279922,"xp":0.2313888818025589,"teamXp":0.26288270950317383,"teamDeaths":0.03200000151991844,"enemyTowersLeft":0.9696969985961914,"deaths":0.004000000189989805,"teamNetWorth":0.254720002412796,"teamKills":0.008999999612569809},"lastItemPurchased":[0,0,0,0,0,0,0,0,0,0,0]},"npc_dota_hero_earth_spirit":{"lastAbilityUpgraded":"","victory":true,"state":{"kills":0.00800000037997961,"towersLeft":0.939393937587738,"netWorth":0.05770000070333481,"xp":0.2677469253540039,"teamXp":0.383672833442688,"teamDeaths":0.012000000104308128,"enemyTowersLeft":0.8181818127632141,"deaths":0.004999999888241291,"teamNetWorth":0.4755299985408783,"teamKills":0.03099999949336052},"lastItemPurchased":[0,0,0,0,0,1,0,0,0,0,0]},"npc_dota_hero_phantom_assassin":{"lastAbilityUpgraded":"","victory":false,"state":{"kills":0.004000000189989805,"towersLeft":0.8484848737716675,"netWorth":0.06199999898672104,"xp":0.32206788659095764,"teamXp":0.26288270950317383,"teamDeaths":0.03200000151991844,"enemyTowersLeft":0.9696969985961914,"deaths":0.007000000216066837,"teamNetWorth":0.254720002412796,"teamKills":0.008999999612569809},"lastItemPurchased":[0,0,0,0,0,0,0,0,0,0,0]},"npc_dota_hero_leshrac":{"lastAbilityUpgraded":"","victory":false,"state":{"kills":0.0020000000949949026,"towersLeft":0.8484848737716675,"netWorth":0.02127999998629093,"xp":0.1937345713376999,"teamXp":0.26288270950317383,"teamDeaths":0.03200000151991844,"enemyTowersLeft":0.9696969985961914,"deaths":0.008999999612569809,"teamNetWorth":0.254720002412796,"teamKills":0.008999999612569809},"lastItemPurchased":[0,0,0,0,0,0,0,0,0,0,0]},"npc_dota_hero_mirana":{"lastAbilityUpgraded":"","victory":true,"state":{"kills":0.004999999888241291,"towersLeft":0.939393937587738,"netWorth":0.06966999918222427,"xp":0.3010493814945221,"teamXp":0.383672833442688,"teamDeaths":0.012000000104308128,"enemyTowersLeft":0.8181818127632141,"deaths":0.004999999888241291,"teamNetWorth":0.4755299985408783,"teamKills":0.03099999949336052},"lastItemPurchased":[1,0,0,0,0,0,0,0,0,0,0]},"npc_dota_hero_kunkka":{"lastAbilityUpgraded":"","victory":false,"state":{"kills":0.0010000000474974513,"towersLeft":0.8484848737716675,"netWorth":0.032590001821517944,"xp":0.20438271760940552,"teamXp":0.26288270950317383,"teamDeaths":0.03200000151991844,"enemyTowersLeft":0.9696969985961914,"deaths":0.004999999888241291,"teamNetWorth":0.254720002412796,"teamKills":0.008999999612569809},"lastItemPurchased":[1,0,0,0,0,0,0,0,0,0,0]},"npc_dota_hero_luna":{"lastAbilityUpgraded":"","victory":true,"state":{"kills":0.007000000216066837,"towersLeft":0.939393937587738,"netWorth":0.14591999351978302,"xp":0.5426543354988098,"teamXp":0.383672833442688,"teamDeaths":0.012000000104308128,"enemyTowersLeft":0.8181818127632141,"deaths":0.0010000000474974513,"teamNetWorth":0.4755299985408783,"teamKills":0.03099999949336052},"lastItemPurchased":[0,0,0,0,0,0,0,0,1,0,0]},"npc_dota_hero_puck":{"lastAbilityUpgraded":"","victory":true,"state":{"kills":0.004999999888241291,"towersLeft":0.939393937587738,"netWorth":0.08164999634027481,"xp":0.31459876894950867,"teamXp":0.383672833442688,"teamDeaths":0.012000000104308128,"enemyTowersLeft":0.8181818127632141,"deaths":0.0010000000474974513,"teamNetWorth":0.4755299985408783,"teamKills":0.03099999949336052},"lastItemPurchased":[0,0,0,0,0,0,0,0,0,0,0]},"npc_dota_hero_weaver":{"lastAbilityUpgraded":"","victory":false,"state":{"kills":0.0020000000949949026,"towersLeft":0.8484848737716675,"netWorth":0.07176999747753143,"xp":0.3628395199775696,"teamXp":0.26288270950317383,"teamDeaths":0.03200000151991844,"enemyTowersLeft":0.9696969985961914,"deaths":0.007000000216066837,"teamNetWorth":0.254720002412796,"teamKills":0.008999999612569809},"lastItemPurchased":[0,0,0,0,0,0,0,0,0,0,0]},"npc_dota_hero_juggernaut":{"lastAbilityUpgraded":"","victory":true,"state":{"kills":0.006000000052154064,"towersLeft":0.939393937587738,"netWorth":0.12059000134468079,"xp":0.49231481552124023,"teamXp":0.383672833442688,"teamDeaths":0.012000000104308128,"enemyTowersLeft":0.8181818127632141,"deaths":0,"teamNetWorth":0.4755299985408783,"teamKills":0.03099999949336052},"lastItemPurchased":[0,0,0,0,0,0,0,0,0,0,0]}}}