{"gameTime":37,"state":{"npc_dota_hero_life_stealer":{"lastAbilityUpgraded":"","victory":true,"state":{"kills":0.004999999888241291,"towersLeft":0.8787878751754761,"netWorth":0.12826000154018402,"xp":0.5013271570205688,"teamXp":0.5439814925193787,"teamDeaths":0.026000000536441803,"enemyTowersLeft":0.6666666865348816,"deaths":0.004000000189989805,"teamNetWorth":0.539359986782074,"teamKills":0.04699999839067459},"lastItemPurchased":[0,0,0,0,0,0,0,0,0,0,1]},"npc_dota_hero_rubick":{"lastAbilityUpgraded":"","victory":true,"state":{"kills":0.010999999940395355,"towersLeft":0.8787878751754761,"netWorth":0.08051999658346176,"xp":0.4461419880390167,"teamXp":0.5439814925193787,"teamDeaths":0.026000000536441803,"enemyTowersLeft":0.6666666865348816,"deaths":0.004999999888241291,"teamNetWorth":0.539359986782074,"teamKills":0.04699999839067459},"lastItemPurchased":[0,0,0,0,0,0,0,0,0,0,0]},"npc_dota_hero_pudge":{"lastAbilityUpgraded":"","victory":false,"state":{"kills":0.00800000037997961,"towersLeft":0.6666666865348816,"netWorth":0.043710000813007355,"xp":0.31432098150253296,"teamXp":0.4078086316585541,"teamDeaths":0.05299999937415123,"enemyTowersLeft":0.8787878751754761,"deaths":0.012000000104308128,"teamNetWorth":0.34257999062538147,"teamKills":0.028999999165534973},"lastItemPurchased":[0,0,0,0,0,0,0,0,0,0,0]},"npc_dota_hero_sand_king":{"lastAbilityUpgraded":"","victory":true,"state":{"kills":0.007000000216066837,"towersLeft":0.8787878751754761,"netWorth":0.12724000215530396,"xp":0.6531481742858887,"teamXp":0.5439814925193787,"teamDeaths":0.026000000536441803,"enemyTowersLeft":0.6666666865348816,"deaths":0.003000000026077032,"teamNetWorth":0.539359986782074,"teamKills":0.04699999839067459},"lastItemPurchased":[0,0,0,0,0,0,0,0,0,0,0]},"npc_dota_hero_spirit_breaker":{"lastAbilityUpgraded":"","victory":true,"state":{"kills":0.003000000026077032,"towersLeft":0.8787878751754761,"netWorth":0.0378200002014637,"xp":0.37404319643974304,"teamXp":0.5439814925193787,"teamDeaths":0.026000000536441803,"enemyTowersLeft":0.6666666865348816,"deaths":0.009999999776482582,"teamNetWorth":0.539359986782074,"teamKills":0.04699999839067459},"lastItemPurchased":[1,0,0,0,0,0,0,0,0,0,0]},"npc_dota_hero_luna":{"lastAbilityUpgraded":"","victory":false,"state":{"kills":0.00800000037997961,"towersLeft":0.6666666865348816,"netWorth":0.12801000475883484,"xp":0.6574691534042358,"teamXp":0.4078086316585541,"teamDeaths":0.05299999937415123,"enemyTowersLeft":0.8787878751754761,"deaths":0.007000000216066837,"teamNetWorth":0.34257999062538147,"teamKills":0.028999999165534973},"lastItemPurchased":[0,0,0,0,0,0,0,0,0,0,0]},"npc_dota_hero_rattletrap":{"lastAbilityUpgraded":"","victory":false,"state":{"kills":0.003000000026077032,"towersLeft":0.6666666865348816,"netWorth":0.04021000117063522,"xp":0.30981481075286865,"teamXp":0.4078086316585541,"teamDeaths":0.05299999937415123,"enemyTowersLeft":0.8787878751754761,"deaths":0.008999999612569809,"teamNetWorth":0.34257999062538147,"teamKills":0.028999999165534973},"lastItemPurchased":[1,0,0,0,0,0,0,0,0,0,0]},"npc_dota_hero_shredder":{"lastAbilityUpgraded":"","victory":false,"state":{"kills":0.004000000189989805,"towersLeft":0.6666666865348816,"netWorth":0.06513000279664993,"xp":0.41478395462036133,"teamXp":0.4078086316585541,"teamDeaths":0.05299999937415123,"enemyTowersLeft":0.8787878751754761,"deaths":0.012000000104308128,"teamNetWorth":0.34257999062538147,"teamKills":0.028999999165534973},"lastItemPurchased":[0,0,0,0,0,0,0,0,0,0,0]},"npc_dota_hero_shadow_demon":{"lastAbilityUpgraded":"","victory":false,"state":{"kills":0.006000000052154064,"towersLeft":0.6666666865348816,"netWorth":0.06552000343799591,"xp":0.3426543176174164,"teamXp":0.4078086316585541,"teamDeaths":0.05299999937415123,"enemyTowersLeft":0.8787878751754761,"deaths":0.013000000268220901,"teamNetWorth":0.34257999062538147,"teamKills":0.028999999165534973},"lastItemPurchased":[0,0,0,0,0,0,0,0,0,0,0]},"npc_dota_hero_obsidian_destroyer":{"lastAbilityUpgraded":"","victory":true,"state":{"kills":0.020999999716877937,"towersLeft":0.8787878751754761,"netWorth":0.16551999747753143,"xp":0.7452468872070312,"teamXp":0.5439814925193787,"teamDeaths":0.026000000536441803,"enemyTowersLeft":0.6666666865348816,"deaths":0.004000000189989805,"teamNetWorth":0.539359986782074,"teamKills":0.04699999839067459},"lastItemPurchased":[0,0,0,0,0,0,0,1,0,0,0]}}}