{"gameTime":12,"state":{"npc_dota_hero_clinkz":{"lastAbilityUpgraded":"","victory":true,"state":{"kills":0.0010000000474974513,"towersLeft":1,"netWorth":0.024320000782608986,"xp":0.08435185253620148,"teamXp":0.05551851913332939,"teamDeaths":0.004000000189989805,"enemyTowersLeft":1,"deaths":0.0010000000474974513,"teamNetWorth":0.08715000003576279,"teamKills":0.0020000000949949026},"lastItemPurchased":[0,0,0,1,0,0,0,0,0,0,0]},"npc_dota_hero_rubick":{"lastAbilityUpgraded":"","victory":true,"state":{"kills":0.0010000000474974513,"towersLeft":1,"netWorth":0.014709999784827232,"xp":0.036851853132247925,"teamXp":0.05551851913332939,"teamDeaths":0.004000000189989805,"enemyTowersLeft":1,"deaths":0.0020000000949949026,"teamNetWorth":0.08715000003576279,"teamKills":0.0020000000949949026},"lastItemPurchased":[1,0,0,0,0,0,0,0,0,0,0]},"npc_dota_hero_earthshaker":{"lastAbilityUpgraded":"","victory":true,"state":{"kills":0,"towersLeft":1,"netWorth":0.016259999945759773,"xp":0.018796296790242195,"teamXp":0.05551851913332939,"teamDeaths":0.004000000189989805,"enemyTowersLeft":1,"deaths":0,"teamNetWorth":0.08715000003576279,"teamKills":0.0020000000949949026},"lastItemPurchased":[0,0,0,0,0,0,0,0,0,0,0]},"npc_dota_hero_sniper":{"lastAbilityUpgraded":"","victory":false,"state":{"kills":0,"towersLeft":1,"netWorth":0.014560000039637089,"xp":0.06734567880630493,"teamXp":0.05344444513320923,"teamDeaths":0.004000000189989805,"enemyTowersLeft":1,"deaths":0.0010000000474974513,"teamNetWorth":0.07485999912023544,"teamKills":0.003000000026077032},"lastItemPurchased":[0,0,0,0,0,0,0,0,0,0,0]},"npc_dota_hero_lion":{"lastAbilityUpgraded":"","victory":false,"state":{"kills":0.0010000000474974513,"towersLeft":1,"netWorth":0.01056000031530857,"xp":0.0286728385835886,"teamXp":0.05344444513320923,"teamDeaths":0.004000000189989805,"enemyTowersLeft":1,"deaths":0.0010000000474974513,"teamNetWorth":0.07485999912023544,"teamKills":0.003000000026077032},"lastItemPurchased":[0,0,1,0,0,0,0,0,0,0,0]},"npc_dota_hero_slardar":{"lastAbilityUpgraded":"","victory":false,"state":{"kills":0,"towersLeft":1,"netWorth":0.012629999779164791,"xp":0.0698765441775322,"teamXp":0.05344444513320923,"teamDeaths":0.004000000189989805,"enemyTowersLeft":1,"deaths":0.0010000000474974513,"teamNetWorth":0.07485999912023544,"teamKills":0.003000000026077032},"lastItemPurchased":[0,0,0,0,0,0,0,0,0,0,0]},"npc_dota_hero_ogre_magi":{"lastAbilityUpgraded":"","victory":false,"state":{"kills":0.0020000000949949026,"towersLeft":1,"netWorth":0.013810000382363796,"xp":0.029104938730597496,"teamXp":0.05344444513320923,"teamDeaths":0.004000000189989805,"enemyTowersLeft":1,"deaths":0.0010000000474974513,"teamNetWorth":0.07485999912023544,"teamKills":0.003000000026077032},"lastItemPurchased":[0,0,0,0,0,0,0,0,0,0,0]},"npc_dota_hero_obsidian_destroyer":{"lastAbilityUpgraded":"","victory":true,"state":{"kills":0,"towersLeft":1,"netWorth":0.015709999948740005,"xp":0.06506172567605972,"teamXp":0.05551851913332939,"teamDeaths":0.004000000189989805,"enemyTowersLeft":1,"deaths":0.0010000000474974513,"teamNetWorth":0.08715000003576279,"teamKills":0.0020000000949949026},"lastItemPurchased":[0,0,0,0,0,0,0,0,0,0,0]},"npc_dota_hero_omniknight":{"lastAbilityUpgraded":"","victory":true,"state":{"kills":0,"towersLeft":1,"netWorth":0.01614999957382679,"xp":0.07253086566925049,"teamXp":0.05551851913332939,"teamDeaths":0.004000000189989805,"enemyTowersLeft":1,"deaths":0,"teamNetWorth":0.08715000003576279,"teamKills":0.0020000000949949026},"lastItemPurchased":[0,0,0,0,0,0,0,0,0,0,0]},"npc_dota_hero_juggernaut":{"lastAbilityUpgraded":"","victory":false,"state":{"kills":0,"towersLeft":1,"netWorth":0.02329999953508377,"xp":0.07222222536802292,"teamXp":0.05344444513320923,"teamDeaths":0.004000000189989805,"enemyTowersLeft":1,"deaths":0,"teamNetWorth":0.07485999912023544,"teamKills":0.003000000026077032},"lastItemPurchased":[0,0,0,1,0,0,0,0,0,0,0]}}}