{"gameTime":24,"state":{"npc_dota_hero_faceless_void":{"lastAbilityUpgraded":"","victory":false,"state":{"kills":0.004000000189989805,"towersLeft":0.9696969985961914,"netWorth":0.05270000174641609,"xp":0.2372530847787857,"teamXp":0.19711728394031525,"teamDeaths":0.020999999716877937,"enemyTowersLeft":0.9090909361839294,"deaths":0.004000000189989805,"teamNetWorth":0.21744999289512634,"teamKills":0.014999999664723873},"lastItemPurchased":[0,0,0,0,0,0,0,0,0,0,0]},"npc_dota_hero_bloodseeker":{"lastAbilityUpgraded":"","victory":true,"state":{"kills":0.0020000000949949026,"towersLeft":0.939393937587738,"netWorth":0.06009000167250633,"xp":0.26620370149612427,"teamXp":0.2141975313425064,"teamDeaths":0.01600000075995922,"enemyTowersLeft":1,"deaths":0.0010000000474974513,"teamNetWorth":0.24032999575138092,"teamKills":0.019999999552965164},"lastItemPurchased":[0,0,0,0,0,0,0,0,0,0,0]},"npc_dota_hero_ursa":{"lastAbilityUpgraded":"","victory":true,"state":{"kills":0.004999999888241291,"towersLeft":0.939393937587738,"netWorth":0.05973000079393387,"xp":0.25654321908950806,"teamXp":0.2141975313425064,"teamDeaths":0.01600000075995922,"enemyTowersLeft":1,"deaths":0.006000000052154064,"teamNetWorth":0.24032999575138092,"teamKills":0.019999999552965164},"lastItemPurchased":[0,0,0,0,0,0,0,0,0,0,0]},"npc_dota_hero_rubick":{"lastAbilityUpgraded":"","victory":false,"state":{"kills":0.0010000000474974513,"towersLeft":0.9696969985961914,"netWorth":0.02565000019967556,"xp":0.14663580060005188,"teamXp":0.19711728394031525,"teamDeaths":0.020999999716877937,"enemyTowersLeft":0.9090909361839294,"deaths":0.004000000189989805,"teamNetWorth":0.21744999289512634,"teamKills":0.014999999664723873},"lastItemPurchased":[0,0,0,0,0,0,0,0,0,0,0]},"npc_dota_hero_drow_ranger":{"lastAbilityUpgraded":"","victory":false,"state":{"kills":0.0010000000474974513,"towersLeft":0.9696969985961914,"netWorth":0.06363999843597412,"xp":0.24787037074565887,"teamXp":0.19711728394031525,"teamDeaths":0.020999999716877937,"enemyTowersLeft":0.9090909361839294,"deaths":0.0020000000949949026,"teamNetWorth":0.21744999289512634,"teamKills":0.014999999664723873},"lastItemPurchased":[0,0,1,0,0,0,0,0,0,0,0]},"npc_dota_hero_lion":{"lastAbilityUpgraded":"","victory":false,"state":{"kills":0.0020000000949949026,"towersLeft":0.9696969985961914,"netWorth":0.02135000005364418,"xp":0.11058641970157623,"teamXp":0.19711728394031525,"teamDeaths":0.020999999716877937,"enemyTowersLeft":0.9090909361839294,"deaths":0.006000000052154064,"teamNetWorth":0.21744999289512634,"teamKills":0.014999999664723873},"lastItemPurchased":[0,0,0,0,0,0,0,0,0,0,0]},"npc_dota_hero_puck":{"lastAbilityUpgraded":"","victory":true,"state":{"kills":0.010999999940395355,"towersLeft":0.939393937587738,"netWorth":0.07619000226259232,"xp":0.2723456919193268,"teamXp":0.2141975313425064,"teamDeaths":0.01600000075995922,"enemyTowersLeft":1,"deaths":0.0010000000474974513,"teamNetWorth":0.24032999575138092,"teamKills":0.019999999552965164},"lastItemPurchased":[0,0,0,0,0,0,0,0,0,0,0]},"npc_dota_hero_obsidian_destroyer":{"lastAbilityUpgraded":"","victory":false,"state":{"kills":0.007000000216066837,"towersLeft":0.9696969985961914,"netWorth":0.054110001772642136,"xp":0.24324074387550354,"teamXp":0.19711728394031525,"teamDeaths":0.020999999716877937,"enemyTowersLeft":0.9090909361839294,"deaths":0.004999999888241291,"teamNetWorth":0.21744999289512634,"teamKills":0.014999999664723873},"lastItemPurchased":[0,0,0,0,0,0,0,0,0,0,0]},"npc_dota_hero_omniknight":{"lastAbilityUpgraded":"","victory":true,"state":{"kills":0.0010000000474974513,"towersLeft":0.939393937587738,"netWorth":0.025539999827742577,"xp":0.16425925493240356,"teamXp":0.2141975313425064,"teamDeaths":0.01600000075995922,"enemyTowersLeft":1,"deaths":0.004000000189989805,"teamNetWorth":0.24032999575138092,"teamKills":0.019999999552965164},"lastItemPurchased":[0,0,0,0,0,0,0,0,0,0,0]},"npc_dota_hero_disruptor":{"lastAbilityUpgraded":"","victory":true,"state":{"kills":0.0010000000474974513,"towersLeft":0.939393937587738,"netWorth":0.018780000507831573,"xp":0.11163580417633057,"teamXp":0.2141975313425064,"teamDeaths":0.01600000075995922,"enemyTowersLeft":1,"deaths":0.004000000189989805,"teamNetWorth":0.24032999575138092,"teamKills":0.019999999552965164},"lastItemPurchased":[1,0,0,0,0,0,0,0,0,0,0]}}}