{"gameTime":11,"state":{"npc_dota_hero_bloodseeker":{"lastAbilityUpgraded":"","victory":true,"state":{"kills":0.0020000000949949026,"towersLeft":1,"netWorth":0.021209999918937683,"xp":0.07308641821146011,"teamXp":0.053962964564561844,"teamDeaths":0.00800000037997961,"enemyTowersLeft":1,"deaths":0.0020000000949949026,"teamNetWorth":0.08290000259876251,"teamKills":0.006000000052154064},"lastItemPurchased":[0,0,0,0,0,1,0,0,0,0,0]},"npc_dota_hero_storm_spirit":{"lastAbilityUpgraded":"","victory":true,"state":{"kills":0,"towersLeft":1,"netWorth":0.01931999996304512,"xp":0.07685185223817825,"teamXp":0.053962964564561844,"teamDeaths":0.00800000037997961,"enemyTowersLeft":1,"deaths":0,"teamNetWorth":0.08290000259876251,"teamKills":0.006000000052154064},"lastItemPurchased":[0,0,0,0,0,0,0,0,0,0,0]},"npc_dota_hero_winter_wyvern":{"lastAbilityUpgraded":"","victory":true,"state":{"kills":0,"towersLeft":1,"netWorth":0.006539999973028898,"xp":0.02092592604458332,"teamXp":0.053962964564561844,"teamDeaths":0.00800000037997961,"enemyTowersLeft":1,"deaths":0.004000000189989805,"teamNetWorth":0.08290000259876251,"teamKills":0.006000000052154064},"lastItemPurchased":[1,0,0,0,0,0,0,0,0,0,0]},"npc_dota_hero_sand_king":{"lastAbilityUpgraded":"","victory":false,"state":{"kills":0.004999999888241291,"towersLeft":1,"netWorth":0.03152000159025192,"xp":0.055617284029722214,"teamXp":0.05274074152112007,"teamDeaths":0.007000000216066837,"enemyTowersLeft":1,"deaths":0.0010000000474974513,"teamNetWorth":0.09990999847650528,"teamKills":0.006000000052154064},"lastItemPurchased":[0,0,0,0,0,0,0,0,0,0,0]},"npc_dota_hero_luna":{"lastAbilityUpgraded":"","victory":false,"state":{"kills":0,"towersLeft":1,"netWorth":0.018230000510811806,"xp":0.05027777701616287,"teamXp":0.05274074152112007,"teamDeaths":0.007000000216066837,"enemyTowersLeft":1,"deaths":0.0010000000474974513,"teamNetWorth":0.09990999847650528,"teamKills":0.006000000052154064},"lastItemPurchased":[0,0,0,1,0,0,0,0,0,0,0]},"npc_dota_hero_shadow_demon":{"lastAbilityUpgraded":"","victory":false,"state":{"kills":0,"towersLeft":1,"netWorth":0.009209999814629555,"xp":0.02925925888121128,"teamXp":0.05274074152112007,"teamDeaths":0.007000000216066837,"enemyTowersLeft":1,"deaths":0.003000000026077032,"teamNetWorth":0.09990999847650528,"teamKills":0.006000000052154064},"lastItemPurchased":[0,0,0,1,0,0,0,0,0,0,0]},"npc_dota_hero_obsidian_destroyer":{"lastAbilityUpgraded":"","victory":false,"state":{"kills":0,"towersLeft":1,"netWorth":0.021640000864863396,"xp":0.08472222089767456,"teamXp":0.05274074152112007,"teamDeaths":0.007000000216066837,"enemyTowersLeft":1,"deaths":0,"teamNetWorth":0.09990999847650528,"teamKills":0.006000000052154064},"lastItemPurchased":[0,0,0,1,0,0,0,0,0,0,0]},"npc_dota_hero_wisp":{"lastAbilityUpgraded":"","victory":true,"state":{"kills":0.0010000000474974513,"towersLeft":1,"netWorth":0.01181000005453825,"xp":0.03163580223917961,"teamXp":0.053962964564561844,"teamDeaths":0.00800000037997961,"enemyTowersLeft":1,"deaths":0.0010000000474974513,"teamNetWorth":0.08290000259876251,"teamKills":0.006000000052154064},"lastItemPurchased":[0,0,0,0,0,0,0,0,0,0,0]},"npc_dota_hero_omniknight":{"lastAbilityUpgraded":"","victory":false,"state":{"kills":0.0010000000474974513,"towersLeft":1,"netWorth":0.0193099994212389,"xp":0.04382716119289398,"teamXp":0.05274074152112007,"teamDeaths":0.007000000216066837,"enemyTowersLeft":1,"deaths":0.0020000000949949026,"teamNetWorth":0.09990999847650528,"teamKills":0.006000000052154064},"lastItemPurchased":[0,0,0,0,0,0,0,0,0,0,0]},"npc_dota_hero_batrider":{"lastAbilityUpgraded":"","victory":true,"state":{"kills":0.003000000026077032,"towersLeft":1,"netWorth":0.02401999942958355,"xp":0.06731481850147247,"teamXp":0.053962964564561844,"teamDeaths":0.00800000037997961,"enemyTowersLeft":1,"deaths":0.0010000000474974513,"teamNetWorth":0.08290000259876251,"teamKills":0.006000000052154064},"lastItemPurchased":[0,0,0,0,0,0,0,0,0,0,0]}}}