{"gameTime":22,"state":{"npc_dota_hero_bloodseeker":{"lastAbilityUpgraded":"","victory":true,"state":{"kills":0.003000000026077032,"towersLeft":0.939393937587738,"netWorth":0.05500999838113785,"xp":0.25040122866630554,"teamXp":0.17283950746059418,"teamDeaths":0.01899999938905239,"enemyTowersLeft":0.939393937587738,"deaths":0.004000000189989805,"teamNetWorth":0.1845400035381317,"teamKills":0.009999999776482582},"lastItemPurchased":[0,0,0,0,0,0,0,0,0,0,0]},"npc_dota_hero_storm_spirit":{"lastAbilityUpgraded":"","victory":true,"state":{"kills":0.0020000000949949026,"towersLeft":0.939393937587738,"netWorth":0.056460000574588776,"xp":0.2403395026922226,"teamXp":0.17283950746059418,"teamDeaths":0.01899999938905239,"enemyTowersLeft":0.939393937587738,"deaths":0.0010000000474974513,"teamNetWorth":0.1845400035381317,"teamKills":0.009999999776482582},"lastItemPurchased":[0,0,0,0,0,0,0,0,0,0,0]},"npc_dota_hero_winter_wyvern":{"lastAbilityUpgraded":"","victory":true,"state":{"kills":0,"towersLeft":0.939393937587738,"netWorth":0.013089999556541443,"xp":0.10188271850347519,"teamXp":0.17283950746059418,"teamDeaths":0.01899999938905239,"enemyTowersLeft":0.939393937587738,"deaths":0.006000000052154064,"teamNetWorth":0.1845400035381317,"teamKills":0.009999999776482582},"lastItemPurchased":[0,0,0,0,0,0,0,0,0,0,0]},"npc_dota_hero_sand_king":{"lastAbilityUpgraded":"","victory":false,"state":{"kills":0.00800000037997961,"towersLeft":0.939393937587738,"netWorth":0.06560000032186508,"xp":0.21410493552684784,"teamXp":0.1946851909160614,"teamDeaths":0.012000000104308128,"enemyTowersLeft":0.939393937587738,"deaths":0.0020000000949949026,"teamNetWorth":0.24482999742031097,"teamKills":0.01600000075995922},"lastItemPurchased":[0,0,0,0,0,0,1,0,0,0,0]},"npc_dota_hero_luna":{"lastAbilityUpgraded":"","victory":false,"state":{"kills":0.0020000000949949026,"towersLeft":0.939393937587738,"netWorth":0.0557899996638298,"xp":0.19854938983917236,"teamXp":0.1946851909160614,"teamDeaths":0.012000000104308128,"enemyTowersLeft":0.939393937587738,"deaths":0.0020000000949949026,"teamNetWorth":0.24482999742031097,"teamKills":0.01600000075995922},"lastItemPurchased":[0,1,0,0,0,0,0,0,0,0,0]},"npc_dota_hero_shadow_demon":{"lastAbilityUpgraded":"","victory":false,"state":{"kills":0,"towersLeft":0.939393937587738,"netWorth":0.025860000401735306,"xp":0.1426851898431778,"teamXp":0.1946851909160614,"teamDeaths":0.012000000104308128,"enemyTowersLeft":0.939393937587738,"deaths":0.003000000026077032,"teamNetWorth":0.24482999742031097,"teamKills":0.01600000075995922},"lastItemPurchased":[0,0,0,0,0,0,0,0,0,0,0]},"npc_dota_hero_obsidian_destroyer":{"lastAbilityUpgraded":"","victory":false,"state":{"kills":0.004000000189989805,"towersLeft":0.939393937587738,"netWorth":0.07141000032424927,"xp":0.27873456478118896,"teamXp":0.1946851909160614,"teamDeaths":0.012000000104308128,"enemyTowersLeft":0.939393937587738,"deaths":0,"teamNetWorth":0.24482999742031097,"teamKills":0.01600000075995922},"lastItemPurchased":[0,0,0,0,0,0,0,0,0,0,0]},"npc_dota_hero_wisp":{"lastAbilityUpgraded":"","victory":true,"state":{"kills":0.0020000000949949026,"towersLeft":0.939393937587738,"netWorth":0.02782999910414219,"xp":0.12225309014320374,"teamXp":0.17283950746059418,"teamDeaths":0.01899999938905239,"enemyTowersLeft":0.939393937587738,"deaths":0.003000000026077032,"teamNetWorth":0.1845400035381317,"teamKills":0.009999999776482582},"lastItemPurchased":[0,0,0,0,0,0,0,0,0,0,0]},"npc_dota_hero_omniknight":{"lastAbilityUpgraded":"","victory":false,"state":{"kills":0.0020000000949949026,"towersLeft":0.939393937587738,"netWorth":0.026170000433921814,"xp":0.13935184478759766,"teamXp":0.1946851909160614,"teamDeaths":0.012000000104308128,"enemyTowersLeft":0.939393937587738,"deaths":0.004999999888241291,"teamNetWorth":0.24482999742031097,"teamKills":0.01600000075995922},"lastItemPurchased":[0,0,0,0,0,0,0,0,0,0,0]},"npc_dota_hero_batrider":{"lastAbilityUpgraded":"","victory":true,"state":{"kills":0.003000000026077032,"towersLeft":0.939393937587738,"netWorth":0.03215000033378601,"xp":0.14932098984718323,"teamXp":0.17283950746059418,"teamDeaths":0.01899999938905239,"enemyTowersLeft":0.939393937587738,"deaths":0.004999999888241291,"teamNetWorth":0.1845400035381317,"teamKills":0.009999999776482582},"lastItemPurchased":[0,0,0,0,0,0,0,0,0,0,0]}}}