{"gameTime":37,"state":{"npc_dota_hero_faceless_void":{"lastAbilityUpgraded":"","victory":false,"state":{"kills":0.0020000000949949026,"towersLeft":0.4545454680919647,"netWorth":0.07919999957084656,"xp":0.48157408833503723,"teamXp":0.4043641984462738,"teamDeaths":0.027000000700354576,"enemyTowersLeft":0.9090909361839294,"deaths":0.0020000000949949026,"teamNetWorth":0.4212700128555298,"teamKills":0.014999999664723873},"lastItemPurchased":[0,0,0,0,0,0,0,0,0,0,0]},"npc_dota_hero_naga_siren":{"lastAbilityUpgraded":"","victory":false,"state":{"kills":0.0010000000474974513,"towersLeft":0.4545454680919647,"netWorth":0.11495000123977661,"xp":0.4085802435874939,"teamXp":0.4043641984462738,"teamDeaths":0.027000000700354576,"enemyTowersLeft":0.9090909361839294,"deaths":0.004999999888241291,"teamNetWorth":0.4212700128555298,"teamKills":0.014999999664723873},"lastItemPurchased":[0,0,0,0,0,0,0,0,0,0,0]},"npc_dota_hero_antimage":{"lastAbilityUpgraded":"","victory":true,"state":{"kills":0.008999999612569809,"towersLeft":0.9090909361839294,"netWorth":0.2367199957370758,"xp":0.8404321074485779,"teamXp":0.5003703832626343,"teamDeaths":0.017000000923871994,"enemyTowersLeft":0.4545454680919647,"deaths":0.0020000000949949026,"teamNetWorth":0.6320199966430664,"teamKills":0.02800000086426735},"lastItemPurchased":[0,0,0,0,0,0,0,0,1,0,0]},"npc_dota_hero_nyx_assassin":{"lastAbilityUpgraded":"","victory":true,"state":{"kills":0.00800000037997961,"towersLeft":0.9090909361839294,"netWorth":0.10778000205755234,"xp":0.46861112117767334,"teamXp":0.5003703832626343,"teamDeaths":0.017000000923871994,"enemyTowersLeft":0.4545454680919647,"deaths":0.004999999888241291,"teamNetWorth":0.6320199966430664,"teamKills":0.02800000086426735},"lastItemPurchased":[0,1,0,0,0,0,0,0,0,0,0]},"npc_dota_hero_pudge":{"lastAbilityUpgraded":"","victory":true,"state":{"kills":0.007000000216066837,"towersLeft":0.9090909361839294,"netWorth":0.06001000106334686,"xp":0.26793208718299866,"teamXp":0.5003703832626343,"teamDeaths":0.017000000923871994,"enemyTowersLeft":0.4545454680919647,"deaths":0.004000000189989805,"teamNetWorth":0.6320199966430664,"teamKills":0.02800000086426735},"lastItemPurchased":[0,0,1,0,0,0,0,0,0,0,0]},"npc_dota_hero_invoker":{"lastAbilityUpgraded":"","victory":true,"state":{"kills":0.003000000026077032,"towersLeft":0.9090909361839294,"netWorth":0.10670000314712524,"xp":0.4766049385070801,"teamXp":0.5003703832626343,"teamDeaths":0.017000000923871994,"enemyTowersLeft":0.4545454680919647,"deaths":0.003000000026077032,"teamNetWorth":0.6320199966430664,"teamKills":0.02800000086426735},"lastItemPurchased":[0,0,0,0,0,0,0,0,0,0,0]},"npc_dota_hero_lion":{"lastAbilityUpgraded":"","victory":false,"state":{"kills":0,"towersLeft":0.4545454680919647,"netWorth":0.02043999917805195,"xp":0.20870369672775269,"teamXp":0.4043641984462738,"teamDeaths":0.027000000700354576,"enemyTowersLeft":0.9090909361839294,"deaths":0.009999999776482582,"teamNetWorth":0.4212700128555298,"teamKills":0.014999999664723873},"lastItemPurchased":[0,0,0,0,0,0,0,0,0,0,0]},"npc_dota_hero_sniper":{"lastAbilityUpgraded":"","victory":false,"state":{"kills":0.008999999612569809,"towersLeft":0.4545454680919647,"netWorth":0.13230000436306,"xp":0.5270987749099731,"teamXp":0.4043641984462738,"teamDeaths":0.027000000700354576,"enemyTowersLeft":0.9090909361839294,"deaths":0.004000000189989805,"teamNetWorth":0.4212700128555298,"teamKills":0.014999999664723873},"lastItemPurchased":[0,0,1,0,0,0,0,0,0,0,0]},"npc_dota_hero_beastmaster":{"lastAbilityUpgraded":"","victory":true,"state":{"kills":0.0010000000474974513,"towersLeft":0.9090909361839294,"netWorth":0.12081000208854675,"xp":0.44827160239219666,"teamXp":0.5003703832626343,"teamDeaths":0.017000000923871994,"enemyTowersLeft":0.4545454680919647,"deaths":0.003000000026077032,"teamNetWorth":0.6320199966430664,"teamKills":0.02800000086426735},"lastItemPurchased":[0,0,0,0,0,0,0,0,1,0,0]},"npc_dota_hero_necrolyte":{"lastAbilityUpgraded":"","victory":false,"state":{"kills":0.003000000026077032,"towersLeft":0.4545454680919647,"netWorth":0.07438000291585922,"xp":0.39586418867111206,"teamXp":0.4043641984462738,"teamDeaths":0.027000000700354576,"enemyTowersLeft":0.9090909361839294,"deaths":0.006000000052154064,"teamNetWorth":0.4212700128555298,"teamKills":0.014999999664723873},"lastItemPurchased":[0,0,0,1,0,0,0,0,0,0,0]}}}