{"gameTime":14,"state":{"npc_dota_hero_bloodseeker":{"lastAbilityUpgraded":"","victory":false,"state":{"kills":0.0020000000949949026,"towersLeft":1,"netWorth":0.024129999801516533,"xp":0.07932098954916,"teamXp":0.07629629969596863,"teamDeaths":0.003000000026077032,"enemyTowersLeft":1,"deaths":0,"teamNetWorth":0.10379000008106232,"teamKills":0.004000000189989805},"lastItemPurchased":[0,0,0,0,0,0,0,0,0,0,0]},"npc_dota_hero_storm_spirit":{"lastAbilityUpgraded":"","victory":true,"state":{"kills":0,"towersLeft":1,"netWorth":0.020749999210238457,"xp":0.0932098776102066,"teamXp":0.06042592599987984,"teamDeaths":0.004999999888241291,"enemyTowersLeft":1,"deaths":0.0020000000949949026,"teamNetWorth":0.08376000076532364,"teamKills":0.0010000000474974513},"lastItemPurchased":[0,0,0,0,0,1,0,0,0,0,0]},"npc_dota_hero_troll_warlord":{"lastAbilityUpgraded":"","victory":false,"state":{"kills":0,"towersLeft":1,"netWorth":0.02174999937415123,"xp":0.08432098478078842,"teamXp":0.07629629969596863,"teamDeaths":0.003000000026077032,"enemyTowersLeft":1,"deaths":0,"teamNetWorth":0.10379000008106232,"teamKills":0.004000000189989805},"lastItemPurchased":[0,0,1,0,0,0,0,0,0,0,0]},"npc_dota_hero_abyssal_underlord":{"lastAbilityUpgraded":"","victory":true,"state":{"kills":0,"towersLeft":1,"netWorth":0.011640000157058239,"xp":0.05469135940074921,"teamXp":0.06042592599987984,"teamDeaths":0.004999999888241291,"enemyTowersLeft":1,"deaths":0.0020000000949949026,"teamNetWorth":0.08376000076532364,"teamKills":0.0010000000474974513},"lastItemPurchased":[0,0,0,0,0,0,0,0,0,0,0]},"npc_dota_hero_keeper_of_the_light":{"lastAbilityUpgraded":"","victory":true,"state":{"kills":0.0010000000474974513,"towersLeft":1,"netWorth":0.013030000030994415,"xp":0.02141975238919258,"teamXp":0.06042592599987984,"teamDeaths":0.004999999888241291,"enemyTowersLeft":1,"deaths":0,"teamNetWorth":0.08376000076532364,"teamKills":0.0010000000474974513},"lastItemPurchased":[0,0,0,0,0,0,0,0,0,0,0]},"npc_dota_hero_slardar":{"lastAbilityUpgraded":"","victory":true,"state":{"kills":0,"towersLeft":1,"netWorth":0.011739999987185001,"xp":0.03654320910573006,"teamXp":0.06042592599987984,"teamDeaths":0.004999999888241291,"enemyTowersLeft":1,"deaths":0.0010000000474974513,"teamNetWorth":0.08376000076532364,"teamKills":0.0010000000474974513},"lastItemPurchased":[0,0,0,0,0,0,0,0,0,0,0]},"npc_dota_hero_puck":{"lastAbilityUpgraded":"","victory":false,"state":{"kills":0.0020000000949949026,"towersLeft":1,"netWorth":0.02725999988615513,"xp":0.09845679253339767,"teamXp":0.07629629969596863,"teamDeaths":0.003000000026077032,"enemyTowersLeft":1,"deaths":0.0010000000474974513,"teamNetWorth":0.10379000008106232,"teamKills":0.004000000189989805},"lastItemPurchased":[0,0,0,0,1,0,0,0,0,0,0]},"npc_dota_hero_ogre_magi":{"lastAbilityUpgraded":"","victory":false,"state":{"kills":0,"towersLeft":1,"netWorth":0.009739999659359455,"xp":0.04058641940355301,"teamXp":0.07629629969596863,"teamDeaths":0.003000000026077032,"enemyTowersLeft":1,"deaths":0,"teamNetWorth":0.10379000008106232,"teamKills":0.004000000189989805},"lastItemPurchased":[0,0,0,1,0,0,0,0,0,0,0]},"npc_dota_hero_shredder":{"lastAbilityUpgraded":"","victory":false,"state":{"kills":0,"towersLeft":1,"netWorth":0.020910000428557396,"xp":0.07879629731178284,"teamXp":0.07629629969596863,"teamDeaths":0.003000000026077032,"enemyTowersLeft":1,"deaths":0.0020000000949949026,"teamNetWorth":0.10379000008106232,"teamKills":0.004000000189989805},"lastItemPurchased":[0,0,0,0,0,0,0,0,0,0,1]},"npc_dota_hero_slark":{"lastAbilityUpgraded":"","victory":true,"state":{"kills":0,"towersLeft":1,"netWorth":0.026599999517202377,"xp":0.09626543521881104,"teamXp":0.06042592599987984,"teamDeaths":0.004999999888241291,"enemyTowersLeft":1,"deaths":0,"teamNetWorth":0.08376000076532364,"teamKills":0.0010000000474974513},"lastItemPurchased":[0,0,0,0,0,0,0,0,0,0,0]}}}