{"gameTime":24,"state":{"npc_dota_hero_bloodseeker":{"lastAbilityUpgraded":"","victory":false,"state":{"kills":0.003000000026077032,"towersLeft":0.9090909361839294,"netWorth":0.065700002014637,"xp":0.23635803163051605,"teamXp":0.20341357588768005,"teamDeaths":0.006000000052154064,"enemyTowersLeft":0.9090909361839294,"deaths":0,"teamNetWorth":0.27039000391960144,"teamKills":0.00800000037997961},"lastItemPurchased":[0,0,0,0,0,0,0,0,0,0,0]},"npc_dota_hero_storm_spirit":{"lastAbilityUpgraded":"","victory":true,"state":{"kills":0,"towersLeft":0.9090909361839294,"netWorth":0.05976000055670738,"xp":0.23234568536281586,"teamXp":0.19180864095687866,"teamDeaths":0.008999999612569809,"enemyTowersLeft":0.9090909361839294,"deaths":0.0020000000949949026,"teamNetWorth":0.23322999477386475,"teamKills":0.004000000189989805},"lastItemPurchased":[0,0,0,0,0,0,0,0,0,0,0]},"npc_dota_hero_troll_warlord":{"lastAbilityUpgraded":"","victory":false,"state":{"kills":0.0010000000474974513,"towersLeft":0.9090909361839294,"netWorth":0.062300000339746475,"xp":0.23021605610847473,"teamXp":0.20341357588768005,"teamDeaths":0.006000000052154064,"enemyTowersLeft":0.9090909361839294,"deaths":0,"teamNetWorth":0.27039000391960144,"teamKills":0.00800000037997961},"lastItemPurchased":[0,0,0,0,0,0,0,0,0,0,0]},"npc_dota_hero_abyssal_underlord":{"lastAbilityUpgraded":"","victory":true,"state":{"kills":0.0020000000949949026,"towersLeft":0.9090909361839294,"netWorth":0.045570001006126404,"xp":0.2022530883550644,"teamXp":0.19180864095687866,"teamDeaths":0.008999999612569809,"enemyTowersLeft":0.9090909361839294,"deaths":0.004000000189989805,"teamNetWorth":0.23322999477386475,"teamKills":0.004000000189989805},"lastItemPurchased":[0,0,0,0,0,0,0,0,0,0,0]},"npc_dota_hero_keeper_of_the_light":{"lastAbilityUpgraded":"","victory":true,"state":{"kills":0.0010000000474974513,"towersLeft":0.9090909361839294,"netWorth":0.027550000697374344,"xp":0.1111111119389534,"teamXp":0.19180864095687866,"teamDeaths":0.008999999612569809,"enemyTowersLeft":0.9090909361839294,"deaths":0,"teamNetWorth":0.23322999477386475,"teamKills":0.004000000189989805},"lastItemPurchased":[0,0,0,0,0,0,0,0,0,0,0]},"npc_dota_hero_slardar":{"lastAbilityUpgraded":"","victory":true,"state":{"kills":0,"towersLeft":0.9090909361839294,"netWorth":0.021970000118017197,"xp":0.10006172955036163,"teamXp":0.19180864095687866,"teamDeaths":0.008999999612569809,"enemyTowersLeft":0.9090909361839294,"deaths":0.003000000026077032,"teamNetWorth":0.23322999477386475,"teamKills":0.004000000189989805},"lastItemPurchased":[0,0,0,0,0,0,0,0,0,0,0]},"npc_dota_hero_puck":{"lastAbilityUpgraded":"","victory":false,"state":{"kills":0.0020000000949949026,"towersLeft":0.9090909361839294,"netWorth":0.06481000036001205,"xp":0.2183641940355301,"teamXp":0.20341357588768005,"teamDeaths":0.006000000052154064,"enemyTowersLeft":0.9090909361839294,"deaths":0.0010000000474974513,"teamNetWorth":0.27039000391960144,"teamKills":0.00800000037997961},"lastItemPurchased":[0,0,0,0,0,0,0,0,0,0,1]},"npc_dota_hero_ogre_magi":{"lastAbilityUpgraded":"","victory":false,"state":{"kills":0,"towersLeft":0.9090909361839294,"netWorth":0.019910000264644623,"xp":0.10959876328706741,"teamXp":0.20341357588768005,"teamDeaths":0.006000000052154064,"enemyTowersLeft":0.9090909361839294,"deaths":0.0010000000474974513,"teamNetWorth":0.27039000391960144,"teamKills":0.00800000037997961},"lastItemPurchased":[0,0,0,0,0,0,0,0,0,0,0]},"npc_dota_hero_shredder":{"lastAbilityUpgraded":"","victory":false,"state":{"kills":0.0020000000949949026,"towersLeft":0.9090909361839294,"netWorth":0.057670000940561295,"xp":0.22253087162971497,"teamXp":0.20341357588768005,"teamDeaths":0.006000000052154064,"enemyTowersLeft":0.9090909361839294,"deaths":0.004000000189989805,"teamNetWorth":0.27039000391960144,"teamKills":0.00800000037997961},"lastItemPurchased":[0,0,1,0,0,0,0,0,0,0,0]},"npc_dota_hero_slark":{"lastAbilityUpgraded":"","victory":true,"state":{"kills":0.0010000000474974513,"towersLeft":0.9090909361839294,"netWorth":0.07838000357151031,"xp":0.3132716119289398,"teamXp":0.19180864095687866,"teamDeaths":0.008999999612569809,"enemyTowersLeft":0.9090909361839294,"deaths":0,"teamNetWorth":0.23322999477386475,"teamKills":0.004000000189989805},"lastItemPurchased":[0,1,0,0,0,0,0,0,0,0,0]}}}