{"gameTime":16,"state":{"npc_dota_hero_crystal_maiden":{"lastAbilityUpgraded":"","victory":false,"state":{"kills":0.0010000000474974513,"towersLeft":1,"netWorth":0.01095999963581562,"xp":0.03503086417913437,"teamXp":0.07072222232818604,"teamDeaths":0.010999999940395355,"enemyTowersLeft":1,"deaths":0.003000000026077032,"teamNetWorth":0.08568000048398972,"teamKills":0.007000000216066837},"lastItemPurchased":[0,0,1,0,0,0,0,0,0,0,0]},"npc_dota_hero_dark_seer":{"lastAbilityUpgraded":"","victory":false,"state":{"kills":0.0010000000474974513,"towersLeft":1,"netWorth":0.018330000340938568,"xp":0.0763888880610466,"teamXp":0.07072222232818604,"teamDeaths":0.010999999940395355,"enemyTowersLeft":1,"deaths":0.0010000000474974513,"teamNetWorth":0.08568000048398972,"teamKills":0.007000000216066837},"lastItemPurchased":[0,0,0,0,0,0,0,0,0,0,0]},"npc_dota_hero_faceless_void":{"lastAbilityUpgraded":"","victory":false,"state":{"kills":0.003000000026077032,"towersLeft":1,"netWorth":0.026760000735521317,"xp":0.10543210059404373,"teamXp":0.07072222232818604,"teamDeaths":0.010999999940395355,"enemyTowersLeft":1,"deaths":0.0020000000949949026,"teamNetWorth":0.08568000048398972,"teamKills":0.007000000216066837},"lastItemPurchased":[1,0,0,0,0,0,0,0,0,0,0]},"npc_dota_hero_skywrath_mage":{"lastAbilityUpgraded":"","victory":true,"state":{"kills":0,"towersLeft":1,"netWorth":0.009789999574422836,"xp":0.03373456746339798,"teamXp":0.07955555617809296,"teamDeaths":0.007000000216066837,"enemyTowersLeft":1,"deaths":0.0010000000474974513,"teamNetWorth":0.10238999873399734,"teamKills":0.004999999888241291},"lastItemPurchased":[0,0,0,0,0,0,0,0,0,0,0]},"npc_dota_hero_rubick":{"lastAbilityUpgraded":"","victory":true,"state":{"kills":0.0020000000949949026,"towersLeft":1,"netWorth":0.01686999946832657,"xp":0.06358024477958679,"teamXp":0.07955555617809296,"teamDeaths":0.007000000216066837,"enemyTowersLeft":1,"deaths":0.0020000000949949026,"teamNetWorth":0.10238999873399734,"teamKills":0.004999999888241291},"lastItemPurchased":[0,0,0,0,0,0,0,0,0,0,0]},"npc_dota_hero_invoker":{"lastAbilityUpgraded":"","victory":true,"state":{"kills":0.0010000000474974513,"towersLeft":1,"netWorth":0.022379999980330467,"xp":0.09388888627290726,"teamXp":0.07955555617809296,"teamDeaths":0.007000000216066837,"enemyTowersLeft":1,"deaths":0.0020000000949949026,"teamNetWorth":0.10238999873399734,"teamKills":0.004999999888241291},"lastItemPurchased":[0,0,0,0,0,0,0,0,0,0,0]},"npc_dota_hero_luna":{"lastAbilityUpgraded":"","victory":true,"state":{"kills":0.0010000000474974513,"towersLeft":1,"netWorth":0.03238999843597412,"xp":0.11537037044763565,"teamXp":0.07955555617809296,"teamDeaths":0.007000000216066837,"enemyTowersLeft":1,"deaths":0.0010000000474974513,"teamNetWorth":0.10238999873399734,"teamKills":0.004999999888241291},"lastItemPurchased":[0,0,0,1,0,0,0,0,0,0,0]},"npc_dota_hero_shredder":{"lastAbilityUpgraded":"","victory":true,"state":{"kills":0.0010000000474974513,"towersLeft":1,"netWorth":0.020959999412298203,"xp":0.0912037044763565,"teamXp":0.07955555617809296,"teamDeaths":0.007000000216066837,"enemyTowersLeft":1,"deaths":0.0010000000474974513,"teamNetWorth":0.10238999873399734,"teamKills":0.004999999888241291},"lastItemPurchased":[0,0,0,0,0,0,0,0,0,0,0]},"npc_dota_hero_shadow_shaman":{"lastAbilityUpgraded":"","victory":false,"state":{"kills":0.0010000000474974513,"towersLeft":1,"netWorth":0.016589999198913574,"xp":0.058179013431072235,"teamXp":0.07072222232818604,"teamDeaths":0.010999999940395355,"enemyTowersLeft":1,"deaths":0.003000000026077032,"teamNetWorth":0.08568000048398972,"teamKills":0.007000000216066837},"lastItemPurchased":[0,0,0,0,0,0,0,0,0,0,0]},"npc_dota_hero_slark":{"lastAbilityUpgraded":"","victory":false,"state":{"kills":0.0010000000474974513,"towersLeft":1,"netWorth":0.013039999641478062,"xp":0.07858024537563324,"teamXp":0.07072222232818604,"teamDeaths":0.010999999940395355,"enemyTowersLeft":1,"deaths":0.0020000000949949026,"teamNetWorth":0.08568000048398972,"teamKills":0.007000000216066837},"lastItemPurchased":[0,0,1,0,0,0,0,0,0,0,0]}}}