{"gameTime":39,"state":{"npc_dota_hero_crystal_maiden":{"lastAbilityUpgraded":"","victory":false,"state":{"kills":0.0020000000949949026,"towersLeft":0.6969696879386902,"netWorth":0.022770000621676445,"xp":0.26206791400909424,"teamXp":0.4680432081222534,"teamDeaths":0.0430000014603138,"enemyTowersLeft":0.9090909361839294,"deaths":0.010999999940395355,"teamNetWorth":0.37623998522758484,"teamKills":0.027000000700354576},"lastItemPurchased":[0,0,0,0,0,0,0,0,0,0,0]},"npc_dota_hero_dark_seer":{"lastAbilityUpgraded":"","victory":false,"state":{"kills":0.0010000000474974513,"towersLeft":0.6969696879386902,"netWorth":0.07769999653100967,"xp":0.44117283821105957,"teamXp":0.4680432081222534,"teamDeaths":0.0430000014603138,"enemyTowersLeft":0.9090909361839294,"deaths":0.006000000052154064,"teamNetWorth":0.37623998522758484,"teamKills":0.027000000700354576},"lastItemPurchased":[0,0,0,1,0,0,0,0,0,0,0]},"npc_dota_hero_faceless_void":{"lastAbilityUpgraded":"","victory":false,"state":{"kills":0.010999999940395355,"towersLeft":0.6969696879386902,"netWorth":0.13120000064373016,"xp":0.7353086471557617,"teamXp":0.4680432081222534,"teamDeaths":0.0430000014603138,"enemyTowersLeft":0.9090909361839294,"deaths":0.008999999612569809,"teamNetWorth":0.37623998522758484,"teamKills":0.027000000700354576},"lastItemPurchased":[0,0,0,0,0,0,0,0,0,0,0]},"npc_dota_hero_skywrath_mage":{"lastAbilityUpgraded":"","victory":true,"state":{"kills":0.004000000189989805,"towersLeft":0.9090909361839294,"netWorth":0.041510000824928284,"xp":0.22231481969356537,"teamXp":0.5089629888534546,"teamDeaths":0.029999999329447746,"enemyTowersLeft":0.6969696879386902,"deaths":0.007000000216066837,"teamNetWorth":0.5174499750137329,"teamKills":0.035999998450279236},"lastItemPurchased":[0,0,0,0,0,0,0,0,0,0,0]},"npc_dota_hero_rubick":{"lastAbilityUpgraded":"","victory":true,"state":{"kills":0.007000000216066837,"towersLeft":0.9090909361839294,"netWorth":0.06470999866724014,"xp":0.4071296155452728,"teamXp":0.5089629888534546,"teamDeaths":0.029999999329447746,"enemyTowersLeft":0.6969696879386902,"deaths":0.007000000216066837,"teamNetWorth":0.5174499750137329,"teamKills":0.035999998450279236},"lastItemPurchased":[0,0,0,0,0,0,0,0,0,0,0]},"npc_dota_hero_invoker":{"lastAbilityUpgraded":"","victory":true,"state":{"kills":0.003000000026077032,"towersLeft":0.9090909361839294,"netWorth":0.11614999920129776,"xp":0.5146604776382446,"teamXp":0.5089629888534546,"teamDeaths":0.029999999329447746,"enemyTowersLeft":0.6969696879386902,"deaths":0.004999999888241291,"teamNetWorth":0.5174499750137329,"teamKills":0.035999998450279236},"lastItemPurchased":[1,0,0,0,0,0,0,0,0,0,0]},"npc_dota_hero_luna":{"lastAbilityUpgraded":"","victory":true,"state":{"kills":0.00800000037997961,"towersLeft":0.9090909361839294,"netWorth":0.13118000328540802,"xp":0.6615431904792786,"teamXp":0.5089629888534546,"teamDeaths":0.029999999329447746,"enemyTowersLeft":0.6969696879386902,"deaths":0.007000000216066837,"teamNetWorth":0.5174499750137329,"teamKills":0.035999998450279236},"lastItemPurchased":[0,0,0,0,0,0,0,0,0,0,0]},"npc_dota_hero_shredder":{"lastAbilityUpgraded":"","victory":true,"state":{"kills":0.014000000432133675,"towersLeft":0.9090909361839294,"netWorth":0.1639000028371811,"xp":0.7391666769981384,"teamXp":0.5089629888534546,"teamDeaths":0.029999999329447746,"enemyTowersLeft":0.6969696879386902,"deaths":0.004000000189989805,"teamNetWorth":0.5174499750137329,"teamKills":0.035999998450279236},"lastItemPurchased":[0,1,0,0,0,0,0,0,0,0,0]},"npc_dota_hero_shadow_shaman":{"lastAbilityUpgraded":"","victory":false,"state":{"kills":0.0020000000949949026,"towersLeft":0.6969696879386902,"netWorth":0.05279000103473663,"xp":0.25790122151374817,"teamXp":0.4680432081222534,"teamDeaths":0.0430000014603138,"enemyTowersLeft":0.9090909361839294,"deaths":0.00800000037997961,"teamNetWorth":0.37623998522758484,"teamKills":0.027000000700354576},"lastItemPurchased":[0,0,0,0,0,0,0,0,0,0,0]},"npc_dota_hero_slark":{"lastAbilityUpgraded":"","victory":false,"state":{"kills":0.010999999940395355,"towersLeft":0.6969696879386902,"netWorth":0.09177999943494797,"xp":0.6437654495239258,"teamXp":0.4680432081222534,"teamDeaths":0.0430000014603138,"enemyTowersLeft":0.9090909361839294,"deaths":0.008999999612569809,"teamNetWorth":0.37623998522758484,"teamKills":0.027000000700354576},"lastItemPurchased":[0,0,0,0,0,0,0,0,0,0,0]}}}