{"gameTime":50,"state":{"npc_dota_hero_rubick":{"lastAbilityUpgraded":"","victory":false,"state":{"kills":0.004999999888241291,"towersLeft":0.6666666865348816,"netWorth":0.09447000175714493,"xp":0.5758950710296631,"teamXp":0.6606789827346802,"teamDeaths":0.050999999046325684,"enemyTowersLeft":0.7272727489471436,"deaths":0.010999999940395355,"teamNetWorth":0.5900400280952454,"teamKills":0.04100000113248825},"lastItemPurchased":[0,0,0,0,0,0,0,0,0,0,0]},"npc_dota_hero_silencer":{"lastAbilityUpgraded":"","victory":false,"state":{"kills":0.004999999888241291,"towersLeft":0.6666666865348816,"netWorth":0.06561999768018723,"xp":0.4546605050563812,"teamXp":0.6606789827346802,"teamDeaths":0.050999999046325684,"enemyTowersLeft":0.7272727489471436,"deaths":0.009999999776482582,"teamNetWorth":0.5900400280952454,"teamKills":0.04100000113248825},"lastItemPurchased":[0,0,0,0,0,0,0,0,0,0,0]},"npc_dota_hero_legion_commander":{"lastAbilityUpgraded":"","victory":false,"state":{"kills":0.007000000216066837,"towersLeft":0.6666666865348816,"netWorth":0.09871000051498413,"xp":0.6180863976478577,"teamXp":0.6606789827346802,"teamDeaths":0.050999999046325684,"enemyTowersLeft":0.7272727489471436,"deaths":0.010999999940395355,"teamNetWorth":0.5900400280952454,"teamKills":0.04100000113248825},"lastItemPurchased":[0,0,0,0,0,0,0,0,0,0,0]},"npc_dota_hero_venomancer":{"lastAbilityUpgraded":"","victory":false,"state":{"kills":0.008999999612569809,"towersLeft":0.6666666865348816,"netWorth":0.11248999834060669,"xp":0.6494444608688354,"teamXp":0.6606789827346802,"teamDeaths":0.050999999046325684,"enemyTowersLeft":0.7272727489471436,"deaths":0.012000000104308128,"teamNetWorth":0.5900400280952454,"teamKills":0.04100000113248825},"lastItemPurchased":[1,0,0,0,0,0,0,0,0,0,0]},"npc_dota_hero_sand_king":{"lastAbilityUpgraded":"","victory":true,"state":{"kills":0.006000000052154064,"towersLeft":0.7878788113594055,"netWorth":0.1429399996995926,"xp":0.8468518257141113,"teamXp":0.8218456506729126,"teamDeaths":0.04399999976158142,"enemyTowersLeft":0.7272727489471436,"deaths":0.007000000216066837,"teamNetWorth":0.7415900230407715,"teamKills":0.04899999871850014},"lastItemPurchased":[0,0,0,0,0,0,0,0,0,0,0]},"npc_dota_hero_nevermore":{"lastAbilityUpgraded":"","victory":true,"state":{"kills":0.019999999552965164,"towersLeft":0.7878788113594055,"netWorth":0.24793000519275665,"xp":0.9786419868469238,"teamXp":0.8218456506729126,"teamDeaths":0.04399999976158142,"enemyTowersLeft":0.7272727489471436,"deaths":0.012000000104308128,"teamNetWorth":0.7415900230407715,"teamKills":0.04899999871850014},"lastItemPurchased":[0,0,0,0,0,0,0,0,0,1,0]},"npc_dota_hero_keeper_of_the_light":{"lastAbilityUpgraded":"","victory":true,"state":{"kills":0.009999999776482582,"towersLeft":0.7878788113594055,"netWorth":0.12256000190973282,"xp":0.7535493969917297,"teamXp":0.8218456506729126,"teamDeaths":0.04399999976158142,"enemyTowersLeft":0.7272727489471436,"deaths":0.004999999888241291,"teamNetWorth":0.7415900230407715,"teamKills":0.04899999871850014},"lastItemPurchased":[0,0,0,0,0,0,1,0,0,0,0]},"npc_dota_hero_shredder":{"lastAbilityUpgraded":"","victory":false,"state":{"kills":0.014999999664723873,"towersLeft":0.6666666865348816,"netWorth":0.21875,"xp":1.0053086280822754,"teamXp":0.6606789827346802,"teamDeaths":0.050999999046325684,"enemyTowersLeft":0.7272727489471436,"deaths":0.007000000216066837,"teamNetWorth":0.5900400280952454,"teamKills":0.04100000113248825},"lastItemPurchased":[0,0,0,0,0,0,0,0,0,0,0]},"npc_dota_hero_rattletrap":{"lastAbilityUpgraded":"","victory":true,"state":{"kills":0.00800000037997961,"towersLeft":0.7878788113594055,"netWorth":0.08805999904870987,"xp":0.6858024597167969,"teamXp":0.8218456506729126,"teamDeaths":0.04399999976158142,"enemyTowersLeft":0.7272727489471436,"deaths":0.009999999776482582,"teamNetWorth":0.7415900230407715,"teamKills":0.04899999871850014},"lastItemPurchased":[0,0,0,0,0,0,0,0,0,0,0]},"npc_dota_hero_vengefulspirit":{"lastAbilityUpgraded":"","victory":true,"state":{"kills":0.004999999888241291,"towersLeft":0.7878788113594055,"netWorth":0.14010000228881836,"xp":0.8443827033042908,"teamXp":0.8218456506729126,"teamDeaths":0.04399999976158142,"enemyTowersLeft":0.7272727489471436,"deaths":0.009999999776482582,"teamNetWorth":0.7415900230407715,"teamKills":0.04899999871850014},"lastItemPurchased":[0,0,0,0,0,0,1,0,0,0,0]}}}