{"gameTime":35,"state":{"npc_dota_hero_warlock":{"lastAbilityUpgraded":"","victory":true,"state":{"kills":0.0020000000949949026,"towersLeft":0.7575757503509521,"netWorth":0.05130999907851219,"xp":0.21095679700374603,"teamXp":0.37446296215057373,"teamDeaths":0.01600000075995922,"enemyTowersLeft":0.7575757503509521,"deaths":0.003000000026077032,"teamNetWorth":0.551609992980957,"teamKills":0.020999999716877937},"lastItemPurchased":[0,0,0,0,0,0,0,0,0,0,0]},"npc_dota_hero_nyx_assassin":{"lastAbilityUpgraded":"","victory":true,"state":{"kills":0.0010000000474974513,"towersLeft":0.7575757503509521,"netWorth":0.05437999963760376,"xp":0.3237963020801544,"teamXp":0.37446296215057373,"teamDeaths":0.01600000075995922,"enemyTowersLeft":0.7575757503509521,"deaths":0.004999999888241291,"teamNetWorth":0.551609992980957,"teamKills":0.020999999716877937},"lastItemPurchased":[0,0,0,0,0,0,0,0,0,0,0]},"npc_dota_hero_alchemist":{"lastAbilityUpgraded":"","victory":true,"state":{"kills":0.0020000000949949026,"towersLeft":0.7575757503509521,"netWorth":0.22126999497413635,"xp":0.5125617384910583,"teamXp":0.37446296215057373,"teamDeaths":0.01600000075995922,"enemyTowersLeft":0.7575757503509521,"deaths":0.0020000000949949026,"teamNetWorth":0.551609992980957,"teamKills":0.020999999716877937},"lastItemPurchased":[0,0,0,0,0,0,1,0,0,0,0]},"npc_dota_hero_pudge":{"lastAbilityUpgraded":"","victory":true,"state":{"kills":0.007000000216066837,"towersLeft":0.7575757503509521,"netWorth":0.03149000182747841,"xp":0.17938271164894104,"teamXp":0.37446296215057373,"teamDeaths":0.01600000075995922,"enemyTowersLeft":0.7575757503509521,"deaths":0.006000000052154064,"teamNetWorth":0.551609992980957,"teamKills":0.020999999716877937},"lastItemPurchased":[0,0,0,1,0,0,0,0,0,0,0]},"npc_dota_hero_huskar":{"lastAbilityUpgraded":"","victory":false,"state":{"kills":0.0020000000949949026,"towersLeft":0.7575757503509521,"netWorth":0.12027999758720398,"xp":0.3879629671573639,"teamXp":0.31202468276023865,"teamDeaths":0.01899999938905239,"enemyTowersLeft":0.7575757503509521,"deaths":0.003000000026077032,"teamNetWorth":0.40724000334739685,"teamKills":0.013000000268220901},"lastItemPurchased":[0,0,0,0,0,0,0,0,0,0,0]},"npc_dota_hero_oracle":{"lastAbilityUpgraded":"","victory":false,"state":{"kills":0.0020000000949949026,"towersLeft":0.7575757503509521,"netWorth":0.033330000936985016,"xp":0.1870061755180359,"teamXp":0.31202468276023865,"teamDeaths":0.01899999938905239,"enemyTowersLeft":0.7575757503509521,"deaths":0.003000000026077032,"teamNetWorth":0.40724000334739685,"teamKills":0.013000000268220901},"lastItemPurchased":[0,0,0,0,0,0,0,0,0,0,0]},"npc_dota_hero_ogre_magi":{"lastAbilityUpgraded":"","victory":false,"state":{"kills":0.0010000000474974513,"towersLeft":0.7575757503509521,"netWorth":0.0376800000667572,"xp":0.19518518447875977,"teamXp":0.31202468276023865,"teamDeaths":0.01899999938905239,"enemyTowersLeft":0.7575757503509521,"deaths":0.006000000052154064,"teamNetWorth":0.40724000334739685,"teamKills":0.013000000268220901},"lastItemPurchased":[0,0,0,0,0,0,0,0,0,0,0]},"npc_dota_hero_morphling":{"lastAbilityUpgraded":"","victory":true,"state":{"kills":0.008999999612569809,"towersLeft":0.7575757503509521,"netWorth":0.19315999746322632,"xp":0.6456173062324524,"teamXp":0.37446296215057373,"teamDeaths":0.01600000075995922,"enemyTowersLeft":0.7575757503509521,"deaths":0,"teamNetWorth":0.551609992980957,"teamKills":0.020999999716877937},"lastItemPurchased":[0,0,0,0,0,0,0,0,1,0,0]},"npc_dota_hero_juggernaut":{"lastAbilityUpgraded":"","victory":false,"state":{"kills":0.007000000216066837,"towersLeft":0.7575757503509521,"netWorth":0.15011000633239746,"xp":0.5099074244499207,"teamXp":0.31202468276023865,"teamDeaths":0.01899999938905239,"enemyTowersLeft":0.7575757503509521,"deaths":0.003000000026077032,"teamNetWorth":0.40724000334739685,"teamKills":0.013000000268220901},"lastItemPurchased":[0,0,0,0,0,0,0,1,0,0,0]},"npc_dota_hero_batrider":{"lastAbilityUpgraded":"","victory":false,"state":{"kills":0.0010000000474974513,"towersLeft":0.7575757503509521,"netWorth":0.06583999842405319,"xp":0.2800617218017578,"teamXp":0.31202468276023865,"teamDeaths":0.01899999938905239,"enemyTowersLeft":0.7575757503509521,"deaths":0.004000000189989805,"teamNetWorth":0.40724000334739685,"teamKills":0.013000000268220901},"lastItemPurchased":[0,0,0,0,0,0,0,0,0,0,0]}}}