{"gameTime":17,"state":{"npc_dota_hero_ursa":{"lastAbilityUpgraded":"","victory":true,"state":{"kills":0.0010000000474974513,"towersLeft":1,"netWorth":0.049539998173713684,"xp":0.17472222447395325,"teamXp":0.12548765540122986,"teamDeaths":0.008999999612569809,"enemyTowersLeft":0.939393937587738,"deaths":0,"teamNetWorth":0.16735999286174774,"teamKills":0.00800000037997961},"lastItemPurchased":[0,0,0,0,0,0,0,0,0,0,0]},"npc_dota_hero_axe":{"lastAbilityUpgraded":"","victory":false,"state":{"kills":0.0010000000474974513,"towersLeft":0.939393937587738,"netWorth":0.02355000004172325,"xp":0.10737654566764832,"teamXp":0.11212962865829468,"teamDeaths":0.009999999776482582,"enemyTowersLeft":1,"deaths":0.003000000026077032,"teamNetWorth":0.13229000568389893,"teamKills":0.00800000037997961},"lastItemPurchased":[0,0,0,0,0,0,0,0,0,0,0]},"npc_dota_hero_earthshaker":{"lastAbilityUpgraded":"","victory":false,"state":{"kills":0.003000000026077032,"towersLeft":0.939393937587738,"netWorth":0.022679999470710754,"xp":0.08438271284103394,"teamXp":0.11212962865829468,"teamDeaths":0.009999999776482582,"enemyTowersLeft":1,"deaths":0.0010000000474974513,"teamNetWorth":0.13229000568389893,"teamKills":0.00800000037997961},"lastItemPurchased":[0,0,0,0,0,0,0,0,0,0,0]},"npc_dota_hero_huskar":{"lastAbilityUpgraded":"","victory":false,"state":{"kills":0.0010000000474974513,"towersLeft":0.939393937587738,"netWorth":0.024159999564290047,"xp":0.1247839480638504,"teamXp":0.11212962865829468,"teamDeaths":0.009999999776482582,"enemyTowersLeft":1,"deaths":0.0020000000949949026,"teamNetWorth":0.13229000568389893,"teamKills":0.00800000037997961},"lastItemPurchased":[0,0,0,1,0,0,0,0,0,0,0]},"npc_dota_hero_invoker":{"lastAbilityUpgraded":"","victory":true,"state":{"kills":0.003000000026077032,"towersLeft":1,"netWorth":0.04230000078678131,"xp":0.16114197671413422,"teamXp":0.12548765540122986,"teamDeaths":0.008999999612569809,"enemyTowersLeft":0.939393937587738,"deaths":0.003000000026077032,"teamNetWorth":0.16735999286174774,"teamKills":0.00800000037997961},"lastItemPurchased":[0,0,0,0,0,0,0,0,0,0,0]},"npc_dota_hero_ember_spirit":{"lastAbilityUpgraded":"","victory":false,"state":{"kills":0.003000000026077032,"towersLeft":0.939393937587738,"netWorth":0.043859999626874924,"xp":0.18216049671173096,"teamXp":0.11212962865829468,"teamDeaths":0.009999999776482582,"enemyTowersLeft":1,"deaths":0.0020000000949949026,"teamNetWorth":0.13229000568389893,"teamKills":0.00800000037997961},"lastItemPurchased":[0,0,0,0,0,1,0,0,0,0,0]},"npc_dota_hero_ancient_apparition":{"lastAbilityUpgraded":"","victory":true,"state":{"kills":0.0010000000474974513,"towersLeft":1,"netWorth":0.012959999963641167,"xp":0.06216049566864967,"teamXp":0.12548765540122986,"teamDeaths":0.008999999612569809,"enemyTowersLeft":0.939393937587738,"deaths":0.003000000026077032,"teamNetWorth":0.16735999286174774,"teamKills":0.00800000037997961},"lastItemPurchased":[1,0,0,0,0,0,0,0,0,0,0]},"npc_dota_hero_razor":{"lastAbilityUpgraded":"","victory":true,"state":{"kills":0.003000000026077032,"towersLeft":1,"netWorth":0.04430999979376793,"xp":0.15873457491397858,"teamXp":0.12548765540122986,"teamDeaths":0.008999999612569809,"enemyTowersLeft":0.939393937587738,"deaths":0,"teamNetWorth":0.16735999286174774,"teamKills":0.00800000037997961},"lastItemPurchased":[0,0,0,0,0,0,0,0,0,0,0]},"npc_dota_hero_ogre_magi":{"lastAbilityUpgraded":"","victory":true,"state":{"kills":0,"towersLeft":1,"netWorth":0.0182499997317791,"xp":0.07067900896072388,"teamXp":0.12548765540122986,"teamDeaths":0.008999999612569809,"enemyTowersLeft":0.939393937587738,"deaths":0.003000000026077032,"teamNetWorth":0.16735999286174774,"teamKills":0.00800000037997961},"lastItemPurchased":[0,0,0,0,1,0,0,0,0,0,0]},"npc_dota_hero_vengefulspirit":{"lastAbilityUpgraded":"","victory":false,"state":{"kills":0,"towersLeft":0.939393937587738,"netWorth":0.018039999529719353,"xp":0.061944443732500076,"teamXp":0.11212962865829468,"teamDeaths":0.009999999776482582,"enemyTowersLeft":1,"deaths":0.0020000000949949026,"teamNetWorth":0.13229000568389893,"teamKills":0.00800000037997961},"lastItemPurchased":[0,0,0,0,0,0,0,0,0,0,0]}}}