{"gameTime":25,"state":{"npc_dota_hero_antimage":{"lastAbilityUpgraded":"","victory":true,"state":{"kills":0.004000000189989805,"towersLeft":1,"netWorth":0.092289999127388,"xp":0.3010493814945221,"teamXp":0.23690740764141083,"teamDeaths":0.004999999888241291,"enemyTowersLeft":0.7575757503509521,"deaths":0.0010000000474974513,"teamNetWorth":0.37018999457359314,"teamKills":0.024000000208616257},"lastItemPurchased":[0,1,0,0,0,0,0,0,0,0,0]},"npc_dota_hero_skywrath_mage":{"lastAbilityUpgraded":"","victory":false,"state":{"kills":0,"towersLeft":0.7575757503509521,"netWorth":0.005679999943822622,"xp":0.06515432149171829,"teamXp":0.11892592906951904,"teamDeaths":0.02500000037252903,"enemyTowersLeft":1,"deaths":0.004999999888241291,"teamNetWorth":0.10779000073671341,"teamKills":0.004000000189989805},"lastItemPurchased":[0,0,0,0,0,0,0,0,0,0,0]},"npc_dota_hero_alchemist":{"lastAbilityUpgraded":"","victory":false,"state":{"kills":0,"towersLeft":0.7575757503509521,"netWorth":0.04180999845266342,"xp":0.19111111760139465,"teamXp":0.11892592906951904,"teamDeaths":0.02500000037252903,"enemyTowersLeft":1,"deaths":0.004999999888241291,"teamNetWorth":0.10779000073671341,"teamKills":0.004000000189989805},"lastItemPurchased":[0,0,0,0,0,0,0,0,0,0,0]},"npc_dota_hero_pudge":{"lastAbilityUpgraded":"","victory":true,"state":{"kills":0.006000000052154064,"towersLeft":1,"netWorth":0.04864000156521797,"xp":0.13814814388751984,"teamXp":0.23690740764141083,"teamDeaths":0.004999999888241291,"enemyTowersLeft":0.7575757503509521,"deaths":0.0010000000474974513,"teamNetWorth":0.37018999457359314,"teamKills":0.024000000208616257},"lastItemPurchased":[0,0,0,0,0,0,1,0,0,0,0]},"npc_dota_hero_sand_king":{"lastAbilityUpgraded":"","victory":false,"state":{"kills":0.0010000000474974513,"towersLeft":0.7575757503509521,"netWorth":0.01582000032067299,"xp":0.1030246913433075,"teamXp":0.11892592906951904,"teamDeaths":0.02500000037252903,"enemyTowersLeft":1,"deaths":0.004999999888241291,"teamNetWorth":0.10779000073671341,"teamKills":0.004000000189989805},"lastItemPurchased":[0,0,0,0,0,0,0,0,0,0,0]},"npc_dota_hero_arc_warden":{"lastAbilityUpgraded":"","victory":true,"state":{"kills":0.003000000026077032,"towersLeft":1,"netWorth":0.08606000244617462,"xp":0.29077160358428955,"teamXp":0.23690740764141083,"teamDeaths":0.004999999888241291,"enemyTowersLeft":0.7575757503509521,"deaths":0.0020000000949949026,"teamNetWorth":0.37018999457359314,"teamKills":0.024000000208616257},"lastItemPurchased":[0,0,0,0,0,0,0,0,0,0,0]},"npc_dota_hero_bounty_hunter":{"lastAbilityUpgraded":"","victory":false,"state":{"kills":0.0010000000474974513,"towersLeft":0.7575757503509521,"netWorth":0.00686000008136034,"xp":0.06447530537843704,"teamXp":0.11892592906951904,"teamDeaths":0.02500000037252903,"enemyTowersLeft":1,"deaths":0.00800000037997961,"teamNetWorth":0.10779000073671341,"teamKills":0.004000000189989805},"lastItemPurchased":[0,0,0,0,0,0,0,0,0,0,0]},"npc_dota_hero_shredder":{"lastAbilityUpgraded":"","victory":true,"state":{"kills":0.010999999940395355,"towersLeft":1,"netWorth":0.10887999832630157,"xp":0.3398456871509552,"teamXp":0.23690740764141083,"teamDeaths":0.004999999888241291,"enemyTowersLeft":0.7575757503509521,"deaths":0.0010000000474974513,"teamNetWorth":0.37018999457359314,"teamKills":0.024000000208616257},"lastItemPurchased":[0,0,0,0,0,0,0,0,0,0,0]},"npc_dota_hero_morphling":{"lastAbilityUpgraded":"","victory":false,"state":{"kills":0.0020000000949949026,"towersLeft":0.7575757503509521,"netWorth":0.037620000541210175,"xp":0.17086419463157654,"teamXp":0.11892592906951904,"teamDeaths":0.02500000037252903,"enemyTowersLeft":1,"deaths":0.0020000000949949026,"teamNetWorth":0.10779000073671341,"teamKills":0.004000000189989805},"lastItemPurchased":[0,0,0,0,0,0,0,0,0,0,0]},"npc_dota_hero_omniknight":{"lastAbilityUpgraded":"","victory":true,"state":{"kills":0,"towersLeft":1,"netWorth":0.03432000055909157,"xp":0.11472222208976746,"teamXp":0.23690740764141083,"teamDeaths":0.004999999888241291,"enemyTowersLeft":0.7575757503509521,"deaths":0,"teamNetWorth":0.37018999457359314,"teamKills":0.024000000208616257},"lastItemPurchased":[0,0,0,0,0,0,0,0,0,0,0]}}}