{"gameTime":12,"state":{"npc_dota_hero_life_stealer":{"lastAbilityUpgraded":"","victory":true,"state":{"kills":0,"towersLeft":1,"netWorth":0.018719999119639397,"xp":0.07067900896072388,"teamXp":0.05451234430074692,"teamDeaths":0.006000000052154064,"enemyTowersLeft":1,"deaths":0.0010000000474974513,"teamNetWorth":0.08364000171422958,"teamKills":0.0020000000949949026},"lastItemPurchased":[0,0,1,0,0,0,0,0,0,0,0]},"npc_dota_hero_ursa":{"lastAbilityUpgraded":"","victory":false,"state":{"kills":0,"towersLeft":1,"netWorth":0.009429999627172947,"xp":0.018611110746860504,"teamXp":0.05682098865509033,"teamDeaths":0.004999999888241291,"enemyTowersLeft":1,"deaths":0.0010000000474974513,"teamNetWorth":0.09677000343799591,"teamKills":0.007000000216066837},"lastItemPurchased":[0,0,0,0,0,0,0,0,0,0,0]},"npc_dota_hero_earth_spirit":{"lastAbilityUpgraded":"","victory":true,"state":{"kills":0,"towersLeft":1,"netWorth":0.008679999969899654,"xp":0.02074074000120163,"teamXp":0.05451234430074692,"teamDeaths":0.006000000052154064,"enemyTowersLeft":1,"deaths":0.0010000000474974513,"teamNetWorth":0.08364000171422958,"teamKills":0.0020000000949949026},"lastItemPurchased":[1,0,0,0,0,0,0,0,0,0,0]},"npc_dota_hero_pudge":{"lastAbilityUpgraded":"","victory":false,"state":{"kills":0.006000000052154064,"towersLeft":1,"netWorth":0.02572000026702881,"xp":0.05558641999959946,"teamXp":0.05682098865509033,"teamDeaths":0.004999999888241291,"enemyTowersLeft":1,"deaths":0.0020000000949949026,"teamNetWorth":0.09677000343799591,"teamKills":0.007000000216066837},"lastItemPurchased":[0,0,0,0,0,0,0,0,0,0,1]},"npc_dota_hero_venomancer":{"lastAbilityUpgraded":"","victory":true,"state":{"kills":0.0010000000474974513,"towersLeft":1,"netWorth":0.0154600003734231,"xp":0.03410493955016136,"teamXp":0.05451234430074692,"teamDeaths":0.006000000052154064,"enemyTowersLeft":1,"deaths":0.003000000026077032,"teamNetWorth":0.08364000171422958,"teamKills":0.0020000000949949026},"lastItemPurchased":[0,0,0,0,0,0,0,0,0,0,0]},"npc_dota_hero_sand_king":{"lastAbilityUpgraded":"","victory":false,"state":{"kills":0.0010000000474974513,"towersLeft":1,"netWorth":0.02355000004172325,"xp":0.0652160495519638,"teamXp":0.05682098865509033,"teamDeaths":0.004999999888241291,"enemyTowersLeft":1,"deaths":0.0010000000474974513,"teamNetWorth":0.09677000343799591,"teamKills":0.007000000216066837},"lastItemPurchased":[1,0,0,0,0,0,0,0,0,0,0]},"npc_dota_hero_mirana":{"lastAbilityUpgraded":"","victory":true,"state":{"kills":0,"towersLeft":1,"netWorth":0.018219999969005585,"xp":0.07697530835866928,"teamXp":0.05451234430074692,"teamDeaths":0.006000000052154064,"enemyTowersLeft":1,"deaths":0.0010000000474974513,"teamNetWorth":0.08364000171422958,"teamKills":0.0020000000949949026},"lastItemPurchased":[0,0,0,0,0,0,0,0,0,0,0]},"npc_dota_hero_slardar":{"lastAbilityUpgraded":"","victory":true,"state":{"kills":0.0010000000474974513,"towersLeft":1,"netWorth":0.0225600004196167,"xp":0.07006172835826874,"teamXp":0.05451234430074692,"teamDeaths":0.006000000052154064,"enemyTowersLeft":1,"deaths":0,"teamNetWorth":0.08364000171422958,"teamKills":0.0020000000949949026},"lastItemPurchased":[0,0,0,0,0,0,0,0,0,0,0]},"npc_dota_hero_shredder":{"lastAbilityUpgraded":"","victory":false,"state":{"kills":0,"towersLeft":1,"netWorth":0.022140000015497208,"xp":0.08058641850948334,"teamXp":0.05682098865509033,"teamDeaths":0.004999999888241291,"enemyTowersLeft":1,"deaths":0,"teamNetWorth":0.09677000343799591,"teamKills":0.007000000216066837},"lastItemPurchased":[0,0,0,1,0,0,0,0,0,0,0]},"npc_dota_hero_wisp":{"lastAbilityUpgraded":"","victory":false,"state":{"kills":0,"towersLeft":1,"netWorth":0.015930000692605972,"xp":0.06410493701696396,"teamXp":0.05682098865509033,"teamDeaths":0.004999999888241291,"enemyTowersLeft":1,"deaths":0.0010000000474974513,"teamNetWorth":0.09677000343799591,"teamKills":0.007000000216066837},"lastItemPurchased":[0,0,0,0,0,0,0,0,0,0,0]}}}