{"gameTime":45,"state":{"npc_dota_hero_life_stealer":{"lastAbilityUpgraded":"","victory":true,"state":{"kills":0.010999999940395355,"towersLeft":0.8181818127632141,"netWorth":0.15171000361442566,"xp":0.765524685382843,"teamXp":0.5538395047187805,"teamDeaths":0.03999999910593033,"enemyTowersLeft":0.6969696879386902,"deaths":0.006000000052154064,"teamNetWorth":0.5634300112724304,"teamKills":0.027000000700354576},"lastItemPurchased":[0,0,0,0,0,0,0,0,0,0,0]},"npc_dota_hero_ursa":{"lastAbilityUpgraded":"","victory":false,"state":{"kills":0,"towersLeft":0.6969696879386902,"netWorth":0.02775000035762787,"xp":0.050061728805303574,"teamXp":0.48663580417633057,"teamDeaths":0.029999999329447746,"enemyTowersLeft":0.8181818127632141,"deaths":0.0020000000949949026,"teamNetWorth":0.4811300039291382,"teamKills":0.03999999910593033},"lastItemPurchased":[0,0,0,0,0,0,0,0,0,0,0]},"npc_dota_hero_earth_spirit":{"lastAbilityUpgraded":"","victory":true,"state":{"kills":0.0010000000474974513,"towersLeft":0.8181818127632141,"netWorth":0.0378899984061718,"xp":0.3044135868549347,"teamXp":0.5538395047187805,"teamDeaths":0.03999999910593033,"enemyTowersLeft":0.6969696879386902,"deaths":0.009999999776482582,"teamNetWorth":0.5634300112724304,"teamKills":0.027000000700354576},"lastItemPurchased":[0,0,0,0,0,0,0,0,0,0,0]},"npc_dota_hero_pudge":{"lastAbilityUpgraded":"","victory":false,"state":{"kills":0.009999999776482582,"towersLeft":0.6969696879386902,"netWorth":0.0764399990439415,"xp":0.5120370388031006,"teamXp":0.48663580417633057,"teamDeaths":0.029999999329447746,"enemyTowersLeft":0.8181818127632141,"deaths":0.008999999612569809,"teamNetWorth":0.4811300039291382,"teamKills":0.03999999910593033},"lastItemPurchased":[0,0,0,0,0,0,0,0,0,0,0]},"npc_dota_hero_venomancer":{"lastAbilityUpgraded":"","victory":true,"state":{"kills":0.0020000000949949026,"towersLeft":0.8181818127632141,"netWorth":0.07698000222444534,"xp":0.38246914744377136,"teamXp":0.5538395047187805,"teamDeaths":0.03999999910593033,"enemyTowersLeft":0.6969696879386902,"deaths":0.013000000268220901,"teamNetWorth":0.5634300112724304,"teamKills":0.027000000700354576},"lastItemPurchased":[0,0,0,0,0,0,0,0,0,0,0]},"npc_dota_hero_sand_king":{"lastAbilityUpgraded":"","victory":false,"state":{"kills":0.008999999612569809,"towersLeft":0.6969696879386902,"netWorth":0.14466999471187592,"xp":0.6442283987998962,"teamXp":0.48663580417633057,"teamDeaths":0.029999999329447746,"enemyTowersLeft":0.8181818127632141,"deaths":0.004999999888241291,"teamNetWorth":0.4811300039291382,"teamKills":0.03999999910593033},"lastItemPurchased":[0,1,0,0,0,0,0,0,0,0,0]},"npc_dota_hero_mirana":{"lastAbilityUpgraded":"","victory":true,"state":{"kills":0.010999999940395355,"towersLeft":0.8181818127632141,"netWorth":0.18743999302387238,"xp":0.7079321146011353,"teamXp":0.5538395047187805,"teamDeaths":0.03999999910593033,"enemyTowersLeft":0.6969696879386902,"deaths":0.004000000189989805,"teamNetWorth":0.5634300112724304,"teamKills":0.027000000700354576},"lastItemPurchased":[0,0,0,0,0,0,0,0,0,0,0]},"npc_dota_hero_slardar":{"lastAbilityUpgraded":"","victory":true,"state":{"kills":0.0020000000949949026,"towersLeft":0.8181818127632141,"netWorth":0.10941000282764435,"xp":0.608858048915863,"teamXp":0.5538395047187805,"teamDeaths":0.03999999910593033,"enemyTowersLeft":0.6969696879386902,"deaths":0.007000000216066837,"teamNetWorth":0.5634300112724304,"teamKills":0.027000000700354576},"lastItemPurchased":[0,0,0,0,0,0,0,0,0,0,0]},"npc_dota_hero_shredder":{"lastAbilityUpgraded":"","victory":false,"state":{"kills":0.014000000432133675,"towersLeft":0.6969696879386902,"netWorth":0.16904999315738678,"xp":0.7937036752700806,"teamXp":0.48663580417633057,"teamDeaths":0.029999999329447746,"enemyTowersLeft":0.8181818127632141,"deaths":0.007000000216066837,"teamNetWorth":0.4811300039291382,"teamKills":0.03999999910593033},"lastItemPurchased":[0,0,0,0,0,0,0,0,0,0,0]},"npc_dota_hero_wisp":{"lastAbilityUpgraded":"","victory":false,"state":{"kills":0.007000000216066837,"towersLeft":0.6969696879386902,"netWorth":0.06322000175714493,"xp":0.4331481456756592,"teamXp":0.48663580417633057,"teamDeaths":0.029999999329447746,"enemyTowersLeft":0.8181818127632141,"deaths":0.007000000216066837,"teamNetWorth":0.4811300039291382,"teamKills":0.03999999910593033},"lastItemPurchased":[0,0,0,0,0,0,0,0,0,0,0]}}}