{"gameTime":46,"state":{"npc_dota_hero_faceless_void":{"lastAbilityUpgraded":"","victory":true,"state":{"kills":0.008999999612569809,"towersLeft":0.7878788113594055,"netWorth":0.13384999334812164,"xp":0.7269444465637207,"teamXp":0.6200802326202393,"teamDeaths":0.028999999165534973,"enemyTowersLeft":0.8787878751754761,"deaths":0.004999999888241291,"teamNetWorth":0.5811700224876404,"teamKills":0.03200000151991844},"lastItemPurchased":[0,0,0,0,0,0,0,0,0,0,0]},"npc_dota_hero_warlock":{"lastAbilityUpgraded":"","victory":false,"state":{"kills":0.0020000000949949026,"towersLeft":0.8181818127632141,"netWorth":0.08449999988079071,"xp":0.5506172776222229,"teamXp":0.5420185327529907,"teamDeaths":0.032999999821186066,"enemyTowersLeft":0.7272727489471436,"deaths":0.00800000037997961,"teamNetWorth":0.5154100060462952,"teamKills":0.023000000044703484},"lastItemPurchased":[0,0,0,0,0,0,0,0,0,0,0]},"npc_dota_hero_clinkz":{"lastAbilityUpgraded":"","victory":true,"state":{"kills":0.013000000268220901,"towersLeft":0.7878788113594055,"netWorth":0.15564000606536865,"xp":0.7525925636291504,"teamXp":0.6200802326202393,"teamDeaths":0.028999999165534973,"enemyTowersLeft":0.8787878751754761,"deaths":0.003000000026077032,"teamNetWorth":0.5811700224876404,"teamKills":0.03200000151991844},"lastItemPurchased":[0,0,0,0,0,0,0,0,0,0,0]},"npc_dota_hero_winter_wyvern":{"lastAbilityUpgraded":"","victory":true,"state":{"kills":0.003000000026077032,"towersLeft":0.7878788113594055,"netWorth":0.034929998219013214,"xp":0.2687036991119385,"teamXp":0.6200802326202393,"teamDeaths":0.028999999165534973,"enemyTowersLeft":0.8787878751754761,"deaths":0.009999999776482582,"teamNetWorth":0.5811700224876404,"teamKills":0.03200000151991844},"lastItemPurchased":[0,0,0,0,0,0,0,0,0,0,0]},"npc_dota_hero_rubick":{"lastAbilityUpgraded":"","victory":false,"state":{"kills":0.004000000189989805,"towersLeft":0.8181818127632141,"netWorth":0.09598000347614288,"xp":0.4798148274421692,"teamXp":0.5420185327529907,"teamDeaths":0.032999999821186066,"enemyTowersLeft":0.7272727489471436,"deaths":0.004000000189989805,"teamNetWorth":0.5154100060462952,"teamKills":0.023000000044703484},"lastItemPurchased":[0,0,0,0,0,0,0,0,0,0,0]},"npc_dota_hero_mirana":{"lastAbilityUpgraded":"","victory":true,"state":{"kills":0.0020000000949949026,"towersLeft":0.7878788113594055,"netWorth":0.09583000093698502,"xp":0.5124074220657349,"teamXp":0.6200802326202393,"teamDeaths":0.028999999165534973,"enemyTowersLeft":0.8787878751754761,"deaths":0.006000000052154064,"teamNetWorth":0.5811700224876404,"teamKills":0.03200000151991844},"lastItemPurchased":[0,0,0,0,0,0,0,0,0,0,0]},"npc_dota_hero_obsidian_destroyer":{"lastAbilityUpgraded":"","victory":false,"state":{"kills":0.007000000216066837,"towersLeft":0.8181818127632141,"netWorth":0.13675999641418457,"xp":0.6618210077285767,"teamXp":0.5420185327529907,"teamDeaths":0.032999999821186066,"enemyTowersLeft":0.7272727489471436,"deaths":0.006000000052154064,"teamNetWorth":0.5154100060462952,"teamKills":0.023000000044703484},"lastItemPurchased":[0,0,0,0,0,0,0,0,0,0,0]},"npc_dota_hero_magnataur":{"lastAbilityUpgraded":"","victory":true,"state":{"kills":0.004999999888241291,"towersLeft":0.7878788113594055,"netWorth":0.16091999411582947,"xp":0.8397530913352966,"teamXp":0.6200802326202393,"teamDeaths":0.028999999165534973,"enemyTowersLeft":0.8787878751754761,"deaths":0.004999999888241291,"teamNetWorth":0.5811700224876404,"teamKills":0.03200000151991844},"lastItemPurchased":[0,0,0,0,0,0,0,0,0,0,0]},"npc_dota_hero_disruptor":{"lastAbilityUpgraded":"","victory":false,"state":{"kills":0.0020000000949949026,"towersLeft":0.8181818127632141,"netWorth":0.002859999891370535,"xp":0.2686111032962799,"teamXp":0.5420185327529907,"teamDeaths":0.032999999821186066,"enemyTowersLeft":0.7272727489471436,"deaths":0.010999999940395355,"teamNetWorth":0.5154100060462952,"teamKills":0.023000000044703484},"lastItemPurchased":[0,0,0,0,0,0,0,0,0,0,0]},"npc_dota_hero_juggernaut":{"lastAbilityUpgraded":"","victory":false,"state":{"kills":0.00800000037997961,"towersLeft":0.8181818127632141,"netWorth":0.19530999660491943,"xp":0.7492284178733826,"teamXp":0.5420185327529907,"teamDeaths":0.032999999821186066,"enemyTowersLeft":0.7272727489471436,"deaths":0.004000000189989805,"teamNetWorth":0.5154100060462952,"teamKills":0.023000000044703484},"lastItemPurchased":[0,0,0,0,0,0,0,0,0,0,0]}}}