{"gameTime":55,"state":{"npc_dota_hero_riki":{"lastAbilityUpgraded":"","victory":false,"state":{"kills":0.006000000052154064,"towersLeft":0.4545454680919647,"netWorth":0.04365000128746033,"xp":0.48200616240501404,"teamXp":0.7579814791679382,"teamDeaths":0.052000001072883606,"enemyTowersLeft":0.8181818127632141,"deaths":0.010999999940395355,"teamNetWorth":0.6727100014686584,"teamKills":0.04800000041723251},"lastItemPurchased":[0,0,0,0,0,0,0,0,0,0,0]},"npc_dota_hero_lone_druid":{"lastAbilityUpgraded":"","victory":true,"state":{"kills":0,"towersLeft":0.8181818127632141,"netWorth":0.23120999336242676,"xp":0.7162654399871826,"teamXp":0.8622037172317505,"teamDeaths":0.052000001072883606,"enemyTowersLeft":0.4545454680919647,"deaths":0.004999999888241291,"teamNetWorth":0.8355200290679932,"teamKills":0.04899999871850014},"lastItemPurchased":[0,0,0,0,0,0,0,0,0,1,0]},"npc_dota_hero_silencer":{"lastAbilityUpgraded":"","victory":true,"state":{"kills":0.014999999664723873,"towersLeft":0.8181818127632141,"netWorth":0.1602800041437149,"xp":0.8858024477958679,"teamXp":0.8622037172317505,"teamDeaths":0.052000001072883606,"enemyTowersLeft":0.4545454680919647,"deaths":0.013000000268220901,"teamNetWorth":0.8355200290679932,"teamKills":0.04899999871850014},"lastItemPurchased":[0,0,0,0,0,0,0,0,0,0,0]},"npc_dota_hero_pudge":{"lastAbilityUpgraded":"","victory":true,"state":{"kills":0.009999999776482582,"towersLeft":0.8181818127632141,"netWorth":0.13005000352859497,"xp":0.9414814710617065,"teamXp":0.8622037172317505,"teamDeaths":0.052000001072883606,"enemyTowersLeft":0.4545454680919647,"deaths":0.010999999940395355,"teamNetWorth":0.8355200290679932,"teamKills":0.04899999871850014},"lastItemPurchased":[0,0,0,0,0,0,0,0,0,0,1]},"npc_dota_hero_nevermore":{"lastAbilityUpgraded":"","victory":true,"state":{"kills":0.017000000923871994,"towersLeft":0.8181818127632141,"netWorth":0.2199299931526184,"xp":1.0010493993759155,"teamXp":0.8622037172317505,"teamDeaths":0.052000001072883606,"enemyTowersLeft":0.4545454680919647,"deaths":0.012000000104308128,"teamNetWorth":0.8355200290679932,"teamKills":0.04899999871850014},"lastItemPurchased":[0,0,0,0,0,0,0,0,0,0,0]},"npc_dota_hero_mirana":{"lastAbilityUpgraded":"","victory":false,"state":{"kills":0,"towersLeft":0.4545454680919647,"netWorth":0.07350999861955643,"xp":0.5871913433074951,"teamXp":0.7579814791679382,"teamDeaths":0.052000001072883606,"enemyTowersLeft":0.8181818127632141,"deaths":0.014000000432133675,"teamNetWorth":0.6727100014686584,"teamKills":0.04800000041723251},"lastItemPurchased":[0,0,0,0,0,0,0,0,0,0,0]},"npc_dota_hero_enigma":{"lastAbilityUpgraded":"","victory":false,"state":{"kills":0.006000000052154064,"towersLeft":0.4545454680919647,"netWorth":0.12963999807834625,"xp":0.7524382472038269,"teamXp":0.7579814791679382,"teamDeaths":0.052000001072883606,"enemyTowersLeft":0.8181818127632141,"deaths":0.008999999612569809,"teamNetWorth":0.6727100014686584,"teamKills":0.04800000041723251},"lastItemPurchased":[0,0,0,0,0,0,0,0,0,0,0]},"npc_dota_hero_ogre_magi":{"lastAbilityUpgraded":"","victory":true,"state":{"kills":0.007000000216066837,"towersLeft":0.8181818127632141,"netWorth":0.09404999762773514,"xp":0.7664197683334351,"teamXp":0.8622037172317505,"teamDeaths":0.052000001072883606,"enemyTowersLeft":0.4545454680919647,"deaths":0.010999999940395355,"teamNetWorth":0.8355200290679932,"teamKills":0.04899999871850014},"lastItemPurchased":[0,0,0,0,0,0,0,0,0,0,0]},"npc_dota_hero_puck":{"lastAbilityUpgraded":"","victory":false,"state":{"kills":0.013000000268220901,"towersLeft":0.4545454680919647,"netWorth":0.13533000648021698,"xp":0.9679629802703857,"teamXp":0.7579814791679382,"teamDeaths":0.052000001072883606,"enemyTowersLeft":0.8181818127632141,"deaths":0.009999999776482582,"teamNetWorth":0.6727100014686584,"teamKills":0.04800000041723251},"lastItemPurchased":[0,0,0,0,0,0,0,0,0,0,0]},"npc_dota_hero_shredder":{"lastAbilityUpgraded":"","victory":false,"state":{"kills":0.023000000044703484,"towersLeft":0.4545454680919647,"netWorth":0.29058000445365906,"xp":1.000308632850647,"teamXp":0.7579814791679382,"teamDeaths":0.052000001072883606,"enemyTowersLeft":0.8181818127632141,"deaths":0.00800000037997961,"teamNetWorth":0.6727100014686584,"teamKills":0.04800000041723251},"lastItemPurchased":[1,0,0,0,0,0,0,0,0,0,0]}}}