{"gameTime":21,"state":{"npc_dota_hero_crystal_maiden":{"lastAbilityUpgraded":"","victory":true,"state":{"kills":0.003000000026077032,"towersLeft":0.9090909361839294,"netWorth":0.020589999854564667,"xp":0.09913580119609833,"teamXp":0.15869136154651642,"teamDeaths":0.01899999938905239,"enemyTowersLeft":1,"deaths":0.004000000189989805,"teamNetWorth":0.16613000631332397,"teamKills":0.012000000104308128},"lastItemPurchased":[1,0,0,0,0,0,0,0,0,0,0]},"npc_dota_hero_storm_spirit":{"lastAbilityUpgraded":"","victory":true,"state":{"kills":0.004999999888241291,"towersLeft":0.9090909361839294,"netWorth":0.06004999950528145,"xp":0.25762346386909485,"teamXp":0.15869136154651642,"teamDeaths":0.01899999938905239,"enemyTowersLeft":1,"deaths":0.003000000026077032,"teamNetWorth":0.16613000631332397,"teamKills":0.012000000104308128},"lastItemPurchased":[0,0,0,0,0,0,0,0,0,0,0]},"npc_dota_hero_undying":{"lastAbilityUpgraded":"","victory":true,"state":{"kills":0,"towersLeft":0.9090909361839294,"netWorth":0.026280000805854797,"xp":0.12870369851589203,"teamXp":0.15869136154651642,"teamDeaths":0.01899999938905239,"enemyTowersLeft":1,"deaths":0.006000000052154064,"teamNetWorth":0.16613000631332397,"teamKills":0.012000000104308128},"lastItemPurchased":[0,0,0,0,0,0,0,0,0,0,0]},"npc_dota_hero_pudge":{"lastAbilityUpgraded":"","victory":false,"state":{"kills":0.004000000189989805,"towersLeft":1,"netWorth":0.019859999418258667,"xp":0.11006172746419907,"teamXp":0.1599382758140564,"teamDeaths":0.017000000923871994,"enemyTowersLeft":0.9090909361839294,"deaths":0.007000000216066837,"teamNetWorth":0.2145400047302246,"teamKills":0.020999999716877937},"lastItemPurchased":[0,0,0,0,0,0,0,0,0,0,0]},"npc_dota_hero_phantom_assassin":{"lastAbilityUpgraded":"","victory":true,"state":{"kills":0.0010000000474974513,"towersLeft":0.9090909361839294,"netWorth":0.045740000903606415,"xp":0.21512345969676971,"teamXp":0.15869136154651642,"teamDeaths":0.01899999938905239,"enemyTowersLeft":1,"deaths":0.0010000000474974513,"teamNetWorth":0.16613000631332397,"teamKills":0.012000000104308128},"lastItemPurchased":[0,0,0,0,0,0,0,0,0,1,0]},"npc_dota_hero_arc_warden":{"lastAbilityUpgraded":"","victory":false,"state":{"kills":0.0020000000949949026,"towersLeft":1,"netWorth":0.04447000101208687,"xp":0.1960802525281906,"teamXp":0.1599382758140564,"teamDeaths":0.017000000923871994,"enemyTowersLeft":0.9090909361839294,"deaths":0.003000000026077032,"teamNetWorth":0.2145400047302246,"teamKills":0.020999999716877937},"lastItemPurchased":[0,0,0,0,0,0,0,0,0,0,0]},"npc_dota_hero_spirit_breaker":{"lastAbilityUpgraded":"","victory":false,"state":{"kills":0.004999999888241291,"towersLeft":1,"netWorth":0.043869998306035995,"xp":0.1693827211856842,"teamXp":0.1599382758140564,"teamDeaths":0.017000000923871994,"enemyTowersLeft":0.9090909361839294,"deaths":0,"teamNetWorth":0.2145400047302246,"teamKills":0.020999999716877937},"lastItemPurchased":[0,0,0,0,0,0,0,0,0,0,0]},"npc_dota_hero_sniper":{"lastAbilityUpgraded":"","victory":false,"state":{"kills":0.007000000216066837,"towersLeft":1,"netWorth":0.062219999730587006,"xp":0.17243827879428864,"teamXp":0.1599382758140564,"teamDeaths":0.017000000923871994,"enemyTowersLeft":0.9090909361839294,"deaths":0.003000000026077032,"teamNetWorth":0.2145400047302246,"teamKills":0.020999999716877937},"lastItemPurchased":[0,0,0,0,0,0,0,0,0,0,0]},"npc_dota_hero_chaos_knight":{"lastAbilityUpgraded":"","victory":false,"state":{"kills":0.003000000026077032,"towersLeft":1,"netWorth":0.044119998812675476,"xp":0.15172839164733887,"teamXp":0.1599382758140564,"teamDeaths":0.017000000923871994,"enemyTowersLeft":0.9090909361839294,"deaths":0.004000000189989805,"teamNetWorth":0.2145400047302246,"teamKills":0.020999999716877937},"lastItemPurchased":[0,0,0,0,0,0,0,0,0,0,0]},"npc_dota_hero_omniknight":{"lastAbilityUpgraded":"","victory":true,"state":{"kills":0.003000000026077032,"towersLeft":0.9090909361839294,"netWorth":0.0134699996560812,"xp":0.09287036955356598,"teamXp":0.15869136154651642,"teamDeaths":0.01899999938905239,"enemyTowersLeft":1,"deaths":0.004999999888241291,"teamNetWorth":0.16613000631332397,"teamKills":0.012000000104308128},"lastItemPurchased":[1,0,0,0,0,0,0,0,0,0,0]}}}