{"gameTime":13,"state":{"npc_dota_hero_witch_doctor":{"lastAbilityUpgraded":"","victory":false,"state":{"kills":0,"towersLeft":1,"netWorth":0.01152000017464161,"xp":0.02836419828236103,"teamXp":0.06058641895651817,"teamDeaths":0.003000000026077032,"enemyTowersLeft":0.9696969985961914,"deaths":0,"teamNetWorth":0.10389000177383423,"teamKills":0.0010000000474974513},"lastItemPurchased":[1,0,0,0,0,0,0,0,0,0,0]},"npc_dota_hero_life_stealer":{"lastAbilityUpgraded":"","victory":true,"state":{"kills":0.0020000000949949026,"towersLeft":0.9696969985961914,"netWorth":0.02817000076174736,"xp":0.07160493731498718,"teamXp":0.06501234322786331,"teamDeaths":0.004000000189989805,"enemyTowersLeft":1,"deaths":0,"teamNetWorth":0.09326999634504318,"teamKills":0.003000000026077032},"lastItemPurchased":[0,0,0,0,0,0,0,0,0,0,0]},"npc_dota_hero_rubick":{"lastAbilityUpgraded":"","victory":true,"state":{"kills":0,"towersLeft":0.9696969985961914,"netWorth":0.010400000028312206,"xp":0.052839506417512894,"teamXp":0.06501234322786331,"teamDeaths":0.004000000189989805,"enemyTowersLeft":1,"deaths":0.0010000000474974513,"teamNetWorth":0.09326999634504318,"teamKills":0.003000000026077032},"lastItemPurchased":[0,0,1,0,0,0,0,0,0,0,0]},"npc_dota_hero_axe":{"lastAbilityUpgraded":"","victory":true,"state":{"kills":0.0010000000474974513,"towersLeft":0.9696969985961914,"netWorth":0.02670999988913536,"xp":0.09021604806184769,"teamXp":0.06501234322786331,"teamDeaths":0.004000000189989805,"enemyTowersLeft":1,"deaths":0.0010000000474974513,"teamNetWorth":0.09326999634504318,"teamKills":0.003000000026077032},"lastItemPurchased":[0,0,0,1,0,0,0,0,0,0,0]},"npc_dota_hero_lion":{"lastAbilityUpgraded":"","victory":false,"state":{"kills":0.0010000000474974513,"towersLeft":1,"netWorth":0.02060999907553196,"xp":0.06237654387950897,"teamXp":0.06058641895651817,"teamDeaths":0.003000000026077032,"enemyTowersLeft":0.9696969985961914,"deaths":0,"teamNetWorth":0.10389000177383423,"teamKills":0.0010000000474974513},"lastItemPurchased":[1,0,0,0,0,0,0,0,0,0,0]},"npc_dota_hero_ogre_magi":{"lastAbilityUpgraded":"","victory":true,"state":{"kills":0,"towersLeft":0.9696969985961914,"netWorth":0.009730000048875809,"xp":0.0315740741789341,"teamXp":0.06501234322786331,"teamDeaths":0.004000000189989805,"enemyTowersLeft":1,"deaths":0.0010000000474974513,"teamNetWorth":0.09326999634504318,"teamKills":0.003000000026077032},"lastItemPurchased":[0,0,0,0,0,0,0,0,0,0,0]},"npc_dota_hero_shredder":{"lastAbilityUpgraded":"","victory":false,"state":{"kills":0,"towersLeft":1,"netWorth":0.027310000732541084,"xp":0.0804012343287468,"teamXp":0.06058641895651817,"teamDeaths":0.003000000026077032,"enemyTowersLeft":0.9696969985961914,"deaths":0,"teamNetWorth":0.10389000177383423,"teamKills":0.0010000000474974513},"lastItemPurchased":[0,0,0,0,0,0,0,0,0,0,1]},"npc_dota_hero_abaddon":{"lastAbilityUpgraded":"","victory":false,"state":{"kills":0,"towersLeft":1,"netWorth":0.014329999685287476,"xp":0.06401234865188599,"teamXp":0.06058641895651817,"teamDeaths":0.003000000026077032,"enemyTowersLeft":0.9696969985961914,"deaths":0.0020000000949949026,"teamNetWorth":0.10389000177383423,"teamKills":0.0010000000474974513},"lastItemPurchased":[0,0,0,0,0,0,0,0,0,0,0]},"npc_dota_hero_obsidian_destroyer":{"lastAbilityUpgraded":"","victory":true,"state":{"kills":0,"towersLeft":0.9696969985961914,"netWorth":0.01826000027358532,"xp":0.0788271576166153,"teamXp":0.06501234322786331,"teamDeaths":0.004000000189989805,"enemyTowersLeft":1,"deaths":0.0010000000474974513,"teamNetWorth":0.09326999634504318,"teamKills":0.003000000026077032},"lastItemPurchased":[1,0,0,0,0,0,0,0,0,0,0]},"npc_dota_hero_juggernaut":{"lastAbilityUpgraded":"","victory":false,"state":{"kills":0,"towersLeft":1,"netWorth":0.03012000024318695,"xp":0.06777777522802353,"teamXp":0.06058641895651817,"teamDeaths":0.003000000026077032,"enemyTowersLeft":0.9696969985961914,"deaths":0.0010000000474974513,"teamNetWorth":0.10389000177383423,"teamKills":0.0010000000474974513},"lastItemPurchased":[0,0,1,0,0,0,0,0,0,0,0]}}}