{"gameTime":32,"state":{"npc_dota_hero_tusk":{"lastAbilityUpgraded":"","victory":true,"state":{"kills":0.007000000216066837,"towersLeft":0.939393937587738,"netWorth":0.06300999969244003,"xp":0.3625308573246002,"teamXp":0.3757716119289398,"teamDeaths":0.01899999938905239,"enemyTowersLeft":0.8181818127632141,"deaths":0.004999999888241291,"teamNetWorth":0.4500199854373932,"teamKills":0.039000000804662704},"lastItemPurchased":[0,0,0,0,0,0,0,0,0,0,0]},"npc_dota_hero_witch_doctor":{"lastAbilityUpgraded":"","victory":false,"state":{"kills":0.006000000052154064,"towersLeft":0.8181818127632141,"netWorth":0.03643999993801117,"xp":0.20385801792144775,"teamXp":0.22011111676692963,"teamDeaths":0.04100000113248825,"enemyTowersLeft":0.939393937587738,"deaths":0.012000000104308128,"teamNetWorth":0.18991999328136444,"teamKills":0.014999999664723873},"lastItemPurchased":[0,0,0,0,0,0,0,0,0,0,0]},"npc_dota_hero_drow_ranger":{"lastAbilityUpgraded":"","victory":false,"state":{"kills":0.0020000000949949026,"towersLeft":0.8181818127632141,"netWorth":0.04162000119686127,"xp":0.2291666716337204,"teamXp":0.22011111676692963,"teamDeaths":0.04100000113248825,"enemyTowersLeft":0.939393937587738,"deaths":0.007000000216066837,"teamNetWorth":0.18991999328136444,"teamKills":0.014999999664723873},"lastItemPurchased":[0,0,0,0,0,0,0,0,0,0,0]},"npc_dota_hero_earthshaker":{"lastAbilityUpgraded":"","victory":true,"state":{"kills":0.004999999888241291,"towersLeft":0.939393937587738,"netWorth":0.051089998334646225,"xp":0.22984567284584045,"teamXp":0.3757716119289398,"teamDeaths":0.01899999938905239,"enemyTowersLeft":0.8181818127632141,"deaths":0.003000000026077032,"teamNetWorth":0.4500199854373932,"teamKills":0.039000000804662704},"lastItemPurchased":[0,0,0,0,0,0,0,0,0,0,0]},"npc_dota_hero_legion_commander":{"lastAbilityUpgraded":"","victory":true,"state":{"kills":0.009999999776482582,"towersLeft":0.939393937587738,"netWorth":0.11255999654531479,"xp":0.4313580393791199,"teamXp":0.3757716119289398,"teamDeaths":0.01899999938905239,"enemyTowersLeft":0.8181818127632141,"deaths":0.003000000026077032,"teamNetWorth":0.4500199854373932,"teamKills":0.039000000804662704},"lastItemPurchased":[0,0,0,0,0,0,0,0,1,0,0]},"npc_dota_hero_windrunner":{"lastAbilityUpgraded":"","victory":false,"state":{"kills":0.003000000026077032,"towersLeft":0.8181818127632141,"netWorth":0.04465999826788902,"xp":0.2486419826745987,"teamXp":0.22011111676692963,"teamDeaths":0.04100000113248825,"enemyTowersLeft":0.939393937587738,"deaths":0.010999999940395355,"teamNetWorth":0.18991999328136444,"teamKills":0.014999999664723873},"lastItemPurchased":[0,0,0,0,0,0,0,0,0,0,0]},"npc_dota_hero_sniper":{"lastAbilityUpgraded":"","victory":true,"state":{"kills":0.006000000052154064,"towersLeft":0.939393937587738,"netWorth":0.08787000179290771,"xp":0.41083332896232605,"teamXp":0.3757716119289398,"teamDeaths":0.01899999938905239,"enemyTowersLeft":0.8181818127632141,"deaths":0.004000000189989805,"teamNetWorth":0.4500199854373932,"teamKills":0.039000000804662704},"lastItemPurchased":[0,0,0,0,0,0,0,0,1,0,0]},"npc_dota_hero_ogre_magi":{"lastAbilityUpgraded":"","victory":false,"state":{"kills":0,"towersLeft":0.8181818127632141,"netWorth":0.014999999664723873,"xp":0.12932099401950836,"teamXp":0.22011111676692963,"teamDeaths":0.04100000113248825,"enemyTowersLeft":0.939393937587738,"deaths":0.006000000052154064,"teamNetWorth":0.18991999328136444,"teamKills":0.014999999664723873},"lastItemPurchased":[0,0,0,0,0,0,0,0,0,0,0]},"npc_dota_hero_necrolyte":{"lastAbilityUpgraded":"","victory":true,"state":{"kills":0.010999999940395355,"towersLeft":0.939393937587738,"netWorth":0.13549000024795532,"xp":0.4442901313304901,"teamXp":0.3757716119289398,"teamDeaths":0.01899999938905239,"enemyTowersLeft":0.8181818127632141,"deaths":0.004000000189989805,"teamNetWorth":0.4500199854373932,"teamKills":0.039000000804662704},"lastItemPurchased":[0,0,0,0,0,0,0,0,0,0,0]},"npc_dota_hero_weaver":{"lastAbilityUpgraded":"","victory":false,"state":{"kills":0.004000000189989805,"towersLeft":0.8181818127632141,"netWorth":0.05220000073313713,"xp":0.28956788778305054,"teamXp":0.22011111676692963,"teamDeaths":0.04100000113248825,"enemyTowersLeft":0.939393937587738,"deaths":0.004999999888241291,"teamNetWorth":0.18991999328136444,"teamKills":0.014999999664723873},"lastItemPurchased":[0,0,0,0,0,0,0,0,1,0,0]}}}