{"gameTime":15,"state":{"npc_dota_hero_faceless_void":{"lastAbilityUpgraded":"","victory":false,"state":{"kills":0.0010000000474974513,"towersLeft":1,"netWorth":0.03604999929666519,"xp":0.12064814567565918,"teamXp":0.0956234559416771,"teamDeaths":0.004000000189989805,"enemyTowersLeft":1,"deaths":0.0010000000474974513,"teamNetWorth":0.1331000030040741,"teamKills":0.006000000052154064},"lastItemPurchased":[0,0,0,0,0,0,0,0,0,0,0]},"npc_dota_hero_storm_spirit":{"lastAbilityUpgraded":"","victory":true,"state":{"kills":0.0010000000474974513,"towersLeft":1,"netWorth":0.02710000053048134,"xp":0.1245679035782814,"teamXp":0.09627160429954529,"teamDeaths":0.00800000037997961,"enemyTowersLeft":1,"deaths":0.0020000000949949026,"teamNetWorth":0.10677000135183334,"teamKills":0.003000000026077032},"lastItemPurchased":[0,0,0,0,1,0,0,0,0,0,0]},"npc_dota_hero_phoenix":{"lastAbilityUpgraded":"","victory":true,"state":{"kills":0.0010000000474974513,"towersLeft":1,"netWorth":0.010259999893605709,"xp":0.04080246761441231,"teamXp":0.09627160429954529,"teamDeaths":0.00800000037997961,"enemyTowersLeft":1,"deaths":0.0020000000949949026,"teamNetWorth":0.10677000135183334,"teamKills":0.003000000026077032},"lastItemPurchased":[0,0,0,0,0,0,0,0,0,0,0]},"npc_dota_hero_earthshaker":{"lastAbilityUpgraded":"","victory":false,"state":{"kills":0.0010000000474974513,"towersLeft":1,"netWorth":0.01672999933362007,"xp":0.06240740790963173,"teamXp":0.0956234559416771,"teamDeaths":0.004000000189989805,"enemyTowersLeft":1,"deaths":0,"teamNetWorth":0.1331000030040741,"teamKills":0.006000000052154064},"lastItemPurchased":[0,0,0,0,0,0,0,0,0,0,0]},"npc_dota_hero_invoker":{"lastAbilityUpgraded":"","victory":false,"state":{"kills":0.0020000000949949026,"towersLeft":1,"netWorth":0.04625000059604645,"xp":0.14234568178653717,"teamXp":0.0956234559416771,"teamDeaths":0.004000000189989805,"enemyTowersLeft":1,"deaths":0,"teamNetWorth":0.1331000030040741,"teamKills":0.006000000052154064},"lastItemPurchased":[0,0,0,0,0,0,0,0,0,0,0]},"npc_dota_hero_dazzle":{"lastAbilityUpgraded":"","victory":true,"state":{"kills":0.0010000000474974513,"towersLeft":1,"netWorth":0.011610000394284725,"xp":0.06540123373270035,"teamXp":0.09627160429954529,"teamDeaths":0.00800000037997961,"enemyTowersLeft":1,"deaths":0.0020000000949949026,"teamNetWorth":0.10677000135183334,"teamKills":0.003000000026077032},"lastItemPurchased":[0,0,0,0,0,0,0,0,0,0,0]},"npc_dota_hero_slardar":{"lastAbilityUpgraded":"","victory":true,"state":{"kills":0,"towersLeft":1,"netWorth":0.019260000437498093,"xp":0.09367284178733826,"teamXp":0.09627160429954529,"teamDeaths":0.00800000037997961,"enemyTowersLeft":1,"deaths":0.0020000000949949026,"teamNetWorth":0.10677000135183334,"teamKills":0.003000000026077032},"lastItemPurchased":[0,0,0,0,0,0,0,0,0,0,0]},"npc_dota_hero_bounty_hunter":{"lastAbilityUpgraded":"","victory":false,"state":{"kills":0,"towersLeft":1,"netWorth":0.011839999817311764,"xp":0.05972222238779068,"teamXp":0.0956234559416771,"teamDeaths":0.004000000189989805,"enemyTowersLeft":1,"deaths":0.0020000000949949026,"teamNetWorth":0.1331000030040741,"teamKills":0.006000000052154064},"lastItemPurchased":[0,0,0,0,0,0,0,0,0,0,0]},"npc_dota_hero_rattletrap":{"lastAbilityUpgraded":"","victory":false,"state":{"kills":0.0020000000949949026,"towersLeft":1,"netWorth":0.02222999930381775,"xp":0.092993825674057,"teamXp":0.0956234559416771,"teamDeaths":0.004000000189989805,"enemyTowersLeft":1,"deaths":0.0010000000474974513,"teamNetWorth":0.1331000030040741,"teamKills":0.006000000052154064},"lastItemPurchased":[0,1,0,0,0,0,0,0,0,0,0]},"npc_dota_hero_sven":{"lastAbilityUpgraded":"","victory":true,"state":{"kills":0,"towersLeft":1,"netWorth":0.03853999823331833,"xp":0.15691357851028442,"teamXp":0.09627160429954529,"teamDeaths":0.00800000037997961,"enemyTowersLeft":1,"deaths":0,"teamNetWorth":0.10677000135183334,"teamKills":0.003000000026077032},"lastItemPurchased":[0,0,0,0,0,0,0,0,0,0,0]}}}