{"gameTime":6,"state":{"npc_dota_hero_bloodseeker":{"lastAbilityUpgraded":"","victory":false,"state":{"kills":0,"towersLeft":1,"netWorth":0.011219999752938747,"xp":0.02666666731238365,"teamXp":0.02369753085076809,"teamDeaths":0,"enemyTowersLeft":1,"deaths":0,"teamNetWorth":0.052730001509189606,"teamKills":0},"lastItemPurchased":[0,0,0,0,0,0,0,0,0,0,0]},"npc_dota_hero_clinkz":{"lastAbilityUpgraded":"","victory":true,"state":{"kills":0,"towersLeft":1,"netWorth":0.013899999670684338,"xp":0.031111111864447594,"teamXp":0.024537036195397377,"teamDeaths":0,"enemyTowersLeft":1,"deaths":0,"teamNetWorth":0.06437999755144119,"teamKills":0},"lastItemPurchased":[0,0,0,0,1,0,0,0,0,0,0]},"npc_dota_hero_nyx_assassin":{"lastAbilityUpgraded":"","victory":true,"state":{"kills":0,"towersLeft":1,"netWorth":0.01310999970883131,"xp":0.01617283932864666,"teamXp":0.024537036195397377,"teamDeaths":0,"enemyTowersLeft":1,"deaths":0,"teamNetWorth":0.06437999755144119,"teamKills":0},"lastItemPurchased":[0,0,0,0,0,0,0,0,0,0,0]},"npc_dota_hero_ursa":{"lastAbilityUpgraded":"","victory":false,"state":{"kills":0,"towersLeft":1,"netWorth":0.009499999694526196,"xp":0.017901234328746796,"teamXp":0.02369753085076809,"teamDeaths":0,"enemyTowersLeft":1,"deaths":0,"teamNetWorth":0.052730001509189606,"teamKills":0},"lastItemPurchased":[0,0,0,0,0,0,0,0,0,0,0]},"npc_dota_hero_winter_wyvern":{"lastAbilityUpgraded":"","victory":true,"state":{"kills":0,"towersLeft":1,"netWorth":0.008539999835193157,"xp":0.014722222462296486,"teamXp":0.024537036195397377,"teamDeaths":0,"enemyTowersLeft":1,"deaths":0,"teamNetWorth":0.06437999755144119,"teamKills":0},"lastItemPurchased":[1,0,0,0,0,0,0,0,0,0,0]},"npc_dota_hero_huskar":{"lastAbilityUpgraded":"","victory":true,"state":{"kills":0,"towersLeft":1,"netWorth":0.014809999614953995,"xp":0.02697530947625637,"teamXp":0.024537036195397377,"teamDeaths":0,"enemyTowersLeft":1,"deaths":0,"teamNetWorth":0.06437999755144119,"teamKills":0},"lastItemPurchased":[0,0,0,0,0,0,0,0,0,0,0]},"npc_dota_hero_sand_king":{"lastAbilityUpgraded":"","victory":false,"state":{"kills":0,"towersLeft":1,"netWorth":0.007089999970048666,"xp":0.010586420074105263,"teamXp":0.02369753085076809,"teamDeaths":0,"enemyTowersLeft":1,"deaths":0,"teamNetWorth":0.052730001509189606,"teamKills":0},"lastItemPurchased":[0,0,0,0,0,0,0,0,0,0,0]},"npc_dota_hero_medusa":{"lastAbilityUpgraded":"","victory":false,"state":{"kills":0,"towersLeft":1,"netWorth":0.012090000323951244,"xp":0.04234568029642105,"teamXp":0.02369753085076809,"teamDeaths":0,"enemyTowersLeft":1,"deaths":0,"teamNetWorth":0.052730001509189606,"teamKills":0},"lastItemPurchased":[0,0,0,0,0,1,0,0,0,0,0]},"npc_dota_hero_luna":{"lastAbilityUpgraded":"","victory":true,"state":{"kills":0,"towersLeft":1,"netWorth":0.014019999653100967,"xp":0.03370370343327522,"teamXp":0.024537036195397377,"teamDeaths":0,"enemyTowersLeft":1,"deaths":0,"teamNetWorth":0.06437999755144119,"teamKills":0},"lastItemPurchased":[0,0,0,1,0,0,0,0,0,0,0]},"npc_dota_hero_queenofpain":{"lastAbilityUpgraded":"","victory":false,"state":{"kills":0,"towersLeft":1,"netWorth":0.01283000037074089,"xp":0.020987654104828835,"teamXp":0.02369753085076809,"teamDeaths":0,"enemyTowersLeft":1,"deaths":0,"teamNetWorth":0.052730001509189606,"teamKills":0},"lastItemPurchased":[0,0,1,0,0,0,0,0,0,0,0]}}}