{"gameTime":8,"state":{"npc_dota_hero_antimage":{"lastAbilityUpgraded":"","victory":false,"state":{"kills":0,"towersLeft":1,"netWorth":0.011909999884665012,"xp":0.02240740694105625,"teamXp":0.013364197686314583,"teamDeaths":0,"enemyTowersLeft":1,"deaths":0,"teamNetWorth":0.051259998232126236,"teamKills":0.0010000000474974513},"lastItemPurchased":[0,0,0,0,0,0,0,0,0,0,0]},"npc_dota_hero_skywrath_mage":{"lastAbilityUpgraded":"","victory":true,"state":{"kills":0,"towersLeft":1,"netWorth":0.008129999972879887,"xp":0.007654320914298296,"teamXp":0.015469135716557503,"teamDeaths":0.0020000000949949026,"enemyTowersLeft":1,"deaths":0,"teamNetWorth":0.04713999852538109,"teamKills":0.0010000000474974513},"lastItemPurchased":[0,0,0,0,0,0,0,0,0,0,0]},"npc_dota_hero_life_stealer":{"lastAbilityUpgraded":"","victory":false,"state":{"kills":0.0010000000474974513,"towersLeft":1,"netWorth":0.016510000452399254,"xp":0.027160493656992912,"teamXp":0.013364197686314583,"teamDeaths":0,"enemyTowersLeft":1,"deaths":0,"teamNetWorth":0.051259998232126236,"teamKills":0.0010000000474974513},"lastItemPurchased":[0,0,0,0,0,1,0,0,0,0,0]},"npc_dota_hero_rubick":{"lastAbilityUpgraded":"","victory":false,"state":{"kills":0,"towersLeft":1,"netWorth":0.006969999987632036,"xp":0.004506172612309456,"teamXp":0.013364197686314583,"teamDeaths":0,"enemyTowersLeft":1,"deaths":0,"teamNetWorth":0.051259998232126236,"teamKills":0.0010000000474974513},"lastItemPurchased":[0,0,0,0,0,0,0,0,0,0,0]},"npc_dota_hero_pudge":{"lastAbilityUpgraded":"","victory":true,"state":{"kills":0.0010000000474974513,"towersLeft":1,"netWorth":0.006889999844133854,"xp":0.007592592388391495,"teamXp":0.015469135716557503,"teamDeaths":0.0020000000949949026,"enemyTowersLeft":1,"deaths":0.0010000000474974513,"teamNetWorth":0.04713999852538109,"teamKills":0.0010000000474974513},"lastItemPurchased":[0,0,0,0,0,0,0,0,0,0,0]},"npc_dota_hero_mirana":{"lastAbilityUpgraded":"","victory":true,"state":{"kills":0,"towersLeft":1,"netWorth":0.00953999999910593,"xp":0.014969135634601116,"teamXp":0.015469135716557503,"teamDeaths":0.0020000000949949026,"enemyTowersLeft":1,"deaths":0,"teamNetWorth":0.04713999852538109,"teamKills":0.0010000000474974513},"lastItemPurchased":[0,0,0,0,0,0,0,0,0,0,0]},"npc_dota_hero_kunkka":{"lastAbilityUpgraded":"","victory":false,"state":{"kills":0,"towersLeft":1,"netWorth":0.008820000104606152,"xp":0.00746913580223918,"teamXp":0.013364197686314583,"teamDeaths":0,"enemyTowersLeft":1,"deaths":0,"teamNetWorth":0.051259998232126236,"teamKills":0.0010000000474974513},"lastItemPurchased":[0,0,0,0,0,0,0,0,0,0,0]},"npc_dota_hero_shredder":{"lastAbilityUpgraded":"","victory":false,"state":{"kills":0,"towersLeft":1,"netWorth":0.0070500001311302185,"xp":0.005277777556329966,"teamXp":0.013364197686314583,"teamDeaths":0,"enemyTowersLeft":1,"deaths":0,"teamNetWorth":0.051259998232126236,"teamKills":0.0010000000474974513},"lastItemPurchased":[0,0,0,0,0,0,0,0,0,0,0]},"npc_dota_hero_lina":{"lastAbilityUpgraded":"","victory":true,"state":{"kills":0,"towersLeft":1,"netWorth":0.010329999960958958,"xp":0.018672838807106018,"teamXp":0.015469135716557503,"teamDeaths":0.0020000000949949026,"enemyTowersLeft":1,"deaths":0.0010000000474974513,"teamNetWorth":0.04713999852538109,"teamKills":0.0010000000474974513},"lastItemPurchased":[0,0,0,1,0,0,0,0,0,0,0]},"npc_dota_hero_slark":{"lastAbilityUpgraded":"","victory":true,"state":{"kills":0,"towersLeft":1,"netWorth":0.012249999679625034,"xp":0.0284567903727293,"teamXp":0.015469135716557503,"teamDeaths":0.0020000000949949026,"enemyTowersLeft":1,"deaths":0,"teamNetWorth":0.04713999852538109,"teamKills":0.0010000000474974513},"lastItemPurchased":[0,0,0,0,0,0,0,0,0,0,0]}}}