{"gameTime":27,"state":{"npc_dota_hero_warlock":{"lastAbilityUpgraded":"","victory":true,"state":{"kills":0.004999999888241291,"towersLeft":1,"netWorth":0.05753999948501587,"xp":0.2503703832626343,"teamXp":0.3179444372653961,"teamDeaths":0.008999999612569809,"enemyTowersLeft":0.8484848737716675,"deaths":0.003000000026077032,"teamNetWorth":0.3937000036239624,"teamKills":0.027000000700354576},"lastItemPurchased":[0,0,0,0,0,0,0,0,0,0,0]},"npc_dota_hero_ursa":{"lastAbilityUpgraded":"","victory":false,"state":{"kills":0.004000000189989805,"towersLeft":0.8484848737716675,"netWorth":0.058329999446868896,"xp":0.2714814841747284,"teamXp":0.21877160668373108,"teamDeaths":0.02800000086426735,"enemyTowersLeft":1,"deaths":0.004000000189989805,"teamNetWorth":0.18291999399662018,"teamKills":0.008999999612569809},"lastItemPurchased":[0,1,0,0,0,0,0,0,0,0,0]},"npc_dota_hero_life_stealer":{"lastAbilityUpgraded":"","victory":true,"state":{"kills":0.008999999612569809,"towersLeft":1,"netWorth":0.11331000179052353,"xp":0.3855246901512146,"teamXp":0.3179444372653961,"teamDeaths":0.008999999612569809,"enemyTowersLeft":0.8484848737716675,"deaths":0.0010000000474974513,"teamNetWorth":0.3937000036239624,"teamKills":0.027000000700354576},"lastItemPurchased":[0,0,0,0,0,0,0,0,0,0,0]},"npc_dota_hero_axe":{"lastAbilityUpgraded":"","victory":false,"state":{"kills":0.0020000000949949026,"towersLeft":0.8484848737716675,"netWorth":0.041829999536275864,"xp":0.26070988178253174,"teamXp":0.21877160668373108,"teamDeaths":0.02800000086426735,"enemyTowersLeft":1,"deaths":0.004999999888241291,"teamNetWorth":0.18291999399662018,"teamKills":0.008999999612569809},"lastItemPurchased":[0,0,0,0,0,0,0,0,0,0,0]},"npc_dota_hero_pudge":{"lastAbilityUpgraded":"","victory":true,"state":{"kills":0.0020000000949949026,"towersLeft":1,"netWorth":0.061900001019239426,"xp":0.25768518447875977,"teamXp":0.3179444372653961,"teamDeaths":0.008999999612569809,"enemyTowersLeft":0.8484848737716675,"deaths":0.0010000000474974513,"teamNetWorth":0.3937000036239624,"teamKills":0.027000000700354576},"lastItemPurchased":[0,0,0,0,0,0,0,0,0,0,0]},"npc_dota_hero_sand_king":{"lastAbilityUpgraded":"","victory":false,"state":{"kills":0.0010000000474974513,"towersLeft":0.8484848737716675,"netWorth":0.013729999773204327,"xp":0.14524690806865692,"teamXp":0.21877160668373108,"teamDeaths":0.02800000086426735,"enemyTowersLeft":1,"deaths":0.006000000052154064,"teamNetWorth":0.18291999399662018,"teamKills":0.008999999612569809},"lastItemPurchased":[1,0,0,0,0,0,0,0,0,0,0]},"npc_dota_hero_tinker":{"lastAbilityUpgraded":"","victory":true,"state":{"kills":0.008999999612569809,"towersLeft":1,"netWorth":0.1149900034070015,"xp":0.4226851761341095,"teamXp":0.3179444372653961,"teamDeaths":0.008999999612569809,"enemyTowersLeft":0.8484848737716675,"deaths":0.0010000000474974513,"teamNetWorth":0.3937000036239624,"teamKills":0.027000000700354576},"lastItemPurchased":[0,1,0,0,0,0,0,0,0,0,0]},"npc_dota_hero_slardar":{"lastAbilityUpgraded":"","victory":true,"state":{"kills":0.0020000000949949026,"towersLeft":1,"netWorth":0.04596000164747238,"xp":0.27345678210258484,"teamXp":0.3179444372653961,"teamDeaths":0.008999999612569809,"enemyTowersLeft":0.8484848737716675,"deaths":0.003000000026077032,"teamNetWorth":0.3937000036239624,"teamKills":0.027000000700354576},"lastItemPurchased":[0,0,0,1,0,0,0,0,0,0,0]},"npc_dota_hero_obsidian_destroyer":{"lastAbilityUpgraded":"","victory":false,"state":{"kills":0,"towersLeft":0.8484848737716675,"netWorth":0.04696999862790108,"xp":0.26104938983917236,"teamXp":0.21877160668373108,"teamDeaths":0.02800000086426735,"enemyTowersLeft":1,"deaths":0.007000000216066837,"teamNetWorth":0.18291999399662018,"teamKills":0.008999999612569809},"lastItemPurchased":[0,0,0,0,0,0,0,0,0,0,0]},"npc_dota_hero_omniknight":{"lastAbilityUpgraded":"","victory":false,"state":{"kills":0.0020000000949949026,"towersLeft":0.8484848737716675,"netWorth":0.022059999406337738,"xp":0.15537036955356598,"teamXp":0.21877160668373108,"teamDeaths":0.02800000086426735,"enemyTowersLeft":1,"deaths":0.006000000052154064,"teamNetWorth":0.18291999399662018,"teamKills":0.008999999612569809},"lastItemPurchased":[1,0,0,0,0,0,0,0,0,0,0]}}}