{"gameTime":33,"state":{"npc_dota_hero_rubick":{"lastAbilityUpgraded":"","victory":true,"state":{"kills":0.006000000052154064,"towersLeft":0.9696969985961914,"netWorth":0.0771000012755394,"xp":0.2731172740459442,"teamXp":0.3473333418369293,"teamDeaths":0.013000000268220901,"enemyTowersLeft":0.7272727489471436,"deaths":0,"teamNetWorth":0.4711099863052368,"teamKills":0.03099999949336052},"lastItemPurchased":[0,0,0,0,0,0,0,0,0,0,0]},"npc_dota_hero_pudge":{"lastAbilityUpgraded":"","victory":true,"state":{"kills":0.006000000052154064,"towersLeft":0.9696969985961914,"netWorth":0.038189999759197235,"xp":0.19049382209777832,"teamXp":0.3473333418369293,"teamDeaths":0.013000000268220901,"enemyTowersLeft":0.7272727489471436,"deaths":0.00800000037997961,"teamNetWorth":0.4711099863052368,"teamKills":0.03099999949336052},"lastItemPurchased":[0,0,0,0,0,0,0,0,0,0,0]},"npc_dota_hero_phantom_assassin":{"lastAbilityUpgraded":"","victory":false,"state":{"kills":0.006000000052154064,"towersLeft":0.6969696879386902,"netWorth":0.04222000017762184,"xp":0.23793210089206696,"teamXp":0.18341974914073944,"teamDeaths":0.028999999165534973,"enemyTowersLeft":0.939393937587738,"deaths":0.007000000216066837,"teamNetWorth":0.1581999957561493,"teamKills":0.010999999940395355},"lastItemPurchased":[0,0,0,0,0,0,0,0,0,0,0]},"npc_dota_hero_mirana":{"lastAbilityUpgraded":"","victory":false,"state":{"kills":0.0020000000949949026,"towersLeft":0.6969696879386902,"netWorth":0.03407999873161316,"xp":0.13033950328826904,"teamXp":0.18341974914073944,"teamDeaths":0.028999999165534973,"enemyTowersLeft":0.939393937587738,"deaths":0.003000000026077032,"teamNetWorth":0.1581999957561493,"teamKills":0.010999999940395355},"lastItemPurchased":[0,0,0,0,0,0,0,0,0,0,0]},"npc_dota_hero_slardar":{"lastAbilityUpgraded":"","victory":false,"state":{"kills":0,"towersLeft":0.6969696879386902,"netWorth":0.020169999450445175,"xp":0.17620369791984558,"teamXp":0.18341974914073944,"teamDeaths":0.028999999165534973,"enemyTowersLeft":0.939393937587738,"deaths":0.007000000216066837,"teamNetWorth":0.1581999957561493,"teamKills":0.010999999940395355},"lastItemPurchased":[0,0,0,1,0,0,0,0,0,0,0]},"npc_dota_hero_morphling":{"lastAbilityUpgraded":"","victory":false,"state":{"kills":0.003000000026077032,"towersLeft":0.6969696879386902,"netWorth":0.05104999989271164,"xp":0.26543208956718445,"teamXp":0.18341974914073944,"teamDeaths":0.028999999165534973,"enemyTowersLeft":0.939393937587738,"deaths":0.004999999888241291,"teamNetWorth":0.1581999957561493,"teamKills":0.010999999940395355},"lastItemPurchased":[0,0,1,0,0,0,0,0,0,0,0]},"npc_dota_hero_obsidian_destroyer":{"lastAbilityUpgraded":"","victory":true,"state":{"kills":0.006000000052154064,"towersLeft":0.9696969985961914,"netWorth":0.11973000317811966,"xp":0.4197530746459961,"teamXp":0.3473333418369293,"teamDeaths":0.013000000268220901,"enemyTowersLeft":0.7272727489471436,"deaths":0.0020000000949949026,"teamNetWorth":0.4711099863052368,"teamKills":0.03099999949336052},"lastItemPurchased":[0,0,0,0,0,0,0,0,0,0,1]},"npc_dota_hero_disruptor":{"lastAbilityUpgraded":"","victory":false,"state":{"kills":0,"towersLeft":0.6969696879386902,"netWorth":0.0106800002977252,"xp":0.10719136148691177,"teamXp":0.18341974914073944,"teamDeaths":0.028999999165534973,"enemyTowersLeft":0.939393937587738,"deaths":0.007000000216066837,"teamNetWorth":0.1581999957561493,"teamKills":0.010999999940395355},"lastItemPurchased":[0,0,0,0,0,0,0,0,0,0,0]},"npc_dota_hero_slark":{"lastAbilityUpgraded":"","victory":true,"state":{"kills":0.010999999940395355,"towersLeft":0.9696969985961914,"netWorth":0.16031000018119812,"xp":0.5407716035842896,"teamXp":0.3473333418369293,"teamDeaths":0.013000000268220901,"enemyTowersLeft":0.7272727489471436,"deaths":0,"teamNetWorth":0.4711099863052368,"teamKills":0.03099999949336052},"lastItemPurchased":[0,0,0,0,1,0,0,0,0,0,0]},"npc_dota_hero_batrider":{"lastAbilityUpgraded":"","victory":true,"state":{"kills":0.0020000000949949026,"towersLeft":0.9696969985961914,"netWorth":0.0757799968123436,"xp":0.31253087520599365,"teamXp":0.3473333418369293,"teamDeaths":0.013000000268220901,"enemyTowersLeft":0.7272727489471436,"deaths":0.003000000026077032,"teamNetWorth":0.4711099863052368,"teamKills":0.03099999949336052},"lastItemPurchased":[0,0,0,0,0,0,0,0,0,0,0]}}}