{"gameTime":35,"state":{"npc_dota_hero_bloodseeker":{"lastAbilityUpgraded":"","victory":true,"state":{"kills":0.004000000189989805,"towersLeft":0.7878788113594055,"netWorth":0.14889000356197357,"xp":0.5237345695495605,"teamXp":0.44850000739097595,"teamDeaths":0.029999999329447746,"enemyTowersLeft":0.8787878751754761,"deaths":0.0020000000949949026,"teamNetWorth":0.4777500033378601,"teamKills":0.023000000044703484},"lastItemPurchased":[0,0,0,0,0,0,0,0,1,0,0]},"npc_dota_hero_rubick":{"lastAbilityUpgraded":"","victory":false,"state":{"kills":0.008999999612569809,"towersLeft":0.8787878751754761,"netWorth":0.06800000369548798,"xp":0.3340432047843933,"teamXp":0.39689505100250244,"teamDeaths":0.026000000536441803,"enemyTowersLeft":0.7878788113594055,"deaths":0.004000000189989805,"teamNetWorth":0.44367000460624695,"teamKills":0.024000000208616257},"lastItemPurchased":[0,0,0,0,0,0,0,0,0,0,0]},"npc_dota_hero_earth_spirit":{"lastAbilityUpgraded":"","victory":true,"state":{"kills":0.007000000216066837,"towersLeft":0.7878788113594055,"netWorth":0.06836999952793121,"xp":0.3975617289543152,"teamXp":0.44850000739097595,"teamDeaths":0.029999999329447746,"enemyTowersLeft":0.8787878751754761,"deaths":0.007000000216066837,"teamNetWorth":0.4777500033378601,"teamKills":0.023000000044703484},"lastItemPurchased":[0,0,0,0,0,0,0,0,0,0,0]},"npc_dota_hero_drow_ranger":{"lastAbilityUpgraded":"","victory":false,"state":{"kills":0.007000000216066837,"towersLeft":0.8787878751754761,"netWorth":0.12098000198602676,"xp":0.489814817905426,"teamXp":0.39689505100250244,"teamDeaths":0.026000000536441803,"enemyTowersLeft":0.7878788113594055,"deaths":0.004999999888241291,"teamNetWorth":0.44367000460624695,"teamKills":0.024000000208616257},"lastItemPurchased":[0,0,0,0,0,0,0,0,0,0,0]},"npc_dota_hero_sand_king":{"lastAbilityUpgraded":"","victory":true,"state":{"kills":0,"towersLeft":0.7878788113594055,"netWorth":0.03519999980926514,"xp":0.31104937195777893,"teamXp":0.44850000739097595,"teamDeaths":0.029999999329447746,"enemyTowersLeft":0.8787878751754761,"deaths":0.012000000104308128,"teamNetWorth":0.4777500033378601,"teamKills":0.023000000044703484},"lastItemPurchased":[0,0,0,0,0,0,0,0,0,0,0]},"npc_dota_hero_invoker":{"lastAbilityUpgraded":"","victory":true,"state":{"kills":0.008999999612569809,"towersLeft":0.7878788113594055,"netWorth":0.1819700002670288,"xp":0.7053703665733337,"teamXp":0.44850000739097595,"teamDeaths":0.029999999329447746,"enemyTowersLeft":0.8787878751754761,"deaths":0.003000000026077032,"teamNetWorth":0.4777500033378601,"teamKills":0.023000000044703484},"lastItemPurchased":[0,0,0,0,0,0,0,0,1,0,0]},"npc_dota_hero_tinker":{"lastAbilityUpgraded":"","victory":false,"state":{"kills":0.004000000189989805,"towersLeft":0.8787878751754761,"netWorth":0.1148499995470047,"xp":0.437808632850647,"teamXp":0.39689505100250244,"teamDeaths":0.026000000536441803,"enemyTowersLeft":0.7878788113594055,"deaths":0.004999999888241291,"teamNetWorth":0.44367000460624695,"teamKills":0.024000000208616257},"lastItemPurchased":[0,0,0,0,0,0,0,0,0,0,0]},"npc_dota_hero_mirana":{"lastAbilityUpgraded":"","victory":false,"state":{"kills":0.003000000026077032,"towersLeft":0.8787878751754761,"netWorth":0.07968000322580338,"xp":0.37324073910713196,"teamXp":0.39689505100250244,"teamDeaths":0.026000000536441803,"enemyTowersLeft":0.7878788113594055,"deaths":0.004999999888241291,"teamNetWorth":0.44367000460624695,"teamKills":0.024000000208616257},"lastItemPurchased":[0,0,0,0,0,0,0,0,0,0,0]},"npc_dota_hero_beastmaster":{"lastAbilityUpgraded":"","victory":false,"state":{"kills":0.0010000000474974513,"towersLeft":0.8787878751754761,"netWorth":0.06015999987721443,"xp":0.34956789016723633,"teamXp":0.39689505100250244,"teamDeaths":0.026000000536441803,"enemyTowersLeft":0.7878788113594055,"deaths":0.007000000216066837,"teamNetWorth":0.44367000460624695,"teamKills":0.024000000208616257},"lastItemPurchased":[0,0,0,0,0,0,0,0,0,0,0]},"npc_dota_hero_lion":{"lastAbilityUpgraded":"","victory":true,"state":{"kills":0.003000000026077032,"towersLeft":0.7878788113594055,"netWorth":0.04332000017166138,"xp":0.3047839403152466,"teamXp":0.44850000739097595,"teamDeaths":0.029999999329447746,"enemyTowersLeft":0.8787878751754761,"deaths":0.006000000052154064,"teamNetWorth":0.4777500033378601,"teamKills":0.023000000044703484},"lastItemPurchased":[0,0,0,0,0,0,0,0,0,0,0]}}}