{"gameTime":52,"state":{"npc_dota_hero_bloodseeker":{"lastAbilityUpgraded":"","victory":true,"state":{"kills":0.00800000037997961,"towersLeft":0.7878788113594055,"netWorth":0.22739000618457794,"xp":0.8470678925514221,"teamXp":0.7637777924537659,"teamDeaths":0.041999999433755875,"enemyTowersLeft":0.3636363744735718,"deaths":0.006000000052154064,"teamNetWorth":0.8879799842834473,"teamKills":0.04100000113248825},"lastItemPurchased":[0,0,0,0,0,0,0,0,0,0,0]},"npc_dota_hero_rubick":{"lastAbilityUpgraded":"","victory":false,"state":{"kills":0.008999999612569809,"towersLeft":0.3636363744735718,"netWorth":0.07744000107049942,"xp":0.5036728382110596,"teamXp":0.6683703660964966,"teamDeaths":0.04399999976158142,"enemyTowersLeft":0.7878788113594055,"deaths":0.00800000037997961,"teamNetWorth":0.5882999897003174,"teamKills":0.03500000014901161},"lastItemPurchased":[0,1,0,0,0,0,0,0,0,0,0]},"npc_dota_hero_earth_spirit":{"lastAbilityUpgraded":"","victory":true,"state":{"kills":0.009999999776482582,"towersLeft":0.7878788113594055,"netWorth":0.11201000213623047,"xp":0.826820969581604,"teamXp":0.7637777924537659,"teamDeaths":0.041999999433755875,"enemyTowersLeft":0.3636363744735718,"deaths":0.00800000037997961,"teamNetWorth":0.8879799842834473,"teamKills":0.04100000113248825},"lastItemPurchased":[0,0,0,0,0,0,0,0,0,0,0]},"npc_dota_hero_drow_ranger":{"lastAbilityUpgraded":"","victory":false,"state":{"kills":0.010999999940395355,"towersLeft":0.3636363744735718,"netWorth":0.15581999719142914,"xp":0.9557098746299744,"teamXp":0.6683703660964966,"teamDeaths":0.04399999976158142,"enemyTowersLeft":0.7878788113594055,"deaths":0.00800000037997961,"teamNetWorth":0.5882999897003174,"teamKills":0.03500000014901161},"lastItemPurchased":[0,0,0,0,0,0,0,0,0,0,0]},"npc_dota_hero_sand_king":{"lastAbilityUpgraded":"","victory":true,"state":{"kills":0.0020000000949949026,"towersLeft":0.7878788113594055,"netWorth":0.09262999892234802,"xp":0.6214197278022766,"teamXp":0.7637777924537659,"teamDeaths":0.041999999433755875,"enemyTowersLeft":0.3636363744735718,"deaths":0.014999999664723873,"teamNetWorth":0.8879799842834473,"teamKills":0.04100000113248825},"lastItemPurchased":[0,0,0,0,0,0,0,0,0,0,0]},"npc_dota_hero_invoker":{"lastAbilityUpgraded":"","victory":true,"state":{"kills":0.017999999225139618,"towersLeft":0.7878788113594055,"netWorth":0.39059001207351685,"xp":1.0011727809906006,"teamXp":0.7637777924537659,"teamDeaths":0.041999999433755875,"enemyTowersLeft":0.3636363744735718,"deaths":0.003000000026077032,"teamNetWorth":0.8879799842834473,"teamKills":0.04100000113248825},"lastItemPurchased":[0,0,0,0,0,0,0,0,0,0,1]},"npc_dota_hero_tinker":{"lastAbilityUpgraded":"","victory":false,"state":{"kills":0.007000000216066837,"towersLeft":0.3636363744735718,"netWorth":0.1734600067138672,"xp":0.7447530627250671,"teamXp":0.6683703660964966,"teamDeaths":0.04399999976158142,"enemyTowersLeft":0.7878788113594055,"deaths":0.00800000037997961,"teamNetWorth":0.5882999897003174,"teamKills":0.03500000014901161},"lastItemPurchased":[0,0,0,0,0,0,0,0,0,0,0]},"npc_dota_hero_mirana":{"lastAbilityUpgraded":"","victory":false,"state":{"kills":0.007000000216066837,"towersLeft":0.3636363744735718,"netWorth":0.11060000211000443,"xp":0.6211110949516296,"teamXp":0.6683703660964966,"teamDeaths":0.04399999976158142,"enemyTowersLeft":0.7878788113594055,"deaths":0.00800000037997961,"teamNetWorth":0.5882999897003174,"teamKills":0.03500000014901161},"lastItemPurchased":[0,1,0,0,0,0,0,0,0,0,0]},"npc_dota_hero_beastmaster":{"lastAbilityUpgraded":"","victory":false,"state":{"kills":0.0010000000474974513,"towersLeft":0.3636363744735718,"netWorth":0.0709799975156784,"xp":0.5166049599647522,"teamXp":0.6683703660964966,"teamDeaths":0.04399999976158142,"enemyTowersLeft":0.7878788113594055,"deaths":0.012000000104308128,"teamNetWorth":0.5882999897003174,"teamKills":0.03500000014901161},"lastItemPurchased":[0,0,0,0,0,0,0,0,0,0,0]},"npc_dota_hero_lion":{"lastAbilityUpgraded":"","victory":true,"state":{"kills":0.003000000026077032,"towersLeft":0.7878788113594055,"netWorth":0.06536000221967697,"xp":0.5224074125289917,"teamXp":0.7637777924537659,"teamDeaths":0.041999999433755875,"enemyTowersLeft":0.3636363744735718,"deaths":0.009999999776482582,"teamNetWorth":0.8879799842834473,"teamKills":0.04100000113248825},"lastItemPurchased":[1,0,0,0,0,0,0,0,0,0,0]}}}