{"gameTime":28,"state":{"npc_dota_hero_witch_doctor":{"lastAbilityUpgraded":"","victory":false,"state":{"kills":0.0020000000949949026,"towersLeft":0.8484848737716675,"netWorth":0.022590000182390213,"xp":0.12725308537483215,"teamXp":0.2268950641155243,"teamDeaths":0.017999999225139618,"enemyTowersLeft":0.939393937587738,"deaths":0.00800000037997961,"teamNetWorth":0.27368998527526855,"teamKills":0.017000000923871994},"lastItemPurchased":[0,0,0,0,0,0,0,0,0,0,0]},"npc_dota_hero_rubick":{"lastAbilityUpgraded":"","victory":false,"state":{"kills":0.004000000189989805,"towersLeft":0.8484848737716675,"netWorth":0.035179998725652695,"xp":0.14027777314186096,"teamXp":0.2268950641155243,"teamDeaths":0.017999999225139618,"enemyTowersLeft":0.939393937587738,"deaths":0.004000000189989805,"teamNetWorth":0.27368998527526855,"teamKills":0.017000000923871994},"lastItemPurchased":[0,0,0,0,0,0,0,0,0,0,0]},"npc_dota_hero_huskar":{"lastAbilityUpgraded":"","victory":true,"state":{"kills":0.004000000189989805,"towersLeft":0.939393937587738,"netWorth":0.07597000151872635,"xp":0.25126543641090393,"teamXp":0.22310493886470795,"teamDeaths":0.017000000923871994,"enemyTowersLeft":0.8484848737716675,"deaths":0.004999999888241291,"teamNetWorth":0.2881599962711334,"teamKills":0.014999999664723873},"lastItemPurchased":[0,0,0,0,0,0,0,0,0,0,0]},"npc_dota_hero_mirana":{"lastAbilityUpgraded":"","victory":true,"state":{"kills":0.004000000189989805,"towersLeft":0.939393937587738,"netWorth":0.09240999817848206,"xp":0.34969136118888855,"teamXp":0.22310493886470795,"teamDeaths":0.017000000923871994,"enemyTowersLeft":0.8484848737716675,"deaths":0.0010000000474974513,"teamNetWorth":0.2881599962711334,"teamKills":0.014999999664723873},"lastItemPurchased":[0,0,0,0,0,0,0,0,0,0,0]},"npc_dota_hero_dazzle":{"lastAbilityUpgraded":"","victory":true,"state":{"kills":0,"towersLeft":0.939393937587738,"netWorth":0.031369999051094055,"xp":0.1634567826986313,"teamXp":0.22310493886470795,"teamDeaths":0.017000000923871994,"enemyTowersLeft":0.8484848737716675,"deaths":0.004999999888241291,"teamNetWorth":0.2881599962711334,"teamKills":0.014999999664723873},"lastItemPurchased":[1,0,0,0,0,0,0,0,0,0,0]},"npc_dota_hero_sniper":{"lastAbilityUpgraded":"","victory":false,"state":{"kills":0.004000000189989805,"towersLeft":0.8484848737716675,"netWorth":0.08923999965190887,"xp":0.3185185194015503,"teamXp":0.2268950641155243,"teamDeaths":0.017999999225139618,"enemyTowersLeft":0.939393937587738,"deaths":0.0010000000474974513,"teamNetWorth":0.27368998527526855,"teamKills":0.017000000923871994},"lastItemPurchased":[0,1,0,0,0,0,0,0,0,0,0]},"npc_dota_hero_ogre_magi":{"lastAbilityUpgraded":"","victory":true,"state":{"kills":0.006000000052154064,"towersLeft":0.939393937587738,"netWorth":0.046799998730421066,"xp":0.19703704118728638,"teamXp":0.22310493886470795,"teamDeaths":0.017000000923871994,"enemyTowersLeft":0.8484848737716675,"deaths":0.003000000026077032,"teamNetWorth":0.2881599962711334,"teamKills":0.014999999664723873},"lastItemPurchased":[0,0,0,0,0,0,0,0,0,0,0]},"npc_dota_hero_brewmaster":{"lastAbilityUpgraded":"","victory":false,"state":{"kills":0.003000000026077032,"towersLeft":0.8484848737716675,"netWorth":0.0752200037240982,"xp":0.3266666531562805,"teamXp":0.2268950641155243,"teamDeaths":0.017999999225139618,"enemyTowersLeft":0.939393937587738,"deaths":0.0020000000949949026,"teamNetWorth":0.27368998527526855,"teamKills":0.017000000923871994},"lastItemPurchased":[0,0,0,0,0,0,0,0,0,0,0]},"npc_dota_hero_shredder":{"lastAbilityUpgraded":"","victory":false,"state":{"kills":0.004000000189989805,"towersLeft":0.8484848737716675,"netWorth":0.05146000161767006,"xp":0.22175925970077515,"teamXp":0.2268950641155243,"teamDeaths":0.017999999225139618,"enemyTowersLeft":0.939393937587738,"deaths":0.003000000026077032,"teamNetWorth":0.27368998527526855,"teamKills":0.017000000923871994},"lastItemPurchased":[0,0,0,0,0,0,0,0,0,0,0]},"npc_dota_hero_omniknight":{"lastAbilityUpgraded":"","victory":true,"state":{"kills":0.0010000000474974513,"towersLeft":0.939393937587738,"netWorth":0.0416099987924099,"xp":0.1540740728378296,"teamXp":0.22310493886470795,"teamDeaths":0.017000000923871994,"enemyTowersLeft":0.8484848737716675,"deaths":0.003000000026077032,"teamNetWorth":0.2881599962711334,"teamKills":0.014999999664723873},"lastItemPurchased":[0,0,0,0,0,0,0,0,0,0,0]}}}