{"gameTime":32,"state":{"npc_dota_hero_clinkz":{"lastAbilityUpgraded":"","victory":true,"state":{"kills":0.007000000216066837,"towersLeft":0.939393937587738,"netWorth":0.1068200021982193,"xp":0.6155555844306946,"teamXp":0.4660555422306061,"teamDeaths":0.020999999716877937,"enemyTowersLeft":0.7575757503509521,"deaths":0.0020000000949949026,"teamNetWorth":0.45295000076293945,"teamKills":0.03400000184774399},"lastItemPurchased":[0,0,0,0,0,0,0,0,0,0,0]},"npc_dota_hero_phoenix":{"lastAbilityUpgraded":"","victory":true,"state":{"kills":0.004999999888241291,"towersLeft":0.939393937587738,"netWorth":0.03911000117659569,"xp":0.28166666626930237,"teamXp":0.4660555422306061,"teamDeaths":0.020999999716877937,"enemyTowersLeft":0.7575757503509521,"deaths":0.004999999888241291,"teamNetWorth":0.45295000076293945,"teamKills":0.03400000184774399},"lastItemPurchased":[0,0,0,0,0,0,0,0,0,0,0]},"npc_dota_hero_phantom_lancer":{"lastAbilityUpgraded":"","victory":true,"state":{"kills":0.006000000052154064,"towersLeft":0.939393937587738,"netWorth":0.09666000306606293,"xp":0.42709875106811523,"teamXp":0.4660555422306061,"teamDeaths":0.020999999716877937,"enemyTowersLeft":0.7575757503509521,"deaths":0.006000000052154064,"teamNetWorth":0.45295000076293945,"teamKills":0.03400000184774399},"lastItemPurchased":[0,0,0,0,0,0,0,0,0,0,0]},"npc_dota_hero_legion_commander":{"lastAbilityUpgraded":"","victory":true,"state":{"kills":0.007000000216066837,"towersLeft":0.939393937587738,"netWorth":0.10125000029802322,"xp":0.49904319643974304,"teamXp":0.4660555422306061,"teamDeaths":0.020999999716877937,"enemyTowersLeft":0.7575757503509521,"deaths":0.004999999888241291,"teamNetWorth":0.45295000076293945,"teamKills":0.03400000184774399},"lastItemPurchased":[0,0,0,0,0,0,0,0,0,0,0]},"npc_dota_hero_tiny":{"lastAbilityUpgraded":"","victory":false,"state":{"kills":0.004000000189989805,"towersLeft":0.8181818127632141,"netWorth":0.041999999433755875,"xp":0.3192901313304901,"teamXp":0.3922283947467804,"teamDeaths":0.035999998450279236,"enemyTowersLeft":1,"deaths":0.008999999612569809,"teamNetWorth":0.31773000955581665,"teamKills":0.019999999552965164},"lastItemPurchased":[1,0,0,0,0,0,0,0,0,0,0]},"npc_dota_hero_enigma":{"lastAbilityUpgraded":"","victory":false,"state":{"kills":0.004000000189989805,"towersLeft":0.8181818127632141,"netWorth":0.07975000143051147,"xp":0.4525308609008789,"teamXp":0.3922283947467804,"teamDeaths":0.035999998450279236,"enemyTowersLeft":1,"deaths":0.004999999888241291,"teamNetWorth":0.31773000955581665,"teamKills":0.019999999552965164},"lastItemPurchased":[0,0,0,0,0,0,0,0,0,0,0]},"npc_dota_hero_slardar":{"lastAbilityUpgraded":"","victory":false,"state":{"kills":0.0010000000474974513,"towersLeft":0.8181818127632141,"netWorth":0.03277000039815903,"xp":0.2908641993999481,"teamXp":0.3922283947467804,"teamDeaths":0.035999998450279236,"enemyTowersLeft":1,"deaths":0.009999999776482582,"teamNetWorth":0.31773000955581665,"teamKills":0.019999999552965164},"lastItemPurchased":[0,0,0,0,0,0,0,0,0,0,0]},"npc_dota_hero_morphling":{"lastAbilityUpgraded":"","victory":false,"state":{"kills":0.008999999612569809,"towersLeft":0.8181818127632141,"netWorth":0.11307000368833542,"xp":0.5648148059844971,"teamXp":0.3922283947467804,"teamDeaths":0.035999998450279236,"enemyTowersLeft":1,"deaths":0.0010000000474974513,"teamNetWorth":0.31773000955581665,"teamKills":0.019999999552965164},"lastItemPurchased":[0,0,0,0,0,0,0,0,0,0,0]},"npc_dota_hero_obsidian_destroyer":{"lastAbilityUpgraded":"","victory":false,"state":{"kills":0.0020000000949949026,"towersLeft":0.8181818127632141,"netWorth":0.05014000087976456,"xp":0.33364197611808777,"teamXp":0.3922283947467804,"teamDeaths":0.035999998450279236,"enemyTowersLeft":1,"deaths":0.010999999940395355,"teamNetWorth":0.31773000955581665,"teamKills":0.019999999552965164},"lastItemPurchased":[0,0,0,0,0,0,0,0,0,0,0]},"npc_dota_hero_lina":{"lastAbilityUpgraded":"","victory":true,"state":{"kills":0.008999999612569809,"towersLeft":0.939393937587738,"netWorth":0.10910999774932861,"xp":0.5069136023521423,"teamXp":0.4660555422306061,"teamDeaths":0.020999999716877937,"enemyTowersLeft":0.7575757503509521,"deaths":0.003000000026077032,"teamNetWorth":0.45295000076293945,"teamKills":0.03400000184774399},"lastItemPurchased":[0,0,0,0,0,0,1,0,0,0,0]}}}