{"gameTime":34,"state":{"npc_dota_hero_clinkz":{"lastAbilityUpgraded":"","victory":true,"state":{"kills":0.007000000216066837,"towersLeft":0.939393937587738,"netWorth":0.10749000310897827,"xp":0.637499988079071,"teamXp":0.49558025598526,"teamDeaths":0.02199999988079071,"enemyTowersLeft":0.7575757503509521,"deaths":0.003000000026077032,"teamNetWorth":0.478549987077713,"teamKills":0.03400000184774399},"lastItemPurchased":[0,0,1,0,0,0,0,0,0,0,0]},"npc_dota_hero_phoenix":{"lastAbilityUpgraded":"","victory":true,"state":{"kills":0.004999999888241291,"towersLeft":0.939393937587738,"netWorth":0.04380999878048897,"xp":0.3239506185054779,"teamXp":0.49558025598526,"teamDeaths":0.02199999988079071,"enemyTowersLeft":0.7575757503509521,"deaths":0.004999999888241291,"teamNetWorth":0.478549987077713,"teamKills":0.03400000184774399},"lastItemPurchased":[1,0,0,0,0,0,0,0,0,0,0]},"npc_dota_hero_phantom_lancer":{"lastAbilityUpgraded":"","victory":true,"state":{"kills":0.006000000052154064,"towersLeft":0.939393937587738,"netWorth":0.10012000054121017,"xp":0.44854938983917236,"teamXp":0.49558025598526,"teamDeaths":0.02199999988079071,"enemyTowersLeft":0.7575757503509521,"deaths":0.006000000052154064,"teamNetWorth":0.478549987077713,"teamKills":0.03400000184774399},"lastItemPurchased":[0,0,0,0,0,0,0,0,0,0,1]},"npc_dota_hero_legion_commander":{"lastAbilityUpgraded":"","victory":true,"state":{"kills":0.007000000216066837,"towersLeft":0.939393937587738,"netWorth":0.11005999892950058,"xp":0.5338580012321472,"teamXp":0.49558025598526,"teamDeaths":0.02199999988079071,"enemyTowersLeft":0.7575757503509521,"deaths":0.004999999888241291,"teamNetWorth":0.478549987077713,"teamKills":0.03400000184774399},"lastItemPurchased":[0,0,0,0,0,0,0,0,0,0,0]},"npc_dota_hero_tiny":{"lastAbilityUpgraded":"","victory":false,"state":{"kills":0.004000000189989805,"towersLeft":0.8181818127632141,"netWorth":0.04399999976158142,"xp":0.32435184717178345,"teamXp":0.42360493540763855,"teamDeaths":0.035999998450279236,"enemyTowersLeft":1,"deaths":0.008999999612569809,"teamNetWorth":0.3540799915790558,"teamKills":0.020999999716877937},"lastItemPurchased":[0,0,0,0,0,0,0,0,0,0,0]},"npc_dota_hero_enigma":{"lastAbilityUpgraded":"","victory":false,"state":{"kills":0.004000000189989805,"towersLeft":0.8181818127632141,"netWorth":0.08389999717473984,"xp":0.4887036979198456,"teamXp":0.42360493540763855,"teamDeaths":0.035999998450279236,"enemyTowersLeft":1,"deaths":0.004999999888241291,"teamNetWorth":0.3540799915790558,"teamKills":0.020999999716877937},"lastItemPurchased":[0,0,0,0,0,0,0,0,0,0,0]},"npc_dota_hero_slardar":{"lastAbilityUpgraded":"","victory":false,"state":{"kills":0.0010000000474974513,"towersLeft":0.8181818127632141,"netWorth":0.040720000863075256,"xp":0.33774691820144653,"teamXp":0.42360493540763855,"teamDeaths":0.035999998450279236,"enemyTowersLeft":1,"deaths":0.009999999776482582,"teamNetWorth":0.3540799915790558,"teamKills":0.020999999716877937},"lastItemPurchased":[0,0,0,0,0,0,0,0,1,0,0]},"npc_dota_hero_morphling":{"lastAbilityUpgraded":"","victory":false,"state":{"kills":0.008999999612569809,"towersLeft":0.8181818127632141,"netWorth":0.11828000098466873,"xp":0.5807098746299744,"teamXp":0.42360493540763855,"teamDeaths":0.035999998450279236,"enemyTowersLeft":1,"deaths":0.0010000000474974513,"teamNetWorth":0.3540799915790558,"teamKills":0.020999999716877937},"lastItemPurchased":[0,0,0,0,0,0,0,0,0,0,0]},"npc_dota_hero_obsidian_destroyer":{"lastAbilityUpgraded":"","victory":false,"state":{"kills":0.003000000026077032,"towersLeft":0.8181818127632141,"netWorth":0.06718000024557114,"xp":0.3865123391151428,"teamXp":0.42360493540763855,"teamDeaths":0.035999998450279236,"enemyTowersLeft":1,"deaths":0.010999999940395355,"teamNetWorth":0.3540799915790558,"teamKills":0.020999999716877937},"lastItemPurchased":[0,0,0,0,0,0,0,0,1,0,0]},"npc_dota_hero_lina":{"lastAbilityUpgraded":"","victory":true,"state":{"kills":0.008999999612569809,"towersLeft":0.939393937587738,"netWorth":0.11706999689340591,"xp":0.5340431928634644,"teamXp":0.49558025598526,"teamDeaths":0.02199999988079071,"enemyTowersLeft":0.7575757503509521,"deaths":0.003000000026077032,"teamNetWorth":0.478549987077713,"teamKills":0.03400000184774399},"lastItemPurchased":[0,0,0,0,0,0,0,0,0,0,0]}}}