{"gameTime":44,"state":{"npc_dota_hero_clinkz":{"lastAbilityUpgraded":"","victory":true,"state":{"kills":0.007000000216066837,"towersLeft":0.8787878751754761,"netWorth":0.1536100059747696,"xp":0.7278703451156616,"teamXp":0.6703086495399475,"teamDeaths":0.03500000014901161,"enemyTowersLeft":0,"deaths":0.004999999888241291,"teamNetWorth":0.7687100172042847,"teamKills":0.04399999976158142},"lastItemPurchased":[0,0,0,0,0,0,0,0,0,0,0]},"npc_dota_hero_phoenix":{"lastAbilityUpgraded":"","victory":true,"state":{"kills":0.004999999888241291,"towersLeft":0.8787878751754761,"netWorth":0.059209998697042465,"xp":0.4184567928314209,"teamXp":0.6703086495399475,"teamDeaths":0.03500000014901161,"enemyTowersLeft":0,"deaths":0.00800000037997961,"teamNetWorth":0.7687100172042847,"teamKills":0.04399999976158142},"lastItemPurchased":[0,0,0,0,0,0,0,0,0,0,0]},"npc_dota_hero_phantom_lancer":{"lastAbilityUpgraded":"","victory":true,"state":{"kills":0.008999999612569809,"towersLeft":0.8787878751754761,"netWorth":0.23487000167369843,"xp":0.7156789898872375,"teamXp":0.6703086495399475,"teamDeaths":0.03500000014901161,"enemyTowersLeft":0,"deaths":0.008999999612569809,"teamNetWorth":0.7687100172042847,"teamKills":0.04399999976158142},"lastItemPurchased":[0,0,0,0,0,0,0,0,0,0,0]},"npc_dota_hero_legion_commander":{"lastAbilityUpgraded":"","victory":true,"state":{"kills":0.010999999940395355,"towersLeft":0.8787878751754761,"netWorth":0.17237000167369843,"xp":0.8485802412033081,"teamXp":0.6703086495399475,"teamDeaths":0.03500000014901161,"enemyTowersLeft":0,"deaths":0.007000000216066837,"teamNetWorth":0.7687100172042847,"teamKills":0.04399999976158142},"lastItemPurchased":[0,0,0,0,0,0,0,0,0,0,0]},"npc_dota_hero_tiny":{"lastAbilityUpgraded":"","victory":false,"state":{"kills":0.004999999888241291,"towersLeft":0.06060606241226196,"netWorth":0.07202000170946121,"xp":0.491635799407959,"teamXp":0.6430617570877075,"teamDeaths":0.04600000008940697,"enemyTowersLeft":0.939393937587738,"deaths":0.010999999940395355,"teamNetWorth":0.5143700242042542,"teamKills":0.03400000184774399},"lastItemPurchased":[0,0,0,0,0,0,0,0,0,0,0]},"npc_dota_hero_enigma":{"lastAbilityUpgraded":"","victory":false,"state":{"kills":0.004999999888241291,"towersLeft":0.06060606241226196,"netWorth":0.10999000072479248,"xp":0.7298457026481628,"teamXp":0.6430617570877075,"teamDeaths":0.04600000008940697,"enemyTowersLeft":0.939393937587738,"deaths":0.007000000216066837,"teamNetWorth":0.5143700242042542,"teamKills":0.03400000184774399},"lastItemPurchased":[0,0,0,0,0,0,0,0,0,0,0]},"npc_dota_hero_slardar":{"lastAbilityUpgraded":"","victory":false,"state":{"kills":0.0010000000474974513,"towersLeft":0.06060606241226196,"netWorth":0.0523499995470047,"xp":0.4639197587966919,"teamXp":0.6430617570877075,"teamDeaths":0.04600000008940697,"enemyTowersLeft":0.939393937587738,"deaths":0.012000000104308128,"teamNetWorth":0.5143700242042542,"teamKills":0.03400000184774399},"lastItemPurchased":[0,0,0,0,0,0,0,0,0,0,0]},"npc_dota_hero_morphling":{"lastAbilityUpgraded":"","victory":false,"state":{"kills":0.017999999225139618,"towersLeft":0.06060606241226196,"netWorth":0.17812000215053558,"xp":0.9944444298744202,"teamXp":0.6430617570877075,"teamDeaths":0.04600000008940697,"enemyTowersLeft":0.939393937587738,"deaths":0.003000000026077032,"teamNetWorth":0.5143700242042542,"teamKills":0.03400000184774399},"lastItemPurchased":[0,0,0,0,0,0,0,0,0,0,0]},"npc_dota_hero_obsidian_destroyer":{"lastAbilityUpgraded":"","victory":false,"state":{"kills":0.004999999888241291,"towersLeft":0.06060606241226196,"netWorth":0.10188999772071838,"xp":0.5354629755020142,"teamXp":0.6430617570877075,"teamDeaths":0.04600000008940697,"enemyTowersLeft":0.939393937587738,"deaths":0.013000000268220901,"teamNetWorth":0.5143700242042542,"teamKills":0.03400000184774399},"lastItemPurchased":[0,0,0,0,0,0,0,0,0,0,0]},"npc_dota_hero_lina":{"lastAbilityUpgraded":"","victory":true,"state":{"kills":0.012000000104308128,"towersLeft":0.8787878751754761,"netWorth":0.14865000545978546,"xp":0.6409568190574646,"teamXp":0.6703086495399475,"teamDeaths":0.03500000014901161,"enemyTowersLeft":0,"deaths":0.006000000052154064,"teamNetWorth":0.7687100172042847,"teamKills":0.04399999976158142},"lastItemPurchased":[0,0,0,0,0,0,0,0,0,0,0]}}}