{"gameTime":14,"state":{"npc_dota_hero_winter_wyvern":{"lastAbilityUpgraded":"","victory":true,"state":{"kills":0,"towersLeft":1,"netWorth":0.009530000388622284,"xp":0.046882715076208115,"teamXp":0.06643209606409073,"teamDeaths":0.004999999888241291,"enemyTowersLeft":1,"deaths":0,"teamNetWorth":0.09063000231981277,"teamKills":0.004000000189989805},"lastItemPurchased":[0,0,0,0,0,0,0,0,0,0,0]},"npc_dota_hero_rubick":{"lastAbilityUpgraded":"","victory":false,"state":{"kills":0.0010000000474974513,"towersLeft":1,"netWorth":0.019829999655485153,"xp":0.06561728566884995,"teamXp":0.07429012656211853,"teamDeaths":0.004999999888241291,"enemyTowersLeft":1,"deaths":0,"teamNetWorth":0.10554999858140945,"teamKills":0.004999999888241291},"lastItemPurchased":[0,0,0,1,0,0,0,0,0,0,0]},"npc_dota_hero_mirana":{"lastAbilityUpgraded":"","victory":false,"state":{"kills":0,"towersLeft":1,"netWorth":0.02628999948501587,"xp":0.10657407343387604,"teamXp":0.07429012656211853,"teamDeaths":0.004999999888241291,"enemyTowersLeft":1,"deaths":0,"teamNetWorth":0.10554999858140945,"teamKills":0.004999999888241291},"lastItemPurchased":[0,0,0,1,0,0,0,0,0,0,0]},"npc_dota_hero_ember_spirit":{"lastAbilityUpgraded":"","victory":true,"state":{"kills":0.0010000000474974513,"towersLeft":1,"netWorth":0.018769999966025352,"xp":0.05953703820705414,"teamXp":0.06643209606409073,"teamDeaths":0.004999999888241291,"enemyTowersLeft":1,"deaths":0.0020000000949949026,"teamNetWorth":0.09063000231981277,"teamKills":0.004000000189989805},"lastItemPurchased":[0,0,0,0,0,0,0,0,0,0,0]},"npc_dota_hero_ogre_magi":{"lastAbilityUpgraded":"","victory":false,"state":{"kills":0,"towersLeft":1,"netWorth":0.009499999694526196,"xp":0.030679011717438698,"teamXp":0.07429012656211853,"teamDeaths":0.004999999888241291,"enemyTowersLeft":1,"deaths":0.0020000000949949026,"teamNetWorth":0.10554999858140945,"teamKills":0.004999999888241291},"lastItemPurchased":[0,0,0,0,0,0,0,0,0,0,0]},"npc_dota_hero_rattletrap":{"lastAbilityUpgraded":"","victory":true,"state":{"kills":0.0020000000949949026,"towersLeft":1,"netWorth":0.015119999647140503,"xp":0.06620370596647263,"teamXp":0.06643209606409073,"teamDeaths":0.004999999888241291,"enemyTowersLeft":1,"deaths":0.003000000026077032,"teamNetWorth":0.09063000231981277,"teamKills":0.004000000189989805},"lastItemPurchased":[0,0,0,0,0,0,0,0,0,0,0]},"npc_dota_hero_elder_titan":{"lastAbilityUpgraded":"","victory":true,"state":{"kills":0.0010000000474974513,"towersLeft":1,"netWorth":0.011470000259578228,"xp":0.029537037014961243,"teamXp":0.06643209606409073,"teamDeaths":0.004999999888241291,"enemyTowersLeft":1,"deaths":0,"teamNetWorth":0.09063000231981277,"teamKills":0.004000000189989805},"lastItemPurchased":[1,0,0,0,0,0,0,0,0,0,0]},"npc_dota_hero_morphling":{"lastAbilityUpgraded":"","victory":false,"state":{"kills":0.003000000026077032,"towersLeft":1,"netWorth":0.03540999814867973,"xp":0.11996913701295853,"teamXp":0.07429012656211853,"teamDeaths":0.004999999888241291,"enemyTowersLeft":1,"deaths":0,"teamNetWorth":0.10554999858140945,"teamKills":0.004999999888241291},"lastItemPurchased":[0,0,1,0,0,0,0,0,0,0,0]},"npc_dota_hero_magnataur":{"lastAbilityUpgraded":"","victory":true,"state":{"kills":0,"towersLeft":1,"netWorth":0.035739999264478683,"xp":0.12999999523162842,"teamXp":0.06643209606409073,"teamDeaths":0.004999999888241291,"enemyTowersLeft":1,"deaths":0,"teamNetWorth":0.09063000231981277,"teamKills":0.004000000189989805},"lastItemPurchased":[0,1,0,0,0,0,0,0,0,0,0]},"npc_dota_hero_weaver":{"lastAbilityUpgraded":"","victory":false,"state":{"kills":0.0010000000474974513,"towersLeft":1,"netWorth":0.014519999735057354,"xp":0.0486111119389534,"teamXp":0.07429012656211853,"teamDeaths":0.004999999888241291,"enemyTowersLeft":1,"deaths":0.003000000026077032,"teamNetWorth":0.10554999858140945,"teamKills":0.004999999888241291},"lastItemPurchased":[0,0,0,0,1,0,0,0,0,0,0]}}}