{"gameTime":39,"state":{"npc_dota_hero_winter_wyvern":{"lastAbilityUpgraded":"","victory":true,"state":{"kills":0.0010000000474974513,"towersLeft":0.8181818127632141,"netWorth":0.02775000035762787,"xp":0.21959877014160156,"teamXp":0.4267222285270691,"teamDeaths":0.02199999988079071,"enemyTowersLeft":0.7878788113594055,"deaths":0.004999999888241291,"teamNetWorth":0.4712600111961365,"teamKills":0.014999999664723873},"lastItemPurchased":[1,0,0,0,0,0,0,0,0,0,0]},"npc_dota_hero_rubick":{"lastAbilityUpgraded":"","victory":false,"state":{"kills":0.003000000026077032,"towersLeft":0.8181818127632141,"netWorth":0.05099000036716461,"xp":0.2779938280582428,"teamXp":0.42570987343788147,"teamDeaths":0.017999999225139618,"enemyTowersLeft":0.8484848737716675,"deaths":0.004000000189989805,"teamNetWorth":0.5051100254058838,"teamKills":0.02199999988079071},"lastItemPurchased":[1,0,0,0,0,0,0,0,0,0,0]},"npc_dota_hero_mirana":{"lastAbilityUpgraded":"","victory":false,"state":{"kills":0.004000000189989805,"towersLeft":0.8181818127632141,"netWorth":0.14374999701976776,"xp":0.579845666885376,"teamXp":0.42570987343788147,"teamDeaths":0.017999999225139618,"enemyTowersLeft":0.8484848737716675,"deaths":0.0020000000949949026,"teamNetWorth":0.5051100254058838,"teamKills":0.02199999988079071},"lastItemPurchased":[0,0,0,0,0,0,0,0,0,0,0]},"npc_dota_hero_ember_spirit":{"lastAbilityUpgraded":"","victory":true,"state":{"kills":0.004999999888241291,"towersLeft":0.8181818127632141,"netWorth":0.16124999523162842,"xp":0.6134876608848572,"teamXp":0.4267222285270691,"teamDeaths":0.02199999988079071,"enemyTowersLeft":0.7878788113594055,"deaths":0.004000000189989805,"teamNetWorth":0.4712600111961365,"teamKills":0.014999999664723873},"lastItemPurchased":[0,0,0,0,0,0,0,0,0,0,0]},"npc_dota_hero_ogre_magi":{"lastAbilityUpgraded":"","victory":false,"state":{"kills":0.0020000000949949026,"towersLeft":0.8181818127632141,"netWorth":0.03880999982357025,"xp":0.2430555522441864,"teamXp":0.42570987343788147,"teamDeaths":0.017999999225139618,"enemyTowersLeft":0.8484848737716675,"deaths":0.004000000189989805,"teamNetWorth":0.5051100254058838,"teamKills":0.02199999988079071},"lastItemPurchased":[0,0,0,0,0,0,0,0,0,0,0]},"npc_dota_hero_rattletrap":{"lastAbilityUpgraded":"","victory":true,"state":{"kills":0.003000000026077032,"towersLeft":0.8181818127632141,"netWorth":0.06102000176906586,"xp":0.3413580358028412,"teamXp":0.4267222285270691,"teamDeaths":0.02199999988079071,"enemyTowersLeft":0.7878788113594055,"deaths":0.00800000037997961,"teamNetWorth":0.4712600111961365,"teamKills":0.014999999664723873},"lastItemPurchased":[0,0,0,0,0,0,0,0,0,0,0]},"npc_dota_hero_elder_titan":{"lastAbilityUpgraded":"","victory":true,"state":{"kills":0.0010000000474974513,"towersLeft":0.8181818127632141,"netWorth":0.051350001245737076,"xp":0.2793518602848053,"teamXp":0.4267222285270691,"teamDeaths":0.02199999988079071,"enemyTowersLeft":0.7878788113594055,"deaths":0.0020000000949949026,"teamNetWorth":0.4712600111961365,"teamKills":0.014999999664723873},"lastItemPurchased":[0,0,0,0,0,0,0,0,0,0,0]},"npc_dota_hero_morphling":{"lastAbilityUpgraded":"","victory":false,"state":{"kills":0.008999999612569809,"towersLeft":0.8181818127632141,"netWorth":0.16856999695301056,"xp":0.5934876799583435,"teamXp":0.42570987343788147,"teamDeaths":0.017999999225139618,"enemyTowersLeft":0.8484848737716675,"deaths":0.0020000000949949026,"teamNetWorth":0.5051100254058838,"teamKills":0.02199999988079071},"lastItemPurchased":[0,0,0,0,0,0,0,0,0,0,0]},"npc_dota_hero_magnataur":{"lastAbilityUpgraded":"","victory":true,"state":{"kills":0.004999999888241291,"towersLeft":0.8181818127632141,"netWorth":0.16989000141620636,"xp":0.6798148155212402,"teamXp":0.4267222285270691,"teamDeaths":0.02199999988079071,"enemyTowersLeft":0.7878788113594055,"deaths":0.003000000026077032,"teamNetWorth":0.4712600111961365,"teamKills":0.014999999664723873},"lastItemPurchased":[0,0,0,0,0,0,0,0,0,0,0]},"npc_dota_hero_weaver":{"lastAbilityUpgraded":"","victory":false,"state":{"kills":0.004000000189989805,"towersLeft":0.8181818127632141,"netWorth":0.10299000144004822,"xp":0.43416666984558105,"teamXp":0.42570987343788147,"teamDeaths":0.017999999225139618,"enemyTowersLeft":0.8484848737716675,"deaths":0.006000000052154064,"teamNetWorth":0.5051100254058838,"teamKills":0.02199999988079071},"lastItemPurchased":[0,1,0,0,0,0,0,0,0,0,0]}}}