{"gameTime":20,"state":{"npc_dota_hero_storm_spirit":{"lastAbilityUpgraded":"","victory":true,"state":{"kills":0.0010000000474974513,"towersLeft":0.9090909361839294,"netWorth":0.042750000953674316,"xp":0.16160494089126587,"teamXp":0.14179012179374695,"teamDeaths":0.03099999949336052,"enemyTowersLeft":1,"deaths":0.0010000000474974513,"teamNetWorth":0.12372999638319016,"teamKills":0.009999999776482582},"lastItemPurchased":[0,0,0,0,0,0,1,0,0,0,0]},"npc_dota_hero_pudge":{"lastAbilityUpgraded":"","victory":true,"state":{"kills":0.006000000052154064,"towersLeft":0.9090909361839294,"netWorth":0.03175000101327896,"xp":0.1681790053844452,"teamXp":0.14179012179374695,"teamDeaths":0.03099999949336052,"enemyTowersLeft":1,"deaths":0.007000000216066837,"teamNetWorth":0.12372999638319016,"teamKills":0.009999999776482582},"lastItemPurchased":[0,0,0,0,0,0,1,0,0,0,0]},"npc_dota_hero_enchantress":{"lastAbilityUpgraded":"","victory":false,"state":{"kills":0.007000000216066837,"towersLeft":1,"netWorth":0.0551999993622303,"xp":0.1986728459596634,"teamXp":0.1920308619737625,"teamDeaths":0.009999999776482582,"enemyTowersLeft":0.9090909361839294,"deaths":0.0020000000949949026,"teamNetWorth":0.23176999390125275,"teamKills":0.02500000037252903},"lastItemPurchased":[0,1,0,0,0,0,0,0,0,0,0]},"npc_dota_hero_phantom_assassin":{"lastAbilityUpgraded":"","victory":true,"state":{"kills":0.0020000000949949026,"towersLeft":0.9090909361839294,"netWorth":0.03863999992609024,"xp":0.2094135731458664,"teamXp":0.14179012179374695,"teamDeaths":0.03099999949336052,"enemyTowersLeft":1,"deaths":0.0020000000949949026,"teamNetWorth":0.12372999638319016,"teamKills":0.009999999776482582},"lastItemPurchased":[0,0,0,0,0,0,0,0,0,0,0]},"npc_dota_hero_tiny":{"lastAbilityUpgraded":"","victory":false,"state":{"kills":0.004000000189989805,"towersLeft":1,"netWorth":0.047690000385046005,"xp":0.17216049134731293,"teamXp":0.1920308619737625,"teamDeaths":0.009999999776482582,"enemyTowersLeft":0.9090909361839294,"deaths":0.003000000026077032,"teamNetWorth":0.23176999390125275,"teamKills":0.02500000037252903},"lastItemPurchased":[0,0,0,0,0,0,0,0,0,0,0]},"npc_dota_hero_tinker":{"lastAbilityUpgraded":"","victory":false,"state":{"kills":0.009999999776482582,"towersLeft":1,"netWorth":0.06272999942302704,"xp":0.26234567165374756,"teamXp":0.1920308619737625,"teamDeaths":0.009999999776482582,"enemyTowersLeft":0.9090909361839294,"deaths":0.0010000000474974513,"teamNetWorth":0.23176999390125275,"teamKills":0.02500000037252903},"lastItemPurchased":[0,0,0,0,0,0,1,0,0,0,0]},"npc_dota_hero_luna":{"lastAbilityUpgraded":"","victory":true,"state":{"kills":0,"towersLeft":0.9090909361839294,"netWorth":-0.001769999973475933,"xp":0.051635801792144775,"teamXp":0.14179012179374695,"teamDeaths":0.03099999949336052,"enemyTowersLeft":1,"deaths":0.01600000075995922,"teamNetWorth":0.12372999638319016,"teamKills":0.009999999776482582},"lastItemPurchased":[1,0,0,0,0,0,0,0,0,0,0]},"npc_dota_hero_slardar":{"lastAbilityUpgraded":"","victory":false,"state":{"kills":0.003000000026077032,"towersLeft":1,"netWorth":0.047200001776218414,"xp":0.1939506232738495,"teamXp":0.1920308619737625,"teamDeaths":0.009999999776482582,"enemyTowersLeft":0.9090909361839294,"deaths":0.0010000000474974513,"teamNetWorth":0.23176999390125275,"teamKills":0.02500000037252903},"lastItemPurchased":[0,1,0,0,0,0,0,0,0,0,0]},"npc_dota_hero_vengefulspirit":{"lastAbilityUpgraded":"","victory":false,"state":{"kills":0.0010000000474974513,"towersLeft":1,"netWorth":0.018950000405311584,"xp":0.1330246925354004,"teamXp":0.1920308619737625,"teamDeaths":0.009999999776482582,"enemyTowersLeft":0.9090909361839294,"deaths":0.003000000026077032,"teamNetWorth":0.23176999390125275,"teamKills":0.02500000037252903},"lastItemPurchased":[0,0,0,0,0,0,0,0,0,0,0]},"npc_dota_hero_wisp":{"lastAbilityUpgraded":"","victory":true,"state":{"kills":0.0010000000474974513,"towersLeft":0.9090909361839294,"netWorth":0.012360000051558018,"xp":0.11811728030443192,"teamXp":0.14179012179374695,"teamDeaths":0.03099999949336052,"enemyTowersLeft":1,"deaths":0.004999999888241291,"teamNetWorth":0.12372999638319016,"teamKills":0.009999999776482582},"lastItemPurchased":[0,0,0,0,0,1,0,0,0,0,0]}}}