{"gameTime":23,"state":{"npc_dota_hero_faceless_void":{"lastAbilityUpgraded":"","victory":true,"state":{"kills":0.0010000000474974513,"towersLeft":0.9696969985961914,"netWorth":0.044319998472929,"xp":0.20058642327785492,"teamXp":0.21095679700374603,"teamDeaths":0.009999999776482582,"enemyTowersLeft":0.8787878751754761,"deaths":0.004000000189989805,"teamNetWorth":0.2773999869823456,"teamKills":0.017000000923871994},"lastItemPurchased":[0,0,0,0,0,0,0,0,0,0,0]},"npc_dota_hero_storm_spirit":{"lastAbilityUpgraded":"","victory":false,"state":{"kills":0.003000000026077032,"towersLeft":0.8484848737716675,"netWorth":0.04104999825358391,"xp":0.1834259331226349,"teamXp":0.15466666221618652,"teamDeaths":0.01899999938905239,"enemyTowersLeft":0.939393937587738,"deaths":0.004000000189989805,"teamNetWorth":0.15449999272823334,"teamKills":0.008999999612569809},"lastItemPurchased":[0,0,0,0,0,0,0,0,0,0,0]},"npc_dota_hero_templar_assassin":{"lastAbilityUpgraded":"","victory":true,"state":{"kills":0.0010000000474974513,"towersLeft":0.9696969985961914,"netWorth":0.06915999948978424,"xp":0.29472222924232483,"teamXp":0.21095679700374603,"teamDeaths":0.009999999776482582,"enemyTowersLeft":0.8787878751754761,"deaths":0.0010000000474974513,"teamNetWorth":0.2773999869823456,"teamKills":0.017000000923871994},"lastItemPurchased":[0,0,0,0,0,0,0,0,0,0,0]},"npc_dota_hero_rubick":{"lastAbilityUpgraded":"","victory":true,"state":{"kills":0.004999999888241291,"towersLeft":0.9696969985961914,"netWorth":0.044920001178979874,"xp":0.16268518567085266,"teamXp":0.21095679700374603,"teamDeaths":0.009999999776482582,"enemyTowersLeft":0.8787878751754761,"deaths":0,"teamNetWorth":0.2773999869823456,"teamKills":0.017000000923871994},"lastItemPurchased":[0,0,0,1,0,0,0,0,0,0,0]},"npc_dota_hero_pudge":{"lastAbilityUpgraded":"","victory":true,"state":{"kills":0.006000000052154064,"towersLeft":0.9696969985961914,"netWorth":0.033560000360012054,"xp":0.13246913254261017,"teamXp":0.21095679700374603,"teamDeaths":0.009999999776482582,"enemyTowersLeft":0.8787878751754761,"deaths":0.004999999888241291,"teamNetWorth":0.2773999869823456,"teamKills":0.017000000923871994},"lastItemPurchased":[0,0,0,0,0,0,0,0,0,0,0]},"npc_dota_hero_sand_king":{"lastAbilityUpgraded":"","victory":false,"state":{"kills":0.004000000189989805,"towersLeft":0.8484848737716675,"netWorth":0.035670001059770584,"xp":0.16478395462036133,"teamXp":0.15466666221618652,"teamDeaths":0.01899999938905239,"enemyTowersLeft":0.939393937587738,"deaths":0.004000000189989805,"teamNetWorth":0.15449999272823334,"teamKills":0.008999999612569809},"lastItemPurchased":[0,0,0,0,0,0,0,0,0,0,0]},"npc_dota_hero_lion":{"lastAbilityUpgraded":"","victory":false,"state":{"kills":0.0010000000474974513,"towersLeft":0.8484848737716675,"netWorth":0.014329999685287476,"xp":0.12487654387950897,"teamXp":0.15466666221618652,"teamDeaths":0.01899999938905239,"enemyTowersLeft":0.939393937587738,"deaths":0.004999999888241291,"teamNetWorth":0.15449999272823334,"teamKills":0.008999999612569809},"lastItemPurchased":[0,0,0,0,0,1,0,0,0,0,0]},"npc_dota_hero_ogre_magi":{"lastAbilityUpgraded":"","victory":false,"state":{"kills":0.0010000000474974513,"towersLeft":0.8484848737716675,"netWorth":0.01834000088274479,"xp":0.09410493820905685,"teamXp":0.15466666221618652,"teamDeaths":0.01899999938905239,"enemyTowersLeft":0.939393937587738,"deaths":0.003000000026077032,"teamNetWorth":0.15449999272823334,"teamKills":0.008999999612569809},"lastItemPurchased":[0,0,0,0,0,0,0,0,0,0,0]},"npc_dota_hero_juggernaut":{"lastAbilityUpgraded":"","victory":false,"state":{"kills":0,"towersLeft":0.8484848737716675,"netWorth":0.04510999843478203,"xp":0.20614197850227356,"teamXp":0.15466666221618652,"teamDeaths":0.01899999938905239,"enemyTowersLeft":0.939393937587738,"deaths":0.003000000026077032,"teamNetWorth":0.15449999272823334,"teamKills":0.008999999612569809},"lastItemPurchased":[0,0,0,0,0,0,0,0,0,0,0]},"npc_dota_hero_weaver":{"lastAbilityUpgraded":"","victory":true,"state":{"kills":0.004000000189989805,"towersLeft":0.9696969985961914,"netWorth":0.0854400023818016,"xp":0.2643209993839264,"teamXp":0.21095679700374603,"teamDeaths":0.009999999776482582,"enemyTowersLeft":0.8787878751754761,"deaths":0,"teamNetWorth":0.2773999869823456,"teamKills":0.017000000923871994},"lastItemPurchased":[0,0,0,0,0,0,0,0,0,0,0]}}}