{"gameTime":26,"state":{"npc_dota_hero_bloodseeker":{"lastAbilityUpgraded":"","victory":false,"state":{"kills":0.007000000216066837,"towersLeft":0.8787878751754761,"netWorth":0.1247899979352951,"xp":0.4379938244819641,"teamXp":0.2887715995311737,"teamDeaths":0.013000000268220901,"enemyTowersLeft":0.8787878751754761,"deaths":0.0020000000949949026,"teamNetWorth":0.3617199957370758,"teamKills":0.028999999165534973},"lastItemPurchased":[0,0,0,0,0,0,0,1,0,0,0]},"npc_dota_hero_skywrath_mage":{"lastAbilityUpgraded":"","victory":false,"state":{"kills":0.008999999612569809,"towersLeft":0.8787878751754761,"netWorth":0.08327999711036682,"xp":0.3472839593887329,"teamXp":0.2887715995311737,"teamDeaths":0.013000000268220901,"enemyTowersLeft":0.8787878751754761,"deaths":0.0020000000949949026,"teamNetWorth":0.3617199957370758,"teamKills":0.028999999165534973},"lastItemPurchased":[0,0,0,0,0,0,0,0,1,0,0]},"npc_dota_hero_undying":{"lastAbilityUpgraded":"","victory":true,"state":{"kills":0.004000000189989805,"towersLeft":0.8787878751754761,"netWorth":0.031289998441934586,"xp":0.20351852476596832,"teamXp":0.24203704297542572,"teamDeaths":0.029999999329447746,"enemyTowersLeft":0.8787878751754761,"deaths":0.008999999612569809,"teamNetWorth":0.26862001419067383,"teamKills":0.012000000104308128},"lastItemPurchased":[0,0,0,1,0,0,0,0,0,0,0]},"npc_dota_hero_rubick":{"lastAbilityUpgraded":"","victory":false,"state":{"kills":0.004999999888241291,"towersLeft":0.8787878751754761,"netWorth":0.04366999864578247,"xp":0.21114197373390198,"teamXp":0.2887715995311737,"teamDeaths":0.013000000268220901,"enemyTowersLeft":0.8787878751754761,"deaths":0.0010000000474974513,"teamNetWorth":0.3617199957370758,"teamKills":0.028999999165534973},"lastItemPurchased":[1,0,0,0,0,0,0,0,0,0,0]},"npc_dota_hero_abyssal_underlord":{"lastAbilityUpgraded":"","victory":true,"state":{"kills":0.0010000000474974513,"towersLeft":0.8787878751754761,"netWorth":0.07101000100374222,"xp":0.27959877252578735,"teamXp":0.24203704297542572,"teamDeaths":0.029999999329447746,"enemyTowersLeft":0.8787878751754761,"deaths":0.0020000000949949026,"teamNetWorth":0.26862001419067383,"teamKills":0.012000000104308128},"lastItemPurchased":[0,0,0,0,0,1,0,0,0,0,0]},"npc_dota_hero_enigma":{"lastAbilityUpgraded":"","victory":true,"state":{"kills":0,"towersLeft":0.8787878751754761,"netWorth":0.04383999854326248,"xp":0.20749999582767487,"teamXp":0.24203704297542572,"teamDeaths":0.029999999329447746,"enemyTowersLeft":0.8787878751754761,"deaths":0.006000000052154064,"teamNetWorth":0.26862001419067383,"teamKills":0.012000000104308128},"lastItemPurchased":[0,0,0,1,0,0,0,0,0,0,0]},"npc_dota_hero_chaos_knight":{"lastAbilityUpgraded":"","victory":false,"state":{"kills":0.007000000216066837,"towersLeft":0.8787878751754761,"netWorth":0.09122999757528305,"xp":0.2877469062805176,"teamXp":0.2887715995311737,"teamDeaths":0.013000000268220901,"enemyTowersLeft":0.8787878751754761,"deaths":0.0020000000949949026,"teamNetWorth":0.3617199957370758,"teamKills":0.028999999165534973},"lastItemPurchased":[0,0,0,0,0,0,0,0,0,0,0]},"npc_dota_hero_ogre_magi":{"lastAbilityUpgraded":"","victory":false,"state":{"kills":0.0010000000474974513,"towersLeft":0.8787878751754761,"netWorth":0.01875000074505806,"xp":0.15969136357307434,"teamXp":0.2887715995311737,"teamDeaths":0.013000000268220901,"enemyTowersLeft":0.8787878751754761,"deaths":0.006000000052154064,"teamNetWorth":0.3617199957370758,"teamKills":0.028999999165534973},"lastItemPurchased":[0,0,0,0,0,0,0,0,0,0,0]},"npc_dota_hero_dragon_knight":{"lastAbilityUpgraded":"","victory":true,"state":{"kills":0.006000000052154064,"towersLeft":0.8787878751754761,"netWorth":0.09063000231981277,"xp":0.3444444537162781,"teamXp":0.24203704297542572,"teamDeaths":0.029999999329447746,"enemyTowersLeft":0.8787878751754761,"deaths":0.004000000189989805,"teamNetWorth":0.26862001419067383,"teamKills":0.012000000104308128},"lastItemPurchased":[0,0,0,0,0,0,0,0,0,0,0]},"npc_dota_hero_juggernaut":{"lastAbilityUpgraded":"","victory":true,"state":{"kills":0.0010000000474974513,"towersLeft":0.8787878751754761,"netWorth":0.031849998980760574,"xp":0.1751234531402588,"teamXp":0.24203704297542572,"teamDeaths":0.029999999329447746,"enemyTowersLeft":0.8787878751754761,"deaths":0.008999999612569809,"teamNetWorth":0.26862001419067383,"teamKills":0.012000000104308128},"lastItemPurchased":[0,0,0,0,0,0,0,0,0,0,0]}}}