{"gameTime":45,"state":{"npc_dota_hero_bloodseeker":{"lastAbilityUpgraded":"","victory":false,"state":{"kills":0.019999999552965164,"towersLeft":0.3333333432674408,"netWorth":0.21875999867916107,"xp":1.0161420106887817,"teamXp":0.7015925645828247,"teamDeaths":0.03999999910593033,"enemyTowersLeft":0.7575757503509521,"deaths":0.00800000037997961,"teamNetWorth":0.5841100215911865,"teamKills":0.05900000035762787},"lastItemPurchased":[0,0,0,0,0,0,0,0,0,0,0]},"npc_dota_hero_skywrath_mage":{"lastAbilityUpgraded":"","victory":false,"state":{"kills":0.014999999664723873,"towersLeft":0.3333333432674408,"netWorth":0.10739000141620636,"xp":0.8178086280822754,"teamXp":0.7015925645828247,"teamDeaths":0.03999999910593033,"enemyTowersLeft":0.7575757503509521,"deaths":0.00800000037997961,"teamNetWorth":0.5841100215911865,"teamKills":0.05900000035762787},"lastItemPurchased":[0,0,0,0,0,0,0,0,0,0,0]},"npc_dota_hero_undying":{"lastAbilityUpgraded":"","victory":true,"state":{"kills":0.00800000037997961,"towersLeft":0.7575757503509521,"netWorth":0.07010000199079514,"xp":0.5708024501800537,"teamXp":0.6957901120185852,"teamDeaths":0.05999999865889549,"enemyTowersLeft":0.3333333432674408,"deaths":0.017000000923871994,"teamNetWorth":0.632070004940033,"teamKills":0.03799999877810478},"lastItemPurchased":[0,0,0,0,0,0,0,0,0,0,0]},"npc_dota_hero_rubick":{"lastAbilityUpgraded":"","victory":false,"state":{"kills":0.007000000216066837,"towersLeft":0.3333333432674408,"netWorth":0.07751999795436859,"xp":0.5011110901832581,"teamXp":0.7015925645828247,"teamDeaths":0.03999999910593033,"enemyTowersLeft":0.7575757503509521,"deaths":0.004999999888241291,"teamNetWorth":0.5841100215911865,"teamKills":0.05900000035762787},"lastItemPurchased":[0,0,0,0,0,0,0,0,0,0,0]},"npc_dota_hero_abyssal_underlord":{"lastAbilityUpgraded":"","victory":true,"state":{"kills":0.008999999612569809,"towersLeft":0.7575757503509521,"netWorth":0.15080000460147858,"xp":0.6533641815185547,"teamXp":0.6957901120185852,"teamDeaths":0.05999999865889549,"enemyTowersLeft":0.3333333432674408,"deaths":0.007000000216066837,"teamNetWorth":0.632070004940033,"teamKills":0.03799999877810478},"lastItemPurchased":[0,0,0,0,0,0,0,0,0,0,0]},"npc_dota_hero_enigma":{"lastAbilityUpgraded":"","victory":true,"state":{"kills":0.0020000000949949026,"towersLeft":0.7575757503509521,"netWorth":0.12338999658823013,"xp":0.7245061993598938,"teamXp":0.6957901120185852,"teamDeaths":0.05999999865889549,"enemyTowersLeft":0.3333333432674408,"deaths":0.010999999940395355,"teamNetWorth":0.632070004940033,"teamKills":0.03799999877810478},"lastItemPurchased":[0,0,0,0,0,0,0,0,0,0,0]},"npc_dota_hero_chaos_knight":{"lastAbilityUpgraded":"","victory":false,"state":{"kills":0.01600000075995922,"towersLeft":0.3333333432674408,"netWorth":0.15452000498771667,"xp":0.7629629373550415,"teamXp":0.7015925645828247,"teamDeaths":0.03999999910593033,"enemyTowersLeft":0.7575757503509521,"deaths":0.007000000216066837,"teamNetWorth":0.5841100215911865,"teamKills":0.05900000035762787},"lastItemPurchased":[1,0,0,0,0,0,0,0,0,0,0]},"npc_dota_hero_ogre_magi":{"lastAbilityUpgraded":"","victory":false,"state":{"kills":0.0010000000474974513,"towersLeft":0.3333333432674408,"netWorth":0.025919999927282333,"xp":0.4099382758140564,"teamXp":0.7015925645828247,"teamDeaths":0.03999999910593033,"enemyTowersLeft":0.7575757503509521,"deaths":0.012000000104308128,"teamNetWorth":0.5841100215911865,"teamKills":0.05900000035762787},"lastItemPurchased":[0,0,0,0,0,0,0,0,0,0,0]},"npc_dota_hero_dragon_knight":{"lastAbilityUpgraded":"","victory":true,"state":{"kills":0.013000000268220901,"towersLeft":0.7575757503509521,"netWorth":0.18287000060081482,"xp":0.7784876823425293,"teamXp":0.6957901120185852,"teamDeaths":0.05999999865889549,"enemyTowersLeft":0.3333333432674408,"deaths":0.008999999612569809,"teamNetWorth":0.632070004940033,"teamKills":0.03799999877810478},"lastItemPurchased":[0,0,0,0,0,0,0,0,0,0,0]},"npc_dota_hero_juggernaut":{"lastAbilityUpgraded":"","victory":true,"state":{"kills":0.006000000052154064,"towersLeft":0.7575757503509521,"netWorth":0.1049100011587143,"xp":0.7517901062965393,"teamXp":0.6957901120185852,"teamDeaths":0.05999999865889549,"enemyTowersLeft":0.3333333432674408,"deaths":0.01600000075995922,"teamNetWorth":0.632070004940033,"teamKills":0.03799999877810478},"lastItemPurchased":[0,0,0,0,0,0,0,0,0,0,0]}}}