{"gameTime":36,"state":{"npc_dota_hero_life_stealer":{"lastAbilityUpgraded":"","victory":false,"state":{"kills":0.004000000189989805,"towersLeft":0.5151515007019043,"netWorth":0.07292000204324722,"xp":0.40416666865348816,"teamXp":0.33167901635169983,"teamDeaths":0.03799999877810478,"enemyTowersLeft":0.9090909361839294,"deaths":0.00800000037997961,"teamNetWorth":0.307779997587204,"teamKills":0.02199999988079071},"lastItemPurchased":[1,0,0,0,0,0,0,0,0,0,0]},"npc_dota_hero_rubick":{"lastAbilityUpgraded":"","victory":false,"state":{"kills":0.003000000026077032,"towersLeft":0.5151515007019043,"netWorth":0.028529999777674675,"xp":0.1695987582206726,"teamXp":0.33167901635169983,"teamDeaths":0.03799999877810478,"enemyTowersLeft":0.9090909361839294,"deaths":0.008999999612569809,"teamNetWorth":0.307779997587204,"teamKills":0.02199999988079071},"lastItemPurchased":[0,0,0,0,0,0,0,0,0,0,0]},"npc_dota_hero_pudge":{"lastAbilityUpgraded":"","victory":true,"state":{"kills":0.008999999612569809,"towersLeft":0.9090909361839294,"netWorth":0.061409998685121536,"xp":0.3180246949195862,"teamXp":0.459604948759079,"teamDeaths":0.026000000536441803,"enemyTowersLeft":0.5151515007019043,"deaths":0.007000000216066837,"teamNetWorth":0.5256100296974182,"teamKills":0.04100000113248825},"lastItemPurchased":[0,0,0,0,0,0,0,0,0,0,0]},"npc_dota_hero_arc_warden":{"lastAbilityUpgraded":"","victory":true,"state":{"kills":0.006000000052154064,"towersLeft":0.9090909361839294,"netWorth":0.0780399963259697,"xp":0.4084259271621704,"teamXp":0.459604948759079,"teamDeaths":0.026000000536441803,"enemyTowersLeft":0.5151515007019043,"deaths":0.003000000026077032,"teamNetWorth":0.5256100296974182,"teamKills":0.04100000113248825},"lastItemPurchased":[0,0,0,0,0,0,0,0,0,0,0]},"npc_dota_hero_mirana":{"lastAbilityUpgraded":"","victory":false,"state":{"kills":0.010999999940395355,"towersLeft":0.5151515007019043,"netWorth":0.09916999936103821,"xp":0.521574079990387,"teamXp":0.33167901635169983,"teamDeaths":0.03799999877810478,"enemyTowersLeft":0.9090909361839294,"deaths":0.008999999612569809,"teamNetWorth":0.307779997587204,"teamKills":0.02199999988079071},"lastItemPurchased":[0,0,0,1,0,0,0,0,0,0,0]},"npc_dota_hero_bounty_hunter":{"lastAbilityUpgraded":"","victory":false,"state":{"kills":0.0020000000949949026,"towersLeft":0.5151515007019043,"netWorth":0.047290001064538956,"xp":0.2537037134170532,"teamXp":0.33167901635169983,"teamDeaths":0.03799999877810478,"enemyTowersLeft":0.9090909361839294,"deaths":0.008999999612569809,"teamNetWorth":0.307779997587204,"teamKills":0.02199999988079071},"lastItemPurchased":[0,0,0,0,0,0,0,0,0,0,0]},"npc_dota_hero_slardar":{"lastAbilityUpgraded":"","victory":true,"state":{"kills":0.004999999888241291,"towersLeft":0.9090909361839294,"netWorth":0.0785600021481514,"xp":0.4096296429634094,"teamXp":0.459604948759079,"teamDeaths":0.026000000536441803,"enemyTowersLeft":0.5151515007019043,"deaths":0.007000000216066837,"teamNetWorth":0.5256100296974182,"teamKills":0.04100000113248825},"lastItemPurchased":[0,0,0,0,0,1,0,0,0,0,0]},"npc_dota_hero_shredder":{"lastAbilityUpgraded":"","victory":false,"state":{"kills":0.0020000000949949026,"towersLeft":0.5151515007019043,"netWorth":0.059870000928640366,"xp":0.3093518614768982,"teamXp":0.33167901635169983,"teamDeaths":0.03799999877810478,"enemyTowersLeft":0.9090909361839294,"deaths":0.003000000026077032,"teamNetWorth":0.307779997587204,"teamKills":0.02199999988079071},"lastItemPurchased":[0,0,0,0,0,0,0,0,0,0,1]},"npc_dota_hero_necrolyte":{"lastAbilityUpgraded":"","victory":true,"state":{"kills":0.014999999664723873,"towersLeft":0.9090909361839294,"netWorth":0.18466000258922577,"xp":0.6574074029922485,"teamXp":0.459604948759079,"teamDeaths":0.026000000536441803,"enemyTowersLeft":0.5151515007019043,"deaths":0.004000000189989805,"teamNetWorth":0.5256100296974182,"teamKills":0.04100000113248825},"lastItemPurchased":[0,0,0,0,0,0,1,0,0,0,0]},"npc_dota_hero_slark":{"lastAbilityUpgraded":"","victory":true,"state":{"kills":0.006000000052154064,"towersLeft":0.9090909361839294,"netWorth":0.12293999642133713,"xp":0.504537045955658,"teamXp":0.459604948759079,"teamDeaths":0.026000000536441803,"enemyTowersLeft":0.5151515007019043,"deaths":0.004999999888241291,"teamNetWorth":0.5256100296974182,"teamKills":0.04100000113248825},"lastItemPurchased":[0,0,0,0,0,0,0,0,0,0,0]}}}