{"gameTime":21,"state":{"npc_dota_hero_naga_siren":{"lastAbilityUpgraded":"","victory":true,"state":{"kills":0.0010000000474974513,"towersLeft":0.9696969985961914,"netWorth":0.07175999879837036,"xp":0.2307407408952713,"teamXp":0.1792098730802536,"teamDeaths":0.007000000216066837,"enemyTowersLeft":0.9696969985961914,"deaths":0,"teamNetWorth":0.23551000654697418,"teamKills":0.014999999664723873},"lastItemPurchased":[0,0,0,0,0,0,0,0,0,0,0]},"npc_dota_hero_life_stealer":{"lastAbilityUpgraded":"","victory":false,"state":{"kills":0.004000000189989805,"towersLeft":0.9696969985961914,"netWorth":0.0623599998652935,"xp":0.25478395819664,"teamXp":0.16205555200576782,"teamDeaths":0.01899999938905239,"enemyTowersLeft":0.9696969985961914,"deaths":0.0010000000474974513,"teamNetWorth":0.17010000348091125,"teamKills":0.006000000052154064},"lastItemPurchased":[0,0,0,0,0,0,0,0,0,1,0]},"npc_dota_hero_rubick":{"lastAbilityUpgraded":"","victory":false,"state":{"kills":0.0010000000474974513,"towersLeft":0.9696969985961914,"netWorth":0.02078999951481819,"xp":0.1294444501399994,"teamXp":0.16205555200576782,"teamDeaths":0.01899999938905239,"enemyTowersLeft":0.9696969985961914,"deaths":0.004999999888241291,"teamNetWorth":0.17010000348091125,"teamKills":0.006000000052154064},"lastItemPurchased":[0,0,0,0,0,0,0,0,0,0,0]},"npc_dota_hero_pudge":{"lastAbilityUpgraded":"","victory":true,"state":{"kills":0.006000000052154064,"towersLeft":0.9696969985961914,"netWorth":0.033160001039505005,"xp":0.13527777791023254,"teamXp":0.1792098730802536,"teamDeaths":0.007000000216066837,"enemyTowersLeft":0.9696969985961914,"deaths":0.0020000000949949026,"teamNetWorth":0.23551000654697418,"teamKills":0.014999999664723873},"lastItemPurchased":[0,0,0,0,0,0,0,0,0,0,0]},"npc_dota_hero_sand_king":{"lastAbilityUpgraded":"","victory":true,"state":{"kills":0.0020000000949949026,"towersLeft":0.9696969985961914,"netWorth":0.043859999626874924,"xp":0.18015432357788086,"teamXp":0.1792098730802536,"teamDeaths":0.007000000216066837,"enemyTowersLeft":0.9696969985961914,"deaths":0.0020000000949949026,"teamNetWorth":0.23551000654697418,"teamKills":0.014999999664723873},"lastItemPurchased":[0,0,0,0,0,0,0,0,0,0,0]},"npc_dota_hero_invoker":{"lastAbilityUpgraded":"","victory":false,"state":{"kills":0.0010000000474974513,"towersLeft":0.9696969985961914,"netWorth":0.04893999919295311,"xp":0.2199999988079071,"teamXp":0.16205555200576782,"teamDeaths":0.01899999938905239,"enemyTowersLeft":0.9696969985961914,"deaths":0.003000000026077032,"teamNetWorth":0.17010000348091125,"teamKills":0.006000000052154064},"lastItemPurchased":[0,0,0,0,0,0,0,0,0,0,0]},"npc_dota_hero_lion":{"lastAbilityUpgraded":"","victory":true,"state":{"kills":0.0020000000949949026,"towersLeft":0.9696969985961914,"netWorth":0.030379999428987503,"xp":0.1547839492559433,"teamXp":0.1792098730802536,"teamDeaths":0.007000000216066837,"enemyTowersLeft":0.9696969985961914,"deaths":0.0010000000474974513,"teamNetWorth":0.23551000654697418,"teamKills":0.014999999664723873},"lastItemPurchased":[0,0,0,1,0,0,0,0,0,0,0]},"npc_dota_hero_slardar":{"lastAbilityUpgraded":"","victory":false,"state":{"kills":0,"towersLeft":0.9696969985961914,"netWorth":0.02287999913096428,"xp":0.11990740895271301,"teamXp":0.16205555200576782,"teamDeaths":0.01899999938905239,"enemyTowersLeft":0.9696969985961914,"deaths":0.004000000189989805,"teamNetWorth":0.17010000348091125,"teamKills":0.006000000052154064},"lastItemPurchased":[0,0,0,0,0,0,0,0,0,0,0]},"npc_dota_hero_juggernaut":{"lastAbilityUpgraded":"","victory":true,"state":{"kills":0.004000000189989805,"towersLeft":0.9696969985961914,"netWorth":0.05635000020265579,"xp":0.1950925886631012,"teamXp":0.1792098730802536,"teamDeaths":0.007000000216066837,"enemyTowersLeft":0.9696969985961914,"deaths":0.0020000000949949026,"teamNetWorth":0.23551000654697418,"teamKills":0.014999999664723873},"lastItemPurchased":[0,0,0,0,0,0,0,0,0,0,0]},"npc_dota_hero_disruptor":{"lastAbilityUpgraded":"","victory":false,"state":{"kills":0,"towersLeft":0.9696969985961914,"netWorth":0.015130000188946724,"xp":0.08614197373390198,"teamXp":0.16205555200576782,"teamDeaths":0.01899999938905239,"enemyTowersLeft":0.9696969985961914,"deaths":0.006000000052154064,"teamNetWorth":0.17010000348091125,"teamKills":0.006000000052154064},"lastItemPurchased":[1,0,0,0,0,0,0,0,0,0,0]}}}