{"gameTime":33,"state":{"npc_dota_hero_naga_siren":{"lastAbilityUpgraded":"","victory":true,"state":{"kills":0.0010000000474974513,"towersLeft":0.8484848737716675,"netWorth":0.11924000084400177,"xp":0.3527160584926605,"teamXp":0.29432716965675354,"teamDeaths":0.01899999938905239,"enemyTowersLeft":0.9090909361839294,"deaths":0.0020000000949949026,"teamNetWorth":0.3615399897098541,"teamKills":0.02199999988079071},"lastItemPurchased":[0,0,0,0,0,0,0,0,0,0,0]},"npc_dota_hero_life_stealer":{"lastAbilityUpgraded":"","victory":false,"state":{"kills":0.010999999940395355,"towersLeft":0.9090909361839294,"netWorth":0.1329600065946579,"xp":0.5095061659812927,"teamXp":0.3525555431842804,"teamDeaths":0.02500000037252903,"enemyTowersLeft":0.8484848737716675,"deaths":0.0020000000949949026,"teamNetWorth":0.4110200107097626,"teamKills":0.01600000075995922},"lastItemPurchased":[0,0,0,0,0,0,0,0,0,0,0]},"npc_dota_hero_rubick":{"lastAbilityUpgraded":"","victory":false,"state":{"kills":0.003000000026077032,"towersLeft":0.9090909361839294,"netWorth":0.0643099993467331,"xp":0.3021913468837738,"teamXp":0.3525555431842804,"teamDeaths":0.02500000037252903,"enemyTowersLeft":0.8484848737716675,"deaths":0.004999999888241291,"teamNetWorth":0.4110200107097626,"teamKills":0.01600000075995922},"lastItemPurchased":[0,0,0,0,0,0,0,0,0,0,0]},"npc_dota_hero_pudge":{"lastAbilityUpgraded":"","victory":true,"state":{"kills":0.00800000037997961,"towersLeft":0.8484848737716675,"netWorth":0.028049999848008156,"xp":0.20308642089366913,"teamXp":0.29432716965675354,"teamDeaths":0.01899999938905239,"enemyTowersLeft":0.9090909361839294,"deaths":0.007000000216066837,"teamNetWorth":0.3615399897098541,"teamKills":0.02199999988079071},"lastItemPurchased":[0,0,0,0,0,0,0,0,0,0,0]},"npc_dota_hero_sand_king":{"lastAbilityUpgraded":"","victory":true,"state":{"kills":0.0020000000949949026,"towersLeft":0.8484848737716675,"netWorth":0.0588500015437603,"xp":0.3016049265861511,"teamXp":0.29432716965675354,"teamDeaths":0.01899999938905239,"enemyTowersLeft":0.9090909361839294,"deaths":0.003000000026077032,"teamNetWorth":0.3615399897098541,"teamKills":0.02199999988079071},"lastItemPurchased":[0,0,0,0,0,0,1,0,0,0,0]},"npc_dota_hero_invoker":{"lastAbilityUpgraded":"","victory":false,"state":{"kills":0.0020000000949949026,"towersLeft":0.9090909361839294,"netWorth":0.1353600025177002,"xp":0.48234567046165466,"teamXp":0.3525555431842804,"teamDeaths":0.02500000037252903,"enemyTowersLeft":0.8484848737716675,"deaths":0.004000000189989805,"teamNetWorth":0.4110200107097626,"teamKills":0.01600000075995922},"lastItemPurchased":[0,0,0,0,0,0,0,0,0,0,0]},"npc_dota_hero_lion":{"lastAbilityUpgraded":"","victory":true,"state":{"kills":0.004999999888241291,"towersLeft":0.8484848737716675,"netWorth":0.05181000009179115,"xp":0.23277777433395386,"teamXp":0.29432716965675354,"teamDeaths":0.01899999938905239,"enemyTowersLeft":0.9090909361839294,"deaths":0.003000000026077032,"teamNetWorth":0.3615399897098541,"teamKills":0.02199999988079071},"lastItemPurchased":[0,0,0,0,0,0,0,0,0,0,0]},"npc_dota_hero_slardar":{"lastAbilityUpgraded":"","victory":false,"state":{"kills":0,"towersLeft":0.9090909361839294,"netWorth":0.0508200004696846,"xp":0.28175926208496094,"teamXp":0.3525555431842804,"teamDeaths":0.02500000037252903,"enemyTowersLeft":0.8484848737716675,"deaths":0.006000000052154064,"teamNetWorth":0.4110200107097626,"teamKills":0.01600000075995922},"lastItemPurchased":[0,0,0,0,0,0,0,0,0,0,0]},"npc_dota_hero_juggernaut":{"lastAbilityUpgraded":"","victory":true,"state":{"kills":0.006000000052154064,"towersLeft":0.8484848737716675,"netWorth":0.1035899966955185,"xp":0.3814506232738495,"teamXp":0.29432716965675354,"teamDeaths":0.01899999938905239,"enemyTowersLeft":0.9090909361839294,"deaths":0.004000000189989805,"teamNetWorth":0.3615399897098541,"teamKills":0.02199999988079071},"lastItemPurchased":[0,0,0,0,0,0,0,0,0,0,0]},"npc_dota_hero_disruptor":{"lastAbilityUpgraded":"","victory":false,"state":{"kills":0,"towersLeft":0.9090909361839294,"netWorth":0.027569999918341637,"xp":0.18697531521320343,"teamXp":0.3525555431842804,"teamDeaths":0.02500000037252903,"enemyTowersLeft":0.8484848737716675,"deaths":0.00800000037997961,"teamNetWorth":0.4110200107097626,"teamKills":0.01600000075995922},"lastItemPurchased":[1,0,0,0,0,0,0,0,0,0,0]}}}