{"gameTime":38,"state":{"npc_dota_hero_faceless_void":{"lastAbilityUpgraded":"","victory":true,"state":{"kills":0.006000000052154064,"towersLeft":0.939393937587738,"netWorth":0.13362999260425568,"xp":0.6018518805503845,"teamXp":0.4273024797439575,"teamDeaths":0.023000000044703484,"enemyTowersLeft":0.42424243688583374,"deaths":0.004999999888241291,"teamNetWorth":0.5101199746131897,"teamKills":0.03400000184774399},"lastItemPurchased":[0,0,0,0,0,0,0,0,0,0,0]},"npc_dota_hero_crystal_maiden":{"lastAbilityUpgraded":"","victory":true,"state":{"kills":0.004000000189989805,"towersLeft":0.939393937587738,"netWorth":0.07757999747991562,"xp":0.3681790232658386,"teamXp":0.4273024797439575,"teamDeaths":0.023000000044703484,"enemyTowersLeft":0.42424243688583374,"deaths":0.004000000189989805,"teamNetWorth":0.5101199746131897,"teamKills":0.03400000184774399},"lastItemPurchased":[0,0,0,0,0,0,1,0,0,0,0]},"npc_dota_hero_bloodseeker":{"lastAbilityUpgraded":"","victory":false,"state":{"kills":0.004999999888241291,"towersLeft":0.42424243688583374,"netWorth":0.08861000090837479,"xp":0.39450618624687195,"teamXp":0.4227716028690338,"teamDeaths":0.03500000014901161,"enemyTowersLeft":0.939393937587738,"deaths":0.004999999888241291,"teamNetWorth":0.412880003452301,"teamKills":0.023000000044703484},"lastItemPurchased":[1,0,0,0,0,0,0,0,0,0,0]},"npc_dota_hero_phantom_assassin":{"lastAbilityUpgraded":"","victory":false,"state":{"kills":0.003000000026077032,"towersLeft":0.42424243688583374,"netWorth":0.0974700003862381,"xp":0.4365123510360718,"teamXp":0.4227716028690338,"teamDeaths":0.03500000014901161,"enemyTowersLeft":0.939393937587738,"deaths":0.004000000189989805,"teamNetWorth":0.412880003452301,"teamKills":0.023000000044703484},"lastItemPurchased":[0,0,0,0,0,0,0,0,0,0,0]},"npc_dota_hero_leshrac":{"lastAbilityUpgraded":"","victory":true,"state":{"kills":0.008999999612569809,"towersLeft":0.939393937587738,"netWorth":0.07212000340223312,"xp":0.22743827104568481,"teamXp":0.4273024797439575,"teamDeaths":0.023000000044703484,"enemyTowersLeft":0.42424243688583374,"deaths":0.004999999888241291,"teamNetWorth":0.5101199746131897,"teamKills":0.03400000184774399},"lastItemPurchased":[1,0,0,0,0,0,0,0,0,0,0]},"npc_dota_hero_tiny":{"lastAbilityUpgraded":"","victory":false,"state":{"kills":0.006000000052154064,"towersLeft":0.42424243688583374,"netWorth":0.08517000079154968,"xp":0.504537045955658,"teamXp":0.4227716028690338,"teamDeaths":0.03500000014901161,"enemyTowersLeft":0.939393937587738,"deaths":0.010999999940395355,"teamNetWorth":0.412880003452301,"teamKills":0.023000000044703484},"lastItemPurchased":[0,1,0,0,0,0,0,0,0,0,0]},"npc_dota_hero_bounty_hunter":{"lastAbilityUpgraded":"","victory":false,"state":{"kills":0.004000000189989805,"towersLeft":0.42424243688583374,"netWorth":0.04659000039100647,"xp":0.23669752478599548,"teamXp":0.4227716028690338,"teamDeaths":0.03500000014901161,"enemyTowersLeft":0.939393937587738,"deaths":0.008999999612569809,"teamNetWorth":0.412880003452301,"teamKills":0.023000000044703484},"lastItemPurchased":[0,0,0,0,0,0,0,0,0,0,0]},"npc_dota_hero_shredder":{"lastAbilityUpgraded":"","victory":false,"state":{"kills":0.004999999888241291,"towersLeft":0.42424243688583374,"netWorth":0.09504000097513199,"xp":0.5416049361228943,"teamXp":0.4227716028690338,"teamDeaths":0.03500000014901161,"enemyTowersLeft":0.939393937587738,"deaths":0.006000000052154064,"teamNetWorth":0.412880003452301,"teamKills":0.023000000044703484},"lastItemPurchased":[0,0,0,0,0,0,0,0,0,0,0]},"npc_dota_hero_lina":{"lastAbilityUpgraded":"","victory":true,"state":{"kills":0.010999999940395355,"towersLeft":0.939393937587738,"netWorth":0.13431000709533691,"xp":0.5142900943756104,"teamXp":0.4273024797439575,"teamDeaths":0.023000000044703484,"enemyTowersLeft":0.42424243688583374,"deaths":0.003000000026077032,"teamNetWorth":0.5101199746131897,"teamKills":0.03400000184774399},"lastItemPurchased":[0,0,0,0,0,0,0,0,0,0,0]},"npc_dota_hero_weaver":{"lastAbilityUpgraded":"","victory":true,"state":{"kills":0.004000000189989805,"towersLeft":0.939393937587738,"netWorth":0.09247999638319016,"xp":0.4247530996799469,"teamXp":0.4273024797439575,"teamDeaths":0.023000000044703484,"enemyTowersLeft":0.42424243688583374,"deaths":0.006000000052154064,"teamNetWorth":0.5101199746131897,"teamKills":0.03400000184774399},"lastItemPurchased":[0,0,0,0,0,0,0,0,0,0,0]}}}