{"gameTime":26,"state":{"npc_dota_hero_pudge":{"lastAbilityUpgraded":"","victory":false,"state":{"kills":0.012000000104308128,"towersLeft":0.9696969985961914,"netWorth":0.04230999946594238,"xp":0.21089506149291992,"teamXp":0.2639382779598236,"teamDeaths":0.01899999938905239,"enemyTowersLeft":0.9090909361839294,"deaths":0.006000000052154064,"teamNetWorth":0.30035001039505005,"teamKills":0.027000000700354576},"lastItemPurchased":[0,0,0,0,0,0,0,0,0,0,0]},"npc_dota_hero_sand_king":{"lastAbilityUpgraded":"","victory":false,"state":{"kills":0.004999999888241291,"towersLeft":0.9696969985961914,"netWorth":0.058789998292922974,"xp":0.24694444239139557,"teamXp":0.2639382779598236,"teamDeaths":0.01899999938905239,"enemyTowersLeft":0.9090909361839294,"deaths":0.004000000189989805,"teamNetWorth":0.30035001039505005,"teamKills":0.027000000700354576},"lastItemPurchased":[0,0,0,0,0,0,0,0,0,0,0]},"npc_dota_hero_arc_warden":{"lastAbilityUpgraded":"","victory":false,"state":{"kills":0.007000000216066837,"towersLeft":0.9696969985961914,"netWorth":0.07520999759435654,"xp":0.3348456919193268,"teamXp":0.2639382779598236,"teamDeaths":0.01899999938905239,"enemyTowersLeft":0.9090909361839294,"deaths":0.004999999888241291,"teamNetWorth":0.30035001039505005,"teamKills":0.027000000700354576},"lastItemPurchased":[0,0,0,0,0,0,0,0,0,0,0]},"npc_dota_hero_mirana":{"lastAbilityUpgraded":"","victory":true,"state":{"kills":0.007000000216066837,"towersLeft":0.9090909361839294,"netWorth":0.0828000009059906,"xp":0.37746912240982056,"teamXp":0.2583271563053131,"teamDeaths":0.027000000700354576,"enemyTowersLeft":0.9696969985961914,"deaths":0.007000000216066837,"teamNetWorth":0.26864999532699585,"teamKills":0.017000000923871994},"lastItemPurchased":[0,0,0,0,0,0,0,0,0,0,0]},"npc_dota_hero_dazzle":{"lastAbilityUpgraded":"","victory":true,"state":{"kills":0.0020000000949949026,"towersLeft":0.9090909361839294,"netWorth":0.028529999777674675,"xp":0.2020987719297409,"teamXp":0.2583271563053131,"teamDeaths":0.027000000700354576,"enemyTowersLeft":0.9696969985961914,"deaths":0.004999999888241291,"teamNetWorth":0.26864999532699585,"teamKills":0.017000000923871994},"lastItemPurchased":[0,0,0,1,0,0,0,0,0,0,0]},"npc_dota_hero_shadow_demon":{"lastAbilityUpgraded":"","victory":false,"state":{"kills":0,"towersLeft":0.9696969985961914,"netWorth":0.03353999927639961,"xp":0.19425925612449646,"teamXp":0.2639382779598236,"teamDeaths":0.01899999938905239,"enemyTowersLeft":0.9090909361839294,"deaths":0.003000000026077032,"teamNetWorth":0.30035001039505005,"teamKills":0.027000000700354576},"lastItemPurchased":[0,0,0,0,0,0,0,0,0,0,0]},"npc_dota_hero_omniknight":{"lastAbilityUpgraded":"","victory":true,"state":{"kills":0,"towersLeft":0.9090909361839294,"netWorth":0.01271000038832426,"xp":0.11200617253780365,"teamXp":0.2583271563053131,"teamDeaths":0.027000000700354576,"enemyTowersLeft":0.9696969985961914,"deaths":0.007000000216066837,"teamNetWorth":0.26864999532699585,"teamKills":0.017000000923871994},"lastItemPurchased":[0,0,0,0,0,0,0,0,0,0,0]},"npc_dota_hero_weaver":{"lastAbilityUpgraded":"","victory":false,"state":{"kills":0.003000000026077032,"towersLeft":0.9696969985961914,"netWorth":0.09049999713897705,"xp":0.3327469229698181,"teamXp":0.2639382779598236,"teamDeaths":0.01899999938905239,"enemyTowersLeft":0.9090909361839294,"deaths":0.0010000000474974513,"teamNetWorth":0.30035001039505005,"teamKills":0.027000000700354576},"lastItemPurchased":[0,0,0,0,0,0,0,0,0,0,0]},"npc_dota_hero_batrider":{"lastAbilityUpgraded":"","victory":true,"state":{"kills":0.007000000216066837,"towersLeft":0.9090909361839294,"netWorth":0.07116000354290009,"xp":0.2798456847667694,"teamXp":0.2583271563053131,"teamDeaths":0.027000000700354576,"enemyTowersLeft":0.9696969985961914,"deaths":0.004999999888241291,"teamNetWorth":0.26864999532699585,"teamKills":0.017000000923871994},"lastItemPurchased":[0,0,0,0,0,0,0,0,0,0,0]},"npc_dota_hero_slark":{"lastAbilityUpgraded":"","victory":true,"state":{"kills":0.0010000000474974513,"towersLeft":0.9090909361839294,"netWorth":0.0734499990940094,"xp":0.3202160596847534,"teamXp":0.2583271563053131,"teamDeaths":0.027000000700354576,"enemyTowersLeft":0.9696969985961914,"deaths":0.003000000026077032,"teamNetWorth":0.26864999532699585,"teamKills":0.017000000923871994},"lastItemPurchased":[0,0,0,0,0,0,0,0,0,0,0]}}}