{"gameTime":27,"state":{"npc_dota_hero_nyx_assassin":{"lastAbilityUpgraded":"","victory":true,"state":{"kills":0.0010000000474974513,"towersLeft":0.9090909361839294,"netWorth":0.04571999981999397,"xp":0.20629629492759705,"teamXp":0.2726111114025116,"teamDeaths":0.017999999225139618,"enemyTowersLeft":0.7878788113594055,"deaths":0.006000000052154064,"teamNetWorth":0.37448999285697937,"teamKills":0.029999999329447746},"lastItemPurchased":[0,0,0,0,0,0,0,0,0,0,0]},"npc_dota_hero_rubick":{"lastAbilityUpgraded":"","victory":true,"state":{"kills":0.003000000026077032,"towersLeft":0.9090909361839294,"netWorth":0.05522000044584274,"xp":0.23938271403312683,"teamXp":0.2726111114025116,"teamDeaths":0.017999999225139618,"enemyTowersLeft":0.7878788113594055,"deaths":0.0010000000474974513,"teamNetWorth":0.37448999285697937,"teamKills":0.029999999329447746},"lastItemPurchased":[1,0,0,0,0,0,0,0,0,0,0]},"npc_dota_hero_alchemist":{"lastAbilityUpgraded":"","victory":false,"state":{"kills":0.0010000000474974513,"towersLeft":0.7878788113594055,"netWorth":0.07161000370979309,"xp":0.2253086417913437,"teamXp":0.2650802433490753,"teamDeaths":0.029999999329447746,"enemyTowersLeft":0.9090909361839294,"deaths":0.009999999776482582,"teamNetWorth":0.30939000844955444,"teamKills":0.013000000268220901},"lastItemPurchased":[0,0,0,0,0,0,0,0,0,0,1]},"npc_dota_hero_pudge":{"lastAbilityUpgraded":"","victory":true,"state":{"kills":0.006000000052154064,"towersLeft":0.9090909361839294,"netWorth":0.040950000286102295,"xp":0.14685185253620148,"teamXp":0.2726111114025116,"teamDeaths":0.017999999225139618,"enemyTowersLeft":0.7878788113594055,"deaths":0.006000000052154064,"teamNetWorth":0.37448999285697937,"teamKills":0.029999999329447746},"lastItemPurchased":[0,0,0,0,0,0,0,0,0,0,0]},"npc_dota_hero_huskar":{"lastAbilityUpgraded":"","victory":true,"state":{"kills":0.012000000104308128,"towersLeft":0.9090909361839294,"netWorth":0.10789000242948532,"xp":0.36358025670051575,"teamXp":0.2726111114025116,"teamDeaths":0.017999999225139618,"enemyTowersLeft":0.7878788113594055,"deaths":0.003000000026077032,"teamNetWorth":0.37448999285697937,"teamKills":0.029999999329447746},"lastItemPurchased":[0,0,0,0,0,0,0,0,0,0,0]},"npc_dota_hero_sand_king":{"lastAbilityUpgraded":"","victory":false,"state":{"kills":0.0010000000474974513,"towersLeft":0.7878788113594055,"netWorth":0.06212000176310539,"xp":0.2565740644931793,"teamXp":0.2650802433490753,"teamDeaths":0.029999999329447746,"enemyTowersLeft":0.9090909361839294,"deaths":0.006000000052154064,"teamNetWorth":0.30939000844955444,"teamKills":0.013000000268220901},"lastItemPurchased":[0,0,0,0,0,0,0,0,0,0,0]},"npc_dota_hero_invoker":{"lastAbilityUpgraded":"","victory":true,"state":{"kills":0.00800000037997961,"towersLeft":0.9090909361839294,"netWorth":0.12471000105142593,"xp":0.4069444537162781,"teamXp":0.2726111114025116,"teamDeaths":0.017999999225139618,"enemyTowersLeft":0.7878788113594055,"deaths":0.0020000000949949026,"teamNetWorth":0.37448999285697937,"teamKills":0.029999999329447746},"lastItemPurchased":[0,0,0,0,0,0,0,0,0,0,1]},"npc_dota_hero_keeper_of_the_light":{"lastAbilityUpgraded":"","victory":false,"state":{"kills":0.0020000000949949026,"towersLeft":0.7878788113594055,"netWorth":0.04278000071644783,"xp":0.2036728411912918,"teamXp":0.2650802433490753,"teamDeaths":0.029999999329447746,"enemyTowersLeft":0.9090909361839294,"deaths":0.006000000052154064,"teamNetWorth":0.30939000844955444,"teamKills":0.013000000268220901},"lastItemPurchased":[0,0,0,0,0,0,0,0,0,0,0]},"npc_dota_hero_abaddon":{"lastAbilityUpgraded":"","victory":false,"state":{"kills":0,"towersLeft":0.7878788113594055,"netWorth":0.01802000030875206,"xp":0.12030864506959915,"teamXp":0.2650802433490753,"teamDeaths":0.029999999329447746,"enemyTowersLeft":0.9090909361839294,"deaths":0.006000000052154064,"teamNetWorth":0.30939000844955444,"teamKills":0.013000000268220901},"lastItemPurchased":[0,0,0,0,0,0,0,0,0,0,0]},"npc_dota_hero_slark":{"lastAbilityUpgraded":"","victory":false,"state":{"kills":0.008999999612569809,"towersLeft":0.7878788113594055,"netWorth":0.11485999822616577,"xp":0.5195370316505432,"teamXp":0.2650802433490753,"teamDeaths":0.029999999329447746,"enemyTowersLeft":0.9090909361839294,"deaths":0.0020000000949949026,"teamNetWorth":0.30939000844955444,"teamKills":0.013000000268220901},"lastItemPurchased":[0,0,0,0,0,0,0,0,0,0,0]}}}