{"gameTime":27,"state":{"npc_dota_hero_ursa":{"lastAbilityUpgraded":"","victory":true,"state":{"kills":0.012000000104308128,"towersLeft":0.939393937587738,"netWorth":0.10864999890327454,"xp":0.5084567666053772,"teamXp":0.36850616335868835,"teamDeaths":0.020999999716877937,"enemyTowersLeft":0.9090909361839294,"deaths":0.004000000189989805,"teamNetWorth":0.38457998633384705,"teamKills":0.04100000113248825},"lastItemPurchased":[0,0,0,0,0,0,0,0,0,0,0]},"npc_dota_hero_axe":{"lastAbilityUpgraded":"","victory":true,"state":{"kills":0.013000000268220901,"towersLeft":0.939393937587738,"netWorth":0.10487999767065048,"xp":0.4838888943195343,"teamXp":0.36850616335868835,"teamDeaths":0.020999999716877937,"enemyTowersLeft":0.9090909361839294,"deaths":0.0020000000949949026,"teamNetWorth":0.38457998633384705,"teamKills":0.04100000113248825},"lastItemPurchased":[0,0,0,0,0,0,0,0,0,0,0]},"npc_dota_hero_silencer":{"lastAbilityUpgraded":"","victory":true,"state":{"kills":0.0020000000949949026,"towersLeft":0.939393937587738,"netWorth":0.030780000612139702,"xp":0.1870678961277008,"teamXp":0.36850616335868835,"teamDeaths":0.020999999716877937,"enemyTowersLeft":0.9090909361839294,"deaths":0.004000000189989805,"teamNetWorth":0.38457998633384705,"teamKills":0.04100000113248825},"lastItemPurchased":[0,0,0,0,0,0,0,0,0,0,0]},"npc_dota_hero_pudge":{"lastAbilityUpgraded":"","victory":true,"state":{"kills":0.009999999776482582,"towersLeft":0.939393937587738,"netWorth":0.053130000829696655,"xp":0.25274690985679626,"teamXp":0.36850616335868835,"teamDeaths":0.020999999716877937,"enemyTowersLeft":0.9090909361839294,"deaths":0.007000000216066837,"teamNetWorth":0.38457998633384705,"teamKills":0.04100000113248825},"lastItemPurchased":[0,0,0,0,0,0,0,0,0,0,0]},"npc_dota_hero_legion_commander":{"lastAbilityUpgraded":"","victory":false,"state":{"kills":0.010999999940395355,"towersLeft":0.9090909361839294,"netWorth":0.0740400031208992,"xp":0.35154321789741516,"teamXp":0.26688888669013977,"teamDeaths":0.041999999433755875,"enemyTowersLeft":0.939393937587738,"deaths":0.007000000216066837,"teamNetWorth":0.23461000621318817,"teamKills":0.020999999716877937},"lastItemPurchased":[0,0,0,0,0,0,0,0,0,0,0]},"npc_dota_hero_mirana":{"lastAbilityUpgraded":"","victory":false,"state":{"kills":0.0010000000474974513,"towersLeft":0.9090909361839294,"netWorth":0.021549999713897705,"xp":0.1461111158132553,"teamXp":0.26688888669013977,"teamDeaths":0.041999999433755875,"enemyTowersLeft":0.939393937587738,"deaths":0.008999999612569809,"teamNetWorth":0.23461000621318817,"teamKills":0.020999999716877937},"lastItemPurchased":[0,0,0,0,0,0,0,0,0,0,0]},"npc_dota_hero_shredder":{"lastAbilityUpgraded":"","victory":false,"state":{"kills":0.004999999888241291,"towersLeft":0.9090909361839294,"netWorth":0.052080001682043076,"xp":0.30058643221855164,"teamXp":0.26688888669013977,"teamDeaths":0.041999999433755875,"enemyTowersLeft":0.939393937587738,"deaths":0.009999999776482582,"teamNetWorth":0.23461000621318817,"teamKills":0.020999999716877937},"lastItemPurchased":[0,0,0,0,0,0,0,0,1,0,0]},"npc_dota_hero_wisp":{"lastAbilityUpgraded":"","victory":false,"state":{"kills":0.0020000000949949026,"towersLeft":0.9090909361839294,"netWorth":0.027559999376535416,"xp":0.2260185182094574,"teamXp":0.26688888669013977,"teamDeaths":0.041999999433755875,"enemyTowersLeft":0.939393937587738,"deaths":0.009999999776482582,"teamNetWorth":0.23461000621318817,"teamKills":0.020999999716877937},"lastItemPurchased":[1,0,0,0,0,0,0,0,0,0,0]},"npc_dota_hero_slark":{"lastAbilityUpgraded":"","victory":true,"state":{"kills":0.004000000189989805,"towersLeft":0.939393937587738,"netWorth":0.08714000135660172,"xp":0.4103703796863556,"teamXp":0.36850616335868835,"teamDeaths":0.020999999716877937,"enemyTowersLeft":0.9090909361839294,"deaths":0.004000000189989805,"teamNetWorth":0.38457998633384705,"teamKills":0.04100000113248825},"lastItemPurchased":[0,0,0,0,0,0,0,0,0,0,0]},"npc_dota_hero_juggernaut":{"lastAbilityUpgraded":"","victory":false,"state":{"kills":0.0020000000949949026,"towersLeft":0.9090909361839294,"netWorth":0.059379998594522476,"xp":0.31018519401550293,"teamXp":0.26688888669013977,"teamDeaths":0.041999999433755875,"enemyTowersLeft":0.939393937587738,"deaths":0.006000000052154064,"teamNetWorth":0.23461000621318817,"teamKills":0.020999999716877937},"lastItemPurchased":[0,0,0,0,0,0,0,0,0,0,0]}}}