{"gameTime":26,"state":{"npc_dota_hero_naga_siren":{"lastAbilityUpgraded":"","victory":false,"state":{"kills":0.0020000000949949026,"towersLeft":1,"netWorth":0.0887100026011467,"xp":0.2394135743379593,"teamXp":0.24880246818065643,"teamDeaths":0.009999999776482582,"enemyTowersLeft":0.9090909361839294,"deaths":0.0020000000949949026,"teamNetWorth":0.3382500112056732,"teamKills":0.01600000075995922},"lastItemPurchased":[0,0,0,0,0,0,0,0,0,0,0]},"npc_dota_hero_nyx_assassin":{"lastAbilityUpgraded":"","victory":true,"state":{"kills":0.0020000000949949026,"towersLeft":0.8787878751754761,"netWorth":0.051830001175403595,"xp":0.2865123450756073,"teamXp":0.23186419904232025,"teamDeaths":0.017999999225139618,"enemyTowersLeft":0.9696969985961914,"deaths":0.0020000000949949026,"teamNetWorth":0.2682499885559082,"teamKills":0.008999999612569809},"lastItemPurchased":[0,0,0,0,0,0,0,0,0,0,0]},"npc_dota_hero_life_stealer":{"lastAbilityUpgraded":"","victory":true,"state":{"kills":0.004000000189989805,"towersLeft":0.8787878751754761,"netWorth":0.0825899988412857,"xp":0.35277777910232544,"teamXp":0.23186419904232025,"teamDeaths":0.017999999225139618,"enemyTowersLeft":0.9696969985961914,"deaths":0.004000000189989805,"teamNetWorth":0.2682499885559082,"teamKills":0.008999999612569809},"lastItemPurchased":[0,0,0,0,0,0,0,0,0,0,0]},"npc_dota_hero_rubick":{"lastAbilityUpgraded":"","victory":true,"state":{"kills":0,"towersLeft":0.8787878751754761,"netWorth":0.022299999371170998,"xp":0.1043827161192894,"teamXp":0.23186419904232025,"teamDeaths":0.017999999225139618,"enemyTowersLeft":0.9696969985961914,"deaths":0.004000000189989805,"teamNetWorth":0.2682499885559082,"teamKills":0.008999999612569809},"lastItemPurchased":[0,0,0,0,0,0,0,0,0,0,0]},"npc_dota_hero_alchemist":{"lastAbilityUpgraded":"","victory":true,"state":{"kills":0.0010000000474974513,"towersLeft":0.8787878751754761,"netWorth":0.08865000307559967,"xp":0.2656172811985016,"teamXp":0.23186419904232025,"teamDeaths":0.017999999225139618,"enemyTowersLeft":0.9696969985961914,"deaths":0.0020000000949949026,"teamNetWorth":0.2682499885559082,"teamKills":0.008999999612569809},"lastItemPurchased":[0,0,0,0,0,0,0,0,0,0,0]},"npc_dota_hero_sand_king":{"lastAbilityUpgraded":"","victory":false,"state":{"kills":0.006000000052154064,"towersLeft":1,"netWorth":0.07564999908208847,"xp":0.29228395223617554,"teamXp":0.24880246818065643,"teamDeaths":0.009999999776482582,"enemyTowersLeft":0.9090909361839294,"deaths":0.0010000000474974513,"teamNetWorth":0.3382500112056732,"teamKills":0.01600000075995922},"lastItemPurchased":[0,0,0,1,0,0,0,0,0,0,0]},"npc_dota_hero_invoker":{"lastAbilityUpgraded":"","victory":false,"state":{"kills":0.003000000026077032,"towersLeft":1,"netWorth":0.10643000155687332,"xp":0.3533641993999481,"teamXp":0.24880246818065643,"teamDeaths":0.009999999776482582,"enemyTowersLeft":0.9090909361839294,"deaths":0.003000000026077032,"teamNetWorth":0.3382500112056732,"teamKills":0.01600000075995922},"lastItemPurchased":[0,0,0,0,1,0,0,0,0,0,0]},"npc_dota_hero_keeper_of_the_light":{"lastAbilityUpgraded":"","victory":false,"state":{"kills":0,"towersLeft":1,"netWorth":0.03686000034213066,"xp":0.17765432596206665,"teamXp":0.24880246818065643,"teamDeaths":0.009999999776482582,"enemyTowersLeft":0.9090909361839294,"deaths":0,"teamNetWorth":0.3382500112056732,"teamKills":0.01600000075995922},"lastItemPurchased":[1,0,0,0,0,0,0,0,0,0,0]},"npc_dota_hero_ogre_magi":{"lastAbilityUpgraded":"","victory":false,"state":{"kills":0.004999999888241291,"towersLeft":1,"netWorth":0.03060000017285347,"xp":0.18129628896713257,"teamXp":0.24880246818065643,"teamDeaths":0.009999999776482582,"enemyTowersLeft":0.9090909361839294,"deaths":0.004000000189989805,"teamNetWorth":0.3382500112056732,"teamKills":0.01600000075995922},"lastItemPurchased":[0,0,0,0,0,0,0,0,0,0,0]},"npc_dota_hero_necrolyte":{"lastAbilityUpgraded":"","victory":true,"state":{"kills":0.0020000000949949026,"towersLeft":0.8787878751754761,"netWorth":0.02287999913096428,"xp":0.15003086626529694,"teamXp":0.23186419904232025,"teamDeaths":0.017999999225139618,"enemyTowersLeft":0.9696969985961914,"deaths":0.006000000052154064,"teamNetWorth":0.2682499885559082,"teamKills":0.008999999612569809},"lastItemPurchased":[0,0,0,0,0,0,0,0,0,0,0]}}}