{"gameTime":7,"state":{"npc_dota_hero_crystal_maiden":{"lastAbilityUpgraded":"","victory":true,"state":{"kills":0,"towersLeft":1,"netWorth":0.007009999826550484,"xp":0.005740740802139044,"teamXp":0.006388888694345951,"teamDeaths":0,"enemyTowersLeft":1,"deaths":0,"teamNetWorth":0.03957999870181084,"teamKills":0},"lastItemPurchased":[0,0,0,0,0,0,0,0,0,0,0]},"npc_dota_hero_ursa":{"lastAbilityUpgraded":"","victory":false,"state":{"kills":0,"towersLeft":1,"netWorth":0.008170000277459621,"xp":0.004444444552063942,"teamXp":0.007697531022131443,"teamDeaths":0,"enemyTowersLeft":1,"deaths":0,"teamNetWorth":0.043460000306367874,"teamKills":0},"lastItemPurchased":[0,0,0,0,0,0,0,0,0,0,0]},"npc_dota_hero_templar_assassin":{"lastAbilityUpgraded":"","victory":false,"state":{"kills":0,"towersLeft":1,"netWorth":0.007459999993443489,"xp":0.007499999832361937,"teamXp":0.007697531022131443,"teamDeaths":0,"enemyTowersLeft":1,"deaths":0,"teamNetWorth":0.043460000306367874,"teamKills":0},"lastItemPurchased":[0,0,0,0,0,0,0,0,0,0,0]},"npc_dota_hero_centaur":{"lastAbilityUpgraded":"","victory":true,"state":{"kills":0,"towersLeft":1,"netWorth":0.0062500000931322575,"xp":0.005524691194295883,"teamXp":0.006388888694345951,"teamDeaths":0,"enemyTowersLeft":1,"deaths":0,"teamNetWorth":0.03957999870181084,"teamKills":0},"lastItemPurchased":[0,0,0,0,0,0,0,0,0,0,0]},"npc_dota_hero_pudge":{"lastAbilityUpgraded":"","victory":true,"state":{"kills":0,"towersLeft":1,"netWorth":0.0062500000931322575,"xp":0.004104938358068466,"teamXp":0.006388888694345951,"teamDeaths":0,"enemyTowersLeft":1,"deaths":0,"teamNetWorth":0.03957999870181084,"teamKills":0},"lastItemPurchased":[0,0,0,0,0,0,0,0,0,0,0]},"npc_dota_hero_venomancer":{"lastAbilityUpgraded":"","victory":false,"state":{"kills":0,"towersLeft":1,"netWorth":0.013170000165700912,"xp":0.010987654328346252,"teamXp":0.007697531022131443,"teamDeaths":0,"enemyTowersLeft":1,"deaths":0,"teamNetWorth":0.043460000306367874,"teamKills":0},"lastItemPurchased":[0,0,0,0,0,1,0,0,0,0,0]},"npc_dota_hero_ember_spirit":{"lastAbilityUpgraded":"","victory":true,"state":{"kills":0,"towersLeft":1,"netWorth":0.00892999954521656,"xp":0.011080247350037098,"teamXp":0.006388888694345951,"teamDeaths":0,"enemyTowersLeft":1,"deaths":0,"teamNetWorth":0.03957999870181084,"teamKills":0},"lastItemPurchased":[0,0,1,0,0,0,0,0,0,0,0]},"npc_dota_hero_broodmother":{"lastAbilityUpgraded":"","victory":false,"state":{"kills":0,"towersLeft":1,"netWorth":0.008410000242292881,"xp":0.011111111380159855,"teamXp":0.007697531022131443,"teamDeaths":0,"enemyTowersLeft":1,"deaths":0,"teamNetWorth":0.043460000306367874,"teamKills":0},"lastItemPurchased":[0,0,1,0,0,0,0,0,0,0,0]},"npc_dota_hero_lion":{"lastAbilityUpgraded":"","victory":false,"state":{"kills":0,"towersLeft":1,"netWorth":0.0062500000931322575,"xp":0.004444444552063942,"teamXp":0.007697531022131443,"teamDeaths":0,"enemyTowersLeft":1,"deaths":0,"teamNetWorth":0.043460000306367874,"teamKills":0},"lastItemPurchased":[0,0,0,0,0,0,0,0,0,0,0]},"npc_dota_hero_sven":{"lastAbilityUpgraded":"","victory":true,"state":{"kills":0,"towersLeft":1,"netWorth":0.011140000075101852,"xp":0.005493827164173126,"teamXp":0.006388888694345951,"teamDeaths":0,"enemyTowersLeft":1,"deaths":0,"teamNetWorth":0.03957999870181084,"teamKills":0},"lastItemPurchased":[0,0,1,0,0,0,0,0,0,0,0]}}}