{"gameTime":32,"state":{"npc_dota_hero_riki":{"lastAbilityUpgraded":"","victory":false,"state":{"kills":0.004999999888241291,"towersLeft":0.6060606241226196,"netWorth":0.04363999888300896,"xp":0.23598764836788177,"teamXp":0.28675925731658936,"teamDeaths":0.023000000044703484,"enemyTowersLeft":0.8787878751754761,"deaths":0.004000000189989805,"teamNetWorth":0.3190099895000458,"teamKills":0.019999999552965164},"lastItemPurchased":[0,0,0,0,0,0,0,0,0,0,0]},"npc_dota_hero_life_stealer":{"lastAbilityUpgraded":"","victory":true,"state":{"kills":0.007000000216066837,"towersLeft":0.8787878751754761,"netWorth":0.12231999635696411,"xp":0.449444442987442,"teamXp":0.3126790225505829,"teamDeaths":0.023000000044703484,"enemyTowersLeft":0.6060606241226196,"deaths":0.0020000000949949026,"teamNetWorth":0.40415000915527344,"teamKills":0.023000000044703484},"lastItemPurchased":[0,0,0,0,0,0,0,0,0,1,0]},"npc_dota_hero_pudge":{"lastAbilityUpgraded":"","victory":false,"state":{"kills":0.004000000189989805,"towersLeft":0.6060606241226196,"netWorth":0.04297000169754028,"xp":0.18645061552524567,"teamXp":0.28675925731658936,"teamDeaths":0.023000000044703484,"enemyTowersLeft":0.8787878751754761,"deaths":0.004999999888241291,"teamNetWorth":0.3190099895000458,"teamKills":0.019999999552965164},"lastItemPurchased":[0,0,0,0,0,0,0,0,0,0,0]},"npc_dota_hero_mirana":{"lastAbilityUpgraded":"","victory":false,"state":{"kills":0.006000000052154064,"towersLeft":0.6060606241226196,"netWorth":0.08284000307321548,"xp":0.3920987546443939,"teamXp":0.28675925731658936,"teamDeaths":0.023000000044703484,"enemyTowersLeft":0.8787878751754761,"deaths":0.004000000189989805,"teamNetWorth":0.3190099895000458,"teamKills":0.019999999552965164},"lastItemPurchased":[0,0,0,0,0,0,0,0,0,0,0]},"npc_dota_hero_bristleback":{"lastAbilityUpgraded":"","victory":true,"state":{"kills":0.004999999888241291,"towersLeft":0.8787878751754761,"netWorth":0.09708999842405319,"xp":0.40688270330429077,"teamXp":0.3126790225505829,"teamDeaths":0.023000000044703484,"enemyTowersLeft":0.6060606241226196,"deaths":0.004999999888241291,"teamNetWorth":0.40415000915527344,"teamKills":0.023000000044703484},"lastItemPurchased":[0,0,0,0,0,0,0,0,0,0,0]},"npc_dota_hero_oracle":{"lastAbilityUpgraded":"","victory":true,"state":{"kills":0.004999999888241291,"towersLeft":0.8787878751754761,"netWorth":0.056210000067949295,"xp":0.2058333307504654,"teamXp":0.3126790225505829,"teamDeaths":0.023000000044703484,"enemyTowersLeft":0.6060606241226196,"deaths":0.004000000189989805,"teamNetWorth":0.40415000915527344,"teamKills":0.023000000044703484},"lastItemPurchased":[0,0,0,0,0,0,0,0,0,0,0]},"npc_dota_hero_shadow_demon":{"lastAbilityUpgraded":"","victory":true,"state":{"kills":0.0010000000474974513,"towersLeft":0.8787878751754761,"netWorth":0.03229000046849251,"xp":0.15753085911273956,"teamXp":0.3126790225505829,"teamDeaths":0.023000000044703484,"enemyTowersLeft":0.6060606241226196,"deaths":0.007000000216066837,"teamNetWorth":0.40415000915527344,"teamKills":0.023000000044703484},"lastItemPurchased":[1,0,0,0,0,0,0,0,0,0,0]},"npc_dota_hero_slark":{"lastAbilityUpgraded":"","victory":false,"state":{"kills":0.0020000000949949026,"towersLeft":0.6060606241226196,"netWorth":0.10072000324726105,"xp":0.3825308680534363,"teamXp":0.28675925731658936,"teamDeaths":0.023000000044703484,"enemyTowersLeft":0.8787878751754761,"deaths":0.0020000000949949026,"teamNetWorth":0.3190099895000458,"teamKills":0.019999999552965164},"lastItemPurchased":[0,0,0,0,0,0,0,0,0,0,0]},"npc_dota_hero_batrider":{"lastAbilityUpgraded":"","victory":false,"state":{"kills":0.003000000026077032,"towersLeft":0.6060606241226196,"netWorth":0.0488400012254715,"xp":0.23672839999198914,"teamXp":0.28675925731658936,"teamDeaths":0.023000000044703484,"enemyTowersLeft":0.8787878751754761,"deaths":0.00800000037997961,"teamNetWorth":0.3190099895000458,"teamKills":0.019999999552965164},"lastItemPurchased":[1,0,0,0,0,0,0,0,0,0,0]},"npc_dota_hero_juggernaut":{"lastAbilityUpgraded":"","victory":true,"state":{"kills":0.004999999888241291,"towersLeft":0.8787878751754761,"netWorth":0.09623999893665314,"xp":0.3437037169933319,"teamXp":0.3126790225505829,"teamDeaths":0.023000000044703484,"enemyTowersLeft":0.6060606241226196,"deaths":0.004999999888241291,"teamNetWorth":0.40415000915527344,"teamKills":0.023000000044703484},"lastItemPurchased":[0,0,0,0,0,0,0,0,0,0,0]}}}