{"gameTime":7,"state":{"npc_dota_hero_gyrocopter":{"lastAbilityUpgraded":"","victory":true,"state":{"kills":0,"towersLeft":1,"netWorth":0.011629999615252018,"xp":0.02141975238919258,"teamXp":0.019469136372208595,"teamDeaths":0,"enemyTowersLeft":1,"deaths":0,"teamNetWorth":0.05266999825835228,"teamKills":0},"lastItemPurchased":[0,0,0,1,0,0,0,0,0,0,0]},"npc_dota_hero_axe":{"lastAbilityUpgraded":"","victory":true,"state":{"kills":0,"towersLeft":1,"netWorth":0.012649999931454659,"xp":0.036944445222616196,"teamXp":0.019469136372208595,"teamDeaths":0,"enemyTowersLeft":1,"deaths":0,"teamNetWorth":0.05266999825835228,"teamKills":0},"lastItemPurchased":[0,0,0,0,0,0,0,0,0,0,0]},"npc_dota_hero_pudge":{"lastAbilityUpgraded":"","victory":false,"state":{"kills":0,"towersLeft":1,"netWorth":0.0062500000931322575,"xp":0.0061111110262572765,"teamXp":0.016388889402151108,"teamDeaths":0,"enemyTowersLeft":1,"deaths":0,"teamNetWorth":0.04633000120520592,"teamKills":0},"lastItemPurchased":[0,0,0,1,0,0,0,0,0,0,0]},"npc_dota_hero_dazzle":{"lastAbilityUpgraded":"","victory":false,"state":{"kills":0,"towersLeft":1,"netWorth":0.007679999805986881,"xp":0.0061111110262572765,"teamXp":0.016388889402151108,"teamDeaths":0,"enemyTowersLeft":1,"deaths":0,"teamNetWorth":0.04633000120520592,"teamKills":0},"lastItemPurchased":[0,0,0,0,0,0,0,0,0,0,0]},"npc_dota_hero_kunkka":{"lastAbilityUpgraded":"","victory":true,"state":{"kills":0,"towersLeft":1,"netWorth":0.0067900000140070915,"xp":0.0073456792160868645,"teamXp":0.019469136372208595,"teamDeaths":0,"enemyTowersLeft":1,"deaths":0,"teamNetWorth":0.05266999825835228,"teamKills":0},"lastItemPurchased":[1,0,0,0,0,0,0,0,0,0,0]},"npc_dota_hero_lion":{"lastAbilityUpgraded":"","victory":true,"state":{"kills":0,"towersLeft":1,"netWorth":0.007470000069588423,"xp":0.008796296082437038,"teamXp":0.019469136372208595,"teamDeaths":0,"enemyTowersLeft":1,"deaths":0,"teamNetWorth":0.05266999825835228,"teamKills":0},"lastItemPurchased":[0,0,0,0,0,0,0,0,0,0,0]},"npc_dota_hero_sniper":{"lastAbilityUpgraded":"","victory":true,"state":{"kills":0,"towersLeft":1,"netWorth":0.01413000002503395,"xp":0.022839507088065147,"teamXp":0.019469136372208595,"teamDeaths":0,"enemyTowersLeft":1,"deaths":0,"teamNetWorth":0.05266999825835228,"teamKills":0},"lastItemPurchased":[0,0,0,0,1,0,0,0,0,0,0]},"npc_dota_hero_morphling":{"lastAbilityUpgraded":"","victory":false,"state":{"kills":0,"towersLeft":1,"netWorth":0.014139999635517597,"xp":0.028641974553465843,"teamXp":0.016388889402151108,"teamDeaths":0,"enemyTowersLeft":1,"deaths":0,"teamNetWorth":0.04633000120520592,"teamKills":0},"lastItemPurchased":[0,0,0,1,0,0,0,0,0,0,0]},"npc_dota_hero_rattletrap":{"lastAbilityUpgraded":"","victory":false,"state":{"kills":0,"towersLeft":1,"netWorth":0.0073899999260902405,"xp":0.011944444850087166,"teamXp":0.016388889402151108,"teamDeaths":0,"enemyTowersLeft":1,"deaths":0,"teamNetWorth":0.04633000120520592,"teamKills":0},"lastItemPurchased":[0,0,0,1,0,0,0,0,0,0,0]},"npc_dota_hero_obsidian_destroyer":{"lastAbilityUpgraded":"","victory":false,"state":{"kills":0,"towersLeft":1,"netWorth":0.010870000347495079,"xp":0.029135802760720253,"teamXp":0.016388889402151108,"teamDeaths":0,"enemyTowersLeft":1,"deaths":0,"teamNetWorth":0.04633000120520592,"teamKills":0},"lastItemPurchased":[1,0,0,0,0,0,0,0,0,0,0]}}}