{"gameTime":35,"state":{"npc_dota_hero_life_stealer":{"lastAbilityUpgraded":"","victory":true,"state":{"kills":0.01600000075995922,"towersLeft":0.8787878751754761,"netWorth":0.20489999651908875,"xp":0.6750925779342651,"teamXp":0.4830493927001953,"teamDeaths":0.020999999716877937,"enemyTowersLeft":0.7575757503509521,"deaths":0.0010000000474974513,"teamNetWorth":0.5521699786186218,"teamKills":0.023000000044703484},"lastItemPurchased":[0,0,0,0,0,0,0,0,0,0,1]},"npc_dota_hero_axe":{"lastAbilityUpgraded":"","victory":false,"state":{"kills":0.007000000216066837,"towersLeft":0.7878788113594055,"netWorth":0.06706999987363815,"xp":0.33145061135292053,"teamXp":0.348759263753891,"teamDeaths":0.023000000044703484,"enemyTowersLeft":0.9090909361839294,"deaths":0.004999999888241291,"teamNetWorth":0.3649600148200989,"teamKills":0.017000000923871994},"lastItemPurchased":[0,0,0,0,0,0,0,0,0,0,0]},"npc_dota_hero_invoker":{"lastAbilityUpgraded":"","victory":false,"state":{"kills":0.004000000189989805,"towersLeft":0.7878788113594055,"netWorth":0.1141899973154068,"xp":0.507777750492096,"teamXp":0.348759263753891,"teamDeaths":0.023000000044703484,"enemyTowersLeft":0.9090909361839294,"deaths":0.004000000189989805,"teamNetWorth":0.3649600148200989,"teamKills":0.017000000923871994},"lastItemPurchased":[0,0,0,0,0,0,0,0,0,0,0]},"npc_dota_hero_dazzle":{"lastAbilityUpgraded":"","victory":false,"state":{"kills":0.0020000000949949026,"towersLeft":0.7878788113594055,"netWorth":0.03058999963104725,"xp":0.20867283642292023,"teamXp":0.348759263753891,"teamDeaths":0.023000000044703484,"enemyTowersLeft":0.9090909361839294,"deaths":0.004999999888241291,"teamNetWorth":0.3649600148200989,"teamKills":0.017000000923871994},"lastItemPurchased":[1,0,0,0,0,0,0,0,0,0,0]},"npc_dota_hero_slardar":{"lastAbilityUpgraded":"","victory":true,"state":{"kills":0.0010000000474974513,"towersLeft":0.8787878751754761,"netWorth":0.0941699966788292,"xp":0.503024697303772,"teamXp":0.4830493927001953,"teamDeaths":0.020999999716877937,"enemyTowersLeft":0.7575757503509521,"deaths":0.003000000026077032,"teamNetWorth":0.5521699786186218,"teamKills":0.023000000044703484},"lastItemPurchased":[0,0,0,0,0,0,0,0,0,0,0]},"npc_dota_hero_ogre_magi":{"lastAbilityUpgraded":"","victory":true,"state":{"kills":0,"towersLeft":0.8787878751754761,"netWorth":0.06492000073194504,"xp":0.37302470207214355,"teamXp":0.4830493927001953,"teamDeaths":0.020999999716877937,"enemyTowersLeft":0.7575757503509521,"deaths":0.003000000026077032,"teamNetWorth":0.5521699786186218,"teamKills":0.023000000044703484},"lastItemPurchased":[0,0,0,0,0,0,0,0,0,0,0]},"npc_dota_hero_shredder":{"lastAbilityUpgraded":"","victory":true,"state":{"kills":0.004000000189989805,"towersLeft":0.8787878751754761,"netWorth":0.12276999652385712,"xp":0.5049691200256348,"teamXp":0.4830493927001953,"teamDeaths":0.020999999716877937,"enemyTowersLeft":0.7575757503509521,"deaths":0.009999999776482582,"teamNetWorth":0.5521699786186218,"teamKills":0.023000000044703484},"lastItemPurchased":[0,0,0,0,0,0,0,0,0,0,0]},"npc_dota_hero_elder_titan":{"lastAbilityUpgraded":"","victory":false,"state":{"kills":0.003000000026077032,"towersLeft":0.7878788113594055,"netWorth":0.03468000143766403,"xp":0.2405555546283722,"teamXp":0.348759263753891,"teamDeaths":0.023000000044703484,"enemyTowersLeft":0.9090909361839294,"deaths":0.004999999888241291,"teamNetWorth":0.3649600148200989,"teamKills":0.017000000923871994},"lastItemPurchased":[0,0,0,0,0,0,0,0,0,0,0]},"npc_dota_hero_disruptor":{"lastAbilityUpgraded":"","victory":true,"state":{"kills":0.0020000000949949026,"towersLeft":0.8787878751754761,"netWorth":0.06541000306606293,"xp":0.35913580656051636,"teamXp":0.4830493927001953,"teamDeaths":0.020999999716877937,"enemyTowersLeft":0.7575757503509521,"deaths":0.004000000189989805,"teamNetWorth":0.5521699786186218,"teamKills":0.023000000044703484},"lastItemPurchased":[0,0,0,0,0,0,0,0,0,0,0]},"npc_dota_hero_juggernaut":{"lastAbilityUpgraded":"","victory":false,"state":{"kills":0.0010000000474974513,"towersLeft":0.7878788113594055,"netWorth":0.1184300035238266,"xp":0.4553394913673401,"teamXp":0.348759263753891,"teamDeaths":0.023000000044703484,"enemyTowersLeft":0.9090909361839294,"deaths":0.004000000189989805,"teamNetWorth":0.3649600148200989,"teamKills":0.017000000923871994},"lastItemPurchased":[0,0,0,0,0,0,0,0,0,0,0]}}}