{"gameTime":35,"state":{"npc_dota_hero_bloodseeker":{"lastAbilityUpgraded":"","victory":false,"state":{"kills":0.006000000052154064,"towersLeft":0.5151515007019043,"netWorth":0.057360000908374786,"xp":0.24648147821426392,"teamXp":0.29620370268821716,"teamDeaths":0.05000000074505806,"enemyTowersLeft":0.8787878751754761,"deaths":0.009999999776482582,"teamNetWorth":0.26304998993873596,"teamKills":0.014999999664723873},"lastItemPurchased":[0,0,0,0,1,0,0,0,0,0,0]},"npc_dota_hero_skywrath_mage":{"lastAbilityUpgraded":"","victory":true,"state":{"kills":0.004999999888241291,"towersLeft":0.9090909361839294,"netWorth":0.07079000025987625,"xp":0.29641973972320557,"teamXp":0.48601850867271423,"teamDeaths":0.01600000075995922,"enemyTowersLeft":0.5454545617103577,"deaths":0.004999999888241291,"teamNetWorth":0.6377099752426147,"teamKills":0.04699999839067459},"lastItemPurchased":[0,0,0,0,0,0,0,0,0,0,0]},"npc_dota_hero_ursa":{"lastAbilityUpgraded":"","victory":true,"state":{"kills":0.019999999552965164,"towersLeft":0.9090909361839294,"netWorth":0.18651999533176422,"xp":0.6595062017440796,"teamXp":0.48601850867271423,"teamDeaths":0.01600000075995922,"enemyTowersLeft":0.5454545617103577,"deaths":0.004000000189989805,"teamNetWorth":0.6377099752426147,"teamKills":0.04699999839067459},"lastItemPurchased":[0,0,0,0,0,0,0,1,0,0,0]},"npc_dota_hero_alchemist":{"lastAbilityUpgraded":"","victory":false,"state":{"kills":0.0010000000474974513,"towersLeft":0.5151515007019043,"netWorth":0.03170999884605408,"xp":0.2253703773021698,"teamXp":0.29620370268821716,"teamDeaths":0.05000000074505806,"enemyTowersLeft":0.8787878751754761,"deaths":0.012000000104308128,"teamNetWorth":0.26304998993873596,"teamKills":0.014999999664723873},"lastItemPurchased":[0,0,0,0,0,0,0,0,0,0,0]},"npc_dota_hero_sand_king":{"lastAbilityUpgraded":"","victory":true,"state":{"kills":0.0020000000949949026,"towersLeft":0.9090909361839294,"netWorth":0.1029599979519844,"xp":0.4210185110569,"teamXp":0.48601850867271423,"teamDeaths":0.01600000075995922,"enemyTowersLeft":0.5454545617103577,"deaths":0.003000000026077032,"teamNetWorth":0.6377099752426147,"teamKills":0.04699999839067459},"lastItemPurchased":[0,0,0,0,0,0,0,0,0,0,0]},"npc_dota_hero_omniknight":{"lastAbilityUpgraded":"","victory":true,"state":{"kills":0.010999999940395355,"towersLeft":0.9090909361839294,"netWorth":0.1484300047159195,"xp":0.5558333396911621,"teamXp":0.48601850867271423,"teamDeaths":0.01600000075995922,"enemyTowersLeft":0.5454545617103577,"deaths":0.0010000000474974513,"teamNetWorth":0.6377099752426147,"teamKills":0.04699999839067459},"lastItemPurchased":[0,0,0,0,0,0,0,0,0,0,1]},"npc_dota_hero_bane":{"lastAbilityUpgraded":"","victory":false,"state":{"kills":0.003000000026077032,"towersLeft":0.5151515007019043,"netWorth":0.03886000066995621,"xp":0.24265432357788086,"teamXp":0.29620370268821716,"teamDeaths":0.05000000074505806,"enemyTowersLeft":0.8787878751754761,"deaths":0.00800000037997961,"teamNetWorth":0.26304998993873596,"teamKills":0.014999999664723873},"lastItemPurchased":[1,0,0,0,0,0,0,0,0,0,0]},"npc_dota_hero_queenofpain":{"lastAbilityUpgraded":"","victory":true,"state":{"kills":0.008999999612569809,"towersLeft":0.9090909361839294,"netWorth":0.12901000678539276,"xp":0.49731481075286865,"teamXp":0.48601850867271423,"teamDeaths":0.01600000075995922,"enemyTowersLeft":0.5454545617103577,"deaths":0.003000000026077032,"teamNetWorth":0.6377099752426147,"teamKills":0.04699999839067459},"lastItemPurchased":[0,0,0,0,0,0,0,0,0,0,0]},"npc_dota_hero_magnataur":{"lastAbilityUpgraded":"","victory":false,"state":{"kills":0.003000000026077032,"towersLeft":0.5151515007019043,"netWorth":0.06071000173687935,"xp":0.3785185217857361,"teamXp":0.29620370268821716,"teamDeaths":0.05000000074505806,"enemyTowersLeft":0.8787878751754761,"deaths":0.00800000037997961,"teamNetWorth":0.26304998993873596,"teamKills":0.014999999664723873},"lastItemPurchased":[0,0,0,1,0,0,0,0,0,0,0]},"npc_dota_hero_juggernaut":{"lastAbilityUpgraded":"","victory":false,"state":{"kills":0.0020000000949949026,"towersLeft":0.5151515007019043,"netWorth":0.07440999895334244,"xp":0.38799381256103516,"teamXp":0.29620370268821716,"teamDeaths":0.05000000074505806,"enemyTowersLeft":0.8787878751754761,"deaths":0.012000000104308128,"teamNetWorth":0.26304998993873596,"teamKills":0.014999999664723873},"lastItemPurchased":[0,1,0,0,0,0,0,0,0,0,0]}}}