{"gameTime":24,"state":{"npc_dota_hero_faceless_void":{"lastAbilityUpgraded":"","victory":true,"state":{"kills":0.0010000000474974513,"towersLeft":1,"netWorth":0.03754999861121178,"xp":0.15768519043922424,"teamXp":0.17158642411231995,"teamDeaths":0.00800000037997961,"enemyTowersLeft":0.9696969985961914,"deaths":0.0020000000949949026,"teamNetWorth":0.22032999992370605,"teamKills":0.009999999776482582},"lastItemPurchased":[0,0,0,0,0,1,0,0,0,0,0]},"npc_dota_hero_life_stealer":{"lastAbilityUpgraded":"","victory":false,"state":{"kills":0.004999999888241291,"towersLeft":0.9696969985961914,"netWorth":0.06463000178337097,"xp":0.23064814507961273,"teamXp":0.17762963473796844,"teamDeaths":0.010999999940395355,"enemyTowersLeft":1,"deaths":0.0010000000474974513,"teamNetWorth":0.20577000081539154,"teamKills":0.008999999612569809},"lastItemPurchased":[0,0,0,0,0,0,1,0,0,0,0]},"npc_dota_hero_pudge":{"lastAbilityUpgraded":"","victory":true,"state":{"kills":0.003000000026077032,"towersLeft":1,"netWorth":0.02676999941468239,"xp":0.1500617265701294,"teamXp":0.17158642411231995,"teamDeaths":0.00800000037997961,"enemyTowersLeft":0.9696969985961914,"deaths":0.0010000000474974513,"teamNetWorth":0.22032999992370605,"teamKills":0.009999999776482582},"lastItemPurchased":[0,0,0,0,0,0,0,0,0,0,1]},"npc_dota_hero_silencer":{"lastAbilityUpgraded":"","victory":false,"state":{"kills":0,"towersLeft":0.9696969985961914,"netWorth":0.02029000036418438,"xp":0.09308642148971558,"teamXp":0.17762963473796844,"teamDeaths":0.010999999940395355,"enemyTowersLeft":1,"deaths":0.003000000026077032,"teamNetWorth":0.20577000081539154,"teamKills":0.008999999612569809},"lastItemPurchased":[0,0,0,0,0,0,0,0,0,0,0]},"npc_dota_hero_lion":{"lastAbilityUpgraded":"","victory":true,"state":{"kills":0.003000000026077032,"towersLeft":1,"netWorth":0.049720000475645065,"xp":0.20635803043842316,"teamXp":0.17158642411231995,"teamDeaths":0.00800000037997961,"enemyTowersLeft":0.9696969985961914,"deaths":0.0010000000474974513,"teamNetWorth":0.22032999992370605,"teamKills":0.009999999776482582},"lastItemPurchased":[0,1,0,0,0,0,0,0,0,0,0]},"npc_dota_hero_slardar":{"lastAbilityUpgraded":"","victory":false,"state":{"kills":0,"towersLeft":0.9696969985961914,"netWorth":0.029279999434947968,"xp":0.16475307941436768,"teamXp":0.17762963473796844,"teamDeaths":0.010999999940395355,"enemyTowersLeft":1,"deaths":0.003000000026077032,"teamNetWorth":0.20577000081539154,"teamKills":0.008999999612569809},"lastItemPurchased":[0,0,0,1,0,0,0,0,0,0,0]},"npc_dota_hero_sven":{"lastAbilityUpgraded":"","victory":true,"state":{"kills":0.003000000026077032,"towersLeft":1,"netWorth":0.09205999970436096,"xp":0.24151234328746796,"teamXp":0.17158642411231995,"teamDeaths":0.00800000037997961,"enemyTowersLeft":0.9696969985961914,"deaths":0.0010000000474974513,"teamNetWorth":0.22032999992370605,"teamKills":0.009999999776482582},"lastItemPurchased":[0,0,0,0,0,0,0,0,0,0,0]},"npc_dota_hero_shadow_demon":{"lastAbilityUpgraded":"","victory":true,"state":{"kills":0,"towersLeft":1,"netWorth":0.014229999855160713,"xp":0.10231481492519379,"teamXp":0.17158642411231995,"teamDeaths":0.00800000037997961,"enemyTowersLeft":0.9696969985961914,"deaths":0.003000000026077032,"teamNetWorth":0.22032999992370605,"teamKills":0.009999999776482582},"lastItemPurchased":[0,0,0,0,0,0,0,0,0,0,0]},"npc_dota_hero_obsidian_destroyer":{"lastAbilityUpgraded":"","victory":false,"state":{"kills":0.0010000000474974513,"towersLeft":0.9696969985961914,"netWorth":0.05728999897837639,"xp":0.2631790041923523,"teamXp":0.17762963473796844,"teamDeaths":0.010999999940395355,"enemyTowersLeft":1,"deaths":0.003000000026077032,"teamNetWorth":0.20577000081539154,"teamKills":0.008999999612569809},"lastItemPurchased":[0,1,0,0,0,0,0,0,0,0,0]},"npc_dota_hero_omniknight":{"lastAbilityUpgraded":"","victory":false,"state":{"kills":0.003000000026077032,"towersLeft":0.9696969985961914,"netWorth":0.034279998391866684,"xp":0.13648147881031036,"teamXp":0.17762963473796844,"teamDeaths":0.010999999940395355,"enemyTowersLeft":1,"deaths":0.0010000000474974513,"teamNetWorth":0.20577000081539154,"teamKills":0.008999999612569809},"lastItemPurchased":[0,0,0,0,0,0,0,0,0,0,0]}}}