{"gameTime":31,"state":{"npc_dota_hero_faceless_void":{"lastAbilityUpgraded":"","victory":true,"state":{"kills":0.004000000189989805,"towersLeft":0.9090909361839294,"netWorth":0.06449999660253525,"xp":0.2772839367389679,"teamXp":0.2853950560092926,"teamDeaths":0.009999999776482582,"enemyTowersLeft":0.8787878751754761,"deaths":0.003000000026077032,"teamNetWorth":0.3606700003147125,"teamKills":0.017000000923871994},"lastItemPurchased":[0,0,0,0,0,0,0,0,0,1,0]},"npc_dota_hero_life_stealer":{"lastAbilityUpgraded":"","victory":false,"state":{"kills":0.006000000052154064,"towersLeft":0.8787878751754761,"netWorth":0.08276999741792679,"xp":0.3191358149051666,"teamXp":0.25702470541000366,"teamDeaths":0.017999999225139618,"enemyTowersLeft":0.9090909361839294,"deaths":0.003000000026077032,"teamNetWorth":0.2909500002861023,"teamKills":0.010999999940395355},"lastItemPurchased":[0,0,0,0,0,0,0,0,0,0,0]},"npc_dota_hero_pudge":{"lastAbilityUpgraded":"","victory":true,"state":{"kills":0.004999999888241291,"towersLeft":0.9090909361839294,"netWorth":0.049479998648166656,"xp":0.2699691355228424,"teamXp":0.2853950560092926,"teamDeaths":0.009999999776482582,"enemyTowersLeft":0.8787878751754761,"deaths":0.0010000000474974513,"teamNetWorth":0.3606700003147125,"teamKills":0.017000000923871994},"lastItemPurchased":[0,0,0,0,0,0,0,0,0,0,0]},"npc_dota_hero_silencer":{"lastAbilityUpgraded":"","victory":false,"state":{"kills":0,"towersLeft":0.8787878751754761,"netWorth":0.031380001455545425,"xp":0.15104937553405762,"teamXp":0.25702470541000366,"teamDeaths":0.017999999225139618,"enemyTowersLeft":0.9090909361839294,"deaths":0.003000000026077032,"teamNetWorth":0.2909500002861023,"teamKills":0.010999999940395355},"lastItemPurchased":[0,0,0,0,0,0,0,0,0,0,0]},"npc_dota_hero_lion":{"lastAbilityUpgraded":"","victory":true,"state":{"kills":0.004999999888241291,"towersLeft":0.9090909361839294,"netWorth":0.08529999852180481,"xp":0.2903086543083191,"teamXp":0.2853950560092926,"teamDeaths":0.009999999776482582,"enemyTowersLeft":0.8787878751754761,"deaths":0.0020000000949949026,"teamNetWorth":0.3606700003147125,"teamKills":0.017000000923871994},"lastItemPurchased":[0,0,0,0,0,0,0,0,0,0,0]},"npc_dota_hero_slardar":{"lastAbilityUpgraded":"","victory":false,"state":{"kills":0,"towersLeft":0.8787878751754761,"netWorth":0.03728000074625015,"xp":0.22083333134651184,"teamXp":0.25702470541000366,"teamDeaths":0.017999999225139618,"enemyTowersLeft":0.9090909361839294,"deaths":0.004999999888241291,"teamNetWorth":0.2909500002861023,"teamKills":0.010999999940395355},"lastItemPurchased":[0,0,0,0,0,0,0,0,0,0,0]},"npc_dota_hero_sven":{"lastAbilityUpgraded":"","victory":true,"state":{"kills":0.003000000026077032,"towersLeft":0.9090909361839294,"netWorth":0.1315000057220459,"xp":0.39299383759498596,"teamXp":0.2853950560092926,"teamDeaths":0.009999999776482582,"enemyTowersLeft":0.8787878751754761,"deaths":0.0010000000474974513,"teamNetWorth":0.3606700003147125,"teamKills":0.017000000923871994},"lastItemPurchased":[0,0,0,0,0,0,0,0,0,0,0]},"npc_dota_hero_shadow_demon":{"lastAbilityUpgraded":"","victory":true,"state":{"kills":0,"towersLeft":0.9090909361839294,"netWorth":0.029890000820159912,"xp":0.19641974568367004,"teamXp":0.2853950560092926,"teamDeaths":0.009999999776482582,"enemyTowersLeft":0.8787878751754761,"deaths":0.003000000026077032,"teamNetWorth":0.3606700003147125,"teamKills":0.017000000923871994},"lastItemPurchased":[0,0,0,1,0,0,0,0,0,0,0]},"npc_dota_hero_obsidian_destroyer":{"lastAbilityUpgraded":"","victory":false,"state":{"kills":0.0020000000949949026,"towersLeft":0.8787878751754761,"netWorth":0.08760999888181686,"xp":0.3677160441875458,"teamXp":0.25702470541000366,"teamDeaths":0.017999999225139618,"enemyTowersLeft":0.9090909361839294,"deaths":0.004999999888241291,"teamNetWorth":0.2909500002861023,"teamKills":0.010999999940395355},"lastItemPurchased":[0,0,0,0,0,0,0,0,0,0,0]},"npc_dota_hero_omniknight":{"lastAbilityUpgraded":"","victory":false,"state":{"kills":0.003000000026077032,"towersLeft":0.8787878751754761,"netWorth":0.051910001784563065,"xp":0.22638888657093048,"teamXp":0.25702470541000366,"teamDeaths":0.017999999225139618,"enemyTowersLeft":0.9090909361839294,"deaths":0.0020000000949949026,"teamNetWorth":0.2909500002861023,"teamKills":0.010999999940395355},"lastItemPurchased":[0,0,0,0,0,0,0,0,0,0,0]}}}