{"gameTime":16,"state":{"npc_dota_hero_antimage":{"lastAbilityUpgraded":"","victory":false,"state":{"kills":0,"towersLeft":1,"netWorth":0.04758000001311302,"xp":0.1561419814825058,"teamXp":0.11322839558124542,"teamDeaths":0.006000000052154064,"enemyTowersLeft":0.9696969985961914,"deaths":0,"teamNetWorth":0.1662299931049347,"teamKills":0.004999999888241291},"lastItemPurchased":[0,0,0,1,0,0,0,0,0,0,0]},"npc_dota_hero_earth_spirit":{"lastAbilityUpgraded":"","victory":true,"state":{"kills":0.0020000000949949026,"towersLeft":0.9696969985961914,"netWorth":0.015399999916553497,"xp":0.07669752836227417,"teamXp":0.10118518769741058,"teamDeaths":0.00800000037997961,"enemyTowersLeft":1,"deaths":0.0020000000949949026,"teamNetWorth":0.11441999673843384,"teamKills":0.006000000052154064},"lastItemPurchased":[1,0,0,0,0,0,0,0,0,0,0]},"npc_dota_hero_phantom_assassin":{"lastAbilityUpgraded":"","victory":true,"state":{"kills":0.0010000000474974513,"towersLeft":0.9696969985961914,"netWorth":0.04165000095963478,"xp":0.15037037432193756,"teamXp":0.10118518769741058,"teamDeaths":0.00800000037997961,"enemyTowersLeft":1,"deaths":0,"teamNetWorth":0.11441999673843384,"teamKills":0.006000000052154064},"lastItemPurchased":[0,0,0,0,0,0,0,0,0,0,0]},"npc_dota_hero_invoker":{"lastAbilityUpgraded":"","victory":false,"state":{"kills":0.0010000000474974513,"towersLeft":1,"netWorth":0.04072999954223633,"xp":0.15796296298503876,"teamXp":0.11322839558124542,"teamDeaths":0.006000000052154064,"enemyTowersLeft":0.9696969985961914,"deaths":0,"teamNetWorth":0.1662299931049347,"teamKills":0.004999999888241291},"lastItemPurchased":[0,0,0,0,0,0,0,0,0,0,0]},"npc_dota_hero_leshrac":{"lastAbilityUpgraded":"","victory":false,"state":{"kills":0.003000000026077032,"towersLeft":1,"netWorth":0.02817000076174736,"xp":0.08188271522521973,"teamXp":0.11322839558124542,"teamDeaths":0.006000000052154064,"enemyTowersLeft":0.9696969985961914,"deaths":0.0010000000474974513,"teamNetWorth":0.1662299931049347,"teamKills":0.004999999888241291},"lastItemPurchased":[0,1,0,0,0,0,0,0,0,0,0]},"npc_dota_hero_tidehunter":{"lastAbilityUpgraded":"","victory":false,"state":{"kills":0.0010000000474974513,"towersLeft":1,"netWorth":0.03410999849438667,"xp":0.12558642029762268,"teamXp":0.11322839558124542,"teamDeaths":0.006000000052154064,"enemyTowersLeft":0.9696969985961914,"deaths":0.003000000026077032,"teamNetWorth":0.1662299931049347,"teamKills":0.004999999888241291},"lastItemPurchased":[0,0,0,0,0,1,0,0,0,0,0]},"npc_dota_hero_ancient_apparition":{"lastAbilityUpgraded":"","victory":true,"state":{"kills":0.0020000000949949026,"towersLeft":0.9696969985961914,"netWorth":0.012199999764561653,"xp":0.06262345612049103,"teamXp":0.10118518769741058,"teamDeaths":0.00800000037997961,"enemyTowersLeft":1,"deaths":0.003000000026077032,"teamNetWorth":0.11441999673843384,"teamKills":0.006000000052154064},"lastItemPurchased":[0,0,0,0,0,0,0,0,0,0,0]},"npc_dota_hero_wisp":{"lastAbilityUpgraded":"","victory":false,"state":{"kills":0,"towersLeft":1,"netWorth":0.015639999881386757,"xp":0.04456790164113045,"teamXp":0.11322839558124542,"teamDeaths":0.006000000052154064,"enemyTowersLeft":0.9696969985961914,"deaths":0.0020000000949949026,"teamNetWorth":0.1662299931049347,"teamKills":0.004999999888241291},"lastItemPurchased":[0,0,0,1,0,0,0,0,0,0,0]},"npc_dota_hero_slark":{"lastAbilityUpgraded":"","victory":true,"state":{"kills":0.0010000000474974513,"towersLeft":0.9696969985961914,"netWorth":0.023660000413656235,"xp":0.10654321312904358,"teamXp":0.10118518769741058,"teamDeaths":0.00800000037997961,"enemyTowersLeft":1,"deaths":0.0020000000949949026,"teamNetWorth":0.11441999673843384,"teamKills":0.006000000052154064},"lastItemPurchased":[0,1,0,0,0,0,0,0,0,0,0]},"npc_dota_hero_magnataur":{"lastAbilityUpgraded":"","victory":true,"state":{"kills":0,"towersLeft":0.9696969985961914,"netWorth":0.02150999940931797,"xp":0.10969135910272598,"teamXp":0.10118518769741058,"teamDeaths":0.00800000037997961,"enemyTowersLeft":1,"deaths":0.0010000000474974513,"teamNetWorth":0.11441999673843384,"teamKills":0.006000000052154064},"lastItemPurchased":[0,0,0,0,0,0,0,0,0,0,0]}}}