{"gameTime":32,"state":{"npc_dota_hero_antimage":{"lastAbilityUpgraded":"","victory":false,"state":{"kills":0.0020000000949949026,"towersLeft":0.8787878751754761,"netWorth":0.136570006608963,"xp":0.4831172823905945,"teamXp":0.3331913650035858,"teamDeaths":0.01600000075995922,"enemyTowersLeft":0.7878788113594055,"deaths":0.0020000000949949026,"teamNetWorth":0.43393999338150024,"teamKills":0.014000000432133675},"lastItemPurchased":[0,0,0,0,0,0,0,0,0,0,0]},"npc_dota_hero_earth_spirit":{"lastAbilityUpgraded":"","victory":true,"state":{"kills":0.003000000026077032,"towersLeft":0.8181818127632141,"netWorth":0.03285999968647957,"xp":0.20780864357948303,"teamXp":0.3606419861316681,"teamDeaths":0.017000000923871994,"enemyTowersLeft":0.9090909361839294,"deaths":0.006000000052154064,"teamNetWorth":0.44429001212120056,"teamKills":0.01600000075995922},"lastItemPurchased":[0,0,0,0,0,0,0,0,0,0,0]},"npc_dota_hero_phantom_assassin":{"lastAbilityUpgraded":"","victory":true,"state":{"kills":0.00800000037997961,"towersLeft":0.8181818127632141,"netWorth":0.13973000645637512,"xp":0.4881789982318878,"teamXp":0.3606419861316681,"teamDeaths":0.017000000923871994,"enemyTowersLeft":0.9090909361839294,"deaths":0,"teamNetWorth":0.44429001212120056,"teamKills":0.01600000075995922},"lastItemPurchased":[0,0,0,0,0,0,0,1,0,0,0]},"npc_dota_hero_invoker":{"lastAbilityUpgraded":"","victory":false,"state":{"kills":0.004999999888241291,"towersLeft":0.8787878751754761,"netWorth":0.11965999752283096,"xp":0.43404319882392883,"teamXp":0.3331913650035858,"teamDeaths":0.01600000075995922,"enemyTowersLeft":0.7878788113594055,"deaths":0.0010000000474974513,"teamNetWorth":0.43393999338150024,"teamKills":0.014000000432133675},"lastItemPurchased":[0,0,0,0,0,0,0,0,0,0,0]},"npc_dota_hero_leshrac":{"lastAbilityUpgraded":"","victory":false,"state":{"kills":0.004000000189989805,"towersLeft":0.8787878751754761,"netWorth":0.05920000001788139,"xp":0.24537037312984467,"teamXp":0.3331913650035858,"teamDeaths":0.01600000075995922,"enemyTowersLeft":0.7878788113594055,"deaths":0.004000000189989805,"teamNetWorth":0.43393999338150024,"teamKills":0.014000000432133675},"lastItemPurchased":[0,0,0,0,0,0,0,0,0,0,0]},"npc_dota_hero_tidehunter":{"lastAbilityUpgraded":"","victory":false,"state":{"kills":0.0020000000949949026,"towersLeft":0.8787878751754761,"netWorth":0.0899600014090538,"xp":0.3361110985279083,"teamXp":0.3331913650035858,"teamDeaths":0.01600000075995922,"enemyTowersLeft":0.7878788113594055,"deaths":0.004000000189989805,"teamNetWorth":0.43393999338150024,"teamKills":0.014000000432133675},"lastItemPurchased":[0,0,0,1,0,0,0,0,0,0,0]},"npc_dota_hero_ancient_apparition":{"lastAbilityUpgraded":"","victory":true,"state":{"kills":0.0020000000949949026,"towersLeft":0.8181818127632141,"netWorth":0.04332000017166138,"xp":0.20487654209136963,"teamXp":0.3606419861316681,"teamDeaths":0.017000000923871994,"enemyTowersLeft":0.9090909361839294,"deaths":0.004999999888241291,"teamNetWorth":0.44429001212120056,"teamKills":0.01600000075995922},"lastItemPurchased":[1,0,0,0,0,0,0,0,0,0,0]},"npc_dota_hero_wisp":{"lastAbilityUpgraded":"","victory":false,"state":{"kills":0.0010000000474974513,"towersLeft":0.8787878751754761,"netWorth":0.028550000861287117,"xp":0.167314812541008,"teamXp":0.3331913650035858,"teamDeaths":0.01600000075995922,"enemyTowersLeft":0.7878788113594055,"deaths":0.004999999888241291,"teamNetWorth":0.43393999338150024,"teamKills":0.014000000432133675},"lastItemPurchased":[0,0,0,0,0,0,0,0,0,0,0]},"npc_dota_hero_slark":{"lastAbilityUpgraded":"","victory":true,"state":{"kills":0.0020000000949949026,"towersLeft":0.8181818127632141,"netWorth":0.10192999988794327,"xp":0.4264814853668213,"teamXp":0.3606419861316681,"teamDeaths":0.017000000923871994,"enemyTowersLeft":0.9090909361839294,"deaths":0.003000000026077032,"teamNetWorth":0.44429001212120056,"teamKills":0.01600000075995922},"lastItemPurchased":[0,0,0,0,0,0,0,0,1,0,0]},"npc_dota_hero_magnataur":{"lastAbilityUpgraded":"","victory":true,"state":{"kills":0.0010000000474974513,"towersLeft":0.8181818127632141,"netWorth":0.12645000219345093,"xp":0.4758642017841339,"teamXp":0.3606419861316681,"teamDeaths":0.017000000923871994,"enemyTowersLeft":0.9090909361839294,"deaths":0.003000000026077032,"teamNetWorth":0.44429001212120056,"teamKills":0.01600000075995922},"lastItemPurchased":[0,0,0,1,0,0,0,0,0,0,0]}}}