{"gameTime":9,"state":{"npc_dota_hero_treant":{"lastAbilityUpgraded":"","victory":false,"state":{"kills":0,"towersLeft":1,"netWorth":0.01104000024497509,"xp":0.0030555555131286383,"teamXp":0.019345678389072418,"teamDeaths":0.004000000189989805,"enemyTowersLeft":1,"deaths":0,"teamNetWorth":0.04616999998688698,"teamKills":0},"lastItemPurchased":[0,0,0,0,0,0,0,0,0,0,0]},"npc_dota_hero_zuus":{"lastAbilityUpgraded":"","victory":true,"state":{"kills":0.0010000000474974513,"towersLeft":1,"netWorth":0.011509999632835388,"xp":0.012685185298323631,"teamXp":0.025148147717118263,"teamDeaths":0,"enemyTowersLeft":1,"deaths":0,"teamNetWorth":0.06239999830722809,"teamKills":0.003000000026077032},"lastItemPurchased":[0,0,0,0,0,0,0,0,0,0,0]},"npc_dota_hero_rubick":{"lastAbilityUpgraded":"","victory":true,"state":{"kills":0,"towersLeft":1,"netWorth":0.009220000356435776,"xp":0.014876543544232845,"teamXp":0.025148147717118263,"teamDeaths":0,"enemyTowersLeft":1,"deaths":0,"teamNetWorth":0.06239999830722809,"teamKills":0.003000000026077032},"lastItemPurchased":[1,0,0,0,0,0,0,0,0,0,0]},"npc_dota_hero_legion_commander":{"lastAbilityUpgraded":"","victory":true,"state":{"kills":0,"towersLeft":1,"netWorth":0.011739999987185001,"xp":0.01827160455286503,"teamXp":0.025148147717118263,"teamDeaths":0,"enemyTowersLeft":1,"deaths":0,"teamNetWorth":0.06239999830722809,"teamKills":0.003000000026077032},"lastItemPurchased":[0,0,0,1,0,0,0,0,0,0,0]},"npc_dota_hero_venomancer":{"lastAbilityUpgraded":"","victory":false,"state":{"kills":0,"towersLeft":1,"netWorth":0.010289999656379223,"xp":0.03601851686835289,"teamXp":0.019345678389072418,"teamDeaths":0.004000000189989805,"enemyTowersLeft":1,"deaths":0.0010000000474974513,"teamNetWorth":0.04616999998688698,"teamKills":0},"lastItemPurchased":[0,0,0,0,0,0,0,0,0,0,0]},"npc_dota_hero_dazzle":{"lastAbilityUpgraded":"","victory":false,"state":{"kills":0,"towersLeft":1,"netWorth":0.006779999937862158,"xp":0.010987654328346252,"teamXp":0.019345678389072418,"teamDeaths":0.004000000189989805,"enemyTowersLeft":1,"deaths":0.0010000000474974513,"teamNetWorth":0.04616999998688698,"teamKills":0},"lastItemPurchased":[0,0,0,0,0,0,0,0,0,0,0]},"npc_dota_hero_sniper":{"lastAbilityUpgraded":"","victory":true,"state":{"kills":0.0020000000949949026,"towersLeft":1,"netWorth":0.017740000039339066,"xp":0.040432099252939224,"teamXp":0.025148147717118263,"teamDeaths":0,"enemyTowersLeft":1,"deaths":0,"teamNetWorth":0.06239999830722809,"teamKills":0.003000000026077032},"lastItemPurchased":[0,0,0,0,0,1,0,0,0,0,0]},"npc_dota_hero_morphling":{"lastAbilityUpgraded":"","victory":false,"state":{"kills":0,"towersLeft":1,"netWorth":0.0101500004529953,"xp":0.02104938216507435,"teamXp":0.019345678389072418,"teamDeaths":0.004000000189989805,"enemyTowersLeft":1,"deaths":0.0010000000474974513,"teamNetWorth":0.04616999998688698,"teamKills":0},"lastItemPurchased":[0,0,0,0,0,0,0,0,0,0,0]},"npc_dota_hero_omniknight":{"lastAbilityUpgraded":"","victory":false,"state":{"kills":0,"towersLeft":1,"netWorth":0.007910000160336494,"xp":0.025617284700274467,"teamXp":0.019345678389072418,"teamDeaths":0.004000000189989805,"enemyTowersLeft":1,"deaths":0.0010000000474974513,"teamNetWorth":0.04616999998688698,"teamKills":0},"lastItemPurchased":[0,1,0,0,0,0,0,0,0,0,0]},"npc_dota_hero_juggernaut":{"lastAbilityUpgraded":"","victory":true,"state":{"kills":0,"towersLeft":1,"netWorth":0.012190000154078007,"xp":0.03947530686855316,"teamXp":0.025148147717118263,"teamDeaths":0,"enemyTowersLeft":1,"deaths":0,"teamNetWorth":0.06239999830722809,"teamKills":0.003000000026077032},"lastItemPurchased":[0,0,0,0,0,0,0,0,0,0,0]}}}