{"gameTime":43,"state":{"npc_dota_hero_faceless_void":{"lastAbilityUpgraded":"","victory":false,"state":{"kills":0.003000000026077032,"towersLeft":0.3030303120613098,"netWorth":0.1050499975681305,"xp":0.6557407379150391,"teamXp":0.5453147888183594,"teamDeaths":0.032999999821186066,"enemyTowersLeft":0.9090909361839294,"deaths":0.003000000026077032,"teamNetWorth":0.5094199776649475,"teamKills":0.02199999988079071},"lastItemPurchased":[0,0,1,0,0,0,0,0,0,0,0]},"npc_dota_hero_naga_siren":{"lastAbilityUpgraded":"","victory":false,"state":{"kills":0.0010000000474974513,"towersLeft":0.3030303120613098,"netWorth":0.12394999712705612,"xp":0.464413583278656,"teamXp":0.5453147888183594,"teamDeaths":0.032999999821186066,"enemyTowersLeft":0.9090909361839294,"deaths":0.007000000216066837,"teamNetWorth":0.5094199776649475,"teamKills":0.02199999988079071},"lastItemPurchased":[0,0,0,0,0,0,0,0,0,0,0]},"npc_dota_hero_antimage":{"lastAbilityUpgraded":"","victory":true,"state":{"kills":0.014000000432133675,"towersLeft":0.9090909361839294,"netWorth":0.29517999291419983,"xp":1.0052160024642944,"teamXp":0.6090679168701172,"teamDeaths":0.024000000208616257,"enemyTowersLeft":0.3030303120613098,"deaths":0.004000000189989805,"teamNetWorth":0.7123399972915649,"teamKills":0.03400000184774399},"lastItemPurchased":[0,0,0,0,0,0,0,0,0,0,0]},"npc_dota_hero_nyx_assassin":{"lastAbilityUpgraded":"","victory":true,"state":{"kills":0.00800000037997961,"towersLeft":0.9090909361839294,"netWorth":0.11685000360012054,"xp":0.5491358041763306,"teamXp":0.6090679168701172,"teamDeaths":0.024000000208616257,"enemyTowersLeft":0.3030303120613098,"deaths":0.006000000052154064,"teamNetWorth":0.7123399972915649,"teamKills":0.03400000184774399},"lastItemPurchased":[0,0,0,0,0,0,0,0,0,0,0]},"npc_dota_hero_pudge":{"lastAbilityUpgraded":"","victory":true,"state":{"kills":0.007000000216066837,"towersLeft":0.9090909361839294,"netWorth":0.06266999989748001,"xp":0.3253703713417053,"teamXp":0.6090679168701172,"teamDeaths":0.024000000208616257,"enemyTowersLeft":0.3030303120613098,"deaths":0.004999999888241291,"teamNetWorth":0.7123399972915649,"teamKills":0.03400000184774399},"lastItemPurchased":[1,0,0,0,0,0,0,0,0,0,0]},"npc_dota_hero_invoker":{"lastAbilityUpgraded":"","victory":true,"state":{"kills":0.004000000189989805,"towersLeft":0.9090909361839294,"netWorth":0.10317999869585037,"xp":0.5555247068405151,"teamXp":0.6090679168701172,"teamDeaths":0.024000000208616257,"enemyTowersLeft":0.3030303120613098,"deaths":0.004999999888241291,"teamNetWorth":0.7123399972915649,"teamKills":0.03400000184774399},"lastItemPurchased":[0,0,0,0,0,0,0,0,0,0,0]},"npc_dota_hero_lion":{"lastAbilityUpgraded":"","victory":false,"state":{"kills":0.0010000000474974513,"towersLeft":0.3030303120613098,"netWorth":0.020659999921917915,"xp":0.28188270330429077,"teamXp":0.5453147888183594,"teamDeaths":0.032999999821186066,"enemyTowersLeft":0.9090909361839294,"deaths":0.012000000104308128,"teamNetWorth":0.5094199776649475,"teamKills":0.02199999988079071},"lastItemPurchased":[1,0,0,0,0,0,0,0,0,0,0]},"npc_dota_hero_sniper":{"lastAbilityUpgraded":"","victory":false,"state":{"kills":0.012000000104308128,"towersLeft":0.3030303120613098,"netWorth":0.16904999315738678,"xp":0.6729012131690979,"teamXp":0.5453147888183594,"teamDeaths":0.032999999821186066,"enemyTowersLeft":0.9090909361839294,"deaths":0.004000000189989805,"teamNetWorth":0.5094199776649475,"teamKills":0.02199999988079071},"lastItemPurchased":[0,0,0,0,0,0,0,0,0,1,0]},"npc_dota_hero_beastmaster":{"lastAbilityUpgraded":"","victory":true,"state":{"kills":0.0010000000474974513,"towersLeft":0.9090909361839294,"netWorth":0.13446000218391418,"xp":0.6100925803184509,"teamXp":0.6090679168701172,"teamDeaths":0.024000000208616257,"enemyTowersLeft":0.3030303120613098,"deaths":0.004000000189989805,"teamNetWorth":0.7123399972915649,"teamKills":0.03400000184774399},"lastItemPurchased":[0,0,0,0,0,0,1,0,0,0,0]},"npc_dota_hero_necrolyte":{"lastAbilityUpgraded":"","victory":false,"state":{"kills":0.004999999888241291,"towersLeft":0.3030303120613098,"netWorth":0.09070999920368195,"xp":0.6516358256340027,"teamXp":0.5453147888183594,"teamDeaths":0.032999999821186066,"enemyTowersLeft":0.9090909361839294,"deaths":0.007000000216066837,"teamNetWorth":0.5094199776649475,"teamKills":0.02199999988079071},"lastItemPurchased":[0,0,0,0,0,0,0,0,0,0,0]}}}