{"gameTime":46,"state":{"npc_dota_hero_rubick":{"lastAbilityUpgraded":"","victory":true,"state":{"kills":0.0020000000949949026,"towersLeft":0.8787878751754761,"netWorth":0.057670000940561295,"xp":0.3350617289543152,"teamXp":0.5629197359085083,"teamDeaths":0.03099999949336052,"enemyTowersLeft":0.5454545617103577,"deaths":0.008999999612569809,"teamNetWorth":0.6977499723434448,"teamKills":0.05000000074505806},"lastItemPurchased":[0,0,0,0,0,0,0,0,0,0,0]},"npc_dota_hero_sand_king":{"lastAbilityUpgraded":"","victory":false,"state":{"kills":0.006000000052154064,"towersLeft":0.5757575631141663,"netWorth":0.027459999546408653,"xp":0.4123148024082184,"teamXp":0.44918519258499146,"teamDeaths":0.04899999871850014,"enemyTowersLeft":0.9090909361839294,"deaths":0.017999999225139618,"teamNetWorth":0.43953999876976013,"teamKills":0.026000000536441803},"lastItemPurchased":[0,0,0,0,0,0,0,0,0,0,0]},"npc_dota_hero_mirana":{"lastAbilityUpgraded":"","victory":false,"state":{"kills":0.008999999612569809,"towersLeft":0.5757575631141663,"netWorth":0.17353999614715576,"xp":0.590925931930542,"teamXp":0.44918519258499146,"teamDeaths":0.04899999871850014,"enemyTowersLeft":0.9090909361839294,"deaths":0.004000000189989805,"teamNetWorth":0.43953999876976013,"teamKills":0.026000000536441803},"lastItemPurchased":[1,0,0,0,0,0,0,0,0,0,0]},"npc_dota_hero_tinker":{"lastAbilityUpgraded":"","victory":true,"state":{"kills":0.014999999664723873,"towersLeft":0.8787878751754761,"netWorth":0.1780100017786026,"xp":0.6095987558364868,"teamXp":0.5629197359085083,"teamDeaths":0.03099999949336052,"enemyTowersLeft":0.5454545617103577,"deaths":0.003000000026077032,"teamNetWorth":0.6977499723434448,"teamKills":0.05000000074505806},"lastItemPurchased":[0,0,0,0,0,0,0,0,0,0,0]},"npc_dota_hero_luna":{"lastAbilityUpgraded":"","victory":false,"state":{"kills":0.006000000052154064,"towersLeft":0.5757575631141663,"netWorth":0.15252000093460083,"xp":0.5589197278022766,"teamXp":0.44918519258499146,"teamDeaths":0.04899999871850014,"enemyTowersLeft":0.9090909361839294,"deaths":0.006000000052154064,"teamNetWorth":0.43953999876976013,"teamKills":0.026000000536441803},"lastItemPurchased":[0,0,0,0,0,0,0,0,0,0,0]},"npc_dota_hero_slardar":{"lastAbilityUpgraded":"","victory":true,"state":{"kills":0.004000000189989805,"towersLeft":0.8787878751754761,"netWorth":0.09939000010490417,"xp":0.5214506387710571,"teamXp":0.5629197359085083,"teamDeaths":0.03099999949336052,"enemyTowersLeft":0.5454545617103577,"deaths":0.004999999888241291,"teamNetWorth":0.6977499723434448,"teamKills":0.05000000074505806},"lastItemPurchased":[0,0,0,0,0,0,0,0,1,0,0]},"npc_dota_hero_ogre_magi":{"lastAbilityUpgraded":"","victory":false,"state":{"kills":0.004000000189989805,"towersLeft":0.5757575631141663,"netWorth":0.031039999797940254,"xp":0.4184567928314209,"teamXp":0.44918519258499146,"teamDeaths":0.04899999871850014,"enemyTowersLeft":0.9090909361839294,"deaths":0.010999999940395355,"teamNetWorth":0.43953999876976013,"teamKills":0.026000000536441803},"lastItemPurchased":[0,0,0,0,0,0,0,0,0,0,0]},"npc_dota_hero_morphling":{"lastAbilityUpgraded":"","victory":true,"state":{"kills":0.02500000037252903,"towersLeft":0.8787878751754761,"netWorth":0.29179999232292175,"xp":0.9284567832946777,"teamXp":0.5629197359085083,"teamDeaths":0.03099999949336052,"enemyTowersLeft":0.5454545617103577,"deaths":0.004000000189989805,"teamNetWorth":0.6977499723434448,"teamKills":0.05000000074505806},"lastItemPurchased":[0,0,0,0,0,0,0,0,0,0,0]},"npc_dota_hero_shadow_demon":{"lastAbilityUpgraded":"","victory":false,"state":{"kills":0.0010000000474974513,"towersLeft":0.5757575631141663,"netWorth":0.054979998618364334,"xp":0.2653086483478546,"teamXp":0.44918519258499146,"teamDeaths":0.04899999871850014,"enemyTowersLeft":0.9090909361839294,"deaths":0.009999999776482582,"teamNetWorth":0.43953999876976013,"teamKills":0.026000000536441803},"lastItemPurchased":[0,0,0,0,0,0,0,0,0,0,0]},"npc_dota_hero_disruptor":{"lastAbilityUpgraded":"","victory":true,"state":{"kills":0.004000000189989805,"towersLeft":0.8787878751754761,"netWorth":0.07088000327348709,"xp":0.4200308620929718,"teamXp":0.5629197359085083,"teamDeaths":0.03099999949336052,"enemyTowersLeft":0.5454545617103577,"deaths":0.009999999776482582,"teamNetWorth":0.6977499723434448,"teamKills":0.05000000074505806},"lastItemPurchased":[0,1,0,0,0,0,0,0,0,0,0]}}}