{"gameTime":11,"state":{"npc_dota_hero_antimage":{"lastAbilityUpgraded":"","victory":true,"state":{"kills":0,"towersLeft":1,"netWorth":0.02159000001847744,"xp":0.06833333522081375,"teamXp":0.055882714688777924,"teamDeaths":0.006000000052154064,"enemyTowersLeft":1,"deaths":0,"teamNetWorth":0.08719000220298767,"teamKills":0.007000000216066837},"lastItemPurchased":[0,0,0,0,0,0,0,0,0,0,0]},"npc_dota_hero_rubick":{"lastAbilityUpgraded":"","victory":false,"state":{"kills":0.003000000026077032,"towersLeft":1,"netWorth":0.016829999163746834,"xp":0.05003086477518082,"teamXp":0.05829012393951416,"teamDeaths":0.00800000037997961,"enemyTowersLeft":1,"deaths":0.0020000000949949026,"teamNetWorth":0.08696000277996063,"teamKills":0.006000000052154064},"lastItemPurchased":[0,0,0,0,0,0,0,0,0,0,0]},"npc_dota_hero_drow_ranger":{"lastAbilityUpgraded":"","victory":false,"state":{"kills":0.0020000000949949026,"towersLeft":1,"netWorth":0.023819999769330025,"xp":0.07824073731899261,"teamXp":0.05829012393951416,"teamDeaths":0.00800000037997961,"enemyTowersLeft":1,"deaths":0.0010000000474974513,"teamNetWorth":0.08696000277996063,"teamKills":0.006000000052154064},"lastItemPurchased":[0,0,1,0,0,0,0,0,0,0,0]},"npc_dota_hero_axe":{"lastAbilityUpgraded":"","victory":false,"state":{"kills":0,"towersLeft":1,"netWorth":0.025869999080896378,"xp":0.08580246567726135,"teamXp":0.05829012393951416,"teamDeaths":0.00800000037997961,"enemyTowersLeft":1,"deaths":0,"teamNetWorth":0.08696000277996063,"teamKills":0.006000000052154064},"lastItemPurchased":[0,0,0,0,0,0,0,0,0,0,1]},"npc_dota_hero_pudge":{"lastAbilityUpgraded":"","victory":false,"state":{"kills":0.0010000000474974513,"towersLeft":1,"netWorth":0.0065299998968839645,"xp":0.028888888657093048,"teamXp":0.05829012393951416,"teamDeaths":0.00800000037997961,"enemyTowersLeft":1,"deaths":0.004000000189989805,"teamNetWorth":0.08696000277996063,"teamKills":0.006000000052154064},"lastItemPurchased":[1,0,0,0,0,0,0,0,0,0,0]},"npc_dota_hero_mirana":{"lastAbilityUpgraded":"","victory":true,"state":{"kills":0.004000000189989805,"towersLeft":1,"netWorth":0.02621000073850155,"xp":0.05740740895271301,"teamXp":0.055882714688777924,"teamDeaths":0.006000000052154064,"enemyTowersLeft":1,"deaths":0,"teamNetWorth":0.08719000220298767,"teamKills":0.007000000216066837},"lastItemPurchased":[0,0,0,0,0,0,0,0,0,0,0]},"npc_dota_hero_ember_spirit":{"lastAbilityUpgraded":"","victory":true,"state":{"kills":0.0020000000949949026,"towersLeft":1,"netWorth":0.017100000753998756,"xp":0.06496913731098175,"teamXp":0.055882714688777924,"teamDeaths":0.006000000052154064,"enemyTowersLeft":1,"deaths":0.0020000000949949026,"teamNetWorth":0.08719000220298767,"teamKills":0.007000000216066837},"lastItemPurchased":[0,0,0,0,0,0,0,0,0,0,0]},"npc_dota_hero_rattletrap":{"lastAbilityUpgraded":"","victory":true,"state":{"kills":0,"towersLeft":1,"netWorth":0.011950000189244747,"xp":0.05753086507320404,"teamXp":0.055882714688777924,"teamDeaths":0.006000000052154064,"enemyTowersLeft":1,"deaths":0.0020000000949949026,"teamNetWorth":0.08719000220298767,"teamKills":0.007000000216066837},"lastItemPurchased":[0,0,0,0,0,0,0,0,0,0,0]},"npc_dota_hero_obsidian_destroyer":{"lastAbilityUpgraded":"","victory":false,"state":{"kills":0,"towersLeft":1,"netWorth":0.013910000212490559,"xp":0.04848765581846237,"teamXp":0.05829012393951416,"teamDeaths":0.00800000037997961,"enemyTowersLeft":1,"deaths":0.0010000000474974513,"teamNetWorth":0.08696000277996063,"teamKills":0.006000000052154064},"lastItemPurchased":[0,0,0,0,0,0,0,0,0,0,0]},"npc_dota_hero_disruptor":{"lastAbilityUpgraded":"","victory":true,"state":{"kills":0.0010000000474974513,"towersLeft":1,"netWorth":0.010339999571442604,"xp":0.031172839924693108,"teamXp":0.055882714688777924,"teamDeaths":0.006000000052154064,"enemyTowersLeft":1,"deaths":0.0020000000949949026,"teamNetWorth":0.08719000220298767,"teamKills":0.007000000216066837},"lastItemPurchased":[0,0,0,0,0,0,0,0,0,0,0]}}}