{"gameTime":52,"state":{"npc_dota_hero_faceless_void":{"lastAbilityUpgraded":"","victory":false,"state":{"kills":0.00800000037997961,"towersLeft":0.4848484992980957,"netWorth":0.1579499989748001,"xp":1.0099999904632568,"teamXp":0.8113641738891602,"teamDeaths":0.04899999871850014,"enemyTowersLeft":0.8484848737716675,"deaths":0.006000000052154064,"teamNetWorth":0.6001799702644348,"teamKills":0.04500000178813934},"lastItemPurchased":[0,0,0,0,0,0,0,0,0,0,0]},"npc_dota_hero_zuus":{"lastAbilityUpgraded":"","victory":true,"state":{"kills":0.007000000216066837,"towersLeft":0.8181818127632141,"netWorth":0.058010000735521317,"xp":0.602530837059021,"teamXp":0.8823580145835876,"teamDeaths":0.04600000008940697,"enemyTowersLeft":0.4545454680919647,"deaths":0.013000000268220901,"teamNetWorth":0.8019499778747559,"teamKills":0.04899999871850014},"lastItemPurchased":[0,0,0,0,0,0,1,0,0,0,0]},"npc_dota_hero_ursa":{"lastAbilityUpgraded":"","victory":true,"state":{"kills":0.012000000104308128,"towersLeft":0.8181818127632141,"netWorth":0.1460999995470047,"xp":0.7647531032562256,"teamXp":0.8823580145835876,"teamDeaths":0.04600000008940697,"enemyTowersLeft":0.4545454680919647,"deaths":0.009999999776482582,"teamNetWorth":0.8019499778747559,"teamKills":0.04899999871850014},"lastItemPurchased":[0,0,0,0,0,0,0,0,0,0,0]},"npc_dota_hero_phantom_assassin":{"lastAbilityUpgraded":"","victory":false,"state":{"kills":0.014000000432133675,"towersLeft":0.4848484992980957,"netWorth":0.12488000094890594,"xp":0.8450000286102295,"teamXp":0.8113641738891602,"teamDeaths":0.04899999871850014,"enemyTowersLeft":0.8484848737716675,"deaths":0.009999999776482582,"teamNetWorth":0.6001799702644348,"teamKills":0.04500000178813934},"lastItemPurchased":[0,0,0,0,0,0,0,0,0,0,0]},"npc_dota_hero_oracle":{"lastAbilityUpgraded":"","victory":false,"state":{"kills":0.00800000037997961,"towersLeft":0.4848484992980957,"netWorth":0.07325000315904617,"xp":0.6568210124969482,"teamXp":0.8113641738891602,"teamDeaths":0.04899999871850014,"enemyTowersLeft":0.8484848737716675,"deaths":0.009999999776482582,"teamNetWorth":0.6001799702644348,"teamKills":0.04500000178813934},"lastItemPurchased":[0,0,0,0,0,0,0,0,0,0,0]},"npc_dota_hero_windrunner":{"lastAbilityUpgraded":"","victory":false,"state":{"kills":0.013000000268220901,"towersLeft":0.4848484992980957,"netWorth":0.1689700037240982,"xp":0.9846296310424805,"teamXp":0.8113641738891602,"teamDeaths":0.04899999871850014,"enemyTowersLeft":0.8484848737716675,"deaths":0.008999999612569809,"teamNetWorth":0.6001799702644348,"teamKills":0.04500000178813934},"lastItemPurchased":[0,0,0,0,0,0,0,0,0,0,0]},"npc_dota_hero_ember_spirit":{"lastAbilityUpgraded":"","victory":true,"state":{"kills":0.012000000104308128,"towersLeft":0.8181818127632141,"netWorth":0.1985899955034256,"xp":1.0419752597808838,"teamXp":0.8823580145835876,"teamDeaths":0.04600000008940697,"enemyTowersLeft":0.4545454680919647,"deaths":0.007000000216066837,"teamNetWorth":0.8019499778747559,"teamKills":0.04899999871850014},"lastItemPurchased":[0,0,0,0,0,0,0,0,0,0,0]},"npc_dota_hero_elder_titan":{"lastAbilityUpgraded":"","victory":false,"state":{"kills":0.0020000000949949026,"towersLeft":0.4848484992980957,"netWorth":0.07513000071048737,"xp":0.5603703856468201,"teamXp":0.8113641738891602,"teamDeaths":0.04899999871850014,"enemyTowersLeft":0.8484848737716675,"deaths":0.014000000432133675,"teamNetWorth":0.6001799702644348,"teamKills":0.04500000178813934},"lastItemPurchased":[0,0,0,0,0,0,0,0,0,0,0]},"npc_dota_hero_shredder":{"lastAbilityUpgraded":"","victory":true,"state":{"kills":0.00800000037997961,"towersLeft":0.8181818127632141,"netWorth":0.17684000730514526,"xp":1.0019135475158691,"teamXp":0.8823580145835876,"teamDeaths":0.04600000008940697,"enemyTowersLeft":0.4545454680919647,"deaths":0.010999999940395355,"teamNetWorth":0.8019499778747559,"teamKills":0.04899999871850014},"lastItemPurchased":[0,0,0,0,0,0,0,0,0,0,0]},"npc_dota_hero_slark":{"lastAbilityUpgraded":"","victory":true,"state":{"kills":0.009999999776482582,"towersLeft":0.8181818127632141,"netWorth":0.22240999341011047,"xp":1.000617265701294,"teamXp":0.8823580145835876,"teamDeaths":0.04600000008940697,"enemyTowersLeft":0.4545454680919647,"deaths":0.004999999888241291,"teamNetWorth":0.8019499778747559,"teamKills":0.04899999871850014},"lastItemPurchased":[0,0,0,0,0,0,0,0,0,0,0]}}}