{"gameTime":7,"state":{"npc_dota_hero_faceless_void":{"lastAbilityUpgraded":"","victory":false,"state":{"kills":0,"towersLeft":1,"netWorth":0.01283000037074089,"xp":0.012469136156141758,"teamXp":0.008172839879989624,"teamDeaths":0,"enemyTowersLeft":1,"deaths":0,"teamNetWorth":0.04459000006318092,"teamKills":0},"lastItemPurchased":[0,0,1,0,0,0,0,0,0,0,0]},"npc_dota_hero_zuus":{"lastAbilityUpgraded":"","victory":true,"state":{"kills":0,"towersLeft":1,"netWorth":0.0062500000931322575,"xp":0.005493827164173126,"teamXp":0.008191358298063278,"teamDeaths":0,"enemyTowersLeft":1,"deaths":0,"teamNetWorth":0.0393499992787838,"teamKills":0},"lastItemPurchased":[0,0,0,0,0,0,0,0,0,0,0]},"npc_dota_hero_ursa":{"lastAbilityUpgraded":"","victory":true,"state":{"kills":0,"towersLeft":1,"netWorth":0.007809999864548445,"xp":0.009845678694546223,"teamXp":0.008191358298063278,"teamDeaths":0,"enemyTowersLeft":1,"deaths":0,"teamNetWorth":0.0393499992787838,"teamKills":0},"lastItemPurchased":[0,0,0,0,0,0,0,0,0,0,0]},"npc_dota_hero_phantom_assassin":{"lastAbilityUpgraded":"","victory":false,"state":{"kills":0,"towersLeft":1,"netWorth":0.0086899995803833,"xp":0.005061728414148092,"teamXp":0.008172839879989624,"teamDeaths":0,"enemyTowersLeft":1,"deaths":0,"teamNetWorth":0.04459000006318092,"teamKills":0},"lastItemPurchased":[0,0,1,0,0,0,0,0,0,0,0]},"npc_dota_hero_oracle":{"lastAbilityUpgraded":"","victory":false,"state":{"kills":0,"towersLeft":1,"netWorth":0.006750000175088644,"xp":0.005061728414148092,"teamXp":0.008172839879989624,"teamDeaths":0,"enemyTowersLeft":1,"deaths":0,"teamNetWorth":0.04459000006318092,"teamKills":0},"lastItemPurchased":[0,0,0,0,0,0,0,0,0,0,0]},"npc_dota_hero_windrunner":{"lastAbilityUpgraded":"","victory":false,"state":{"kills":0,"towersLeft":1,"netWorth":0.01006999984383583,"xp":0.015277777798473835,"teamXp":0.008172839879989624,"teamDeaths":0,"enemyTowersLeft":1,"deaths":0,"teamNetWorth":0.04459000006318092,"teamKills":0},"lastItemPurchased":[0,0,0,0,0,0,0,0,0,0,0]},"npc_dota_hero_ember_spirit":{"lastAbilityUpgraded":"","victory":true,"state":{"kills":0,"towersLeft":1,"netWorth":0.009220000356435776,"xp":0.010401234962046146,"teamXp":0.008191358298063278,"teamDeaths":0,"enemyTowersLeft":1,"deaths":0,"teamNetWorth":0.0393499992787838,"teamKills":0},"lastItemPurchased":[1,0,0,0,0,0,0,0,0,0,0]},"npc_dota_hero_elder_titan":{"lastAbilityUpgraded":"","victory":false,"state":{"kills":0,"towersLeft":1,"netWorth":0.0062500000931322575,"xp":0.0029938272200524807,"teamXp":0.008172839879989624,"teamDeaths":0,"enemyTowersLeft":1,"deaths":0,"teamNetWorth":0.04459000006318092,"teamKills":0},"lastItemPurchased":[0,0,0,0,0,0,0,0,0,0,0]},"npc_dota_hero_shredder":{"lastAbilityUpgraded":"","victory":true,"state":{"kills":0,"towersLeft":1,"netWorth":0.006990000139921904,"xp":0.008333333767950535,"teamXp":0.008191358298063278,"teamDeaths":0,"enemyTowersLeft":1,"deaths":0,"teamNetWorth":0.0393499992787838,"teamKills":0},"lastItemPurchased":[0,0,0,0,0,0,0,0,0,0,0]},"npc_dota_hero_slark":{"lastAbilityUpgraded":"","victory":true,"state":{"kills":0,"towersLeft":1,"netWorth":0.009080000221729279,"xp":0.006882715970277786,"teamXp":0.008191358298063278,"teamDeaths":0,"enemyTowersLeft":1,"deaths":0,"teamNetWorth":0.0393499992787838,"teamKills":0},"lastItemPurchased":[0,0,1,0,0,0,0,0,0,0,0]}}}