{"gameTime":8,"state":{"npc_dota_hero_faceless_void":{"lastAbilityUpgraded":"","victory":true,"state":{"kills":0,"towersLeft":1,"netWorth":0.0062500000931322575,"xp":0.006882715970277786,"teamXp":0.013141975738108158,"teamDeaths":0,"enemyTowersLeft":1,"deaths":0,"teamNetWorth":0.04366999864578247,"teamKills":0},"lastItemPurchased":[0,0,0,0,0,0,0,0,0,0,0]},"npc_dota_hero_rubick":{"lastAbilityUpgraded":"","victory":false,"state":{"kills":0,"towersLeft":1,"netWorth":0.00925000011920929,"xp":0.0046913581900298595,"teamXp":0.008999999612569809,"teamDeaths":0,"enemyTowersLeft":1,"deaths":0,"teamNetWorth":0.04061000049114227,"teamKills":0},"lastItemPurchased":[0,0,0,0,0,0,0,0,0,0,0]},"npc_dota_hero_alchemist":{"lastAbilityUpgraded":"","victory":true,"state":{"kills":0,"towersLeft":1,"netWorth":0.011710000224411488,"xp":0.02003086358308792,"teamXp":0.013141975738108158,"teamDeaths":0,"enemyTowersLeft":1,"deaths":0,"teamNetWorth":0.04366999864578247,"teamKills":0},"lastItemPurchased":[0,0,0,0,1,0,0,0,0,0,0]},"npc_dota_hero_arc_warden":{"lastAbilityUpgraded":"","victory":true,"state":{"kills":0,"towersLeft":1,"netWorth":0.009340000338852406,"xp":0.014259259216487408,"teamXp":0.013141975738108158,"teamDeaths":0,"enemyTowersLeft":1,"deaths":0,"teamNetWorth":0.04366999864578247,"teamKills":0},"lastItemPurchased":[0,0,0,1,0,0,0,0,0,0,0]},"npc_dota_hero_mirana":{"lastAbilityUpgraded":"","victory":true,"state":{"kills":0,"towersLeft":1,"netWorth":0.008500000461935997,"xp":0.009999999776482582,"teamXp":0.013141975738108158,"teamDeaths":0,"enemyTowersLeft":1,"deaths":0,"teamNetWorth":0.04366999864578247,"teamKills":0},"lastItemPurchased":[0,0,0,0,0,0,0,0,0,0,0]},"npc_dota_hero_beastmaster":{"lastAbilityUpgraded":"","victory":false,"state":{"kills":0,"towersLeft":1,"netWorth":0.00824000034481287,"xp":0.013179012574255466,"teamXp":0.008999999612569809,"teamDeaths":0,"enemyTowersLeft":1,"deaths":0,"teamNetWorth":0.04061000049114227,"teamKills":0},"lastItemPurchased":[0,0,0,0,0,0,0,0,0,0,0]},"npc_dota_hero_lion":{"lastAbilityUpgraded":"","victory":false,"state":{"kills":0,"towersLeft":1,"netWorth":0.0062500000931322575,"xp":0.0019753086380660534,"teamXp":0.008999999612569809,"teamDeaths":0,"enemyTowersLeft":1,"deaths":0,"teamNetWorth":0.04061000049114227,"teamKills":0},"lastItemPurchased":[1,0,0,0,0,0,0,0,0,0,0]},"npc_dota_hero_ogre_magi":{"lastAbilityUpgraded":"","victory":true,"state":{"kills":0,"towersLeft":1,"netWorth":0.00786999985575676,"xp":0.01453703735023737,"teamXp":0.013141975738108158,"teamDeaths":0,"enemyTowersLeft":1,"deaths":0,"teamNetWorth":0.04366999864578247,"teamKills":0},"lastItemPurchased":[0,0,0,1,0,0,0,0,0,0,0]},"npc_dota_hero_puck":{"lastAbilityUpgraded":"","victory":false,"state":{"kills":0,"towersLeft":1,"netWorth":0.009119999594986439,"xp":0.02012345753610134,"teamXp":0.008999999612569809,"teamDeaths":0,"enemyTowersLeft":1,"deaths":0,"teamNetWorth":0.04061000049114227,"teamKills":0},"lastItemPurchased":[0,0,0,0,0,0,0,0,0,0,0]},"npc_dota_hero_slark":{"lastAbilityUpgraded":"","victory":false,"state":{"kills":0,"towersLeft":1,"netWorth":0.00774999987334013,"xp":0.005030864384025335,"teamXp":0.008999999612569809,"teamDeaths":0,"enemyTowersLeft":1,"deaths":0,"teamNetWorth":0.04061000049114227,"teamKills":0},"lastItemPurchased":[0,1,0,0,0,0,0,0,0,0,0]}}}