{"gameTime":20,"state":{"npc_dota_hero_antimage":{"lastAbilityUpgraded":"","victory":true,"state":{"kills":0.0010000000474974513,"towersLeft":0.9696969985961914,"netWorth":0.052719999104738235,"xp":0.1767592579126358,"teamXp":0.16519135236740112,"teamDeaths":0.010999999940395355,"enemyTowersLeft":0.9696969985961914,"deaths":0,"teamNetWorth":0.18613000214099884,"teamKills":0.012000000104308128},"lastItemPurchased":[0,0,0,0,0,0,0,0,0,0,0]},"npc_dota_hero_witch_doctor":{"lastAbilityUpgraded":"","victory":false,"state":{"kills":0.003000000026077032,"towersLeft":0.9696969985961914,"netWorth":0.02274000085890293,"xp":0.09583333134651184,"teamXp":0.1472283899784088,"teamDeaths":0.013000000268220901,"enemyTowersLeft":0.9696969985961914,"deaths":0.0020000000949949026,"teamNetWorth":0.17874999344348907,"teamKills":0.008999999612569809},"lastItemPurchased":[0,0,0,0,0,0,0,0,0,0,0]},"npc_dota_hero_undying":{"lastAbilityUpgraded":"","victory":true,"state":{"kills":0.003000000026077032,"towersLeft":0.9696969985961914,"netWorth":0.02020999975502491,"xp":0.09111110866069794,"teamXp":0.16519135236740112,"teamDeaths":0.010999999940395355,"enemyTowersLeft":0.9696969985961914,"deaths":0.004000000189989805,"teamNetWorth":0.18613000214099884,"teamKills":0.012000000104308128},"lastItemPurchased":[0,0,0,0,0,0,0,0,0,0,0]},"npc_dota_hero_alchemist":{"lastAbilityUpgraded":"","victory":false,"state":{"kills":0.0010000000474974513,"towersLeft":0.9696969985961914,"netWorth":0.06925000250339508,"xp":0.14456790685653687,"teamXp":0.1472283899784088,"teamDeaths":0.013000000268220901,"enemyTowersLeft":0.9696969985961914,"deaths":0.0010000000474974513,"teamNetWorth":0.17874999344348907,"teamKills":0.008999999612569809},"lastItemPurchased":[0,0,0,0,0,0,0,0,0,0,0]},"npc_dota_hero_pudge":{"lastAbilityUpgraded":"","victory":false,"state":{"kills":0,"towersLeft":0.9696969985961914,"netWorth":0.014739999547600746,"xp":0.086265429854393,"teamXp":0.1472283899784088,"teamDeaths":0.013000000268220901,"enemyTowersLeft":0.9696969985961914,"deaths":0.004000000189989805,"teamNetWorth":0.17874999344348907,"teamKills":0.008999999612569809},"lastItemPurchased":[1,0,0,0,0,0,0,0,0,0,0]},"npc_dota_hero_invoker":{"lastAbilityUpgraded":"","victory":true,"state":{"kills":0.004999999888241291,"towersLeft":0.9696969985961914,"netWorth":0.06624999642372131,"xp":0.26299381256103516,"teamXp":0.16519135236740112,"teamDeaths":0.010999999940395355,"enemyTowersLeft":0.9696969985961914,"deaths":0,"teamNetWorth":0.18613000214099884,"teamKills":0.012000000104308128},"lastItemPurchased":[0,0,0,0,0,0,0,0,0,0,0]},"npc_dota_hero_abyssal_underlord":{"lastAbilityUpgraded":"","victory":true,"state":{"kills":0.0010000000474974513,"towersLeft":0.9696969985961914,"netWorth":0.030139999464154243,"xp":0.17564815282821655,"teamXp":0.16519135236740112,"teamDeaths":0.010999999940395355,"enemyTowersLeft":0.9696969985961914,"deaths":0.003000000026077032,"teamNetWorth":0.18613000214099884,"teamKills":0.012000000104308128},"lastItemPurchased":[0,0,0,0,0,0,0,0,0,0,0]},"npc_dota_hero_ogre_magi":{"lastAbilityUpgraded":"","victory":true,"state":{"kills":0.0020000000949949026,"towersLeft":0.9696969985961914,"netWorth":0.01680999994277954,"xp":0.11944444477558136,"teamXp":0.16519135236740112,"teamDeaths":0.010999999940395355,"enemyTowersLeft":0.9696969985961914,"deaths":0.004000000189989805,"teamNetWorth":0.18613000214099884,"teamKills":0.012000000104308128},"lastItemPurchased":[0,0,0,0,0,0,0,0,0,0,0]},"npc_dota_hero_shredder":{"lastAbilityUpgraded":"","victory":false,"state":{"kills":0.003000000026077032,"towersLeft":0.9696969985961914,"netWorth":0.04267000034451485,"xp":0.22333332896232605,"teamXp":0.1472283899784088,"teamDeaths":0.013000000268220901,"enemyTowersLeft":0.9696969985961914,"deaths":0.0010000000474974513,"teamNetWorth":0.17874999344348907,"teamKills":0.008999999612569809},"lastItemPurchased":[0,0,0,0,0,0,0,0,0,0,0]},"npc_dota_hero_juggernaut":{"lastAbilityUpgraded":"","victory":false,"state":{"kills":0.0020000000949949026,"towersLeft":0.9696969985961914,"netWorth":0.029349999502301216,"xp":0.1861419826745987,"teamXp":0.1472283899784088,"teamDeaths":0.013000000268220901,"enemyTowersLeft":0.9696969985961914,"deaths":0.004999999888241291,"teamNetWorth":0.17874999344348907,"teamKills":0.008999999612569809},"lastItemPurchased":[0,0,0,0,0,1,0,0,0,0,0]}}}