{"gameTime":20,"state":{"npc_dota_hero_phantom_assassin":{"lastAbilityUpgraded":"","victory":false,"state":{"kills":0.0020000000949949026,"towersLeft":1,"netWorth":0.04661000147461891,"xp":0.19154320657253265,"teamXp":0.2231111079454422,"teamDeaths":0.013000000268220901,"enemyTowersLeft":0.939393937587738,"deaths":0,"teamNetWorth":0.23675000667572021,"teamKills":0.017999999225139618},"lastItemPurchased":[0,0,0,0,0,0,0,0,0,0,0]},"npc_dota_hero_nevermore":{"lastAbilityUpgraded":"","victory":false,"state":{"kills":0.006000000052154064,"towersLeft":1,"netWorth":0.07086999714374542,"xp":0.31490740180015564,"teamXp":0.2231111079454422,"teamDeaths":0.013000000268220901,"enemyTowersLeft":0.939393937587738,"deaths":0.003000000026077032,"teamNetWorth":0.23675000667572021,"teamKills":0.017999999225139618},"lastItemPurchased":[0,0,0,0,0,0,0,0,0,0,0]},"npc_dota_hero_arc_warden":{"lastAbilityUpgraded":"","victory":true,"state":{"kills":0.003000000026077032,"towersLeft":0.9090909361839294,"netWorth":0.030460000038146973,"xp":0.14564815163612366,"teamXp":0.1809629648923874,"teamDeaths":0.017999999225139618,"enemyTowersLeft":0.9696969985961914,"deaths":0.003000000026077032,"teamNetWorth":0.16052000224590302,"teamKills":0.012000000104308128},"lastItemPurchased":[0,0,0,0,0,0,0,0,0,0,0]},"npc_dota_hero_tiny":{"lastAbilityUpgraded":"","victory":false,"state":{"kills":0.004999999888241291,"towersLeft":1,"netWorth":0.04879999905824661,"xp":0.18354938924312592,"teamXp":0.2231111079454422,"teamDeaths":0.013000000268220901,"enemyTowersLeft":0.939393937587738,"deaths":0.003000000026077032,"teamNetWorth":0.23675000667572021,"teamKills":0.017999999225139618},"lastItemPurchased":[0,1,0,0,0,0,0,0,0,0,0]},"npc_dota_hero_kunkka":{"lastAbilityUpgraded":"","victory":false,"state":{"kills":0.003000000026077032,"towersLeft":1,"netWorth":0.0349700003862381,"xp":0.20466049015522003,"teamXp":0.2231111079454422,"teamDeaths":0.013000000268220901,"enemyTowersLeft":0.939393937587738,"deaths":0.004999999888241291,"teamNetWorth":0.23675000667572021,"teamKills":0.017999999225139618},"lastItemPurchased":[0,0,0,0,0,0,0,0,0,0,0]},"npc_dota_hero_sniper":{"lastAbilityUpgraded":"","victory":true,"state":{"kills":0,"towersLeft":0.9090909361839294,"netWorth":0.02761000022292137,"xp":0.19095678627490997,"teamXp":0.1809629648923874,"teamDeaths":0.017999999225139618,"enemyTowersLeft":0.9696969985961914,"deaths":0.006000000052154064,"teamNetWorth":0.16052000224590302,"teamKills":0.012000000104308128},"lastItemPurchased":[0,0,0,0,0,0,0,0,0,1,0]},"npc_dota_hero_slardar":{"lastAbilityUpgraded":"","victory":true,"state":{"kills":0.004000000189989805,"towersLeft":0.9090909361839294,"netWorth":0.04340999945998192,"xp":0.21425925195217133,"teamXp":0.1809629648923874,"teamDeaths":0.017999999225139618,"enemyTowersLeft":0.9696969985961914,"deaths":0.0020000000949949026,"teamNetWorth":0.16052000224590302,"teamKills":0.012000000104308128},"lastItemPurchased":[0,0,0,0,0,0,0,0,0,0,0]},"npc_dota_hero_shadow_demon":{"lastAbilityUpgraded":"","victory":true,"state":{"kills":0.0020000000949949026,"towersLeft":0.9090909361839294,"netWorth":0.014499999582767487,"xp":0.11040123552083969,"teamXp":0.1809629648923874,"teamDeaths":0.017999999225139618,"enemyTowersLeft":0.9696969985961914,"deaths":0.004999999888241291,"teamNetWorth":0.16052000224590302,"teamKills":0.012000000104308128},"lastItemPurchased":[0,0,0,0,0,0,0,0,0,0,0]},"npc_dota_hero_lich":{"lastAbilityUpgraded":"","victory":false,"state":{"kills":0.0020000000949949026,"towersLeft":1,"netWorth":0.03550000116229057,"xp":0.22089506685733795,"teamXp":0.2231111079454422,"teamDeaths":0.013000000268220901,"enemyTowersLeft":0.939393937587738,"deaths":0.0020000000949949026,"teamNetWorth":0.23675000667572021,"teamKills":0.017999999225139618},"lastItemPurchased":[0,0,0,0,0,0,0,0,0,0,0]},"npc_dota_hero_slark":{"lastAbilityUpgraded":"","victory":true,"state":{"kills":0.003000000026077032,"towersLeft":0.9090909361839294,"netWorth":0.04453999921679497,"xp":0.2435493767261505,"teamXp":0.1809629648923874,"teamDeaths":0.017999999225139618,"enemyTowersLeft":0.9696969985961914,"deaths":0.0020000000949949026,"teamNetWorth":0.16052000224590302,"teamKills":0.012000000104308128},"lastItemPurchased":[0,0,0,0,0,0,0,0,0,0,0]}}}