{"gameTime":33,"state":{"npc_dota_hero_nyx_assassin":{"lastAbilityUpgraded":"","victory":true,"state":{"kills":0.004000000189989805,"towersLeft":0.9696969985961914,"netWorth":0.04932999983429909,"xp":0.2745679020881653,"teamXp":0.42701852321624756,"teamDeaths":0.020999999716877937,"enemyTowersLeft":0.6363636255264282,"deaths":0.004999999888241291,"teamNetWorth":0.4922899901866913,"teamKills":0.03500000014901161},"lastItemPurchased":[0,0,0,0,0,0,0,0,0,0,0]},"npc_dota_hero_ursa":{"lastAbilityUpgraded":"","victory":false,"state":{"kills":0.004999999888241291,"towersLeft":0.6363636255264282,"netWorth":0.05420999974012375,"xp":0.3462037146091461,"teamXp":0.33449381589889526,"teamDeaths":0.03400000184774399,"enemyTowersLeft":0.9696969985961914,"deaths":0.009999999776482582,"teamNetWorth":0.297650009393692,"teamKills":0.019999999552965164},"lastItemPurchased":[0,0,0,0,0,0,0,0,0,0,0]},"npc_dota_hero_rubick":{"lastAbilityUpgraded":"","victory":false,"state":{"kills":0.004000000189989805,"towersLeft":0.6363636255264282,"netWorth":0.04991000145673752,"xp":0.3006789982318878,"teamXp":0.33449381589889526,"teamDeaths":0.03400000184774399,"enemyTowersLeft":0.9696969985961914,"deaths":0.006000000052154064,"teamNetWorth":0.297650009393692,"teamKills":0.019999999552965164},"lastItemPurchased":[0,0,0,0,0,0,0,0,0,0,0]},"npc_dota_hero_pudge":{"lastAbilityUpgraded":"","victory":true,"state":{"kills":0.0020000000949949026,"towersLeft":0.9696969985961914,"netWorth":0.0406000018119812,"xp":0.24518518149852753,"teamXp":0.42701852321624756,"teamDeaths":0.020999999716877937,"enemyTowersLeft":0.6363636255264282,"deaths":0.00800000037997961,"teamNetWorth":0.4922899901866913,"teamKills":0.03500000014901161},"lastItemPurchased":[0,0,0,0,0,0,0,0,0,0,0]},"npc_dota_hero_sand_king":{"lastAbilityUpgraded":"","victory":false,"state":{"kills":0.003000000026077032,"towersLeft":0.6363636255264282,"netWorth":0.046539999544620514,"xp":0.2954012453556061,"teamXp":0.33449381589889526,"teamDeaths":0.03400000184774399,"enemyTowersLeft":0.9696969985961914,"deaths":0.004999999888241291,"teamNetWorth":0.297650009393692,"teamKills":0.019999999552965164},"lastItemPurchased":[1,0,0,0,0,0,0,0,0,0,0]},"npc_dota_hero_morphling":{"lastAbilityUpgraded":"","victory":true,"state":{"kills":0.017000000923871994,"towersLeft":0.9696969985961914,"netWorth":0.18584999442100525,"xp":0.6483024954795837,"teamXp":0.42701852321624756,"teamDeaths":0.020999999716877937,"enemyTowersLeft":0.6363636255264282,"deaths":0.0010000000474974513,"teamNetWorth":0.4922899901866913,"teamKills":0.03500000014901161},"lastItemPurchased":[0,0,0,0,0,0,0,0,1,0,0]},"npc_dota_hero_shredder":{"lastAbilityUpgraded":"","victory":true,"state":{"kills":0.007000000216066837,"towersLeft":0.9696969985961914,"netWorth":0.12604999542236328,"xp":0.5958641767501831,"teamXp":0.42701852321624756,"teamDeaths":0.020999999716877937,"enemyTowersLeft":0.6363636255264282,"deaths":0.003000000026077032,"teamNetWorth":0.4922899901866913,"teamKills":0.03500000014901161},"lastItemPurchased":[0,0,0,0,0,0,0,0,0,0,0]},"npc_dota_hero_obsidian_destroyer":{"lastAbilityUpgraded":"","victory":true,"state":{"kills":0.004999999888241291,"towersLeft":0.9696969985961914,"netWorth":0.09046000242233276,"xp":0.37117284536361694,"teamXp":0.42701852321624756,"teamDeaths":0.020999999716877937,"enemyTowersLeft":0.6363636255264282,"deaths":0.004000000189989805,"teamNetWorth":0.4922899901866913,"teamKills":0.03500000014901161},"lastItemPurchased":[0,0,0,0,0,0,0,0,0,0,0]},"npc_dota_hero_batrider":{"lastAbilityUpgraded":"","victory":false,"state":{"kills":0.004999999888241291,"towersLeft":0.6363636255264282,"netWorth":0.03288000077009201,"xp":0.23558641970157623,"teamXp":0.33449381589889526,"teamDeaths":0.03400000184774399,"enemyTowersLeft":0.9696969985961914,"deaths":0.010999999940395355,"teamNetWorth":0.297650009393692,"teamKills":0.019999999552965164},"lastItemPurchased":[0,0,0,0,0,0,0,0,0,0,0]},"npc_dota_hero_juggernaut":{"lastAbilityUpgraded":"","victory":false,"state":{"kills":0.003000000026077032,"towersLeft":0.6363636255264282,"netWorth":0.11411000043153763,"xp":0.49459877610206604,"teamXp":0.33449381589889526,"teamDeaths":0.03400000184774399,"enemyTowersLeft":0.9696969985961914,"deaths":0.0020000000949949026,"teamNetWorth":0.297650009393692,"teamKills":0.019999999552965164},"lastItemPurchased":[0,0,0,0,0,0,0,0,0,0,0]}}}