{"gameTime":21,"state":{"npc_dota_hero_lone_druid":{"lastAbilityUpgraded":"","victory":true,"state":{"kills":0,"towersLeft":1,"netWorth":0.03317999839782715,"xp":0.15382716059684753,"teamXp":0.14527778327465057,"teamDeaths":0.014000000432133675,"enemyTowersLeft":0.9696969985961914,"deaths":0.0010000000474974513,"teamNetWorth":0.17608000338077545,"teamKills":0.012000000104308128},"lastItemPurchased":[0,0,0,0,1,0,0,0,0,0,0]},"npc_dota_hero_abyssal_underlord":{"lastAbilityUpgraded":"","victory":false,"state":{"kills":0,"towersLeft":0.9696969985961914,"netWorth":0.04170000180602074,"xp":0.2197839468717575,"teamXp":0.15534567832946777,"teamDeaths":0.014999999664723873,"enemyTowersLeft":1,"deaths":0.0020000000949949026,"teamNetWorth":0.18162000179290771,"teamKills":0.010999999940395355},"lastItemPurchased":[0,0,0,0,0,0,0,0,0,0,0]},"npc_dota_hero_luna":{"lastAbilityUpgraded":"","victory":true,"state":{"kills":0.0020000000949949026,"towersLeft":1,"netWorth":0.03776000067591667,"xp":0.16274690628051758,"teamXp":0.14527778327465057,"teamDeaths":0.014000000432133675,"enemyTowersLeft":0.9696969985961914,"deaths":0.004000000189989805,"teamNetWorth":0.17608000338077545,"teamKills":0.012000000104308128},"lastItemPurchased":[0,0,0,0,0,0,0,0,0,0,0]},"npc_dota_hero_oracle":{"lastAbilityUpgraded":"","victory":true,"state":{"kills":0.006000000052154064,"towersLeft":1,"netWorth":0.029500000178813934,"xp":0.10632716119289398,"teamXp":0.14527778327465057,"teamDeaths":0.014000000432133675,"enemyTowersLeft":0.9696969985961914,"deaths":0.004000000189989805,"teamNetWorth":0.17608000338077545,"teamKills":0.012000000104308128},"lastItemPurchased":[0,0,0,0,0,0,0,0,0,0,0]},"npc_dota_hero_ogre_magi":{"lastAbilityUpgraded":"","victory":true,"state":{"kills":0.0020000000949949026,"towersLeft":1,"netWorth":0.02181999944150448,"xp":0.09614197164773941,"teamXp":0.14527778327465057,"teamDeaths":0.014000000432133675,"enemyTowersLeft":0.9696969985961914,"deaths":0.004000000189989805,"teamNetWorth":0.17608000338077545,"teamKills":0.012000000104308128},"lastItemPurchased":[0,0,0,0,0,0,0,0,0,0,0]},"npc_dota_hero_morphling":{"lastAbilityUpgraded":"","victory":false,"state":{"kills":0.004999999888241291,"towersLeft":0.9696969985961914,"netWorth":0.06515000015497208,"xp":0.20966050028800964,"teamXp":0.15534567832946777,"teamDeaths":0.014999999664723873,"enemyTowersLeft":1,"deaths":0.0010000000474974513,"teamNetWorth":0.18162000179290771,"teamKills":0.010999999940395355},"lastItemPurchased":[0,0,0,0,0,0,0,0,0,0,1]},"npc_dota_hero_shadow_demon":{"lastAbilityUpgraded":"","victory":false,"state":{"kills":0.0010000000474974513,"towersLeft":0.9696969985961914,"netWorth":0.013539999723434448,"xp":0.06447530537843704,"teamXp":0.15534567832946777,"teamDeaths":0.014999999664723873,"enemyTowersLeft":1,"deaths":0.004999999888241291,"teamNetWorth":0.18162000179290771,"teamKills":0.010999999940395355},"lastItemPurchased":[1,0,0,0,0,0,0,0,0,0,0]},"npc_dota_hero_obsidian_destroyer":{"lastAbilityUpgraded":"","victory":true,"state":{"kills":0.0020000000949949026,"towersLeft":1,"netWorth":0.05381999909877777,"xp":0.20734567940235138,"teamXp":0.14527778327465057,"teamDeaths":0.014000000432133675,"enemyTowersLeft":0.9696969985961914,"deaths":0.0010000000474974513,"teamNetWorth":0.17608000338077545,"teamKills":0.012000000104308128},"lastItemPurchased":[0,0,0,0,0,0,0,0,0,0,0]},"npc_dota_hero_lina":{"lastAbilityUpgraded":"","victory":false,"state":{"kills":0,"towersLeft":0.9696969985961914,"netWorth":0.018769999966025352,"xp":0.11515431851148605,"teamXp":0.15534567832946777,"teamDeaths":0.014999999664723873,"enemyTowersLeft":1,"deaths":0.006000000052154064,"teamNetWorth":0.18162000179290771,"teamKills":0.010999999940395355},"lastItemPurchased":[1,0,0,0,0,0,0,0,0,0,0]},"npc_dota_hero_batrider":{"lastAbilityUpgraded":"","victory":false,"state":{"kills":0.004999999888241291,"towersLeft":0.9696969985961914,"netWorth":0.04245999827980995,"xp":0.16765432059764862,"teamXp":0.15534567832946777,"teamDeaths":0.014999999664723873,"enemyTowersLeft":1,"deaths":0.0010000000474974513,"teamNetWorth":0.18162000179290771,"teamKills":0.010999999940395355},"lastItemPurchased":[0,0,0,0,0,0,0,0,0,0,0]}}}