{"gameTime":43,"state":{"npc_dota_hero_nyx_assassin":{"lastAbilityUpgraded":"","victory":true,"state":{"kills":0.004999999888241291,"towersLeft":0.9090909361839294,"netWorth":0.08681999891996384,"xp":0.4873456656932831,"teamXp":0.5590184926986694,"teamDeaths":0.028999999165534973,"enemyTowersLeft":0.21212121844291687,"deaths":0.007000000216066837,"teamNetWorth":0.6957899928092957,"teamKills":0.041999999433755875},"lastItemPurchased":[0,0,0,0,0,0,0,0,0,0,0]},"npc_dota_hero_life_stealer":{"lastAbilityUpgraded":"","victory":false,"state":{"kills":0.01600000075995922,"towersLeft":0.1818181872367859,"netWorth":0.1698399931192398,"xp":0.7210493683815002,"teamXp":0.515691339969635,"teamDeaths":0.0430000014603138,"enemyTowersLeft":0.8787878751754761,"deaths":0.004000000189989805,"teamNetWorth":0.4581800103187561,"teamKills":0.02800000086426735},"lastItemPurchased":[0,0,0,0,0,0,0,0,0,0,0]},"npc_dota_hero_rubick":{"lastAbilityUpgraded":"","victory":true,"state":{"kills":0.004000000189989805,"towersLeft":0.9090909361839294,"netWorth":0.06378000229597092,"xp":0.3337654173374176,"teamXp":0.5590184926986694,"teamDeaths":0.028999999165534973,"enemyTowersLeft":0.21212121844291687,"deaths":0.008999999612569809,"teamNetWorth":0.6957899928092957,"teamKills":0.041999999433755875},"lastItemPurchased":[0,0,0,0,0,0,0,0,0,0,0]},"npc_dota_hero_pudge":{"lastAbilityUpgraded":"","victory":true,"state":{"kills":0.010999999940395355,"towersLeft":0.9090909361839294,"netWorth":0.10785000026226044,"xp":0.4642901122570038,"teamXp":0.5590184926986694,"teamDeaths":0.028999999165534973,"enemyTowersLeft":0.21212121844291687,"deaths":0.004999999888241291,"teamNetWorth":0.6957899928092957,"teamKills":0.041999999433755875},"lastItemPurchased":[0,0,0,0,0,0,1,0,0,0,0]},"npc_dota_hero_mirana":{"lastAbilityUpgraded":"","victory":false,"state":{"kills":0,"towersLeft":0.1818181872367859,"netWorth":0.029759999364614487,"xp":0.35256174206733704,"teamXp":0.515691339969635,"teamDeaths":0.0430000014603138,"enemyTowersLeft":0.8787878751754761,"deaths":0.009999999776482582,"teamNetWorth":0.4581800103187561,"teamKills":0.02800000086426735},"lastItemPurchased":[0,0,0,0,0,0,0,0,0,0,0]},"npc_dota_hero_sniper":{"lastAbilityUpgraded":"","victory":true,"state":{"kills":0.009999999776482582,"towersLeft":0.9090909361839294,"netWorth":0.2029000073671341,"xp":0.7578395009040833,"teamXp":0.5590184926986694,"teamDeaths":0.028999999165534973,"enemyTowersLeft":0.21212121844291687,"deaths":0.004000000189989805,"teamNetWorth":0.6957899928092957,"teamKills":0.041999999433755875},"lastItemPurchased":[0,0,0,0,0,0,0,0,0,0,0]},"npc_dota_hero_morphling":{"lastAbilityUpgraded":"","victory":true,"state":{"kills":0.012000000104308128,"towersLeft":0.9090909361839294,"netWorth":0.23443999886512756,"xp":0.7518518567085266,"teamXp":0.5590184926986694,"teamDeaths":0.028999999165534973,"enemyTowersLeft":0.21212121844291687,"deaths":0.004000000189989805,"teamNetWorth":0.6957899928092957,"teamKills":0.041999999433755875},"lastItemPurchased":[0,0,0,0,0,0,0,0,0,0,0]},"npc_dota_hero_shredder":{"lastAbilityUpgraded":"","victory":false,"state":{"kills":0.003000000026077032,"towersLeft":0.1818181872367859,"netWorth":0.05332000181078911,"xp":0.39120370149612427,"teamXp":0.515691339969635,"teamDeaths":0.0430000014603138,"enemyTowersLeft":0.8787878751754761,"deaths":0.013000000268220901,"teamNetWorth":0.4581800103187561,"teamKills":0.02800000086426735},"lastItemPurchased":[0,0,0,0,0,1,0,0,0,0,0]},"npc_dota_hero_obsidian_destroyer":{"lastAbilityUpgraded":"","victory":false,"state":{"kills":0.004999999888241291,"towersLeft":0.1818181872367859,"netWorth":0.14342999458312988,"xp":0.6150925755500793,"teamXp":0.515691339969635,"teamDeaths":0.0430000014603138,"enemyTowersLeft":0.8787878751754761,"deaths":0.009999999776482582,"teamNetWorth":0.4581800103187561,"teamKills":0.02800000086426735},"lastItemPurchased":[0,0,0,0,0,0,0,0,0,0,0]},"npc_dota_hero_omniknight":{"lastAbilityUpgraded":"","victory":false,"state":{"kills":0.004000000189989805,"towersLeft":0.1818181872367859,"netWorth":0.06182999908924103,"xp":0.49854937195777893,"teamXp":0.515691339969635,"teamDeaths":0.0430000014603138,"enemyTowersLeft":0.8787878751754761,"deaths":0.006000000052154064,"teamNetWorth":0.4581800103187561,"teamKills":0.02800000086426735},"lastItemPurchased":[0,0,0,0,0,0,0,0,0,0,0]}}}