{"gameTime":18,"state":{"npc_dota_hero_templar_assassin":{"lastAbilityUpgraded":"","victory":false,"state":{"kills":0,"towersLeft":0.939393937587738,"netWorth":0.04058999940752983,"xp":0.16879630088806152,"teamXp":0.12490123510360718,"teamDeaths":0.00800000037997961,"enemyTowersLeft":0.9696969985961914,"deaths":0.0020000000949949026,"teamNetWorth":0.15560999512672424,"teamKills":0.006000000052154064},"lastItemPurchased":[0,0,0,0,0,0,0,0,0,0,0]},"npc_dota_hero_axe":{"lastAbilityUpgraded":"","victory":false,"state":{"kills":0.0020000000949949026,"towersLeft":0.939393937587738,"netWorth":0.028780000284314156,"xp":0.1361728459596634,"teamXp":0.12490123510360718,"teamDeaths":0.00800000037997961,"enemyTowersLeft":0.9696969985961914,"deaths":0.0020000000949949026,"teamNetWorth":0.15560999512672424,"teamKills":0.006000000052154064},"lastItemPurchased":[0,0,0,0,0,0,0,0,0,0,0]},"npc_dota_hero_earthshaker":{"lastAbilityUpgraded":"","victory":false,"state":{"kills":0,"towersLeft":0.939393937587738,"netWorth":0.021250000223517418,"xp":0.10981481522321701,"teamXp":0.12490123510360718,"teamDeaths":0.00800000037997961,"enemyTowersLeft":0.9696969985961914,"deaths":0.0010000000474974513,"teamNetWorth":0.15560999512672424,"teamKills":0.006000000052154064},"lastItemPurchased":[0,0,0,0,0,0,0,0,0,0,0]},"npc_dota_hero_silencer":{"lastAbilityUpgraded":"","victory":true,"state":{"kills":0.0010000000474974513,"towersLeft":0.939393937587738,"netWorth":0.01205000001937151,"xp":0.06240740790963173,"teamXp":0.12184567749500275,"teamDeaths":0.007000000216066837,"enemyTowersLeft":0.9090909361839294,"deaths":0.0020000000949949026,"teamNetWorth":0.17213000357151031,"teamKills":0.004999999888241291},"lastItemPurchased":[1,0,0,0,0,0,0,0,0,0,0]},"npc_dota_hero_invoker":{"lastAbilityUpgraded":"","victory":true,"state":{"kills":0.0010000000474974513,"towersLeft":0.939393937587738,"netWorth":0.05034000054001808,"xp":0.17700617015361786,"teamXp":0.12184567749500275,"teamDeaths":0.007000000216066837,"enemyTowersLeft":0.9090909361839294,"deaths":0,"teamNetWorth":0.17213000357151031,"teamKills":0.004999999888241291},"lastItemPurchased":[0,0,0,0,0,1,0,0,0,0,0]},"npc_dota_hero_bounty_hunter":{"lastAbilityUpgraded":"","victory":true,"state":{"kills":0.0020000000949949026,"towersLeft":0.939393937587738,"netWorth":0.021150000393390656,"xp":0.08299382776021957,"teamXp":0.12184567749500275,"teamDeaths":0.007000000216066837,"enemyTowersLeft":0.9090909361839294,"deaths":0.0020000000949949026,"teamNetWorth":0.17213000357151031,"teamKills":0.004999999888241291},"lastItemPurchased":[0,0,0,0,0,0,0,0,0,0,0]},"npc_dota_hero_slardar":{"lastAbilityUpgraded":"","victory":true,"state":{"kills":0,"towersLeft":0.939393937587738,"netWorth":0.022430000826716423,"xp":0.09734567999839783,"teamXp":0.12184567749500275,"teamDeaths":0.007000000216066837,"enemyTowersLeft":0.9090909361839294,"deaths":0.003000000026077032,"teamNetWorth":0.17213000357151031,"teamKills":0.004999999888241291},"lastItemPurchased":[0,0,0,0,0,0,0,0,0,0,0]},"npc_dota_hero_shredder":{"lastAbilityUpgraded":"","victory":false,"state":{"kills":0.004000000189989805,"towersLeft":0.939393937587738,"netWorth":0.05414000153541565,"xp":0.1616666615009308,"teamXp":0.12490123510360718,"teamDeaths":0.00800000037997961,"enemyTowersLeft":0.9696969985961914,"deaths":0,"teamNetWorth":0.15560999512672424,"teamKills":0.006000000052154064},"lastItemPurchased":[0,0,0,0,0,0,0,0,1,0,0]},"npc_dota_hero_shadow_demon":{"lastAbilityUpgraded":"","victory":false,"state":{"kills":0,"towersLeft":0.939393937587738,"netWorth":0.010850000195205212,"xp":0.048055555671453476,"teamXp":0.12490123510360718,"teamDeaths":0.00800000037997961,"enemyTowersLeft":0.9696969985961914,"deaths":0.003000000026077032,"teamNetWorth":0.15560999512672424,"teamKills":0.006000000052154064},"lastItemPurchased":[0,0,0,0,0,0,0,0,0,0,0]},"npc_dota_hero_juggernaut":{"lastAbilityUpgraded":"","victory":true,"state":{"kills":0.0010000000474974513,"towersLeft":0.939393937587738,"netWorth":0.06616000086069107,"xp":0.18947531282901764,"teamXp":0.12184567749500275,"teamDeaths":0.007000000216066837,"enemyTowersLeft":0.9090909361839294,"deaths":0,"teamNetWorth":0.17213000357151031,"teamKills":0.004999999888241291},"lastItemPurchased":[0,0,0,0,0,0,0,0,0,0,0]}}}