{"gameTime":35,"state":{"npc_dota_hero_nyx_assassin":{"lastAbilityUpgraded":"","victory":false,"state":{"kills":0.00800000037997961,"towersLeft":0.9696969985961914,"netWorth":0.04473000019788742,"xp":0.3041975200176239,"teamXp":0.2485925853252411,"teamDeaths":0.024000000208616257,"enemyTowersLeft":0.9090909361839294,"deaths":0.006000000052154064,"teamNetWorth":0.24905000627040863,"teamKills":0.017000000923871994},"lastItemPurchased":[0,0,0,0,0,0,0,0,0,0,0]},"npc_dota_hero_life_stealer":{"lastAbilityUpgraded":"","victory":true,"state":{"kills":0.00800000037997961,"towersLeft":0.9090909361839294,"netWorth":0.09237000346183777,"xp":0.36950618028640747,"teamXp":0.2859938144683838,"teamDeaths":0.017000000923871994,"enemyTowersLeft":0.9696969985961914,"deaths":0.0010000000474974513,"teamNetWorth":0.2764599919319153,"teamKills":0.024000000208616257},"lastItemPurchased":[0,0,0,0,0,0,0,0,0,0,0]},"npc_dota_hero_axe":{"lastAbilityUpgraded":"","victory":true,"state":{"kills":0.006000000052154064,"towersLeft":0.9090909361839294,"netWorth":0.0675399973988533,"xp":0.37308642268180847,"teamXp":0.2859938144683838,"teamDeaths":0.017000000923871994,"enemyTowersLeft":0.9696969985961914,"deaths":0.0020000000949949026,"teamNetWorth":0.2764599919319153,"teamKills":0.024000000208616257},"lastItemPurchased":[0,0,0,0,0,0,0,0,0,0,0]},"npc_dota_hero_sand_king":{"lastAbilityUpgraded":"","victory":false,"state":{"kills":0.003000000026077032,"towersLeft":0.9696969985961914,"netWorth":0.06880000233650208,"xp":0.3490740656852722,"teamXp":0.2485925853252411,"teamDeaths":0.024000000208616257,"enemyTowersLeft":0.9090909361839294,"deaths":0.004999999888241291,"teamNetWorth":0.24905000627040863,"teamKills":0.017000000923871994},"lastItemPurchased":[0,0,0,0,0,0,0,0,0,0,1]},"npc_dota_hero_terrorblade":{"lastAbilityUpgraded":"","victory":false,"state":{"kills":0.0020000000949949026,"towersLeft":0.9696969985961914,"netWorth":0.08980000019073486,"xp":0.37003085017204285,"teamXp":0.2485925853252411,"teamDeaths":0.024000000208616257,"enemyTowersLeft":0.9090909361839294,"deaths":0.0020000000949949026,"teamNetWorth":0.24905000627040863,"teamKills":0.017000000923871994},"lastItemPurchased":[0,0,0,0,0,0,0,0,1,0,0]},"npc_dota_hero_mirana":{"lastAbilityUpgraded":"","victory":false,"state":{"kills":0.003000000026077032,"towersLeft":0.9696969985961914,"netWorth":0.03255999833345413,"xp":0.12287037074565887,"teamXp":0.2485925853252411,"teamDeaths":0.024000000208616257,"enemyTowersLeft":0.9090909361839294,"deaths":0.004999999888241291,"teamNetWorth":0.24905000627040863,"teamKills":0.017000000923871994},"lastItemPurchased":[0,0,0,0,0,0,0,0,0,0,1]},"npc_dota_hero_tinker":{"lastAbilityUpgraded":"","victory":true,"state":{"kills":0.004000000189989805,"towersLeft":0.9090909361839294,"netWorth":0.06260000169277191,"xp":0.33194443583488464,"teamXp":0.2859938144683838,"teamDeaths":0.017000000923871994,"enemyTowersLeft":0.9696969985961914,"deaths":0.006000000052154064,"teamNetWorth":0.2764599919319153,"teamKills":0.024000000208616257},"lastItemPurchased":[0,0,0,0,0,0,0,0,0,0,0]},"npc_dota_hero_oracle":{"lastAbilityUpgraded":"","victory":true,"state":{"kills":0.0020000000949949026,"towersLeft":0.9090909361839294,"netWorth":0.030710000544786453,"xp":0.17975308001041412,"teamXp":0.2859938144683838,"teamDeaths":0.017000000923871994,"enemyTowersLeft":0.9696969985961914,"deaths":0.003000000026077032,"teamNetWorth":0.2764599919319153,"teamKills":0.024000000208616257},"lastItemPurchased":[1,0,0,0,0,0,0,0,0,0,0]},"npc_dota_hero_ogre_magi":{"lastAbilityUpgraded":"","victory":true,"state":{"kills":0.004000000189989805,"towersLeft":0.9090909361839294,"netWorth":0.023240000009536743,"xp":0.175679013133049,"teamXp":0.2859938144683838,"teamDeaths":0.017000000923871994,"enemyTowersLeft":0.9696969985961914,"deaths":0.004999999888241291,"teamNetWorth":0.2764599919319153,"teamKills":0.024000000208616257},"lastItemPurchased":[1,0,0,0,0,0,0,0,0,0,0]},"npc_dota_hero_shadow_demon":{"lastAbilityUpgraded":"","victory":false,"state":{"kills":0.0010000000474974513,"towersLeft":0.9696969985961914,"netWorth":0.013159999623894691,"xp":0.0967901200056076,"teamXp":0.2485925853252411,"teamDeaths":0.024000000208616257,"enemyTowersLeft":0.9090909361839294,"deaths":0.006000000052154064,"teamNetWorth":0.24905000627040863,"teamKills":0.017000000923871994},"lastItemPurchased":[0,0,0,0,0,0,0,0,0,0,0]}}}