{"gameTime":28,"state":{"npc_dota_hero_rubick":{"lastAbilityUpgraded":"","victory":false,"state":{"kills":0.008999999612569809,"towersLeft":0.939393937587738,"netWorth":0.0619099996984005,"xp":0.2821296155452728,"teamXp":0.2862037122249603,"teamDeaths":0.014999999664723873,"enemyTowersLeft":0.8181818127632141,"deaths":0.003000000026077032,"teamNetWorth":0.33228999376296997,"teamKills":0.027000000700354576},"lastItemPurchased":[0,0,0,0,0,0,0,0,0,0,0]},"npc_dota_hero_alchemist":{"lastAbilityUpgraded":"","victory":true,"state":{"kills":0,"towersLeft":0.8484848737716675,"netWorth":0.09126000106334686,"xp":0.2835802435874939,"teamXp":0.2307160496711731,"teamDeaths":0.028999999165534973,"enemyTowersLeft":0.9696969985961914,"deaths":0.004999999888241291,"teamNetWorth":0.2510400116443634,"teamKills":0.01600000075995922},"lastItemPurchased":[0,0,0,0,0,0,0,0,0,0,0]},"npc_dota_hero_pudge":{"lastAbilityUpgraded":"","victory":true,"state":{"kills":0.007000000216066837,"towersLeft":0.8484848737716675,"netWorth":0.03612000122666359,"xp":0.229814812541008,"teamXp":0.2307160496711731,"teamDeaths":0.028999999165534973,"enemyTowersLeft":0.9696969985961914,"deaths":0.004999999888241291,"teamNetWorth":0.2510400116443634,"teamKills":0.01600000075995922},"lastItemPurchased":[0,0,0,0,0,0,0,0,0,0,0]},"npc_dota_hero_mirana":{"lastAbilityUpgraded":"","victory":true,"state":{"kills":0.003000000026077032,"towersLeft":0.8484848737716675,"netWorth":0.0175199992954731,"xp":0.14882716536521912,"teamXp":0.2307160496711731,"teamDeaths":0.028999999165534973,"enemyTowersLeft":0.9696969985961914,"deaths":0.00800000037997961,"teamNetWorth":0.2510400116443634,"teamKills":0.01600000075995922},"lastItemPurchased":[0,0,0,0,0,0,0,0,0,0,0]},"npc_dota_hero_luna":{"lastAbilityUpgraded":"","victory":true,"state":{"kills":0.006000000052154064,"towersLeft":0.8484848737716675,"netWorth":0.07983999699354172,"xp":0.3401543200016022,"teamXp":0.2307160496711731,"teamDeaths":0.028999999165534973,"enemyTowersLeft":0.9696969985961914,"deaths":0.004999999888241291,"teamNetWorth":0.2510400116443634,"teamKills":0.01600000075995922},"lastItemPurchased":[0,0,0,0,0,0,0,0,1,0,0]},"npc_dota_hero_ogre_magi":{"lastAbilityUpgraded":"","victory":false,"state":{"kills":0.0010000000474974513,"towersLeft":0.939393937587738,"netWorth":0.031279999762773514,"xp":0.17972221970558167,"teamXp":0.2862037122249603,"teamDeaths":0.014999999664723873,"enemyTowersLeft":0.8181818127632141,"deaths":0.0020000000949949026,"teamNetWorth":0.33228999376296997,"teamKills":0.027000000700354576},"lastItemPurchased":[0,0,0,0,0,0,0,0,0,0,0]},"npc_dota_hero_shredder":{"lastAbilityUpgraded":"","victory":false,"state":{"kills":0.00800000037997961,"towersLeft":0.939393937587738,"netWorth":0.09485000371932983,"xp":0.3482407331466675,"teamXp":0.2862037122249603,"teamDeaths":0.014999999664723873,"enemyTowersLeft":0.8181818127632141,"deaths":0.003000000026077032,"teamNetWorth":0.33228999376296997,"teamKills":0.027000000700354576},"lastItemPurchased":[0,0,0,0,0,0,0,0,0,0,0]},"npc_dota_hero_shadow_demon":{"lastAbilityUpgraded":"","victory":true,"state":{"kills":0,"towersLeft":0.8484848737716675,"netWorth":0.02630000002682209,"xp":0.1512037068605423,"teamXp":0.2307160496711731,"teamDeaths":0.028999999165534973,"enemyTowersLeft":0.9696969985961914,"deaths":0.006000000052154064,"teamNetWorth":0.2510400116443634,"teamKills":0.01600000075995922},"lastItemPurchased":[0,0,0,0,0,0,0,0,0,0,0]},"npc_dota_hero_omniknight":{"lastAbilityUpgraded":"","victory":false,"state":{"kills":0.0020000000949949026,"towersLeft":0.939393937587738,"netWorth":0.05033000186085701,"xp":0.24280864000320435,"teamXp":0.2862037122249603,"teamDeaths":0.014999999664723873,"enemyTowersLeft":0.8181818127632141,"deaths":0.006000000052154064,"teamNetWorth":0.33228999376296997,"teamKills":0.027000000700354576},"lastItemPurchased":[0,0,0,0,0,0,0,0,0,0,0]},"npc_dota_hero_slark":{"lastAbilityUpgraded":"","victory":false,"state":{"kills":0.007000000216066837,"towersLeft":0.939393937587738,"netWorth":0.09391999989748001,"xp":0.37811729311943054,"teamXp":0.2862037122249603,"teamDeaths":0.014999999664723873,"enemyTowersLeft":0.8181818127632141,"deaths":0.0010000000474974513,"teamNetWorth":0.33228999376296997,"teamKills":0.027000000700354576},"lastItemPurchased":[0,0,0,0,0,0,0,0,0,0,0]}}}