{"gameTime":36,"state":{"npc_dota_hero_rubick":{"lastAbilityUpgraded":"","victory":false,"state":{"kills":0.009999999776482582,"towersLeft":0.9090909361839294,"netWorth":0.07472000271081924,"xp":0.35104939341545105,"teamXp":0.3737283945083618,"teamDeaths":0.01899999938905239,"enemyTowersLeft":0.7272727489471436,"deaths":0.004000000189989805,"teamNetWorth":0.4422299861907959,"teamKills":0.03099999949336052},"lastItemPurchased":[1,0,0,0,0,0,0,0,0,0,0]},"npc_dota_hero_alchemist":{"lastAbilityUpgraded":"","victory":true,"state":{"kills":0,"towersLeft":0.7575757503509521,"netWorth":0.135110005736351,"xp":0.43166667222976685,"teamXp":0.33985185623168945,"teamDeaths":0.032999999821186066,"enemyTowersLeft":0.939393937587738,"deaths":0.006000000052154064,"teamNetWorth":0.38931000232696533,"teamKills":0.019999999552965164},"lastItemPurchased":[0,0,0,0,0,0,0,0,0,0,0]},"npc_dota_hero_pudge":{"lastAbilityUpgraded":"","victory":true,"state":{"kills":0.00800000037997961,"towersLeft":0.7575757503509521,"netWorth":0.04805000126361847,"xp":0.3162345588207245,"teamXp":0.33985185623168945,"teamDeaths":0.032999999821186066,"enemyTowersLeft":0.939393937587738,"deaths":0.006000000052154064,"teamNetWorth":0.38931000232696533,"teamKills":0.019999999552965164},"lastItemPurchased":[0,0,0,0,0,0,0,0,0,0,0]},"npc_dota_hero_mirana":{"lastAbilityUpgraded":"","victory":true,"state":{"kills":0.003000000026077032,"towersLeft":0.7575757503509521,"netWorth":0.025939999148249626,"xp":0.22648148238658905,"teamXp":0.33985185623168945,"teamDeaths":0.032999999821186066,"enemyTowersLeft":0.939393937587738,"deaths":0.009999999776482582,"teamNetWorth":0.38931000232696533,"teamKills":0.019999999552965164},"lastItemPurchased":[0,1,0,0,0,0,0,0,0,0,0]},"npc_dota_hero_luna":{"lastAbilityUpgraded":"","victory":true,"state":{"kills":0.008999999612569809,"towersLeft":0.7575757503509521,"netWorth":0.1274300068616867,"xp":0.5135802626609802,"teamXp":0.33985185623168945,"teamDeaths":0.032999999821186066,"enemyTowersLeft":0.939393937587738,"deaths":0.004999999888241291,"teamNetWorth":0.38931000232696533,"teamKills":0.019999999552965164},"lastItemPurchased":[0,0,0,0,0,0,0,0,0,1,0]},"npc_dota_hero_ogre_magi":{"lastAbilityUpgraded":"","victory":false,"state":{"kills":0.0010000000474974513,"towersLeft":0.9090909361839294,"netWorth":0.03852999955415726,"xp":0.24530863761901855,"teamXp":0.3737283945083618,"teamDeaths":0.01899999938905239,"enemyTowersLeft":0.7272727489471436,"deaths":0.003000000026077032,"teamNetWorth":0.4422299861907959,"teamKills":0.03099999949336052},"lastItemPurchased":[0,1,0,0,0,0,0,0,0,0,0]},"npc_dota_hero_shredder":{"lastAbilityUpgraded":"","victory":false,"state":{"kills":0.009999999776482582,"towersLeft":0.9090909361839294,"netWorth":0.13854999840259552,"xp":0.47333332896232605,"teamXp":0.3737283945083618,"teamDeaths":0.01899999938905239,"enemyTowersLeft":0.7272727489471436,"deaths":0.004000000189989805,"teamNetWorth":0.4422299861907959,"teamKills":0.03099999949336052},"lastItemPurchased":[0,0,0,0,0,0,0,0,0,0,0]},"npc_dota_hero_shadow_demon":{"lastAbilityUpgraded":"","victory":true,"state":{"kills":0,"towersLeft":0.7575757503509521,"netWorth":0.05277999863028526,"xp":0.21129629015922546,"teamXp":0.33985185623168945,"teamDeaths":0.032999999821186066,"enemyTowersLeft":0.939393937587738,"deaths":0.006000000052154064,"teamNetWorth":0.38931000232696533,"teamKills":0.019999999552965164},"lastItemPurchased":[1,0,0,0,0,0,0,0,0,0,0]},"npc_dota_hero_omniknight":{"lastAbilityUpgraded":"","victory":false,"state":{"kills":0.0020000000949949026,"towersLeft":0.9090909361839294,"netWorth":0.06674999743700027,"xp":0.30629628896713257,"teamXp":0.3737283945083618,"teamDeaths":0.01899999938905239,"enemyTowersLeft":0.7272727489471436,"deaths":0.006000000052154064,"teamNetWorth":0.4422299861907959,"teamKills":0.03099999949336052},"lastItemPurchased":[0,0,0,0,0,0,0,0,0,0,0]},"npc_dota_hero_slark":{"lastAbilityUpgraded":"","victory":false,"state":{"kills":0.00800000037997961,"towersLeft":0.9090909361839294,"netWorth":0.1236800029873848,"xp":0.49265432357788086,"teamXp":0.3737283945083618,"teamDeaths":0.01899999938905239,"enemyTowersLeft":0.7272727489471436,"deaths":0.0020000000949949026,"teamNetWorth":0.4422299861907959,"teamKills":0.03099999949336052},"lastItemPurchased":[0,0,0,0,0,0,0,0,0,0,0]}}}