{"gameTime":52,"state":{"npc_dota_hero_rubick":{"lastAbilityUpgraded":"","victory":false,"state":{"kills":0.009999999776482582,"towersLeft":0.5454545617103577,"netWorth":0.0865899994969368,"xp":0.4353395104408264,"teamXp":0.509425938129425,"teamDeaths":0.03099999949336052,"enemyTowersLeft":0.6666666865348816,"deaths":0.006000000052154064,"teamNetWorth":0.5682399868965149,"teamKills":0.032999999821186066},"lastItemPurchased":[0,0,0,0,0,0,0,0,0,0,0]},"npc_dota_hero_alchemist":{"lastAbilityUpgraded":"","victory":true,"state":{"kills":0,"towersLeft":0.6969696879386902,"netWorth":0.22009000182151794,"xp":0.6334259510040283,"teamXp":0.5645555257797241,"teamDeaths":0.03500000014901161,"enemyTowersLeft":0.5757575631141663,"deaths":0.007000000216066837,"teamNetWorth":0.73580002784729,"teamKills":0.03099999949336052},"lastItemPurchased":[0,0,0,0,0,0,0,0,0,0,0]},"npc_dota_hero_pudge":{"lastAbilityUpgraded":"","victory":true,"state":{"kills":0.010999999940395355,"towersLeft":0.6969696879386902,"netWorth":0.09751000255346298,"xp":0.5626543164253235,"teamXp":0.5645555257797241,"teamDeaths":0.03500000014901161,"enemyTowersLeft":0.5757575631141663,"deaths":0.007000000216066837,"teamNetWorth":0.73580002784729,"teamKills":0.03099999949336052},"lastItemPurchased":[0,0,0,0,0,0,0,0,0,0,0]},"npc_dota_hero_mirana":{"lastAbilityUpgraded":"","victory":true,"state":{"kills":0.004000000189989805,"towersLeft":0.6969696879386902,"netWorth":0.07018999755382538,"xp":0.40925925970077515,"teamXp":0.5645555257797241,"teamDeaths":0.03500000014901161,"enemyTowersLeft":0.5757575631141663,"deaths":0.009999999776482582,"teamNetWorth":0.73580002784729,"teamKills":0.03099999949336052},"lastItemPurchased":[0,0,0,0,0,0,0,0,0,0,0]},"npc_dota_hero_luna":{"lastAbilityUpgraded":"","victory":true,"state":{"kills":0.01600000075995922,"towersLeft":0.6969696879386902,"netWorth":0.23837999999523163,"xp":0.8568210005760193,"teamXp":0.5645555257797241,"teamDeaths":0.03500000014901161,"enemyTowersLeft":0.5757575631141663,"deaths":0.004999999888241291,"teamNetWorth":0.73580002784729,"teamKills":0.03099999949336052},"lastItemPurchased":[0,0,0,0,0,0,0,0,0,0,0]},"npc_dota_hero_ogre_magi":{"lastAbilityUpgraded":"","victory":false,"state":{"kills":0.0010000000474974513,"towersLeft":0.5454545617103577,"netWorth":0.041179999709129333,"xp":0.29407408833503723,"teamXp":0.509425938129425,"teamDeaths":0.03099999949336052,"enemyTowersLeft":0.6666666865348816,"deaths":0.004999999888241291,"teamNetWorth":0.5682399868965149,"teamKills":0.032999999821186066},"lastItemPurchased":[0,0,0,0,0,0,0,0,0,0,0]},"npc_dota_hero_shredder":{"lastAbilityUpgraded":"","victory":false,"state":{"kills":0.012000000104308128,"towersLeft":0.5454545617103577,"netWorth":0.2150699943304062,"xp":0.7263579964637756,"teamXp":0.509425938129425,"teamDeaths":0.03099999949336052,"enemyTowersLeft":0.6666666865348816,"deaths":0.006000000052154064,"teamNetWorth":0.5682399868965149,"teamKills":0.032999999821186066},"lastItemPurchased":[0,0,0,0,0,0,0,0,0,0,0]},"npc_dota_hero_shadow_demon":{"lastAbilityUpgraded":"","victory":true,"state":{"kills":0,"towersLeft":0.6969696879386902,"netWorth":0.10963000357151031,"xp":0.3606172800064087,"teamXp":0.5645555257797241,"teamDeaths":0.03500000014901161,"enemyTowersLeft":0.5757575631141663,"deaths":0.006000000052154064,"teamNetWorth":0.73580002784729,"teamKills":0.03099999949336052},"lastItemPurchased":[0,0,0,0,0,0,0,0,0,0,0]},"npc_dota_hero_omniknight":{"lastAbilityUpgraded":"","victory":false,"state":{"kills":0.0020000000949949026,"towersLeft":0.5454545617103577,"netWorth":0.0749099999666214,"xp":0.40496912598609924,"teamXp":0.509425938129425,"teamDeaths":0.03099999949336052,"enemyTowersLeft":0.6666666865348816,"deaths":0.00800000037997961,"teamNetWorth":0.5682399868965149,"teamKills":0.032999999821186066},"lastItemPurchased":[0,0,0,0,0,0,0,0,0,0,0]},"npc_dota_hero_slark":{"lastAbilityUpgraded":"","victory":false,"state":{"kills":0.00800000037997961,"towersLeft":0.5454545617103577,"netWorth":0.15049000084400177,"xp":0.6863889098167419,"teamXp":0.509425938129425,"teamDeaths":0.03099999949336052,"enemyTowersLeft":0.6666666865348816,"deaths":0.006000000052154064,"teamNetWorth":0.5682399868965149,"teamKills":0.032999999821186066},"lastItemPurchased":[0,0,0,0,0,0,0,0,0,0,0]}}}