{"gameTime":15,"state":{"npc_dota_hero_bloodseeker":{"lastAbilityUpgraded":"","victory":true,"state":{"kills":0.004999999888241291,"towersLeft":0.939393937587738,"netWorth":0.04758000001311302,"xp":0.18780864775180817,"teamXp":0.13648147881031036,"teamDeaths":0.004000000189989805,"enemyTowersLeft":1,"deaths":0.0010000000474974513,"teamNetWorth":0.14823000133037567,"teamKills":0.009999999776482582},"lastItemPurchased":[0,0,0,0,1,0,0,0,0,0,0]},"npc_dota_hero_ursa":{"lastAbilityUpgraded":"","victory":false,"state":{"kills":0,"towersLeft":1,"netWorth":0.03685000166296959,"xp":0.10799382627010345,"teamXp":0.11025308817625046,"teamDeaths":0.010999999940395355,"enemyTowersLeft":0.939393937587738,"deaths":0.0020000000949949026,"teamNetWorth":0.1505099982023239,"teamKills":0.004000000189989805},"lastItemPurchased":[0,0,0,0,0,0,0,0,0,0,0]},"npc_dota_hero_drow_ranger":{"lastAbilityUpgraded":"","victory":false,"state":{"kills":0.0010000000474974513,"towersLeft":1,"netWorth":0.031209999695420265,"xp":0.12759259343147278,"teamXp":0.11025308817625046,"teamDeaths":0.010999999940395355,"enemyTowersLeft":0.939393937587738,"deaths":0.0020000000949949026,"teamNetWorth":0.1505099982023239,"teamKills":0.004000000189989805},"lastItemPurchased":[0,0,1,0,0,0,0,0,0,0,0]},"npc_dota_hero_pudge":{"lastAbilityUpgraded":"","victory":false,"state":{"kills":0.0010000000474974513,"towersLeft":1,"netWorth":0.020080000162124634,"xp":0.07148148119449615,"teamXp":0.11025308817625046,"teamDeaths":0.010999999940395355,"enemyTowersLeft":0.939393937587738,"deaths":0.0020000000949949026,"teamNetWorth":0.1505099982023239,"teamKills":0.004000000189989805},"lastItemPurchased":[1,0,0,0,0,0,0,0,0,0,0]},"npc_dota_hero_nevermore":{"lastAbilityUpgraded":"","victory":false,"state":{"kills":0.0020000000949949026,"towersLeft":1,"netWorth":0.04569000005722046,"xp":0.1749691367149353,"teamXp":0.11025308817625046,"teamDeaths":0.010999999940395355,"enemyTowersLeft":0.939393937587738,"deaths":0.0020000000949949026,"teamNetWorth":0.1505099982023239,"teamKills":0.004000000189989805},"lastItemPurchased":[0,0,0,0,0,0,0,0,0,0,0]},"npc_dota_hero_rattletrap":{"lastAbilityUpgraded":"","victory":true,"state":{"kills":0.003000000026077032,"towersLeft":0.939393937587738,"netWorth":0.02491999976336956,"xp":0.13070987164974213,"teamXp":0.13648147881031036,"teamDeaths":0.004000000189989805,"enemyTowersLeft":1,"deaths":0.0010000000474974513,"teamNetWorth":0.14823000133037567,"teamKills":0.009999999776482582},"lastItemPurchased":[0,0,1,0,0,0,0,0,0,0,0]},"npc_dota_hero_spectre":{"lastAbilityUpgraded":"","victory":true,"state":{"kills":0,"towersLeft":0.939393937587738,"netWorth":0.022260000929236412,"xp":0.10663580149412155,"teamXp":0.13648147881031036,"teamDeaths":0.004000000189989805,"enemyTowersLeft":1,"deaths":0.0020000000949949026,"teamNetWorth":0.14823000133037567,"teamKills":0.009999999776482582},"lastItemPurchased":[0,0,0,0,1,0,0,0,0,0,0]},"npc_dota_hero_wisp":{"lastAbilityUpgraded":"","victory":false,"state":{"kills":0,"towersLeft":1,"netWorth":0.016680000349879265,"xp":0.069228395819664,"teamXp":0.11025308817625046,"teamDeaths":0.010999999940395355,"enemyTowersLeft":0.939393937587738,"deaths":0.003000000026077032,"teamNetWorth":0.1505099982023239,"teamKills":0.004000000189989805},"lastItemPurchased":[0,0,0,0,0,0,0,0,0,0,0]},"npc_dota_hero_juggernaut":{"lastAbilityUpgraded":"","victory":true,"state":{"kills":0.0020000000949949026,"towersLeft":0.939393937587738,"netWorth":0.03554999828338623,"xp":0.17552469670772552,"teamXp":0.13648147881031036,"teamDeaths":0.004000000189989805,"enemyTowersLeft":1,"deaths":0,"teamNetWorth":0.14823000133037567,"teamKills":0.009999999776482582},"lastItemPurchased":[0,1,0,0,0,0,0,0,0,0,0]},"npc_dota_hero_disruptor":{"lastAbilityUpgraded":"","victory":true,"state":{"kills":0,"towersLeft":0.939393937587738,"netWorth":0.017920000478625298,"xp":0.08172839134931564,"teamXp":0.13648147881031036,"teamDeaths":0.004000000189989805,"enemyTowersLeft":1,"deaths":0,"teamNetWorth":0.14823000133037567,"teamKills":0.009999999776482582},"lastItemPurchased":[0,0,0,0,0,0,0,0,0,0,0]}}}