{"gameTime":39,"state":{"npc_dota_hero_nyx_assassin":{"lastAbilityUpgraded":"","victory":true,"state":{"kills":0.003000000026077032,"towersLeft":0.939393937587738,"netWorth":0.05999999865889549,"xp":0.3129321038722992,"teamXp":0.4945308566093445,"teamDeaths":0.02500000037252903,"enemyTowersLeft":0.7878788113594055,"deaths":0.006000000052154064,"teamNetWorth":0.5422899723052979,"teamKills":0.04399999976158142},"lastItemPurchased":[0,0,0,0,0,0,0,0,0,0,0]},"npc_dota_hero_visage":{"lastAbilityUpgraded":"","victory":false,"state":{"kills":0.008999999612569809,"towersLeft":0.7575757503509521,"netWorth":0.04106999933719635,"xp":0.3368209898471832,"teamXp":0.37654322385787964,"teamDeaths":0.0430000014603138,"enemyTowersLeft":0.9090909361839294,"deaths":0.008999999612569809,"teamNetWorth":0.3580799996852875,"teamKills":0.019999999552965164},"lastItemPurchased":[0,0,0,0,0,0,0,0,0,0,0]},"npc_dota_hero_alchemist":{"lastAbilityUpgraded":"","victory":false,"state":{"kills":0,"towersLeft":0.7575757503509521,"netWorth":0.14154000580310822,"xp":0.4591358006000519,"teamXp":0.37654322385787964,"teamDeaths":0.0430000014603138,"enemyTowersLeft":0.9090909361839294,"deaths":0.007000000216066837,"teamNetWorth":0.3580799996852875,"teamKills":0.019999999552965164},"lastItemPurchased":[0,0,0,0,0,0,0,0,0,0,1]},"npc_dota_hero_drow_ranger":{"lastAbilityUpgraded":"","victory":false,"state":{"kills":0.004000000189989805,"towersLeft":0.7575757503509521,"netWorth":0.06674999743700027,"xp":0.35512346029281616,"teamXp":0.37654322385787964,"teamDeaths":0.0430000014603138,"enemyTowersLeft":0.9090909361839294,"deaths":0.012000000104308128,"teamNetWorth":0.3580799996852875,"teamKills":0.019999999552965164},"lastItemPurchased":[0,0,0,1,0,0,0,0,0,0,0]},"npc_dota_hero_pudge":{"lastAbilityUpgraded":"","victory":true,"state":{"kills":0.014000000432133675,"towersLeft":0.939393937587738,"netWorth":0.08918000012636185,"xp":0.4284876585006714,"teamXp":0.4945308566093445,"teamDeaths":0.02500000037252903,"enemyTowersLeft":0.7878788113594055,"deaths":0.00800000037997961,"teamNetWorth":0.5422899723052979,"teamKills":0.04399999976158142},"lastItemPurchased":[0,0,0,0,0,1,0,0,0,0,0]},"npc_dota_hero_sand_king":{"lastAbilityUpgraded":"","victory":false,"state":{"kills":0.003000000026077032,"towersLeft":0.7575757503509521,"netWorth":0.07348000258207321,"xp":0.47842592000961304,"teamXp":0.37654322385787964,"teamDeaths":0.0430000014603138,"enemyTowersLeft":0.9090909361839294,"deaths":0.004999999888241291,"teamNetWorth":0.3580799996852875,"teamKills":0.019999999552965164},"lastItemPurchased":[0,0,0,0,0,0,0,0,0,0,0]},"npc_dota_hero_mirana":{"lastAbilityUpgraded":"","victory":true,"state":{"kills":0.007000000216066837,"towersLeft":0.939393937587738,"netWorth":0.14219999313354492,"xp":0.6154012084007263,"teamXp":0.4945308566093445,"teamDeaths":0.02500000037252903,"enemyTowersLeft":0.7878788113594055,"deaths":0.0020000000949949026,"teamNetWorth":0.5422899723052979,"teamKills":0.04399999976158142},"lastItemPurchased":[0,0,0,0,0,0,0,0,0,0,0]},"npc_dota_hero_slardar":{"lastAbilityUpgraded":"","victory":true,"state":{"kills":0.010999999940395355,"towersLeft":0.939393937587738,"netWorth":0.10333000123500824,"xp":0.46009260416030884,"teamXp":0.4945308566093445,"teamDeaths":0.02500000037252903,"enemyTowersLeft":0.7878788113594055,"deaths":0.004999999888241291,"teamNetWorth":0.5422899723052979,"teamKills":0.04399999976158142},"lastItemPurchased":[0,0,0,0,0,0,0,0,0,0,0]},"npc_dota_hero_bounty_hunter":{"lastAbilityUpgraded":"","victory":false,"state":{"kills":0.004000000189989805,"towersLeft":0.7575757503509521,"netWorth":0.03523999825119972,"xp":0.2532098889350891,"teamXp":0.37654322385787964,"teamDeaths":0.0430000014603138,"enemyTowersLeft":0.9090909361839294,"deaths":0.009999999776482582,"teamNetWorth":0.3580799996852875,"teamKills":0.019999999552965164},"lastItemPurchased":[0,0,0,0,0,0,0,0,0,0,0]},"npc_dota_hero_weaver":{"lastAbilityUpgraded":"","victory":true,"state":{"kills":0.008999999612569809,"towersLeft":0.939393937587738,"netWorth":0.14757999777793884,"xp":0.6557407379150391,"teamXp":0.4945308566093445,"teamDeaths":0.02500000037252903,"enemyTowersLeft":0.7878788113594055,"deaths":0.004000000189989805,"teamNetWorth":0.5422899723052979,"teamKills":0.04399999976158142},"lastItemPurchased":[0,0,0,0,0,0,0,0,0,0,0]}}}