{"gameTime":14,"state":{"npc_dota_hero_faceless_void":{"lastAbilityUpgraded":"","victory":true,"state":{"kills":0.003000000026077032,"towersLeft":0.9696969985961914,"netWorth":0.03183000162243843,"xp":0.11027777940034866,"teamXp":0.08896296471357346,"teamDeaths":0.006000000052154064,"enemyTowersLeft":0.9696969985961914,"deaths":0,"teamNetWorth":0.126010000705719,"teamKills":0.013000000268220901},"lastItemPurchased":[0,0,0,0,0,0,0,0,0,0,0]},"npc_dota_hero_ursa":{"lastAbilityUpgraded":"","victory":false,"state":{"kills":0,"towersLeft":0.9696969985961914,"netWorth":0.009750000201165676,"xp":0.05000000074505806,"teamXp":0.07405555248260498,"teamDeaths":0.014000000432133675,"enemyTowersLeft":0.9696969985961914,"deaths":0.004999999888241291,"teamNetWorth":0.0957299992442131,"teamKills":0.004999999888241291},"lastItemPurchased":[0,0,0,0,0,0,0,0,0,0,0]},"npc_dota_hero_phoenix":{"lastAbilityUpgraded":"","victory":false,"state":{"kills":0.0020000000949949026,"towersLeft":0.9696969985961914,"netWorth":0.01334999967366457,"xp":0.038148149847984314,"teamXp":0.07405555248260498,"teamDeaths":0.014000000432133675,"enemyTowersLeft":0.9696969985961914,"deaths":0.004000000189989805,"teamNetWorth":0.0957299992442131,"teamKills":0.004999999888241291},"lastItemPurchased":[0,0,0,0,1,0,0,0,0,0,0]},"npc_dota_hero_rubick":{"lastAbilityUpgraded":"","victory":true,"state":{"kills":0,"towersLeft":0.9696969985961914,"netWorth":0.011989999562501907,"xp":0.04959876462817192,"teamXp":0.08896296471357346,"teamDeaths":0.006000000052154064,"enemyTowersLeft":0.9696969985961914,"deaths":0.0020000000949949026,"teamNetWorth":0.126010000705719,"teamKills":0.013000000268220901},"lastItemPurchased":[0,0,0,1,0,0,0,0,0,0,0]},"npc_dota_hero_drow_ranger":{"lastAbilityUpgraded":"","victory":true,"state":{"kills":0.0010000000474974513,"towersLeft":0.9696969985961914,"netWorth":0.02319999970495701,"xp":0.08108025044202805,"teamXp":0.08896296471357346,"teamDeaths":0.006000000052154064,"enemyTowersLeft":0.9696969985961914,"deaths":0.0010000000474974513,"teamNetWorth":0.126010000705719,"teamKills":0.013000000268220901},"lastItemPurchased":[0,0,0,0,1,0,0,0,0,0,0]},"npc_dota_hero_venomancer":{"lastAbilityUpgraded":"","victory":false,"state":{"kills":0.0010000000474974513,"towersLeft":0.9696969985961914,"netWorth":0.02095000073313713,"xp":0.09262345731258392,"teamXp":0.07405555248260498,"teamDeaths":0.014000000432133675,"enemyTowersLeft":0.9696969985961914,"deaths":0.003000000026077032,"teamNetWorth":0.0957299992442131,"teamKills":0.004999999888241291},"lastItemPurchased":[0,0,0,0,0,0,0,0,0,0,0]},"npc_dota_hero_invoker":{"lastAbilityUpgraded":"","victory":true,"state":{"kills":0,"towersLeft":0.9696969985961914,"netWorth":0.02239999920129776,"xp":0.10203703492879868,"teamXp":0.08896296471357346,"teamDeaths":0.006000000052154064,"enemyTowersLeft":0.9696969985961914,"deaths":0.0020000000949949026,"teamNetWorth":0.126010000705719,"teamKills":0.013000000268220901},"lastItemPurchased":[0,0,0,0,0,0,0,0,0,0,0]},"npc_dota_hero_obsidian_destroyer":{"lastAbilityUpgraded":"","victory":false,"state":{"kills":0.0010000000474974513,"towersLeft":0.9696969985961914,"netWorth":0.030060000717639923,"xp":0.11910493671894073,"teamXp":0.07405555248260498,"teamDeaths":0.014000000432133675,"enemyTowersLeft":0.9696969985961914,"deaths":0.0020000000949949026,"teamNetWorth":0.0957299992442131,"teamKills":0.004999999888241291},"lastItemPurchased":[0,0,0,1,0,0,0,0,0,0,0]},"npc_dota_hero_omniknight":{"lastAbilityUpgraded":"","victory":false,"state":{"kills":0.0010000000474974513,"towersLeft":0.9696969985961914,"netWorth":0.021619999781250954,"xp":0.07040123641490936,"teamXp":0.07405555248260498,"teamDeaths":0.014000000432133675,"enemyTowersLeft":0.9696969985961914,"deaths":0,"teamNetWorth":0.0957299992442131,"teamKills":0.004999999888241291},"lastItemPurchased":[0,0,0,0,0,0,0,0,0,0,0]},"npc_dota_hero_weaver":{"lastAbilityUpgraded":"","victory":true,"state":{"kills":0.008999999612569809,"towersLeft":0.9696969985961914,"netWorth":0.03658999875187874,"xp":0.10182099044322968,"teamXp":0.08896296471357346,"teamDeaths":0.006000000052154064,"enemyTowersLeft":0.9696969985961914,"deaths":0.0010000000474974513,"teamNetWorth":0.126010000705719,"teamKills":0.013000000268220901},"lastItemPurchased":[0,0,0,0,1,0,0,0,0,0,0]}}}