{"gameTime":20,"state":{"npc_dota_hero_ursa":{"lastAbilityUpgraded":"","victory":true,"state":{"kills":0.004000000189989805,"towersLeft":0.9090909361839294,"netWorth":0.04376000165939331,"xp":0.21833333373069763,"teamXp":0.21200616657733917,"teamDeaths":0.020999999716877937,"enemyTowersLeft":1,"deaths":0.006000000052154064,"teamNetWorth":0.19984999299049377,"teamKills":0.017000000923871994},"lastItemPurchased":[0,0,0,0,0,0,0,0,0,0,0]},"npc_dota_hero_drow_ranger":{"lastAbilityUpgraded":"","victory":false,"state":{"kills":0.006000000052154064,"towersLeft":1,"netWorth":0.04058000072836876,"xp":0.24925926327705383,"teamXp":0.22843210399150848,"teamDeaths":0.017999999225139618,"enemyTowersLeft":0.9090909361839294,"deaths":0.004000000189989805,"teamNetWorth":0.22939999401569366,"teamKills":0.017999999225139618},"lastItemPurchased":[0,0,0,0,0,0,0,0,0,0,0]},"npc_dota_hero_axe":{"lastAbilityUpgraded":"","victory":false,"state":{"kills":0.004000000189989805,"towersLeft":1,"netWorth":0.04978000000119209,"xp":0.2589506208896637,"teamXp":0.22843210399150848,"teamDeaths":0.017999999225139618,"enemyTowersLeft":0.9090909361839294,"deaths":0.004999999888241291,"teamNetWorth":0.22939999401569366,"teamKills":0.017999999225139618},"lastItemPurchased":[0,0,0,0,0,0,0,0,0,0,0]},"npc_dota_hero_tinker":{"lastAbilityUpgraded":"","victory":true,"state":{"kills":0.007000000216066837,"towersLeft":0.9090909361839294,"netWorth":0.057760000228881836,"xp":0.27716049551963806,"teamXp":0.21200616657733917,"teamDeaths":0.020999999716877937,"enemyTowersLeft":1,"deaths":0.004000000189989805,"teamNetWorth":0.19984999299049377,"teamKills":0.017000000923871994},"lastItemPurchased":[0,0,0,1,0,0,0,0,0,0,0]},"npc_dota_hero_death_prophet":{"lastAbilityUpgraded":"","victory":false,"state":{"kills":0.0010000000474974513,"towersLeft":1,"netWorth":0.027160000056028366,"xp":0.15175925195217133,"teamXp":0.22843210399150848,"teamDeaths":0.017999999225139618,"enemyTowersLeft":0.9090909361839294,"deaths":0.0010000000474974513,"teamNetWorth":0.22939999401569366,"teamKills":0.017999999225139618},"lastItemPurchased":[0,0,0,0,0,0,0,0,0,0,0]},"npc_dota_hero_elder_titan":{"lastAbilityUpgraded":"","victory":true,"state":{"kills":0.003000000026077032,"towersLeft":0.9090909361839294,"netWorth":0.02184000052511692,"xp":0.17040123045444489,"teamXp":0.21200616657733917,"teamDeaths":0.020999999716877937,"enemyTowersLeft":1,"deaths":0.006000000052154064,"teamNetWorth":0.19984999299049377,"teamKills":0.017000000923871994},"lastItemPurchased":[0,0,0,0,0,0,0,0,0,0,0]},"npc_dota_hero_spectre":{"lastAbilityUpgraded":"","victory":false,"state":{"kills":0.0020000000949949026,"towersLeft":1,"netWorth":0.04879000037908554,"xp":0.20543210208415985,"teamXp":0.22843210399150848,"teamDeaths":0.017999999225139618,"enemyTowersLeft":0.9090909361839294,"deaths":0.004999999888241291,"teamNetWorth":0.22939999401569366,"teamKills":0.017999999225139618},"lastItemPurchased":[0,0,0,0,0,0,0,0,0,0,0]},"npc_dota_hero_skeleton_king":{"lastAbilityUpgraded":"","victory":true,"state":{"kills":0.003000000026077032,"towersLeft":0.9090909361839294,"netWorth":0.05063999816775322,"xp":0.23358024656772614,"teamXp":0.21200616657733917,"teamDeaths":0.020999999716877937,"enemyTowersLeft":1,"deaths":0.003000000026077032,"teamNetWorth":0.19984999299049377,"teamKills":0.017000000923871994},"lastItemPurchased":[0,0,0,0,0,0,0,0,0,0,0]},"npc_dota_hero_omniknight":{"lastAbilityUpgraded":"","victory":true,"state":{"kills":0,"towersLeft":0.9090909361839294,"netWorth":0.025849999859929085,"xp":0.16055555641651154,"teamXp":0.21200616657733917,"teamDeaths":0.020999999716877937,"enemyTowersLeft":1,"deaths":0.0020000000949949026,"teamNetWorth":0.19984999299049377,"teamKills":0.017000000923871994},"lastItemPurchased":[0,0,0,0,0,0,0,0,0,0,0]},"npc_dota_hero_weaver":{"lastAbilityUpgraded":"","victory":false,"state":{"kills":0.004999999888241291,"towersLeft":1,"netWorth":0.0630899965763092,"xp":0.2767592668533325,"teamXp":0.22843210399150848,"teamDeaths":0.017999999225139618,"enemyTowersLeft":0.9090909361839294,"deaths":0.003000000026077032,"teamNetWorth":0.22939999401569366,"teamKills":0.017999999225139618},"lastItemPurchased":[0,0,0,0,0,0,0,0,0,1,0]}}}