{"gameTime":25,"state":{"npc_dota_hero_ursa":{"lastAbilityUpgraded":"","victory":true,"state":{"kills":0.004999999888241291,"towersLeft":0.9090909361839294,"netWorth":0.04916999861598015,"xp":0.2785493731498718,"teamXp":0.3449012339115143,"teamDeaths":0.027000000700354576,"enemyTowersLeft":0.9696969985961914,"deaths":0.00800000037997961,"teamNetWorth":0.30011001229286194,"teamKills":0.028999999165534973},"lastItemPurchased":[0,0,0,0,0,0,0,0,0,0,0]},"npc_dota_hero_drow_ranger":{"lastAbilityUpgraded":"","victory":false,"state":{"kills":0.006000000052154064,"towersLeft":0.9696969985961914,"netWorth":0.037950001657009125,"xp":0.280802458524704,"teamXp":0.3035864233970642,"teamDeaths":0.029999999329447746,"enemyTowersLeft":0.9090909361839294,"deaths":0.007000000216066837,"teamNetWorth":0.2612900137901306,"teamKills":0.024000000208616257},"lastItemPurchased":[0,0,0,0,0,0,0,0,0,0,0]},"npc_dota_hero_axe":{"lastAbilityUpgraded":"","victory":false,"state":{"kills":0.006000000052154064,"towersLeft":0.9696969985961914,"netWorth":0.05973000079393387,"xp":0.3546604812145233,"teamXp":0.3035864233970642,"teamDeaths":0.029999999329447746,"enemyTowersLeft":0.9090909361839294,"deaths":0.00800000037997961,"teamNetWorth":0.2612900137901306,"teamKills":0.024000000208616257},"lastItemPurchased":[0,0,0,0,0,0,0,0,0,0,0]},"npc_dota_hero_tinker":{"lastAbilityUpgraded":"","victory":true,"state":{"kills":0.013000000268220901,"towersLeft":0.9090909361839294,"netWorth":0.10670000314712524,"xp":0.498487651348114,"teamXp":0.3449012339115143,"teamDeaths":0.027000000700354576,"enemyTowersLeft":0.9696969985961914,"deaths":0.004000000189989805,"teamNetWorth":0.30011001229286194,"teamKills":0.028999999165534973},"lastItemPurchased":[0,0,0,0,0,0,1,0,0,0,0]},"npc_dota_hero_death_prophet":{"lastAbilityUpgraded":"","victory":false,"state":{"kills":0.0010000000474974513,"towersLeft":0.9696969985961914,"netWorth":0.026480000466108322,"xp":0.19120369851589203,"teamXp":0.3035864233970642,"teamDeaths":0.029999999329447746,"enemyTowersLeft":0.9090909361839294,"deaths":0.003000000026077032,"teamNetWorth":0.2612900137901306,"teamKills":0.024000000208616257},"lastItemPurchased":[1,0,0,0,0,0,0,0,0,0,0]},"npc_dota_hero_elder_titan":{"lastAbilityUpgraded":"","victory":true,"state":{"kills":0.004000000189989805,"towersLeft":0.9090909361839294,"netWorth":0.0314599983394146,"xp":0.27595677971839905,"teamXp":0.3449012339115143,"teamDeaths":0.027000000700354576,"enemyTowersLeft":0.9696969985961914,"deaths":0.007000000216066837,"teamNetWorth":0.30011001229286194,"teamKills":0.028999999165534973},"lastItemPurchased":[0,0,0,0,0,0,0,0,0,0,0]},"npc_dota_hero_spectre":{"lastAbilityUpgraded":"","victory":false,"state":{"kills":0.003000000026077032,"towersLeft":0.9696969985961914,"netWorth":0.06305000185966492,"xp":0.3108024597167969,"teamXp":0.3035864233970642,"teamDeaths":0.029999999329447746,"enemyTowersLeft":0.9090909361839294,"deaths":0.006000000052154064,"teamNetWorth":0.2612900137901306,"teamKills":0.024000000208616257},"lastItemPurchased":[0,0,0,0,0,0,0,0,0,0,0]},"npc_dota_hero_skeleton_king":{"lastAbilityUpgraded":"","victory":true,"state":{"kills":0.006000000052154064,"towersLeft":0.9090909361839294,"netWorth":0.07672999799251556,"xp":0.40512344241142273,"teamXp":0.3449012339115143,"teamDeaths":0.027000000700354576,"enemyTowersLeft":0.9696969985961914,"deaths":0.004999999888241291,"teamNetWorth":0.30011001229286194,"teamKills":0.028999999165534973},"lastItemPurchased":[0,0,0,0,0,0,1,0,0,0,0]},"npc_dota_hero_omniknight":{"lastAbilityUpgraded":"","victory":true,"state":{"kills":0.0010000000474974513,"towersLeft":0.9090909361839294,"netWorth":0.03604999929666519,"xp":0.2663888931274414,"teamXp":0.3449012339115143,"teamDeaths":0.027000000700354576,"enemyTowersLeft":0.9696969985961914,"deaths":0.003000000026077032,"teamNetWorth":0.30011001229286194,"teamKills":0.028999999165534973},"lastItemPurchased":[0,0,0,0,0,0,0,0,0,0,0]},"npc_dota_hero_weaver":{"lastAbilityUpgraded":"","victory":false,"state":{"kills":0.00800000037997961,"towersLeft":0.9696969985961914,"netWorth":0.07407999783754349,"xp":0.38046297430992126,"teamXp":0.3035864233970642,"teamDeaths":0.029999999329447746,"enemyTowersLeft":0.9090909361839294,"deaths":0.006000000052154064,"teamNetWorth":0.2612900137901306,"teamKills":0.024000000208616257},"lastItemPurchased":[0,0,0,0,0,0,0,0,0,0,0]}}}