{"gameTime":37,"state":{"npc_dota_hero_bloodseeker":{"lastAbilityUpgraded":"","victory":false,"state":{"kills":0.00800000037997961,"towersLeft":0.8484848737716675,"netWorth":0.10767000168561935,"xp":0.4665123522281647,"teamXp":0.37824690341949463,"teamDeaths":0.023000000044703484,"enemyTowersLeft":0.8484848737716675,"deaths":0.00800000037997961,"teamNetWorth":0.4406999945640564,"teamKills":0.02800000086426735},"lastItemPurchased":[0,0,0,0,0,0,0,0,0,0,0]},"npc_dota_hero_faceless_void":{"lastAbilityUpgraded":"","victory":true,"state":{"kills":0.003000000026077032,"towersLeft":0.8484848737716675,"netWorth":0.09894999861717224,"xp":0.466790109872818,"teamXp":0.4066851735115051,"teamDeaths":0.027000000700354576,"enemyTowersLeft":0.8484848737716675,"deaths":0.004999999888241291,"teamNetWorth":0.4695900082588196,"teamKills":0.01899999938905239},"lastItemPurchased":[0,1,0,0,0,0,0,0,0,0,0]},"npc_dota_hero_zuus":{"lastAbilityUpgraded":"","victory":false,"state":{"kills":0.010999999940395355,"towersLeft":0.8484848737716675,"netWorth":0.11315000057220459,"xp":0.4445987641811371,"teamXp":0.37824690341949463,"teamDeaths":0.023000000044703484,"enemyTowersLeft":0.8484848737716675,"deaths":0.004999999888241291,"teamNetWorth":0.4406999945640564,"teamKills":0.02800000086426735},"lastItemPurchased":[0,0,0,0,0,0,0,0,0,0,0]},"npc_dota_hero_mirana":{"lastAbilityUpgraded":"","victory":true,"state":{"kills":0.0010000000474974513,"towersLeft":0.8484848737716675,"netWorth":0.036079999059438705,"xp":0.10506172478199005,"teamXp":0.4066851735115051,"teamDeaths":0.027000000700354576,"enemyTowersLeft":0.8484848737716675,"deaths":0.004000000189989805,"teamNetWorth":0.4695900082588196,"teamKills":0.01899999938905239},"lastItemPurchased":[0,0,0,0,0,0,0,0,0,0,0]},"npc_dota_hero_lion":{"lastAbilityUpgraded":"","victory":false,"state":{"kills":0.004000000189989805,"towersLeft":0.8484848737716675,"netWorth":0.0663599967956543,"xp":0.42277777194976807,"teamXp":0.37824690341949463,"teamDeaths":0.023000000044703484,"enemyTowersLeft":0.8484848737716675,"deaths":0.003000000026077032,"teamNetWorth":0.4406999945640564,"teamKills":0.02800000086426735},"lastItemPurchased":[1,0,0,0,0,0,0,0,0,0,0]},"npc_dota_hero_rattletrap":{"lastAbilityUpgraded":"","victory":false,"state":{"kills":0.004999999888241291,"towersLeft":0.8484848737716675,"netWorth":0.09036999940872192,"xp":0.3393518626689911,"teamXp":0.37824690341949463,"teamDeaths":0.023000000044703484,"enemyTowersLeft":0.8484848737716675,"deaths":0.004999999888241291,"teamNetWorth":0.4406999945640564,"teamKills":0.02800000086426735},"lastItemPurchased":[0,0,0,0,0,0,0,0,0,0,0]},"npc_dota_hero_morphling":{"lastAbilityUpgraded":"","victory":true,"state":{"kills":0.004000000189989805,"towersLeft":0.8484848737716675,"netWorth":0.12691999971866608,"xp":0.524506151676178,"teamXp":0.4066851735115051,"teamDeaths":0.027000000700354576,"enemyTowersLeft":0.8484848737716675,"deaths":0.004999999888241291,"teamNetWorth":0.4695900082588196,"teamKills":0.01899999938905239},"lastItemPurchased":[0,0,0,0,1,0,0,0,0,0,0]},"npc_dota_hero_shadow_demon":{"lastAbilityUpgraded":"","victory":true,"state":{"kills":0.004000000189989805,"towersLeft":0.8484848737716675,"netWorth":0.07062000036239624,"xp":0.34783950448036194,"teamXp":0.4066851735115051,"teamDeaths":0.027000000700354576,"enemyTowersLeft":0.8484848737716675,"deaths":0.004999999888241291,"teamNetWorth":0.4695900082588196,"teamKills":0.01899999938905239},"lastItemPurchased":[0,0,0,0,0,0,0,0,0,0,0]},"npc_dota_hero_slark":{"lastAbilityUpgraded":"","victory":false,"state":{"kills":0,"towersLeft":0.8484848737716675,"netWorth":0.06315000355243683,"xp":0.217993825674057,"teamXp":0.37824690341949463,"teamDeaths":0.023000000044703484,"enemyTowersLeft":0.8484848737716675,"deaths":0.0020000000949949026,"teamNetWorth":0.4406999945640564,"teamKills":0.02800000086426735},"lastItemPurchased":[0,0,0,0,0,0,0,0,0,0,0]},"npc_dota_hero_queenofpain":{"lastAbilityUpgraded":"","victory":true,"state":{"kills":0.007000000216066837,"towersLeft":0.8484848737716675,"netWorth":0.13702000677585602,"xp":0.5892283916473389,"teamXp":0.4066851735115051,"teamDeaths":0.027000000700354576,"enemyTowersLeft":0.8484848737716675,"deaths":0.00800000037997961,"teamNetWorth":0.4695900082588196,"teamKills":0.01899999938905239},"lastItemPurchased":[0,0,0,0,0,0,0,0,0,0,1]}}}