{"gameTime":40,"state":{"npc_dota_hero_bloodseeker":{"lastAbilityUpgraded":"","victory":false,"state":{"kills":0.009999999776482582,"towersLeft":0.8181818127632141,"netWorth":0.1267399936914444,"xp":0.49895063042640686,"teamXp":0.4255000054836273,"teamDeaths":0.027000000700354576,"enemyTowersLeft":0.8181818127632141,"deaths":0.009999999776482582,"teamNetWorth":0.48313000798225403,"teamKills":0.032999999821186066},"lastItemPurchased":[0,0,1,0,0,0,0,0,0,0,0]},"npc_dota_hero_faceless_void":{"lastAbilityUpgraded":"","victory":true,"state":{"kills":0.003000000026077032,"towersLeft":0.8181818127632141,"netWorth":0.11271999776363373,"xp":0.539506196975708,"teamXp":0.4787963032722473,"teamDeaths":0.03099999949336052,"enemyTowersLeft":0.8181818127632141,"deaths":0.004999999888241291,"teamNetWorth":0.5270199775695801,"teamKills":0.02199999988079071},"lastItemPurchased":[0,0,0,0,0,0,0,0,1,0,0]},"npc_dota_hero_zuus":{"lastAbilityUpgraded":"","victory":false,"state":{"kills":0.012000000104308128,"towersLeft":0.8181818127632141,"netWorth":0.13409000635147095,"xp":0.5368826985359192,"teamXp":0.4255000054836273,"teamDeaths":0.027000000700354576,"enemyTowersLeft":0.8181818127632141,"deaths":0.004999999888241291,"teamNetWorth":0.48313000798225403,"teamKills":0.032999999821186066},"lastItemPurchased":[0,0,0,0,0,0,1,0,0,0,0]},"npc_dota_hero_mirana":{"lastAbilityUpgraded":"","victory":true,"state":{"kills":0.0010000000474974513,"towersLeft":0.8181818127632141,"netWorth":0.036559998989105225,"xp":0.11160493642091751,"teamXp":0.4787963032722473,"teamDeaths":0.03099999949336052,"enemyTowersLeft":0.8181818127632141,"deaths":0.004999999888241291,"teamNetWorth":0.5270199775695801,"teamKills":0.02199999988079071},"lastItemPurchased":[0,0,0,0,0,0,0,0,0,0,0]},"npc_dota_hero_lion":{"lastAbilityUpgraded":"","victory":false,"state":{"kills":0.004999999888241291,"towersLeft":0.8181818127632141,"netWorth":0.06790000200271606,"xp":0.4452469050884247,"teamXp":0.4255000054836273,"teamDeaths":0.027000000700354576,"enemyTowersLeft":0.8181818127632141,"deaths":0.004000000189989805,"teamNetWorth":0.48313000798225403,"teamKills":0.032999999821186066},"lastItemPurchased":[0,0,0,0,0,0,0,0,0,0,0]},"npc_dota_hero_rattletrap":{"lastAbilityUpgraded":"","victory":false,"state":{"kills":0.006000000052154064,"towersLeft":0.8181818127632141,"netWorth":0.0888499990105629,"xp":0.4229012429714203,"teamXp":0.4255000054836273,"teamDeaths":0.027000000700354576,"enemyTowersLeft":0.8181818127632141,"deaths":0.006000000052154064,"teamNetWorth":0.48313000798225403,"teamKills":0.032999999821186066},"lastItemPurchased":[0,0,0,0,0,0,0,0,0,0,0]},"npc_dota_hero_morphling":{"lastAbilityUpgraded":"","victory":true,"state":{"kills":0.006000000052154064,"towersLeft":0.8181818127632141,"netWorth":0.13940000534057617,"xp":0.6100925803184509,"teamXp":0.4787963032722473,"teamDeaths":0.03099999949336052,"enemyTowersLeft":0.8181818127632141,"deaths":0.007000000216066837,"teamNetWorth":0.5270199775695801,"teamKills":0.02199999988079071},"lastItemPurchased":[0,0,0,0,0,0,0,0,0,1,0]},"npc_dota_hero_shadow_demon":{"lastAbilityUpgraded":"","victory":true,"state":{"kills":0.004000000189989805,"towersLeft":0.8181818127632141,"netWorth":0.07626000046730042,"xp":0.42212963104248047,"teamXp":0.4787963032722473,"teamDeaths":0.03099999949336052,"enemyTowersLeft":0.8181818127632141,"deaths":0.006000000052154064,"teamNetWorth":0.5270199775695801,"teamKills":0.02199999988079071},"lastItemPurchased":[1,0,0,0,0,0,0,0,0,0,0]},"npc_dota_hero_slark":{"lastAbilityUpgraded":"","victory":false,"state":{"kills":0,"towersLeft":0.8181818127632141,"netWorth":0.06554999947547913,"xp":0.2235185205936432,"teamXp":0.4255000054836273,"teamDeaths":0.027000000700354576,"enemyTowersLeft":0.8181818127632141,"deaths":0.0020000000949949026,"teamNetWorth":0.48313000798225403,"teamKills":0.032999999821186066},"lastItemPurchased":[0,0,0,0,0,0,0,0,0,0,0]},"npc_dota_hero_queenofpain":{"lastAbilityUpgraded":"","victory":true,"state":{"kills":0.00800000037997961,"towersLeft":0.8181818127632141,"netWorth":0.16208000481128693,"xp":0.7106481194496155,"teamXp":0.4787963032722473,"teamDeaths":0.03099999949336052,"enemyTowersLeft":0.8181818127632141,"deaths":0.00800000037997961,"teamNetWorth":0.5270199775695801,"teamKills":0.02199999988079071},"lastItemPurchased":[0,0,0,0,0,0,0,0,0,0,0]}}}