{"gameTime":54,"state":{"npc_dota_hero_nyx_assassin":{"lastAbilityUpgraded":"","victory":true,"state":{"kills":0.004000000189989805,"towersLeft":0.8787878751754761,"netWorth":0.14271000027656555,"xp":0.8363580107688904,"teamXp":0.7143827080726624,"teamDeaths":0.05000000074505806,"enemyTowersLeft":0.3333333432674408,"deaths":0.009999999776482582,"teamNetWorth":0.6800100207328796,"teamKills":0.03999999910593033},"lastItemPurchased":[0,0,0,0,0,0,0,0,0,0,0]},"npc_dota_hero_rubick":{"lastAbilityUpgraded":"","victory":false,"state":{"kills":0.004999999888241291,"towersLeft":0.3030303120613098,"netWorth":0.11465000361204147,"xp":0.7369444370269775,"teamXp":0.820722222328186,"teamDeaths":0.04500000178813934,"enemyTowersLeft":0.8484848737716675,"deaths":0.007000000216066837,"teamNetWorth":0.7674400210380554,"teamKills":0.052000001072883606},"lastItemPurchased":[0,0,0,0,0,0,1,0,0,0,0]},"npc_dota_hero_pudge":{"lastAbilityUpgraded":"","victory":false,"state":{"kills":0.013000000268220901,"towersLeft":0.3030303120613098,"netWorth":0.12161999940872192,"xp":0.8379629850387573,"teamXp":0.820722222328186,"teamDeaths":0.04500000178813934,"enemyTowersLeft":0.8484848737716675,"deaths":0.010999999940395355,"teamNetWorth":0.7674400210380554,"teamKills":0.052000001072883606},"lastItemPurchased":[0,0,0,0,0,0,0,0,0,0,0]},"npc_dota_hero_leshrac":{"lastAbilityUpgraded":"","victory":true,"state":{"kills":0.017999999225139618,"towersLeft":0.8787878751754761,"netWorth":0.23688000440597534,"xp":1.0010493993759155,"teamXp":0.7143827080726624,"teamDeaths":0.05000000074505806,"enemyTowersLeft":0.3333333432674408,"deaths":0.008999999612569809,"teamNetWorth":0.6800100207328796,"teamKills":0.03999999910593033},"lastItemPurchased":[0,0,0,0,0,0,0,0,1,0,0]},"npc_dota_hero_mirana":{"lastAbilityUpgraded":"","victory":false,"state":{"kills":0.007000000216066837,"towersLeft":0.3030303120613098,"netWorth":0.12377999722957611,"xp":0.7205555438995361,"teamXp":0.820722222328186,"teamDeaths":0.04500000178813934,"enemyTowersLeft":0.8484848737716675,"deaths":0.008999999612569809,"teamNetWorth":0.7674400210380554,"teamKills":0.052000001072883606},"lastItemPurchased":[0,0,0,0,0,0,0,0,0,0,0]},"npc_dota_hero_tinker":{"lastAbilityUpgraded":"","victory":false,"state":{"kills":0.01600000075995922,"towersLeft":0.3030303120613098,"netWorth":0.21207000315189362,"xp":0.9134876728057861,"teamXp":0.820722222328186,"teamDeaths":0.04500000178813934,"enemyTowersLeft":0.8484848737716675,"deaths":0.008999999612569809,"teamNetWorth":0.7674400210380554,"teamKills":0.052000001072883606},"lastItemPurchased":[0,0,0,0,0,0,0,0,0,0,0]},"npc_dota_hero_luna":{"lastAbilityUpgraded":"","victory":false,"state":{"kills":0.010999999940395355,"towersLeft":0.3030303120613098,"netWorth":0.1953199952840805,"xp":0.894660472869873,"teamXp":0.820722222328186,"teamDeaths":0.04500000178813934,"enemyTowersLeft":0.8484848737716675,"deaths":0.008999999612569809,"teamNetWorth":0.7674400210380554,"teamKills":0.052000001072883606},"lastItemPurchased":[0,0,0,0,0,0,0,0,0,0,1]},"npc_dota_hero_ogre_magi":{"lastAbilityUpgraded":"","victory":true,"state":{"kills":0.0020000000949949026,"towersLeft":0.8787878751754761,"netWorth":0.05618000030517578,"xp":0.474290132522583,"teamXp":0.7143827080726624,"teamDeaths":0.05000000074505806,"enemyTowersLeft":0.3333333432674408,"deaths":0.012000000104308128,"teamNetWorth":0.6800100207328796,"teamKills":0.03999999910593033},"lastItemPurchased":[1,0,0,0,0,0,0,0,0,0,0]},"npc_dota_hero_morphling":{"lastAbilityUpgraded":"","victory":true,"state":{"kills":0.014999999664723873,"towersLeft":0.8787878751754761,"netWorth":0.19787000119686127,"xp":0.9131172895431519,"teamXp":0.7143827080726624,"teamDeaths":0.05000000074505806,"enemyTowersLeft":0.3333333432674408,"deaths":0.009999999776482582,"teamNetWorth":0.6800100207328796,"teamKills":0.03999999910593033},"lastItemPurchased":[0,0,0,0,0,0,0,0,0,0,0]},"npc_dota_hero_shadow_demon":{"lastAbilityUpgraded":"","victory":true,"state":{"kills":0.0010000000474974513,"towersLeft":0.8787878751754761,"netWorth":0.0463699996471405,"xp":0.34709876775741577,"teamXp":0.7143827080726624,"teamDeaths":0.05000000074505806,"enemyTowersLeft":0.3333333432674408,"deaths":0.008999999612569809,"teamNetWorth":0.6800100207328796,"teamKills":0.03999999910593033},"lastItemPurchased":[0,0,0,0,0,0,0,0,0,0,0]}}}