{"gameTime":16,"state":{"npc_dota_hero_tusk":{"lastAbilityUpgraded":"","victory":true,"state":{"kills":0,"towersLeft":1,"netWorth":0.015890000388026237,"xp":0.07734567672014236,"teamXp":0.1099691390991211,"teamDeaths":0.006000000052154064,"enemyTowersLeft":1,"deaths":0.0020000000949949026,"teamNetWorth":0.1457200050354004,"teamKills":0.009999999776482582},"lastItemPurchased":[0,0,0,0,0,0,0,0,0,0,0]},"npc_dota_hero_ursa":{"lastAbilityUpgraded":"","victory":true,"state":{"kills":0.003000000026077032,"towersLeft":1,"netWorth":0.04228999838232994,"xp":0.1438271552324295,"teamXp":0.1099691390991211,"teamDeaths":0.006000000052154064,"enemyTowersLeft":1,"deaths":0.0010000000474974513,"teamNetWorth":0.1457200050354004,"teamKills":0.009999999776482582},"lastItemPurchased":[0,0,0,0,0,0,0,0,0,0,0]},"npc_dota_hero_meepo":{"lastAbilityUpgraded":"","victory":false,"state":{"kills":0.0020000000949949026,"towersLeft":1,"netWorth":0.038419999182224274,"xp":0.12370370328426361,"teamXp":0.08504320681095123,"teamDeaths":0.014999999664723873,"enemyTowersLeft":1,"deaths":0.004000000189989805,"teamNetWorth":0.10935000330209732,"teamKills":0.006000000052154064},"lastItemPurchased":[0,0,0,0,0,0,0,0,0,0,0]},"npc_dota_hero_invoker":{"lastAbilityUpgraded":"","victory":false,"state":{"kills":0.0020000000949949026,"towersLeft":1,"netWorth":0.027720000594854355,"xp":0.12126543372869492,"teamXp":0.08504320681095123,"teamDeaths":0.014999999664723873,"enemyTowersLeft":1,"deaths":0.0020000000949949026,"teamNetWorth":0.10935000330209732,"teamKills":0.006000000052154064},"lastItemPurchased":[0,0,0,0,0,0,0,0,0,0,0]},"npc_dota_hero_mirana":{"lastAbilityUpgraded":"","victory":false,"state":{"kills":0.0020000000949949026,"towersLeft":1,"netWorth":0.017430000007152557,"xp":0.04685185104608536,"teamXp":0.08504320681095123,"teamDeaths":0.014999999664723873,"enemyTowersLeft":1,"deaths":0.0020000000949949026,"teamNetWorth":0.10935000330209732,"teamKills":0.006000000052154064},"lastItemPurchased":[0,0,0,0,0,0,0,0,0,0,0]},"npc_dota_hero_tiny":{"lastAbilityUpgraded":"","victory":true,"state":{"kills":0.0010000000474974513,"towersLeft":1,"netWorth":0.02622999995946884,"xp":0.09802468866109848,"teamXp":0.1099691390991211,"teamDeaths":0.006000000052154064,"enemyTowersLeft":1,"deaths":0.0020000000949949026,"teamNetWorth":0.1457200050354004,"teamKills":0.009999999776482582},"lastItemPurchased":[0,0,0,0,0,0,0,0,0,0,0]},"npc_dota_hero_slardar":{"lastAbilityUpgraded":"","victory":true,"state":{"kills":0.004000000189989805,"towersLeft":1,"netWorth":0.0333000011742115,"xp":0.1529938280582428,"teamXp":0.1099691390991211,"teamDeaths":0.006000000052154064,"enemyTowersLeft":1,"deaths":0.0010000000474974513,"teamNetWorth":0.1457200050354004,"teamKills":0.009999999776482582},"lastItemPurchased":[0,0,0,0,0,0,0,0,0,0,0]},"npc_dota_hero_ogre_magi":{"lastAbilityUpgraded":"","victory":false,"state":{"kills":0,"towersLeft":1,"netWorth":0.007360000163316727,"xp":0.03839506208896637,"teamXp":0.08504320681095123,"teamDeaths":0.014999999664723873,"enemyTowersLeft":1,"deaths":0.0020000000949949026,"teamNetWorth":0.10935000330209732,"teamKills":0.006000000052154064},"lastItemPurchased":[0,0,0,0,0,0,0,0,0,0,0]},"npc_dota_hero_shredder":{"lastAbilityUpgraded":"","victory":false,"state":{"kills":0,"towersLeft":1,"netWorth":0.01841999962925911,"xp":0.0949999988079071,"teamXp":0.08504320681095123,"teamDeaths":0.014999999664723873,"enemyTowersLeft":1,"deaths":0.004999999888241291,"teamNetWorth":0.10935000330209732,"teamKills":0.006000000052154064},"lastItemPurchased":[0,0,0,0,0,0,0,0,0,0,0]},"npc_dota_hero_doom_bringer":{"lastAbilityUpgraded":"","victory":true,"state":{"kills":0.0020000000949949026,"towersLeft":1,"netWorth":0.02800999954342842,"xp":0.07765432447195053,"teamXp":0.1099691390991211,"teamDeaths":0.006000000052154064,"enemyTowersLeft":1,"deaths":0,"teamNetWorth":0.1457200050354004,"teamKills":0.009999999776482582},"lastItemPurchased":[0,0,0,0,1,0,0,0,0,0,0]}}}