{"gameTime":26,"state":{"npc_dota_hero_templar_assassin":{"lastAbilityUpgraded":"","victory":true,"state":{"kills":0.0010000000474974513,"towersLeft":1,"netWorth":0.07729999721050262,"xp":0.31182098388671875,"teamXp":0.19872839748859406,"teamDeaths":0.012000000104308128,"enemyTowersLeft":0.939393937587738,"deaths":0.0010000000474974513,"teamNetWorth":0.22086000442504883,"teamKills":0.013000000268220901},"lastItemPurchased":[0,0,0,0,0,0,0,0,0,0,0]},"npc_dota_hero_centaur":{"lastAbilityUpgraded":"","victory":false,"state":{"kills":0.004000000189989805,"towersLeft":0.939393937587738,"netWorth":0.034290000796318054,"xp":0.19595679640769958,"teamXp":0.19061727821826935,"teamDeaths":0.014999999664723873,"enemyTowersLeft":1,"deaths":0.004000000189989805,"teamNetWorth":0.18548999726772308,"teamKills":0.009999999776482582},"lastItemPurchased":[0,0,1,0,0,0,0,0,0,0,0]},"npc_dota_hero_rubick":{"lastAbilityUpgraded":"","victory":true,"state":{"kills":0.003000000026077032,"towersLeft":1,"netWorth":0.01607999950647354,"xp":0.060956791043281555,"teamXp":0.19872839748859406,"teamDeaths":0.012000000104308128,"enemyTowersLeft":0.939393937587738,"deaths":0.0020000000949949026,"teamNetWorth":0.22086000442504883,"teamKills":0.013000000268220901},"lastItemPurchased":[0,0,0,0,0,0,0,0,0,0,0]},"npc_dota_hero_earth_spirit":{"lastAbilityUpgraded":"","victory":true,"state":{"kills":0.0020000000949949026,"towersLeft":1,"netWorth":0.019999999552965164,"xp":0.09246913343667984,"teamXp":0.19872839748859406,"teamDeaths":0.012000000104308128,"enemyTowersLeft":0.939393937587738,"deaths":0.004000000189989805,"teamNetWorth":0.22086000442504883,"teamKills":0.013000000268220901},"lastItemPurchased":[0,0,0,0,0,0,0,0,0,0,0]},"npc_dota_hero_sand_king":{"lastAbilityUpgraded":"","victory":false,"state":{"kills":0.0020000000949949026,"towersLeft":0.939393937587738,"netWorth":0.022290000692009926,"xp":0.12157407402992249,"teamXp":0.19061727821826935,"teamDeaths":0.014999999664723873,"enemyTowersLeft":1,"deaths":0.003000000026077032,"teamNetWorth":0.18548999726772308,"teamKills":0.009999999776482582},"lastItemPurchased":[0,0,0,0,0,0,0,0,0,0,0]},"npc_dota_hero_mirana":{"lastAbilityUpgraded":"","victory":false,"state":{"kills":0.0020000000949949026,"towersLeft":0.939393937587738,"netWorth":0.0228899996727705,"xp":0.15145061910152435,"teamXp":0.19061727821826935,"teamDeaths":0.014999999664723873,"enemyTowersLeft":1,"deaths":0.003000000026077032,"teamNetWorth":0.18548999726772308,"teamKills":0.009999999776482582},"lastItemPurchased":[1,0,0,0,0,0,0,0,0,0,0]},"npc_dota_hero_luna":{"lastAbilityUpgraded":"","victory":false,"state":{"kills":0.0010000000474974513,"towersLeft":0.939393937587738,"netWorth":0.06493999809026718,"xp":0.28296294808387756,"teamXp":0.19061727821826935,"teamDeaths":0.014999999664723873,"enemyTowersLeft":1,"deaths":0.0010000000474974513,"teamNetWorth":0.18548999726772308,"teamKills":0.009999999776482582},"lastItemPurchased":[0,0,0,0,0,0,0,0,0,0,0]},"npc_dota_hero_viper":{"lastAbilityUpgraded":"","victory":false,"state":{"kills":0.0010000000474974513,"towersLeft":0.939393937587738,"netWorth":0.04108000174164772,"xp":0.20114196836948395,"teamXp":0.19061727821826935,"teamDeaths":0.014999999664723873,"enemyTowersLeft":1,"deaths":0.004000000189989805,"teamNetWorth":0.18548999726772308,"teamKills":0.009999999776482582},"lastItemPurchased":[0,0,0,0,0,0,0,0,0,0,0]},"npc_dota_hero_rattletrap":{"lastAbilityUpgraded":"","victory":true,"state":{"kills":0.003000000026077032,"towersLeft":1,"netWorth":0.03505000099539757,"xp":0.2154320925474167,"teamXp":0.19872839748859406,"teamDeaths":0.012000000104308128,"enemyTowersLeft":0.939393937587738,"deaths":0.003000000026077032,"teamNetWorth":0.22086000442504883,"teamKills":0.013000000268220901},"lastItemPurchased":[0,1,0,0,0,0,0,0,0,0,0]},"npc_dota_hero_slark":{"lastAbilityUpgraded":"","victory":true,"state":{"kills":0.004000000189989805,"towersLeft":1,"netWorth":0.07242999970912933,"xp":0.31296294927597046,"teamXp":0.19872839748859406,"teamDeaths":0.012000000104308128,"enemyTowersLeft":0.939393937587738,"deaths":0.0020000000949949026,"teamNetWorth":0.22086000442504883,"teamKills":0.013000000268220901},"lastItemPurchased":[0,0,0,0,0,0,0,0,0,0,0]}}}