{"gameTime":32,"state":{"npc_dota_hero_faceless_void":{"lastAbilityUpgraded":"","victory":true,"state":{"kills":0.003000000026077032,"towersLeft":0.9090909361839294,"netWorth":0.11445000022649765,"xp":0.38814815878868103,"teamXp":0.36698147654533386,"teamDeaths":0.01600000075995922,"enemyTowersLeft":0.6363636255264282,"deaths":0.0010000000474974513,"teamNetWorth":0.4709799885749817,"teamKills":0.020999999716877937},"lastItemPurchased":[0,0,0,0,0,0,0,0,1,0,0]},"npc_dota_hero_templar_assassin":{"lastAbilityUpgraded":"","victory":true,"state":{"kills":0.004999999888241291,"towersLeft":0.9090909361839294,"netWorth":0.12261000275611877,"xp":0.44305557012557983,"teamXp":0.36698147654533386,"teamDeaths":0.01600000075995922,"enemyTowersLeft":0.6363636255264282,"deaths":0.004000000189989805,"teamNetWorth":0.4709799885749817,"teamKills":0.020999999716877937},"lastItemPurchased":[0,0,0,0,0,0,0,0,0,0,0]},"npc_dota_hero_pudge":{"lastAbilityUpgraded":"","victory":true,"state":{"kills":0.0020000000949949026,"towersLeft":0.9090909361839294,"netWorth":0.0522099994122982,"xp":0.2801543176174164,"teamXp":0.36698147654533386,"teamDeaths":0.01600000075995922,"enemyTowersLeft":0.6363636255264282,"deaths":0.004999999888241291,"teamNetWorth":0.4709799885749817,"teamKills":0.020999999716877937},"lastItemPurchased":[1,0,0,0,0,0,0,0,0,0,0]},"npc_dota_hero_silencer":{"lastAbilityUpgraded":"","victory":true,"state":{"kills":0.004999999888241291,"towersLeft":0.9090909361839294,"netWorth":0.056770000606775284,"xp":0.2741049528121948,"teamXp":0.36698147654533386,"teamDeaths":0.01600000075995922,"enemyTowersLeft":0.6363636255264282,"deaths":0.003000000026077032,"teamNetWorth":0.4709799885749817,"teamKills":0.020999999716877937},"lastItemPurchased":[0,0,0,0,0,1,0,0,0,0,0]},"npc_dota_hero_nevermore":{"lastAbilityUpgraded":"","victory":false,"state":{"kills":0.009999999776482582,"towersLeft":0.6363636255264282,"netWorth":0.094030000269413,"xp":0.3937654197216034,"teamXp":0.2971481382846832,"teamDeaths":0.020999999716877937,"enemyTowersLeft":0.9090909361839294,"deaths":0.008999999612569809,"teamNetWorth":0.30309998989105225,"teamKills":0.014000000432133675},"lastItemPurchased":[0,0,0,0,0,0,0,0,0,0,0]},"npc_dota_hero_mirana":{"lastAbilityUpgraded":"","victory":false,"state":{"kills":0.0010000000474974513,"towersLeft":0.6363636255264282,"netWorth":0.05011000111699104,"xp":0.25969135761260986,"teamXp":0.2971481382846832,"teamDeaths":0.020999999716877937,"enemyTowersLeft":0.9090909361839294,"deaths":0.0010000000474974513,"teamNetWorth":0.30309998989105225,"teamKills":0.014000000432133675},"lastItemPurchased":[0,0,0,0,0,0,0,0,0,0,0]},"npc_dota_hero_luna":{"lastAbilityUpgraded":"","victory":true,"state":{"kills":0.006000000052154064,"towersLeft":0.9090909361839294,"netWorth":0.12494000047445297,"xp":0.449444442987442,"teamXp":0.36698147654533386,"teamDeaths":0.01600000075995922,"enemyTowersLeft":0.6363636255264282,"deaths":0.003000000026077032,"teamNetWorth":0.4709799885749817,"teamKills":0.020999999716877937},"lastItemPurchased":[0,0,0,0,0,0,0,0,0,0,0]},"npc_dota_hero_shadow_demon":{"lastAbilityUpgraded":"","victory":false,"state":{"kills":0,"towersLeft":0.6363636255264282,"netWorth":0.034690000116825104,"xp":0.1960185170173645,"teamXp":0.2971481382846832,"teamDeaths":0.020999999716877937,"enemyTowersLeft":0.9090909361839294,"deaths":0.003000000026077032,"teamNetWorth":0.30309998989105225,"teamKills":0.014000000432133675},"lastItemPurchased":[0,0,0,0,0,0,0,0,0,0,0]},"npc_dota_hero_omniknight":{"lastAbilityUpgraded":"","victory":false,"state":{"kills":0.0010000000474974513,"towersLeft":0.6363636255264282,"netWorth":0.05245999991893768,"xp":0.2931481599807739,"teamXp":0.2971481382846832,"teamDeaths":0.020999999716877937,"enemyTowersLeft":0.9090909361839294,"deaths":0.004999999888241291,"teamNetWorth":0.30309998989105225,"teamKills":0.014000000432133675},"lastItemPurchased":[0,0,0,0,0,1,0,0,0,0,0]},"npc_dota_hero_slark":{"lastAbilityUpgraded":"","victory":false,"state":{"kills":0.0020000000949949026,"towersLeft":0.6363636255264282,"netWorth":0.07180999964475632,"xp":0.34311729669570923,"teamXp":0.2971481382846832,"teamDeaths":0.020999999716877937,"enemyTowersLeft":0.9090909361839294,"deaths":0.003000000026077032,"teamNetWorth":0.30309998989105225,"teamKills":0.014000000432133675},"lastItemPurchased":[0,0,0,0,0,0,0,0,0,0,0]}}}