{"gameTime":33,"state":{"npc_dota_hero_tusk":{"lastAbilityUpgraded":"","victory":true,"state":{"kills":0.006000000052154064,"towersLeft":0.939393937587738,"netWorth":0.06855999678373337,"xp":0.36308643221855164,"teamXp":0.4587530791759491,"teamDeaths":0.032999999821186066,"enemyTowersLeft":0.7272727489471436,"deaths":0.010999999940395355,"teamNetWorth":0.47714999318122864,"teamKills":0.03999999910593033},"lastItemPurchased":[0,0,0,0,0,0,0,0,0,0,0]},"npc_dota_hero_faceless_void":{"lastAbilityUpgraded":"","victory":true,"state":{"kills":0.004000000189989805,"towersLeft":0.939393937587738,"netWorth":0.10221999883651733,"xp":0.5129938125610352,"teamXp":0.4587530791759491,"teamDeaths":0.032999999821186066,"enemyTowersLeft":0.7272727489471436,"deaths":0.004999999888241291,"teamNetWorth":0.47714999318122864,"teamKills":0.03999999910593033},"lastItemPurchased":[0,0,0,0,0,0,0,0,0,0,0]},"npc_dota_hero_axe":{"lastAbilityUpgraded":"","victory":true,"state":{"kills":0.00800000037997961,"towersLeft":0.939393937587738,"netWorth":0.1096699982881546,"xp":0.5557715892791748,"teamXp":0.4587530791759491,"teamDeaths":0.032999999821186066,"enemyTowersLeft":0.7272727489471436,"deaths":0.0020000000949949026,"teamNetWorth":0.47714999318122864,"teamKills":0.03999999910593033},"lastItemPurchased":[0,0,0,0,0,0,0,0,0,0,0]},"npc_dota_hero_drow_ranger":{"lastAbilityUpgraded":"","victory":false,"state":{"kills":0.004000000189989805,"towersLeft":0.7272727489471436,"netWorth":0.05139999836683273,"xp":0.2690432071685791,"teamXp":0.3283209800720215,"teamDeaths":0.039000000804662704,"enemyTowersLeft":0.939393937587738,"deaths":0.008999999612569809,"teamNetWorth":0.25308001041412354,"teamKills":0.027000000700354576},"lastItemPurchased":[0,0,0,0,0,0,0,0,0,0,0]},"npc_dota_hero_venomancer":{"lastAbilityUpgraded":"","victory":false,"state":{"kills":0.004000000189989805,"towersLeft":0.7272727489471436,"netWorth":0.021490000188350677,"xp":0.2296604961156845,"teamXp":0.3283209800720215,"teamDeaths":0.039000000804662704,"enemyTowersLeft":0.939393937587738,"deaths":0.012000000104308128,"teamNetWorth":0.25308001041412354,"teamKills":0.027000000700354576},"lastItemPurchased":[0,0,0,0,0,0,0,0,0,0,0]},"npc_dota_hero_sand_king":{"lastAbilityUpgraded":"","victory":false,"state":{"kills":0.008999999612569809,"towersLeft":0.7272727489471436,"netWorth":0.08106999844312668,"xp":0.445308655500412,"teamXp":0.3283209800720215,"teamDeaths":0.039000000804662704,"enemyTowersLeft":0.939393937587738,"deaths":0.007000000216066837,"teamNetWorth":0.25308001041412354,"teamKills":0.027000000700354576},"lastItemPurchased":[0,0,0,0,0,0,0,0,0,0,0]},"npc_dota_hero_abyssal_underlord":{"lastAbilityUpgraded":"","victory":true,"state":{"kills":0.007000000216066837,"towersLeft":0.939393937587738,"netWorth":0.08508999645709991,"xp":0.3595987558364868,"teamXp":0.4587530791759491,"teamDeaths":0.032999999821186066,"enemyTowersLeft":0.7272727489471436,"deaths":0.006000000052154064,"teamNetWorth":0.47714999318122864,"teamKills":0.03999999910593033},"lastItemPurchased":[0,0,0,1,0,0,0,0,0,0,0]},"npc_dota_hero_sniper":{"lastAbilityUpgraded":"","victory":true,"state":{"kills":0.014999999664723873,"towersLeft":0.939393937587738,"netWorth":0.11161000281572342,"xp":0.5023148059844971,"teamXp":0.4587530791759491,"teamDeaths":0.032999999821186066,"enemyTowersLeft":0.7272727489471436,"deaths":0.008999999612569809,"teamNetWorth":0.47714999318122864,"teamKills":0.03999999910593033},"lastItemPurchased":[0,0,0,0,0,0,0,0,1,0,0]},"npc_dota_hero_lion":{"lastAbilityUpgraded":"","victory":false,"state":{"kills":0.003000000026077032,"towersLeft":0.7272727489471436,"netWorth":0.03694000095129013,"xp":0.3250308632850647,"teamXp":0.3283209800720215,"teamDeaths":0.039000000804662704,"enemyTowersLeft":0.939393937587738,"deaths":0.004999999888241291,"teamNetWorth":0.25308001041412354,"teamKills":0.027000000700354576},"lastItemPurchased":[0,0,0,0,0,0,0,0,0,0,0]},"npc_dota_hero_puck":{"lastAbilityUpgraded":"","victory":false,"state":{"kills":0.007000000216066837,"towersLeft":0.7272727489471436,"netWorth":0.06218000128865242,"xp":0.3725617229938507,"teamXp":0.3283209800720215,"teamDeaths":0.039000000804662704,"enemyTowersLeft":0.939393937587738,"deaths":0.006000000052154064,"teamNetWorth":0.25308001041412354,"teamKills":0.027000000700354576},"lastItemPurchased":[0,0,0,0,0,0,0,0,0,0,0]}}}