{"gameTime":38,"state":{"npc_dota_hero_witch_doctor":{"lastAbilityUpgraded":"","victory":false,"state":{"kills":0,"towersLeft":0.6060606241226196,"netWorth":0.05429000034928322,"xp":0.36459875106811523,"teamXp":0.4539814889431,"teamDeaths":0.03400000184774399,"enemyTowersLeft":0.7878788113594055,"deaths":0.006000000052154064,"teamNetWorth":0.45982998609542847,"teamKills":0.03099999949336052},"lastItemPurchased":[0,1,0,0,0,0,0,0,0,0,0]},"npc_dota_hero_drow_ranger":{"lastAbilityUpgraded":"","victory":false,"state":{"kills":0.008999999612569809,"towersLeft":0.6060606241226196,"netWorth":0.17375999689102173,"xp":0.6654012203216553,"teamXp":0.4539814889431,"teamDeaths":0.03400000184774399,"enemyTowersLeft":0.7878788113594055,"deaths":0.004999999888241291,"teamNetWorth":0.45982998609542847,"teamKills":0.03099999949336052},"lastItemPurchased":[0,0,0,0,0,0,0,0,0,0,0]},"npc_dota_hero_pudge":{"lastAbilityUpgraded":"","victory":false,"state":{"kills":0.003000000026077032,"towersLeft":0.6060606241226196,"netWorth":0.047449998557567596,"xp":0.37833333015441895,"teamXp":0.4539814889431,"teamDeaths":0.03400000184774399,"enemyTowersLeft":0.7878788113594055,"deaths":0.007000000216066837,"teamNetWorth":0.45982998609542847,"teamKills":0.03099999949336052},"lastItemPurchased":[1,0,0,0,0,0,0,0,0,0,0]},"npc_dota_hero_legion_commander":{"lastAbilityUpgraded":"","victory":true,"state":{"kills":0.004000000189989805,"towersLeft":0.8181818127632141,"netWorth":0.092009998857975,"xp":0.5066975355148315,"teamXp":0.4635370373725891,"teamDeaths":0.03200000151991844,"enemyTowersLeft":0.6363636255264282,"deaths":0.006000000052154064,"teamNetWorth":0.4769800007343292,"teamKills":0.032999999821186066},"lastItemPurchased":[0,0,0,0,0,0,0,0,0,0,0]},"npc_dota_hero_luna":{"lastAbilityUpgraded":"","victory":true,"state":{"kills":0.014000000432133675,"towersLeft":0.8181818127632141,"netWorth":0.21456000208854675,"xp":0.7694135904312134,"teamXp":0.4635370373725891,"teamDeaths":0.03200000151991844,"enemyTowersLeft":0.6363636255264282,"deaths":0.0020000000949949026,"teamNetWorth":0.4769800007343292,"teamKills":0.032999999821186066},"lastItemPurchased":[1,0,0,0,0,0,0,0,0,0,0]},"npc_dota_hero_ogre_magi":{"lastAbilityUpgraded":"","victory":true,"state":{"kills":0.003000000026077032,"towersLeft":0.8181818127632141,"netWorth":0.025539999827742577,"xp":0.2911728322505951,"teamXp":0.4635370373725891,"teamDeaths":0.03200000151991844,"enemyTowersLeft":0.6363636255264282,"deaths":0.007000000216066837,"teamNetWorth":0.4769800007343292,"teamKills":0.032999999821186066},"lastItemPurchased":[0,0,0,0,0,0,0,0,0,0,0]},"npc_dota_hero_rattletrap":{"lastAbilityUpgraded":"","victory":false,"state":{"kills":0.004999999888241291,"towersLeft":0.6060606241226196,"netWorth":0.04806999862194061,"xp":0.25410494208335876,"teamXp":0.4539814889431,"teamDeaths":0.03400000184774399,"enemyTowersLeft":0.7878788113594055,"deaths":0.008999999612569809,"teamNetWorth":0.45982998609542847,"teamKills":0.03099999949336052},"lastItemPurchased":[0,0,0,0,0,0,0,0,0,0,0]},"npc_dota_hero_shadow_demon":{"lastAbilityUpgraded":"","victory":true,"state":{"kills":0.0020000000949949026,"towersLeft":0.8181818127632141,"netWorth":0.030959999188780785,"xp":0.21845678985118866,"teamXp":0.4635370373725891,"teamDeaths":0.03200000151991844,"enemyTowersLeft":0.6363636255264282,"deaths":0.008999999612569809,"teamNetWorth":0.4769800007343292,"teamKills":0.032999999821186066},"lastItemPurchased":[1,0,0,0,0,0,0,0,0,0,0]},"npc_dota_hero_obsidian_destroyer":{"lastAbilityUpgraded":"","victory":false,"state":{"kills":0.014000000432133675,"towersLeft":0.6060606241226196,"netWorth":0.1362600028514862,"xp":0.6074691414833069,"teamXp":0.4539814889431,"teamDeaths":0.03400000184774399,"enemyTowersLeft":0.7878788113594055,"deaths":0.007000000216066837,"teamNetWorth":0.45982998609542847,"teamKills":0.03099999949336052},"lastItemPurchased":[0,0,0,0,0,0,0,0,0,0,0]},"npc_dota_hero_weaver":{"lastAbilityUpgraded":"","victory":true,"state":{"kills":0.009999999776482582,"towersLeft":0.8181818127632141,"netWorth":0.1139099970459938,"xp":0.5319444537162781,"teamXp":0.4635370373725891,"teamDeaths":0.03200000151991844,"enemyTowersLeft":0.6363636255264282,"deaths":0.00800000037997961,"teamNetWorth":0.4769800007343292,"teamKills":0.032999999821186066},"lastItemPurchased":[0,0,0,0,0,0,1,0,0,0,0]}}}