{"gameTime":29,"state":{"npc_dota_hero_earthshaker":{"lastAbilityUpgraded":"","victory":false,"state":{"kills":0,"towersLeft":0.8787878751754761,"netWorth":0.02556000091135502,"xp":0.206049382686615,"teamXp":0.24769753217697144,"teamDeaths":0.02500000037252903,"enemyTowersLeft":0.9090909361839294,"deaths":0.00800000037997961,"teamNetWorth":0.25641000270843506,"teamKills":0.019999999552965164},"lastItemPurchased":[0,0,0,0,0,0,0,0,0,0,0]},"npc_dota_hero_visage":{"lastAbilityUpgraded":"","victory":true,"state":{"kills":0,"towersLeft":0.8787878751754761,"netWorth":0.02247999981045723,"xp":0.1341666728258133,"teamXp":0.2920987606048584,"teamDeaths":0.020999999716877937,"enemyTowersLeft":0.8484848737716675,"deaths":0.006000000052154064,"teamNetWorth":0.32774001359939575,"teamKills":0.023000000044703484},"lastItemPurchased":[1,0,0,0,0,0,0,0,0,0,0]},"npc_dota_hero_pudge":{"lastAbilityUpgraded":"","victory":false,"state":{"kills":0.009999999776482582,"towersLeft":0.8787878751754761,"netWorth":0.03413999825716019,"xp":0.15712963044643402,"teamXp":0.24769753217697144,"teamDeaths":0.02500000037252903,"enemyTowersLeft":0.9090909361839294,"deaths":0.006000000052154064,"teamNetWorth":0.25641000270843506,"teamKills":0.019999999552965164},"lastItemPurchased":[0,0,0,0,0,0,0,0,0,0,0]},"npc_dota_hero_silencer":{"lastAbilityUpgraded":"","victory":true,"state":{"kills":0.004000000189989805,"towersLeft":0.8787878751754761,"netWorth":0.06345999985933304,"xp":0.2711728513240814,"teamXp":0.2920987606048584,"teamDeaths":0.020999999716877937,"enemyTowersLeft":0.8484848737716675,"deaths":0.004000000189989805,"teamNetWorth":0.32774001359939575,"teamKills":0.023000000044703484},"lastItemPurchased":[0,0,0,0,0,0,0,0,0,0,1]},"npc_dota_hero_mirana":{"lastAbilityUpgraded":"","victory":false,"state":{"kills":0.008999999612569809,"towersLeft":0.8787878751754761,"netWorth":0.10480999946594238,"xp":0.41641974449157715,"teamXp":0.24769753217697144,"teamDeaths":0.02500000037252903,"enemyTowersLeft":0.9090909361839294,"deaths":0.0020000000949949026,"teamNetWorth":0.25641000270843506,"teamKills":0.019999999552965164},"lastItemPurchased":[0,0,0,0,0,0,0,0,0,0,0]},"npc_dota_hero_tiny":{"lastAbilityUpgraded":"","victory":true,"state":{"kills":0.004999999888241291,"towersLeft":0.8787878751754761,"netWorth":0.06770999729633331,"xp":0.3500308692455292,"teamXp":0.2920987606048584,"teamDeaths":0.020999999716877937,"enemyTowersLeft":0.8484848737716675,"deaths":0.004999999888241291,"teamNetWorth":0.32774001359939575,"teamKills":0.023000000044703484},"lastItemPurchased":[0,0,0,0,0,0,0,0,0,0,0]},"npc_dota_hero_abyssal_underlord":{"lastAbilityUpgraded":"","victory":true,"state":{"kills":0.0020000000949949026,"towersLeft":0.8787878751754761,"netWorth":0.06293000280857086,"xp":0.33027777075767517,"teamXp":0.2920987606048584,"teamDeaths":0.020999999716877937,"enemyTowersLeft":0.8484848737716675,"deaths":0.004000000189989805,"teamNetWorth":0.32774001359939575,"teamKills":0.023000000044703484},"lastItemPurchased":[0,0,0,0,0,0,0,0,0,0,0]},"npc_dota_hero_lion":{"lastAbilityUpgraded":"","victory":false,"state":{"kills":0,"towersLeft":0.8787878751754761,"netWorth":0.02776999957859516,"xp":0.16475307941436768,"teamXp":0.24769753217697144,"teamDeaths":0.02500000037252903,"enemyTowersLeft":0.9090909361839294,"deaths":0.004000000189989805,"teamNetWorth":0.25641000270843506,"teamKills":0.019999999552965164},"lastItemPurchased":[1,0,0,0,0,0,0,0,0,0,0]},"npc_dota_hero_shredder":{"lastAbilityUpgraded":"","victory":false,"state":{"kills":0.0010000000474974513,"towersLeft":0.8787878751754761,"netWorth":0.06413000077009201,"xp":0.29413580894470215,"teamXp":0.24769753217697144,"teamDeaths":0.02500000037252903,"enemyTowersLeft":0.9090909361839294,"deaths":0.004999999888241291,"teamNetWorth":0.25641000270843506,"teamKills":0.019999999552965164},"lastItemPurchased":[0,0,0,0,0,0,0,0,1,0,0]},"npc_dota_hero_morphling":{"lastAbilityUpgraded":"","victory":true,"state":{"kills":0.012000000104308128,"towersLeft":0.8787878751754761,"netWorth":0.11116000264883041,"xp":0.3748456835746765,"teamXp":0.2920987606048584,"teamDeaths":0.020999999716877937,"enemyTowersLeft":0.8484848737716675,"deaths":0.0020000000949949026,"teamNetWorth":0.32774001359939575,"teamKills":0.023000000044703484},"lastItemPurchased":[0,0,0,0,0,0,0,0,0,0,0]}}}