{"gameTime":31,"state":{"npc_dota_hero_warlock":{"lastAbilityUpgraded":"","victory":false,"state":{"kills":0.003000000026077032,"towersLeft":0.9090909361839294,"netWorth":0.06921999901533127,"xp":0.29456791281700134,"teamXp":0.28653085231781006,"teamDeaths":0.02500000037252903,"enemyTowersLeft":0.9090909361839294,"deaths":0.004999999888241291,"teamNetWorth":0.28328999876976013,"teamKills":0.017000000923871994},"lastItemPurchased":[0,0,0,0,0,0,0,1,0,0,0]},"npc_dota_hero_witch_doctor":{"lastAbilityUpgraded":"","victory":true,"state":{"kills":0.004999999888241291,"towersLeft":0.9090909361839294,"netWorth":0.05451999977231026,"xp":0.2561419606208801,"teamXp":0.3176790177822113,"teamDeaths":0.017999999225139618,"enemyTowersLeft":0.9090909361839294,"deaths":0.003000000026077032,"teamNetWorth":0.3156299889087677,"teamKills":0.02199999988079071},"lastItemPurchased":[0,0,0,0,0,0,0,0,0,0,0]},"npc_dota_hero_treant":{"lastAbilityUpgraded":"","victory":true,"state":{"kills":0.0020000000949949026,"towersLeft":0.9090909361839294,"netWorth":0.03370000049471855,"xp":0.21354937553405762,"teamXp":0.3176790177822113,"teamDeaths":0.017999999225139618,"enemyTowersLeft":0.9090909361839294,"deaths":0.003000000026077032,"teamNetWorth":0.3156299889087677,"teamKills":0.02199999988079071},"lastItemPurchased":[1,0,0,0,0,0,0,0,0,0,0]},"npc_dota_hero_life_stealer":{"lastAbilityUpgraded":"","victory":false,"state":{"kills":0.0010000000474974513,"towersLeft":0.9090909361839294,"netWorth":0.06855999678373337,"xp":0.3314814865589142,"teamXp":0.28653085231781006,"teamDeaths":0.02500000037252903,"enemyTowersLeft":0.9090909361839294,"deaths":0.0020000000949949026,"teamNetWorth":0.28328999876976013,"teamKills":0.017000000923871994},"lastItemPurchased":[0,0,0,0,0,0,0,0,0,0,0]},"npc_dota_hero_axe":{"lastAbilityUpgraded":"","victory":false,"state":{"kills":0.006000000052154064,"towersLeft":0.9090909361839294,"netWorth":0.058889999985694885,"xp":0.30629628896713257,"teamXp":0.28653085231781006,"teamDeaths":0.02500000037252903,"enemyTowersLeft":0.9090909361839294,"deaths":0.00800000037997961,"teamNetWorth":0.28328999876976013,"teamKills":0.017000000923871994},"lastItemPurchased":[0,0,0,0,0,0,0,0,1,0,0]},"npc_dota_hero_legion_commander":{"lastAbilityUpgraded":"","victory":false,"state":{"kills":0.004000000189989805,"towersLeft":0.9090909361839294,"netWorth":0.06279999762773514,"xp":0.32533949613571167,"teamXp":0.28653085231781006,"teamDeaths":0.02500000037252903,"enemyTowersLeft":0.9090909361839294,"deaths":0.003000000026077032,"teamNetWorth":0.28328999876976013,"teamKills":0.017000000923871994},"lastItemPurchased":[0,0,0,0,0,0,0,0,0,0,0]},"npc_dota_hero_silencer":{"lastAbilityUpgraded":"","victory":false,"state":{"kills":0.003000000026077032,"towersLeft":0.9090909361839294,"netWorth":0.023819999769330025,"xp":0.1749691367149353,"teamXp":0.28653085231781006,"teamDeaths":0.02500000037252903,"enemyTowersLeft":0.9090909361839294,"deaths":0.007000000216066837,"teamNetWorth":0.28328999876976013,"teamKills":0.017000000923871994},"lastItemPurchased":[1,0,0,0,0,0,0,0,0,0,0]},"npc_dota_hero_razor":{"lastAbilityUpgraded":"","victory":true,"state":{"kills":0.006000000052154064,"towersLeft":0.9090909361839294,"netWorth":0.06797999888658524,"xp":0.36101850867271423,"teamXp":0.3176790177822113,"teamDeaths":0.017999999225139618,"enemyTowersLeft":0.9090909361839294,"deaths":0.006000000052154064,"teamNetWorth":0.3156299889087677,"teamKills":0.02199999988079071},"lastItemPurchased":[0,0,0,0,0,0,0,0,0,0,0]},"npc_dota_hero_shredder":{"lastAbilityUpgraded":"","victory":true,"state":{"kills":0.00800000037997961,"towersLeft":0.9090909361839294,"netWorth":0.09967999905347824,"xp":0.4290432035923004,"teamXp":0.3176790177822113,"teamDeaths":0.017999999225139618,"enemyTowersLeft":0.9090909361839294,"deaths":0.0020000000949949026,"teamNetWorth":0.3156299889087677,"teamKills":0.02199999988079071},"lastItemPurchased":[0,0,0,0,0,0,0,0,0,0,0]},"npc_dota_hero_spectre":{"lastAbilityUpgraded":"","victory":true,"state":{"kills":0.0010000000474974513,"towersLeft":0.9090909361839294,"netWorth":0.05974999815225601,"xp":0.32864198088645935,"teamXp":0.3176790177822113,"teamDeaths":0.017999999225139618,"enemyTowersLeft":0.9090909361839294,"deaths":0.004000000189989805,"teamNetWorth":0.3156299889087677,"teamKills":0.02199999988079071},"lastItemPurchased":[0,0,0,0,0,0,0,0,0,0,0]}}}