{"gameTime":29,"state":{"npc_dota_hero_warlock":{"lastAbilityUpgraded":"","victory":true,"state":{"kills":0.0010000000474974513,"towersLeft":0.8787878751754761,"netWorth":0.02776000089943409,"xp":0.13811728358268738,"teamXp":0.2716975212097168,"teamDeaths":0.014999999664723873,"enemyTowersLeft":0.8787878751754761,"deaths":0.004999999888241291,"teamNetWorth":0.3242200016975403,"teamKills":0.013000000268220901},"lastItemPurchased":[1,0,0,0,0,0,0,0,0,0,0]},"npc_dota_hero_pudge":{"lastAbilityUpgraded":"","victory":true,"state":{"kills":0.003000000026077032,"towersLeft":0.8787878751754761,"netWorth":0.036329999566078186,"xp":0.17293210327625275,"teamXp":0.2716975212097168,"teamDeaths":0.014999999664723873,"enemyTowersLeft":0.8787878751754761,"deaths":0.003000000026077032,"teamNetWorth":0.3242200016975403,"teamKills":0.013000000268220901},"lastItemPurchased":[0,0,0,0,0,0,1,0,0,0,0]},"npc_dota_hero_legion_commander":{"lastAbilityUpgraded":"","victory":true,"state":{"kills":0.0020000000949949026,"towersLeft":0.8787878751754761,"netWorth":0.06757000088691711,"xp":0.2963888943195343,"teamXp":0.2716975212097168,"teamDeaths":0.014999999664723873,"enemyTowersLeft":0.8787878751754761,"deaths":0,"teamNetWorth":0.3242200016975403,"teamKills":0.013000000268220901},"lastItemPurchased":[0,0,0,0,0,0,0,0,0,0,0]},"npc_dota_hero_phantom_assassin":{"lastAbilityUpgraded":"","victory":false,"state":{"kills":0.004999999888241291,"towersLeft":0.8787878751754761,"netWorth":0.07308000326156616,"xp":0.2666666805744171,"teamXp":0.25575926899909973,"teamDeaths":0.014999999664723873,"enemyTowersLeft":0.8787878751754761,"deaths":0.004000000189989805,"teamNetWorth":0.3105599880218506,"teamKills":0.013000000268220901},"lastItemPurchased":[0,0,0,0,0,0,0,0,0,0,0]},"npc_dota_hero_mirana":{"lastAbilityUpgraded":"","victory":false,"state":{"kills":0.003000000026077032,"towersLeft":0.8787878751754761,"netWorth":0.055229999125003815,"xp":0.19067901372909546,"teamXp":0.25575926899909973,"teamDeaths":0.014999999664723873,"enemyTowersLeft":0.8787878751754761,"deaths":0.0020000000949949026,"teamNetWorth":0.3105599880218506,"teamKills":0.013000000268220901},"lastItemPurchased":[0,0,0,0,0,0,0,0,0,0,0]},"npc_dota_hero_keeper_of_the_light":{"lastAbilityUpgraded":"","victory":false,"state":{"kills":0.0010000000474974513,"towersLeft":0.8787878751754761,"netWorth":0.034619998186826706,"xp":0.1861419826745987,"teamXp":0.25575926899909973,"teamDeaths":0.014999999664723873,"enemyTowersLeft":0.8787878751754761,"deaths":0.0020000000949949026,"teamNetWorth":0.3105599880218506,"teamKills":0.013000000268220901},"lastItemPurchased":[0,0,0,0,0,0,0,0,0,0,0]},"npc_dota_hero_beastmaster":{"lastAbilityUpgraded":"","victory":false,"state":{"kills":0.0010000000474974513,"towersLeft":0.8787878751754761,"netWorth":0.0731000006198883,"xp":0.29956790804862976,"teamXp":0.25575926899909973,"teamDeaths":0.014999999664723873,"enemyTowersLeft":0.8787878751754761,"deaths":0.004000000189989805,"teamNetWorth":0.3105599880218506,"teamKills":0.013000000268220901},"lastItemPurchased":[0,0,0,1,0,0,0,0,0,0,0]},"npc_dota_hero_morphling":{"lastAbilityUpgraded":"","victory":true,"state":{"kills":0.007000000216066837,"towersLeft":0.8787878751754761,"netWorth":0.11729999631643295,"xp":0.4505246877670288,"teamXp":0.2716975212097168,"teamDeaths":0.014999999664723873,"enemyTowersLeft":0.8787878751754761,"deaths":0.0010000000474974513,"teamNetWorth":0.3242200016975403,"teamKills":0.013000000268220901},"lastItemPurchased":[0,0,0,0,0,0,0,0,0,0,0]},"npc_dota_hero_obsidian_destroyer":{"lastAbilityUpgraded":"","victory":true,"state":{"kills":0,"towersLeft":0.8787878751754761,"netWorth":0.07525999844074249,"xp":0.30052468180656433,"teamXp":0.2716975212097168,"teamDeaths":0.014999999664723873,"enemyTowersLeft":0.8787878751754761,"deaths":0.006000000052154064,"teamNetWorth":0.3242200016975403,"teamKills":0.013000000268220901},"lastItemPurchased":[0,0,0,0,0,0,0,0,0,0,0]},"npc_dota_hero_magnataur":{"lastAbilityUpgraded":"","victory":false,"state":{"kills":0.003000000026077032,"towersLeft":0.8787878751754761,"netWorth":0.07452999800443649,"xp":0.33574074506759644,"teamXp":0.25575926899909973,"teamDeaths":0.014999999664723873,"enemyTowersLeft":0.8787878751754761,"deaths":0.003000000026077032,"teamNetWorth":0.3105599880218506,"teamKills":0.013000000268220901},"lastItemPurchased":[0,0,0,0,0,0,0,0,0,0,0]}}}