{"gameTime":32,"state":{"npc_dota_hero_zuus":{"lastAbilityUpgraded":"","victory":false,"state":{"kills":0.004999999888241291,"towersLeft":0.6969696879386902,"netWorth":0.07880999892950058,"xp":0.3302469253540039,"teamXp":0.3461543321609497,"teamDeaths":0.027000000700354576,"enemyTowersLeft":0.9090909361839294,"deaths":0.004000000189989805,"teamNetWorth":0.36250001192092896,"teamKills":0.017000000923871994},"lastItemPurchased":[0,0,0,0,0,0,0,0,0,0,0]},"npc_dota_hero_drow_ranger":{"lastAbilityUpgraded":"","victory":true,"state":{"kills":0,"towersLeft":0.939393937587738,"netWorth":0.10405000299215317,"xp":0.35407406091690063,"teamXp":0.35291358828544617,"teamDeaths":0.020999999716877937,"enemyTowersLeft":0.7272727489471436,"deaths":0.004000000189989805,"teamNetWorth":0.4266200065612793,"teamKills":0.027000000700354576},"lastItemPurchased":[0,0,0,0,0,0,0,0,0,0,0]},"npc_dota_hero_legion_commander":{"lastAbilityUpgraded":"","victory":true,"state":{"kills":0.01600000075995922,"towersLeft":0.939393937587738,"netWorth":0.121069997549057,"xp":0.4627160429954529,"teamXp":0.35291358828544617,"teamDeaths":0.020999999716877937,"enemyTowersLeft":0.7272727489471436,"deaths":0.006000000052154064,"teamNetWorth":0.4266200065612793,"teamKills":0.027000000700354576},"lastItemPurchased":[0,0,0,0,0,0,0,0,0,0,0]},"npc_dota_hero_pudge":{"lastAbilityUpgraded":"","victory":true,"state":{"kills":0.00800000037997961,"towersLeft":0.939393937587738,"netWorth":0.06598000228404999,"xp":0.3421913683414459,"teamXp":0.35291358828544617,"teamDeaths":0.020999999716877937,"enemyTowersLeft":0.7272727489471436,"deaths":0.006000000052154064,"teamNetWorth":0.4266200065612793,"teamKills":0.027000000700354576},"lastItemPurchased":[0,0,0,0,0,0,0,0,0,0,0]},"npc_dota_hero_mirana":{"lastAbilityUpgraded":"","victory":true,"state":{"kills":0.003000000026077032,"towersLeft":0.939393937587738,"netWorth":0.09611000120639801,"xp":0.3827469050884247,"teamXp":0.35291358828544617,"teamDeaths":0.020999999716877937,"enemyTowersLeft":0.7272727489471436,"deaths":0.003000000026077032,"teamNetWorth":0.4266200065612793,"teamKills":0.027000000700354576},"lastItemPurchased":[0,1,0,0,0,0,0,0,0,0,0]},"npc_dota_hero_kunkka":{"lastAbilityUpgraded":"","victory":false,"state":{"kills":0.0010000000474974513,"towersLeft":0.6969696879386902,"netWorth":0.023679999634623528,"xp":0.17996913194656372,"teamXp":0.3461543321609497,"teamDeaths":0.027000000700354576,"enemyTowersLeft":0.9090909361839294,"deaths":0.007000000216066837,"teamNetWorth":0.36250001192092896,"teamKills":0.017000000923871994},"lastItemPurchased":[0,0,0,0,0,0,0,0,0,0,0]},"npc_dota_hero_ember_spirit":{"lastAbilityUpgraded":"","victory":false,"state":{"kills":0.003000000026077032,"towersLeft":0.6969696879386902,"netWorth":0.08532000333070755,"xp":0.43324074149131775,"teamXp":0.3461543321609497,"teamDeaths":0.027000000700354576,"enemyTowersLeft":0.9090909361839294,"deaths":0.007000000216066837,"teamNetWorth":0.36250001192092896,"teamKills":0.017000000923871994},"lastItemPurchased":[0,0,0,0,0,0,0,0,0,0,0]},"npc_dota_hero_pugna":{"lastAbilityUpgraded":"","victory":false,"state":{"kills":0.0020000000949949026,"towersLeft":0.6969696879386902,"netWorth":0.048969998955726624,"xp":0.29864197969436646,"teamXp":0.3461543321609497,"teamDeaths":0.027000000700354576,"enemyTowersLeft":0.9090909361839294,"deaths":0.006000000052154064,"teamNetWorth":0.36250001192092896,"teamKills":0.017000000923871994},"lastItemPurchased":[0,0,0,1,0,0,0,0,0,0,0]},"npc_dota_hero_omniknight":{"lastAbilityUpgraded":"","victory":true,"state":{"kills":0,"towersLeft":0.939393937587738,"netWorth":0.039409998804330826,"xp":0.22283950448036194,"teamXp":0.35291358828544617,"teamDeaths":0.020999999716877937,"enemyTowersLeft":0.7272727489471436,"deaths":0.0020000000949949026,"teamNetWorth":0.4266200065612793,"teamKills":0.027000000700354576},"lastItemPurchased":[0,0,0,0,0,0,0,0,0,0,0]},"npc_dota_hero_juggernaut":{"lastAbilityUpgraded":"","victory":false,"state":{"kills":0.006000000052154064,"towersLeft":0.6969696879386902,"netWorth":0.12571999430656433,"xp":0.4886728525161743,"teamXp":0.3461543321609497,"teamDeaths":0.027000000700354576,"enemyTowersLeft":0.9090909361839294,"deaths":0.003000000026077032,"teamNetWorth":0.36250001192092896,"teamKills":0.017000000923871994},"lastItemPurchased":[0,0,0,1,0,0,0,0,0,0,0]}}}