{"gameTime":30,"state":{"npc_dota_hero_nyx_assassin":{"lastAbilityUpgraded":"","victory":true,"state":{"kills":0.0020000000949949026,"towersLeft":0.9090909361839294,"netWorth":0.05116000026464462,"xp":0.2628086507320404,"teamXp":0.3568210005760193,"teamDeaths":0.017999999225139618,"enemyTowersLeft":0.8181818127632141,"deaths":0.003000000026077032,"teamNetWorth":0.3987700045108795,"teamKills":0.019999999552965164},"lastItemPurchased":[0,0,0,0,0,0,0,0,0,0,0]},"npc_dota_hero_templar_assassin":{"lastAbilityUpgraded":"","victory":true,"state":{"kills":0.008999999612569809,"towersLeft":0.9090909361839294,"netWorth":0.13781000673770905,"xp":0.5666975378990173,"teamXp":0.3568210005760193,"teamDeaths":0.017999999225139618,"enemyTowersLeft":0.8181818127632141,"deaths":0.0010000000474974513,"teamNetWorth":0.3987700045108795,"teamKills":0.019999999552965164},"lastItemPurchased":[0,0,0,0,0,0,0,0,0,0,0]},"npc_dota_hero_rubick":{"lastAbilityUpgraded":"","victory":true,"state":{"kills":0.0010000000474974513,"towersLeft":0.9090909361839294,"netWorth":0.035679999738931656,"xp":0.16734567284584045,"teamXp":0.3568210005760193,"teamDeaths":0.017999999225139618,"enemyTowersLeft":0.8181818127632141,"deaths":0.004999999888241291,"teamNetWorth":0.3987700045108795,"teamKills":0.019999999552965164},"lastItemPurchased":[1,0,0,0,0,0,0,0,0,0,0]},"npc_dota_hero_legion_commander":{"lastAbilityUpgraded":"","victory":false,"state":{"kills":0.0020000000949949026,"towersLeft":0.8181818127632141,"netWorth":0.066880002617836,"xp":0.33037036657333374,"teamXp":0.2944999933242798,"teamDeaths":0.020999999716877937,"enemyTowersLeft":0.9090909361839294,"deaths":0.004999999888241291,"teamNetWorth":0.3091199994087219,"teamKills":0.017999999225139618},"lastItemPurchased":[0,0,0,0,0,0,0,0,0,0,0]},"npc_dota_hero_night_stalker":{"lastAbilityUpgraded":"","victory":false,"state":{"kills":0.004000000189989805,"towersLeft":0.8181818127632141,"netWorth":0.06202999874949455,"xp":0.270061731338501,"teamXp":0.2944999933242798,"teamDeaths":0.020999999716877937,"enemyTowersLeft":0.9090909361839294,"deaths":0.004000000189989805,"teamNetWorth":0.3091199994087219,"teamKills":0.017999999225139618},"lastItemPurchased":[0,0,0,0,0,0,0,0,0,0,0]},"npc_dota_hero_mirana":{"lastAbilityUpgraded":"","victory":false,"state":{"kills":0.008999999612569809,"towersLeft":0.8181818127632141,"netWorth":0.08296000212430954,"xp":0.34774690866470337,"teamXp":0.2944999933242798,"teamDeaths":0.020999999716877937,"enemyTowersLeft":0.9090909361839294,"deaths":0.004000000189989805,"teamNetWorth":0.3091199994087219,"teamKills":0.017999999225139618},"lastItemPurchased":[0,0,0,0,0,0,0,0,0,0,0]},"npc_dota_hero_enigma":{"lastAbilityUpgraded":"","victory":true,"state":{"kills":0.0020000000949949026,"towersLeft":0.9090909361839294,"netWorth":0.07635000348091125,"xp":0.37308642268180847,"teamXp":0.3568210005760193,"teamDeaths":0.017999999225139618,"enemyTowersLeft":0.8181818127632141,"deaths":0.004000000189989805,"teamNetWorth":0.3987700045108795,"teamKills":0.019999999552965164},"lastItemPurchased":[0,0,0,0,0,0,0,0,0,0,0]},"npc_dota_hero_lion":{"lastAbilityUpgraded":"","victory":false,"state":{"kills":0.0010000000474974513,"towersLeft":0.8181818127632141,"netWorth":0.02206999994814396,"xp":0.19302469491958618,"teamXp":0.2944999933242798,"teamDeaths":0.020999999716877937,"enemyTowersLeft":0.9090909361839294,"deaths":0.006000000052154064,"teamNetWorth":0.3091199994087219,"teamKills":0.017999999225139618},"lastItemPurchased":[1,0,0,0,0,0,0,0,0,0,0]},"npc_dota_hero_luna":{"lastAbilityUpgraded":"","victory":false,"state":{"kills":0.0020000000949949026,"towersLeft":0.8181818127632141,"netWorth":0.07518000155687332,"xp":0.33129629492759705,"teamXp":0.2944999933242798,"teamDeaths":0.020999999716877937,"enemyTowersLeft":0.9090909361839294,"deaths":0.0020000000949949026,"teamNetWorth":0.3091199994087219,"teamKills":0.017999999225139618},"lastItemPurchased":[0,0,0,0,0,0,0,0,0,0,0]},"npc_dota_hero_sven":{"lastAbilityUpgraded":"","victory":true,"state":{"kills":0.006000000052154064,"towersLeft":0.9090909361839294,"netWorth":0.09776999801397324,"xp":0.414166659116745,"teamXp":0.3568210005760193,"teamDeaths":0.017999999225139618,"enemyTowersLeft":0.8181818127632141,"deaths":0.004999999888241291,"teamNetWorth":0.3987700045108795,"teamKills":0.019999999552965164},"lastItemPurchased":[0,0,0,0,0,0,0,0,0,0,0]}}}