{"gameTime":28,"state":{"npc_dota_hero_clinkz":{"lastAbilityUpgraded":"","victory":true,"state":{"kills":0.003000000026077032,"towersLeft":0.8787878751754761,"netWorth":0.0885699987411499,"xp":0.36259257793426514,"teamXp":0.29482099413871765,"teamDeaths":0.017000000923871994,"enemyTowersLeft":0.8787878751754761,"deaths":0.003000000026077032,"teamNetWorth":0.35058000683784485,"teamKills":0.017000000923871994},"lastItemPurchased":[0,0,0,0,0,0,0,0,0,1,0]},"npc_dota_hero_skywrath_mage":{"lastAbilityUpgraded":"","victory":true,"state":{"kills":0.0010000000474974513,"towersLeft":0.8787878751754761,"netWorth":0.016939999535679817,"xp":0.17672839760780334,"teamXp":0.29482099413871765,"teamDeaths":0.017000000923871994,"enemyTowersLeft":0.8787878751754761,"deaths":0.007000000216066837,"teamNetWorth":0.35058000683784485,"teamKills":0.017000000923871994},"lastItemPurchased":[0,0,0,0,0,0,0,0,0,0,0]},"npc_dota_hero_rubick":{"lastAbilityUpgraded":"","victory":false,"state":{"kills":0.0010000000474974513,"towersLeft":0.8484848737716675,"netWorth":0.02019999921321869,"xp":0.15805555880069733,"teamXp":0.28379011154174805,"teamDeaths":0.01899999938905239,"enemyTowersLeft":0.8484848737716675,"deaths":0.004000000189989805,"teamNetWorth":0.32444998621940613,"teamKills":0.01600000075995922},"lastItemPurchased":[0,0,0,0,0,0,0,0,0,0,0]},"npc_dota_hero_axe":{"lastAbilityUpgraded":"","victory":true,"state":{"kills":0.0020000000949949026,"towersLeft":0.8787878751754761,"netWorth":0.08516000211238861,"xp":0.2833024561405182,"teamXp":0.29482099413871765,"teamDeaths":0.017000000923871994,"enemyTowersLeft":0.8787878751754761,"deaths":0.003000000026077032,"teamNetWorth":0.35058000683784485,"teamKills":0.017000000923871994},"lastItemPurchased":[0,0,0,0,0,0,0,0,0,0,1]},"npc_dota_hero_invoker":{"lastAbilityUpgraded":"","victory":false,"state":{"kills":0.006000000052154064,"towersLeft":0.8484848737716675,"netWorth":0.09764000028371811,"xp":0.3582407534122467,"teamXp":0.28379011154174805,"teamDeaths":0.01899999938905239,"enemyTowersLeft":0.8484848737716675,"deaths":0.004999999888241291,"teamNetWorth":0.32444998621940613,"teamKills":0.01600000075995922},"lastItemPurchased":[0,0,0,0,0,0,0,0,0,0,0]},"npc_dota_hero_phantom_assassin":{"lastAbilityUpgraded":"","victory":false,"state":{"kills":0.003000000026077032,"towersLeft":0.8484848737716675,"netWorth":0.031099999323487282,"xp":0.21888889372348785,"teamXp":0.28379011154174805,"teamDeaths":0.01899999938905239,"enemyTowersLeft":0.8484848737716675,"deaths":0.006000000052154064,"teamNetWorth":0.32444998621940613,"teamKills":0.01600000075995922},"lastItemPurchased":[0,0,0,0,0,0,0,0,0,0,0]},"npc_dota_hero_slardar":{"lastAbilityUpgraded":"","victory":false,"state":{"kills":0.0010000000474974513,"towersLeft":0.8484848737716675,"netWorth":0.05601999908685684,"xp":0.311296284198761,"teamXp":0.28379011154174805,"teamDeaths":0.01899999938905239,"enemyTowersLeft":0.8484848737716675,"deaths":0.003000000026077032,"teamNetWorth":0.32444998621940613,"teamKills":0.01600000075995922},"lastItemPurchased":[0,0,0,0,0,0,0,0,0,0,0]},"npc_dota_hero_morphling":{"lastAbilityUpgraded":"","victory":false,"state":{"kills":0.004999999888241291,"towersLeft":0.8484848737716675,"netWorth":0.11948999762535095,"xp":0.37246912717819214,"teamXp":0.28379011154174805,"teamDeaths":0.01899999938905239,"enemyTowersLeft":0.8484848737716675,"deaths":0.0010000000474974513,"teamNetWorth":0.32444998621940613,"teamKills":0.01600000075995922},"lastItemPurchased":[0,0,0,0,0,0,0,0,0,0,1]},"npc_dota_hero_magnataur":{"lastAbilityUpgraded":"","victory":true,"state":{"kills":0.0010000000474974513,"towersLeft":0.8787878751754761,"netWorth":0.04481999948620796,"xp":0.25231480598449707,"teamXp":0.29482099413871765,"teamDeaths":0.017000000923871994,"enemyTowersLeft":0.8787878751754761,"deaths":0.0020000000949949026,"teamNetWorth":0.35058000683784485,"teamKills":0.017000000923871994},"lastItemPurchased":[1,0,0,0,0,0,0,0,0,0,0]},"npc_dota_hero_juggernaut":{"lastAbilityUpgraded":"","victory":true,"state":{"kills":0.009999999776482582,"towersLeft":0.8787878751754761,"netWorth":0.11508999764919281,"xp":0.39916667342185974,"teamXp":0.29482099413871765,"teamDeaths":0.017000000923871994,"enemyTowersLeft":0.8787878751754761,"deaths":0.0020000000949949026,"teamNetWorth":0.35058000683784485,"teamKills":0.017000000923871994},"lastItemPurchased":[0,0,0,0,0,0,0,0,0,0,0]}}}