{"gameTime":22,"state":{"npc_dota_hero_antimage":{"lastAbilityUpgraded":"","victory":true,"state":{"kills":0.004999999888241291,"towersLeft":0.9090909361839294,"netWorth":0.059700001031160355,"xp":0.21450617909431458,"teamXp":0.16630247235298157,"teamDeaths":0.013000000268220901,"enemyTowersLeft":1,"deaths":0.0010000000474974513,"teamNetWorth":0.1759600043296814,"teamKills":0.013000000268220901},"lastItemPurchased":[0,1,0,0,0,0,0,0,0,0,0]},"npc_dota_hero_templar_assassin":{"lastAbilityUpgraded":"","victory":true,"state":{"kills":0.003000000026077032,"towersLeft":0.9090909361839294,"netWorth":0.05525000020861626,"xp":0.24709875881671906,"teamXp":0.16630247235298157,"teamDeaths":0.013000000268220901,"enemyTowersLeft":1,"deaths":0.0010000000474974513,"teamNetWorth":0.1759600043296814,"teamKills":0.013000000268220901},"lastItemPurchased":[0,0,0,0,0,0,0,0,0,0,0]},"npc_dota_hero_earth_spirit":{"lastAbilityUpgraded":"","victory":true,"state":{"kills":0.0020000000949949026,"towersLeft":0.9090909361839294,"netWorth":0.02263999916613102,"xp":0.1303703635931015,"teamXp":0.16630247235298157,"teamDeaths":0.013000000268220901,"enemyTowersLeft":1,"deaths":0.004000000189989805,"teamNetWorth":0.1759600043296814,"teamKills":0.013000000268220901},"lastItemPurchased":[0,0,0,0,0,0,0,0,0,0,0]},"npc_dota_hero_pudge":{"lastAbilityUpgraded":"","victory":false,"state":{"kills":0.004000000189989805,"towersLeft":1,"netWorth":0.020959999412298203,"xp":0.12305555492639542,"teamXp":0.1643950641155243,"teamDeaths":0.017000000923871994,"enemyTowersLeft":0.9090909361839294,"deaths":0.004999999888241291,"teamNetWorth":0.20291000604629517,"teamKills":0.013000000268220901},"lastItemPurchased":[0,0,0,0,0,0,0,0,0,0,0]},"npc_dota_hero_silencer":{"lastAbilityUpgraded":"","victory":true,"state":{"kills":0.0020000000949949026,"towersLeft":0.9090909361839294,"netWorth":0.017880000174045563,"xp":0.11435185372829437,"teamXp":0.16630247235298157,"teamDeaths":0.013000000268220901,"enemyTowersLeft":1,"deaths":0.003000000026077032,"teamNetWorth":0.1759600043296814,"teamKills":0.013000000268220901},"lastItemPurchased":[1,0,0,0,0,0,0,0,0,0,0]},"npc_dota_hero_nevermore":{"lastAbilityUpgraded":"","victory":false,"state":{"kills":0.003000000026077032,"towersLeft":1,"netWorth":0.0703200027346611,"xp":0.21172839403152466,"teamXp":0.1643950641155243,"teamDeaths":0.017000000923871994,"enemyTowersLeft":0.9090909361839294,"deaths":0.004000000189989805,"teamNetWorth":0.20291000604629517,"teamKills":0.013000000268220901},"lastItemPurchased":[0,0,0,0,0,0,0,0,0,0,0]},"npc_dota_hero_tiny":{"lastAbilityUpgraded":"","victory":false,"state":{"kills":0.003000000026077032,"towersLeft":1,"netWorth":0.05651000142097473,"xp":0.2141975313425064,"teamXp":0.1643950641155243,"teamDeaths":0.017000000923871994,"enemyTowersLeft":0.9090909361839294,"deaths":0.0010000000474974513,"teamNetWorth":0.20291000604629517,"teamKills":0.013000000268220901},"lastItemPurchased":[0,1,0,0,0,0,0,0,0,0,0]},"npc_dota_hero_rattletrap":{"lastAbilityUpgraded":"","victory":true,"state":{"kills":0.0010000000474974513,"towersLeft":0.9090909361839294,"netWorth":0.020490000024437904,"xp":0.12518519163131714,"teamXp":0.16630247235298157,"teamDeaths":0.013000000268220901,"enemyTowersLeft":1,"deaths":0.004000000189989805,"teamNetWorth":0.1759600043296814,"teamKills":0.013000000268220901},"lastItemPurchased":[1,0,0,0,0,0,0,0,0,0,0]},"npc_dota_hero_shadow_demon":{"lastAbilityUpgraded":"","victory":false,"state":{"kills":0.0010000000474974513,"towersLeft":1,"netWorth":0.0188400000333786,"xp":0.11336419731378555,"teamXp":0.1643950641155243,"teamDeaths":0.017000000923871994,"enemyTowersLeft":0.9090909361839294,"deaths":0.004000000189989805,"teamNetWorth":0.20291000604629517,"teamKills":0.013000000268220901},"lastItemPurchased":[0,0,0,0,0,0,0,0,0,0,0]},"npc_dota_hero_batrider":{"lastAbilityUpgraded":"","victory":false,"state":{"kills":0.0020000000949949026,"towersLeft":1,"netWorth":0.03627999871969223,"xp":0.15962962806224823,"teamXp":0.1643950641155243,"teamDeaths":0.017000000923871994,"enemyTowersLeft":0.9090909361839294,"deaths":0.003000000026077032,"teamNetWorth":0.20291000604629517,"teamKills":0.013000000268220901},"lastItemPurchased":[0,0,0,0,0,0,0,0,0,0,0]}}}