{"gameTime":23,"state":{"npc_dota_hero_axe":{"lastAbilityUpgraded":"","victory":false,"state":{"kills":0.003000000026077032,"towersLeft":0.9090909361839294,"netWorth":0.04868999868631363,"xp":0.21108025312423706,"teamXp":0.18070988357067108,"teamDeaths":0.00800000037997961,"enemyTowersLeft":1,"deaths":0.0010000000474974513,"teamNetWorth":0.17576999962329865,"teamKills":0.008999999612569809},"lastItemPurchased":[0,0,0,0,0,0,0,0,0,0,0]},"npc_dota_hero_tinker":{"lastAbilityUpgraded":"","victory":true,"state":{"kills":0.0010000000474974513,"towersLeft":1,"netWorth":0.05697999894618988,"xp":0.2238580286502838,"teamXp":0.1796049326658249,"teamDeaths":0.008999999612569809,"enemyTowersLeft":0.9090909361839294,"deaths":0,"teamNetWorth":0.21337999403476715,"teamKills":0.007000000216066837},"lastItemPurchased":[0,0,0,1,0,0,0,0,0,0,0]},"npc_dota_hero_oracle":{"lastAbilityUpgraded":"","victory":false,"state":{"kills":0.0020000000949949026,"towersLeft":0.9090909361839294,"netWorth":0.016359999775886536,"xp":0.1323765367269516,"teamXp":0.18070988357067108,"teamDeaths":0.00800000037997961,"enemyTowersLeft":1,"deaths":0.003000000026077032,"teamNetWorth":0.17576999962329865,"teamKills":0.008999999612569809},"lastItemPurchased":[0,0,0,0,0,0,0,0,0,0,0]},"npc_dota_hero_luna":{"lastAbilityUpgraded":"","victory":true,"state":{"kills":0.0010000000474974513,"towersLeft":1,"netWorth":0.07152999937534332,"xp":0.2517901360988617,"teamXp":0.1796049326658249,"teamDeaths":0.008999999612569809,"enemyTowersLeft":0.9090909361839294,"deaths":0.0010000000474974513,"teamNetWorth":0.21337999403476715,"teamKills":0.007000000216066837},"lastItemPurchased":[0,1,0,0,0,0,0,0,0,0,0]},"npc_dota_hero_rattletrap":{"lastAbilityUpgraded":"","victory":false,"state":{"kills":0.0020000000949949026,"towersLeft":0.9090909361839294,"netWorth":0.024639999493956566,"xp":0.1402469128370285,"teamXp":0.18070988357067108,"teamDeaths":0.00800000037997961,"enemyTowersLeft":1,"deaths":0.0010000000474974513,"teamNetWorth":0.17576999962329865,"teamKills":0.008999999612569809},"lastItemPurchased":[0,0,0,0,0,0,0,0,0,0,0]},"npc_dota_hero_shredder":{"lastAbilityUpgraded":"","victory":true,"state":{"kills":0.004000000189989805,"towersLeft":1,"netWorth":0.04171999916434288,"xp":0.21959877014160156,"teamXp":0.1796049326658249,"teamDeaths":0.008999999612569809,"enemyTowersLeft":0.9090909361839294,"deaths":0.004000000189989805,"teamNetWorth":0.21337999403476715,"teamKills":0.007000000216066837},"lastItemPurchased":[0,0,0,0,0,0,0,0,1,0,0]},"npc_dota_hero_shadow_demon":{"lastAbilityUpgraded":"","victory":true,"state":{"kills":0,"towersLeft":1,"netWorth":0.018640000373125076,"xp":0.08987654000520706,"teamXp":0.1796049326658249,"teamDeaths":0.008999999612569809,"enemyTowersLeft":0.9090909361839294,"deaths":0.003000000026077032,"teamNetWorth":0.21337999403476715,"teamKills":0.007000000216066837},"lastItemPurchased":[0,0,0,0,0,0,0,0,0,0,0]},"npc_dota_hero_obsidian_destroyer":{"lastAbilityUpgraded":"","victory":false,"state":{"kills":0.0020000000949949026,"towersLeft":0.9090909361839294,"netWorth":0.046950001269578934,"xp":0.24453704059123993,"teamXp":0.18070988357067108,"teamDeaths":0.00800000037997961,"enemyTowersLeft":1,"deaths":0.0010000000474974513,"teamNetWorth":0.17576999962329865,"teamKills":0.008999999612569809},"lastItemPurchased":[0,0,0,0,0,0,0,0,0,0,0]},"npc_dota_hero_omniknight":{"lastAbilityUpgraded":"","victory":true,"state":{"kills":0.0010000000474974513,"towersLeft":1,"netWorth":0.02450999990105629,"xp":0.1129012331366539,"teamXp":0.1796049326658249,"teamDeaths":0.008999999612569809,"enemyTowersLeft":0.9090909361839294,"deaths":0.0010000000474974513,"teamNetWorth":0.21337999403476715,"teamKills":0.007000000216066837},"lastItemPurchased":[0,0,0,0,0,0,0,0,0,0,0]},"npc_dota_hero_juggernaut":{"lastAbilityUpgraded":"","victory":false,"state":{"kills":0,"towersLeft":0.9090909361839294,"netWorth":0.03912999853491783,"xp":0.17530864477157593,"teamXp":0.18070988357067108,"teamDeaths":0.00800000037997961,"enemyTowersLeft":1,"deaths":0.0020000000949949026,"teamNetWorth":0.17576999962329865,"teamKills":0.008999999612569809},"lastItemPurchased":[0,0,1,0,0,0,0,0,0,0,0]}}}