{"gameTime":18,"state":{"npc_dota_hero_nyx_assassin":{"lastAbilityUpgraded":"","victory":false,"state":{"kills":0,"towersLeft":1,"netWorth":0.018130000680685043,"xp":0.07913580536842346,"teamXp":0.04693827033042908,"teamDeaths":0.003000000026077032,"enemyTowersLeft":1,"deaths":0,"teamNetWorth":0.07229000329971313,"teamKills":0.0020000000949949026},"lastItemPurchased":[0,0,0,0,0,0,0,0,0,0,0]},"npc_dota_hero_life_stealer":{"lastAbilityUpgraded":"","victory":true,"state":{"kills":0.0020000000949949026,"towersLeft":1,"netWorth":0.029680000618100166,"xp":0.08540123701095581,"teamXp":0.04596913605928421,"teamDeaths":0.0020000000949949026,"enemyTowersLeft":1,"deaths":0,"teamNetWorth":0.07633999735116959,"teamKills":0.003000000026077032},"lastItemPurchased":[0,0,0,0,0,0,0,0,0,0,0]},"npc_dota_hero_axe":{"lastAbilityUpgraded":"","victory":true,"state":{"kills":0.0010000000474974513,"towersLeft":1,"netWorth":0.015549999661743641,"xp":0.06012345850467682,"teamXp":0.04596913605928421,"teamDeaths":0.0020000000949949026,"enemyTowersLeft":1,"deaths":0.0010000000474974513,"teamNetWorth":0.07633999735116959,"teamKills":0.003000000026077032},"lastItemPurchased":[0,0,0,0,0,1,0,0,0,0,0]},"npc_dota_hero_sand_king":{"lastAbilityUpgraded":"","victory":false,"state":{"kills":0,"towersLeft":1,"netWorth":0.012690000236034393,"xp":0.04842592775821686,"teamXp":0.04693827033042908,"teamDeaths":0.003000000026077032,"enemyTowersLeft":1,"deaths":0.0020000000949949026,"teamNetWorth":0.07229000329971313,"teamKills":0.0020000000949949026},"lastItemPurchased":[0,0,0,0,0,0,0,0,0,0,0]},"npc_dota_hero_terrorblade":{"lastAbilityUpgraded":"","victory":false,"state":{"kills":0,"towersLeft":1,"netWorth":0.01889999955892563,"xp":0.07064814865589142,"teamXp":0.04693827033042908,"teamDeaths":0.003000000026077032,"enemyTowersLeft":1,"deaths":0,"teamNetWorth":0.07229000329971313,"teamKills":0.0020000000949949026},"lastItemPurchased":[0,1,0,0,0,0,0,0,0,0,0]},"npc_dota_hero_mirana":{"lastAbilityUpgraded":"","victory":false,"state":{"kills":0.0020000000949949026,"towersLeft":1,"netWorth":0.014929999597370625,"xp":0.016790123656392097,"teamXp":0.04693827033042908,"teamDeaths":0.003000000026077032,"enemyTowersLeft":1,"deaths":0,"teamNetWorth":0.07229000329971313,"teamKills":0.0020000000949949026},"lastItemPurchased":[0,0,0,0,0,0,0,0,0,0,0]},"npc_dota_hero_tinker":{"lastAbilityUpgraded":"","victory":true,"state":{"kills":0,"towersLeft":1,"netWorth":0.015540000051259995,"xp":0.05820987746119499,"teamXp":0.04596913605928421,"teamDeaths":0.0020000000949949026,"enemyTowersLeft":1,"deaths":0.0010000000474974513,"teamNetWorth":0.07633999735116959,"teamKills":0.003000000026077032},"lastItemPurchased":[0,0,0,0,0,0,0,0,0,0,0]},"npc_dota_hero_oracle":{"lastAbilityUpgraded":"","victory":true,"state":{"kills":0,"towersLeft":1,"netWorth":0.008369999937713146,"xp":0.014351852238178253,"teamXp":0.04596913605928421,"teamDeaths":0.0020000000949949026,"enemyTowersLeft":1,"deaths":0,"teamNetWorth":0.07633999735116959,"teamKills":0.003000000026077032},"lastItemPurchased":[0,0,0,0,0,0,0,0,0,0,0]},"npc_dota_hero_ogre_magi":{"lastAbilityUpgraded":"","victory":true,"state":{"kills":0,"towersLeft":1,"netWorth":0.007199999876320362,"xp":0.011759258806705475,"teamXp":0.04596913605928421,"teamDeaths":0.0020000000949949026,"enemyTowersLeft":1,"deaths":0,"teamNetWorth":0.07633999735116959,"teamKills":0.003000000026077032},"lastItemPurchased":[0,0,0,0,0,0,0,0,0,0,0]},"npc_dota_hero_shadow_demon":{"lastAbilityUpgraded":"","victory":false,"state":{"kills":0,"towersLeft":1,"netWorth":0.007639999967068434,"xp":0.019691357389092445,"teamXp":0.04693827033042908,"teamDeaths":0.003000000026077032,"enemyTowersLeft":1,"deaths":0.0010000000474974513,"teamNetWorth":0.07229000329971313,"teamKills":0.0020000000949949026},"lastItemPurchased":[0,0,0,0,0,0,0,0,0,0,0]}}}