{"gameTime":27,"state":{"npc_dota_hero_nyx_assassin":{"lastAbilityUpgraded":"","victory":false,"state":{"kills":0.004999999888241291,"towersLeft":1,"netWorth":0.03857000172138214,"xp":0.1850617229938507,"teamXp":0.13858024775981903,"teamDeaths":0.010999999940395355,"enemyTowersLeft":0.9696969985961914,"deaths":0.0020000000949949026,"teamNetWorth":0.15751999616622925,"teamKills":0.009999999776482582},"lastItemPurchased":[0,0,0,0,0,0,0,0,0,0,0]},"npc_dota_hero_life_stealer":{"lastAbilityUpgraded":"","victory":true,"state":{"kills":0.004000000189989805,"towersLeft":0.9696969985961914,"netWorth":0.057089999318122864,"xp":0.20419752597808838,"teamXp":0.14854320883750916,"teamDeaths":0.009999999776482582,"enemyTowersLeft":1,"deaths":0,"teamNetWorth":0.16742999851703644,"teamKills":0.010999999940395355},"lastItemPurchased":[0,0,0,0,0,0,0,0,0,1,0]},"npc_dota_hero_axe":{"lastAbilityUpgraded":"","victory":true,"state":{"kills":0.0010000000474974513,"towersLeft":0.9696969985961914,"netWorth":0.03652000054717064,"xp":0.2025308609008789,"teamXp":0.14854320883750916,"teamDeaths":0.009999999776482582,"enemyTowersLeft":1,"deaths":0.0020000000949949026,"teamNetWorth":0.16742999851703644,"teamKills":0.010999999940395355},"lastItemPurchased":[0,0,0,0,0,0,0,0,0,0,0]},"npc_dota_hero_sand_king":{"lastAbilityUpgraded":"","victory":false,"state":{"kills":0.0010000000474974513,"towersLeft":1,"netWorth":0.031029999256134033,"xp":0.15632715821266174,"teamXp":0.13858024775981903,"teamDeaths":0.010999999940395355,"enemyTowersLeft":0.9696969985961914,"deaths":0.003000000026077032,"teamNetWorth":0.15751999616622925,"teamKills":0.009999999776482582},"lastItemPurchased":[0,0,0,0,0,0,0,0,0,0,0]},"npc_dota_hero_terrorblade":{"lastAbilityUpgraded":"","victory":false,"state":{"kills":0.0010000000474974513,"towersLeft":1,"netWorth":0.0508200004696846,"xp":0.2157098799943924,"teamXp":0.13858024775981903,"teamDeaths":0.010999999940395355,"enemyTowersLeft":0.9696969985961914,"deaths":0.0010000000474974513,"teamNetWorth":0.15751999616622925,"teamKills":0.009999999776482582},"lastItemPurchased":[0,1,0,0,0,0,0,0,0,0,0]},"npc_dota_hero_mirana":{"lastAbilityUpgraded":"","victory":false,"state":{"kills":0.003000000026077032,"towersLeft":1,"netWorth":0.023509999737143517,"xp":0.06320987641811371,"teamXp":0.13858024775981903,"teamDeaths":0.010999999940395355,"enemyTowersLeft":0.9696969985961914,"deaths":0.0020000000949949026,"teamNetWorth":0.15751999616622925,"teamKills":0.009999999776482582},"lastItemPurchased":[0,0,0,0,0,0,0,0,0,0,0]},"npc_dota_hero_tinker":{"lastAbilityUpgraded":"","victory":true,"state":{"kills":0.003000000026077032,"towersLeft":0.9696969985961914,"netWorth":0.0363599993288517,"xp":0.18330246210098267,"teamXp":0.14854320883750916,"teamDeaths":0.009999999776482582,"enemyTowersLeft":1,"deaths":0.004000000189989805,"teamNetWorth":0.16742999851703644,"teamKills":0.010999999940395355},"lastItemPurchased":[0,0,0,0,0,0,0,0,0,0,0]},"npc_dota_hero_oracle":{"lastAbilityUpgraded":"","victory":true,"state":{"kills":0.0010000000474974513,"towersLeft":0.9696969985961914,"netWorth":0.02314000017940998,"xp":0.09098765254020691,"teamXp":0.14854320883750916,"teamDeaths":0.009999999776482582,"enemyTowersLeft":1,"deaths":0.0010000000474974513,"teamNetWorth":0.16742999851703644,"teamKills":0.010999999940395355},"lastItemPurchased":[0,0,0,0,0,0,0,0,0,0,0]},"npc_dota_hero_ogre_magi":{"lastAbilityUpgraded":"","victory":true,"state":{"kills":0.0020000000949949026,"towersLeft":0.9696969985961914,"netWorth":0.01432000007480383,"xp":0.06169753149151802,"teamXp":0.14854320883750916,"teamDeaths":0.009999999776482582,"enemyTowersLeft":1,"deaths":0.003000000026077032,"teamNetWorth":0.16742999851703644,"teamKills":0.010999999940395355},"lastItemPurchased":[1,0,0,0,0,0,0,0,0,0,0]},"npc_dota_hero_shadow_demon":{"lastAbilityUpgraded":"","victory":false,"state":{"kills":0,"towersLeft":1,"netWorth":0.01358999963849783,"xp":0.072592593729496,"teamXp":0.13858024775981903,"teamDeaths":0.010999999940395355,"enemyTowersLeft":0.9696969985961914,"deaths":0.003000000026077032,"teamNetWorth":0.15751999616622925,"teamKills":0.009999999776482582},"lastItemPurchased":[1,0,0,0,0,0,0,0,0,0,0]}}}