{"gameTime":36,"state":{"npc_dota_hero_life_stealer":{"lastAbilityUpgraded":"","victory":false,"state":{"kills":0.006000000052154064,"towersLeft":0.7878788113594055,"netWorth":0.0994499996304512,"xp":0.4757098853588104,"teamXp":0.3988395035266876,"teamDeaths":0.027000000700354576,"enemyTowersLeft":0.939393937587738,"deaths":0.004000000189989805,"teamNetWorth":0.40237000584602356,"teamKills":0.01899999938905239},"lastItemPurchased":[0,0,0,0,0,0,0,0,0,0,0]},"npc_dota_hero_axe":{"lastAbilityUpgraded":"","victory":true,"state":{"kills":0.007000000216066837,"towersLeft":0.9090909361839294,"netWorth":0.09262999892234802,"xp":0.36179012060165405,"teamXp":0.47711727023124695,"teamDeaths":0.020999999716877937,"enemyTowersLeft":0.7575757503509521,"deaths":0.003000000026077032,"teamNetWorth":0.6079699993133545,"teamKills":0.028999999165534973},"lastItemPurchased":[0,0,0,0,0,0,0,0,0,0,0]},"npc_dota_hero_alchemist":{"lastAbilityUpgraded":"","victory":true,"state":{"kills":0.004000000189989805,"towersLeft":0.9090909361839294,"netWorth":0.24098999798297882,"xp":0.7107407450675964,"teamXp":0.47711727023124695,"teamDeaths":0.020999999716877937,"enemyTowersLeft":0.7575757503509521,"deaths":0.004999999888241291,"teamNetWorth":0.6079699993133545,"teamKills":0.028999999165534973},"lastItemPurchased":[0,0,0,0,0,0,0,0,0,0,0]},"npc_dota_hero_pudge":{"lastAbilityUpgraded":"","victory":true,"state":{"kills":0.007000000216066837,"towersLeft":0.9090909361839294,"netWorth":0.04094000160694122,"xp":0.30830246210098267,"teamXp":0.47711727023124695,"teamDeaths":0.020999999716877937,"enemyTowersLeft":0.7575757503509521,"deaths":0.008999999612569809,"teamNetWorth":0.6079699993133545,"teamKills":0.028999999165534973},"lastItemPurchased":[0,0,0,0,0,0,0,0,0,0,0]},"npc_dota_hero_sand_king":{"lastAbilityUpgraded":"","victory":false,"state":{"kills":0.003000000026077032,"towersLeft":0.7878788113594055,"netWorth":0.08772999793291092,"xp":0.4208024740219116,"teamXp":0.3988395035266876,"teamDeaths":0.027000000700354576,"enemyTowersLeft":0.939393937587738,"deaths":0.007000000216066837,"teamNetWorth":0.40237000584602356,"teamKills":0.01899999938905239},"lastItemPurchased":[0,0,0,0,0,0,0,0,0,0,0]},"npc_dota_hero_invoker":{"lastAbilityUpgraded":"","victory":false,"state":{"kills":0.003000000026077032,"towersLeft":0.7878788113594055,"netWorth":0.12437000125646591,"xp":0.500617265701294,"teamXp":0.3988395035266876,"teamDeaths":0.027000000700354576,"enemyTowersLeft":0.939393937587738,"deaths":0.003000000026077032,"teamNetWorth":0.40237000584602356,"teamKills":0.01899999938905239},"lastItemPurchased":[0,0,0,0,0,0,0,0,0,0,0]},"npc_dota_hero_lion":{"lastAbilityUpgraded":"","victory":false,"state":{"kills":0.003000000026077032,"towersLeft":0.7878788113594055,"netWorth":0.02921999990940094,"xp":0.2664814889431,"teamXp":0.3988395035266876,"teamDeaths":0.027000000700354576,"enemyTowersLeft":0.939393937587738,"deaths":0.008999999612569809,"teamNetWorth":0.40237000584602356,"teamKills":0.01899999938905239},"lastItemPurchased":[0,0,0,0,0,0,0,0,0,0,0]},"npc_dota_hero_ember_spirit":{"lastAbilityUpgraded":"","victory":true,"state":{"kills":0.009999999776482582,"towersLeft":0.9090909361839294,"netWorth":0.1712300032377243,"xp":0.647376537322998,"teamXp":0.47711727023124695,"teamDeaths":0.020999999716877937,"enemyTowersLeft":0.7575757503509521,"deaths":0,"teamNetWorth":0.6079699993133545,"teamKills":0.028999999165534973},"lastItemPurchased":[0,0,0,0,0,0,0,0,0,0,0]},"npc_dota_hero_necrolyte":{"lastAbilityUpgraded":"","victory":false,"state":{"kills":0.004000000189989805,"towersLeft":0.7878788113594055,"netWorth":0.06159999966621399,"xp":0.33058643341064453,"teamXp":0.3988395035266876,"teamDeaths":0.027000000700354576,"enemyTowersLeft":0.939393937587738,"deaths":0.004000000189989805,"teamNetWorth":0.40237000584602356,"teamKills":0.01899999938905239},"lastItemPurchased":[0,0,0,0,0,0,0,0,0,0,0]},"npc_dota_hero_shredder":{"lastAbilityUpgraded":"","victory":true,"state":{"kills":0.0010000000474974513,"towersLeft":0.9090909361839294,"netWorth":0.06218000128865242,"xp":0.3573765456676483,"teamXp":0.47711727023124695,"teamDeaths":0.020999999716877937,"enemyTowersLeft":0.7575757503509521,"deaths":0.004000000189989805,"teamNetWorth":0.6079699993133545,"teamKills":0.028999999165534973},"lastItemPurchased":[0,0,0,0,0,0,0,0,0,0,0]}}}