{"gameTime":20,"state":{"npc_dota_hero_riki":{"lastAbilityUpgraded":"","victory":false,"state":{"kills":0.0020000000949949026,"towersLeft":0.939393937587738,"netWorth":0.05000000074505806,"xp":0.2029629647731781,"teamXp":0.17328394949436188,"teamDeaths":0.008999999612569809,"enemyTowersLeft":0.939393937587738,"deaths":0.0010000000474974513,"teamNetWorth":0.20406000316143036,"teamKills":0.009999999776482582},"lastItemPurchased":[0,1,0,0,0,0,0,0,0,0,0]},"npc_dota_hero_drow_ranger":{"lastAbilityUpgraded":"","victory":false,"state":{"kills":0,"towersLeft":0.939393937587738,"netWorth":0.03164999932050705,"xp":0.1321604996919632,"teamXp":0.17328394949436188,"teamDeaths":0.008999999612569809,"enemyTowersLeft":0.939393937587738,"deaths":0.0010000000474974513,"teamNetWorth":0.20406000316143036,"teamKills":0.009999999776482582},"lastItemPurchased":[0,0,1,0,0,0,0,0,0,0,0]},"npc_dota_hero_axe":{"lastAbilityUpgraded":"","victory":true,"state":{"kills":0,"towersLeft":0.939393937587738,"netWorth":0.027529999613761902,"xp":0.15688271820545197,"teamXp":0.17512962222099304,"teamDeaths":0.010999999940395355,"enemyTowersLeft":0.939393937587738,"deaths":0.004000000189989805,"teamNetWorth":0.22609999775886536,"teamKills":0.00800000037997961},"lastItemPurchased":[0,0,0,0,0,0,0,0,0,0,0]},"npc_dota_hero_alchemist":{"lastAbilityUpgraded":"","victory":true,"state":{"kills":0.0020000000949949026,"towersLeft":0.939393937587738,"netWorth":0.10801000148057938,"xp":0.3027777671813965,"teamXp":0.17512962222099304,"teamDeaths":0.010999999940395355,"enemyTowersLeft":0.939393937587738,"deaths":0.0010000000474974513,"teamNetWorth":0.22609999775886536,"teamKills":0.00800000037997961},"lastItemPurchased":[0,0,0,0,1,0,0,0,0,0,0]},"npc_dota_hero_invoker":{"lastAbilityUpgraded":"","victory":false,"state":{"kills":0.0010000000474974513,"towersLeft":0.939393937587738,"netWorth":0.030700000002980232,"xp":0.1805555522441864,"teamXp":0.17328394949436188,"teamDeaths":0.008999999612569809,"enemyTowersLeft":0.939393937587738,"deaths":0.004000000189989805,"teamNetWorth":0.20406000316143036,"teamKills":0.009999999776482582},"lastItemPurchased":[0,0,0,0,0,0,0,0,0,0,0]},"npc_dota_hero_spirit_breaker":{"lastAbilityUpgraded":"","victory":true,"state":{"kills":0.003000000026077032,"towersLeft":0.939393937587738,"netWorth":0.016419999301433563,"xp":0.09916666895151138,"teamXp":0.17512962222099304,"teamDeaths":0.010999999940395355,"enemyTowersLeft":0.939393937587738,"deaths":0.003000000026077032,"teamNetWorth":0.22609999775886536,"teamKills":0.00800000037997961},"lastItemPurchased":[0,0,0,0,0,0,0,0,0,0,0]},"npc_dota_hero_windrunner":{"lastAbilityUpgraded":"","victory":true,"state":{"kills":0.0020000000949949026,"towersLeft":0.939393937587738,"netWorth":0.02223999984562397,"xp":0.10706789791584015,"teamXp":0.17512962222099304,"teamDeaths":0.010999999940395355,"enemyTowersLeft":0.939393937587738,"deaths":0.0010000000474974513,"teamNetWorth":0.22609999775886536,"teamKills":0.00800000037997961},"lastItemPurchased":[0,0,0,0,0,0,0,0,0,0,0]},"npc_dota_hero_morphling":{"lastAbilityUpgraded":"","victory":false,"state":{"kills":0.003000000026077032,"towersLeft":0.939393937587738,"netWorth":0.04628000035881996,"xp":0.18672838807106018,"teamXp":0.17328394949436188,"teamDeaths":0.008999999612569809,"enemyTowersLeft":0.939393937587738,"deaths":0.0010000000474974513,"teamNetWorth":0.20406000316143036,"teamKills":0.009999999776482582},"lastItemPurchased":[0,0,0,0,0,0,0,0,0,0,0]},"npc_dota_hero_skeleton_king":{"lastAbilityUpgraded":"","victory":false,"state":{"kills":0.004000000189989805,"towersLeft":0.939393937587738,"netWorth":0.04543000087141991,"xp":0.1640123426914215,"teamXp":0.17328394949436188,"teamDeaths":0.008999999612569809,"enemyTowersLeft":0.939393937587738,"deaths":0.0020000000949949026,"teamNetWorth":0.20406000316143036,"teamKills":0.009999999776482582},"lastItemPurchased":[0,0,0,0,0,0,0,0,0,0,0]},"npc_dota_hero_sven":{"lastAbilityUpgraded":"","victory":true,"state":{"kills":0.0010000000474974513,"towersLeft":0.939393937587738,"netWorth":0.051899999380111694,"xp":0.20975308120250702,"teamXp":0.17512962222099304,"teamDeaths":0.010999999940395355,"enemyTowersLeft":0.939393937587738,"deaths":0.0020000000949949026,"teamNetWorth":0.22609999775886536,"teamKills":0.00800000037997961},"lastItemPurchased":[0,1,0,0,0,0,0,0,0,0,0]}}}