{"gameTime":39,"state":{"npc_dota_hero_bloodseeker":{"lastAbilityUpgraded":"","victory":false,"state":{"kills":0.00800000037997961,"towersLeft":0.42424243688583374,"netWorth":0.1130400002002716,"xp":0.5944753289222717,"teamXp":0.48884567618370056,"teamDeaths":0.03999999910593033,"enemyTowersLeft":0.939393937587738,"deaths":0.007000000216066837,"teamNetWorth":0.4076499938964844,"teamKills":0.028999999165534973},"lastItemPurchased":[1,0,0,0,0,0,0,0,0,0,0]},"npc_dota_hero_faceless_void":{"lastAbilityUpgraded":"","victory":false,"state":{"kills":0.003000000026077032,"towersLeft":0.42424243688583374,"netWorth":0.09241999685764313,"xp":0.49617284536361694,"teamXp":0.48884567618370056,"teamDeaths":0.03999999910593033,"enemyTowersLeft":0.939393937587738,"deaths":0.007000000216066837,"teamNetWorth":0.4076499938964844,"teamKills":0.028999999165534973},"lastItemPurchased":[0,0,0,0,0,0,0,0,1,0,0]},"npc_dota_hero_nyx_assassin":{"lastAbilityUpgraded":"","victory":true,"state":{"kills":0.00800000037997961,"towersLeft":0.939393937587738,"netWorth":0.06864000111818314,"xp":0.5904937982559204,"teamXp":0.5236234664916992,"teamDeaths":0.029999999329447746,"enemyTowersLeft":0.42424243688583374,"deaths":0.007000000216066837,"teamNetWorth":0.5424399971961975,"teamKills":0.039000000804662704},"lastItemPurchased":[0,0,0,1,0,0,0,0,0,0,0]},"npc_dota_hero_pudge":{"lastAbilityUpgraded":"","victory":false,"state":{"kills":0.004999999888241291,"towersLeft":0.42424243688583374,"netWorth":0.04016999900341034,"xp":0.32586419582366943,"teamXp":0.48884567618370056,"teamDeaths":0.03999999910593033,"enemyTowersLeft":0.939393937587738,"deaths":0.009999999776482582,"teamNetWorth":0.4076499938964844,"teamKills":0.028999999165534973},"lastItemPurchased":[1,0,0,0,0,0,0,0,0,0,0]},"npc_dota_hero_mirana":{"lastAbilityUpgraded":"","victory":true,"state":{"kills":0.013000000268220901,"towersLeft":0.939393937587738,"netWorth":0.14473000168800354,"xp":0.6716358065605164,"teamXp":0.5236234664916992,"teamDeaths":0.029999999329447746,"enemyTowersLeft":0.42424243688583374,"deaths":0.006000000052154064,"teamNetWorth":0.5424399971961975,"teamKills":0.039000000804662704},"lastItemPurchased":[0,0,0,0,0,0,0,0,0,0,0]},"npc_dota_hero_rattletrap":{"lastAbilityUpgraded":"","victory":false,"state":{"kills":0.003000000026077032,"towersLeft":0.42424243688583374,"netWorth":0.03545999899506569,"xp":0.303827166557312,"teamXp":0.48884567618370056,"teamDeaths":0.03999999910593033,"enemyTowersLeft":0.939393937587738,"deaths":0.00800000037997961,"teamNetWorth":0.4076499938964844,"teamKills":0.028999999165534973},"lastItemPurchased":[0,0,0,0,0,0,0,0,0,0,0]},"npc_dota_hero_shadow_demon":{"lastAbilityUpgraded":"","victory":true,"state":{"kills":0.006000000052154064,"towersLeft":0.939393937587738,"netWorth":0.05748999863862991,"xp":0.3381790220737457,"teamXp":0.5236234664916992,"teamDeaths":0.029999999329447746,"enemyTowersLeft":0.42424243688583374,"deaths":0.00800000037997961,"teamNetWorth":0.5424399971961975,"teamKills":0.039000000804662704},"lastItemPurchased":[1,0,0,0,0,0,0,0,0,0,0]},"npc_dota_hero_obsidian_destroyer":{"lastAbilityUpgraded":"","victory":false,"state":{"kills":0.009999999776482582,"towersLeft":0.42424243688583374,"netWorth":0.1265600025653839,"xp":0.7238888740539551,"teamXp":0.48884567618370056,"teamDeaths":0.03999999910593033,"enemyTowersLeft":0.939393937587738,"deaths":0.00800000037997961,"teamNetWorth":0.4076499938964844,"teamKills":0.028999999165534973},"lastItemPurchased":[0,0,0,0,0,0,0,0,0,0,0]},"npc_dota_hero_juggernaut":{"lastAbilityUpgraded":"","victory":true,"state":{"kills":0.007000000216066837,"towersLeft":0.939393937587738,"netWorth":0.21624000370502472,"xp":0.6860185265541077,"teamXp":0.5236234664916992,"teamDeaths":0.029999999329447746,"enemyTowersLeft":0.42424243688583374,"deaths":0.0020000000949949026,"teamNetWorth":0.5424399971961975,"teamKills":0.039000000804662704},"lastItemPurchased":[0,0,0,0,0,0,0,0,0,0,0]},"npc_dota_hero_disruptor":{"lastAbilityUpgraded":"","victory":true,"state":{"kills":0.004999999888241291,"towersLeft":0.939393937587738,"netWorth":0.0553399994969368,"xp":0.33179011940956116,"teamXp":0.5236234664916992,"teamDeaths":0.029999999329447746,"enemyTowersLeft":0.42424243688583374,"deaths":0.007000000216066837,"teamNetWorth":0.5424399971961975,"teamKills":0.039000000804662704},"lastItemPurchased":[0,0,0,0,0,0,0,0,0,0,0]}}}