{"gameTime":42,"state":{"npc_dota_hero_bloodseeker":{"lastAbilityUpgraded":"","victory":false,"state":{"kills":0.009999999776482582,"towersLeft":0.3333333432674408,"netWorth":0.14764000475406647,"xp":0.7651543021202087,"teamXp":0.5993024706840515,"teamDeaths":0.04100000113248825,"enemyTowersLeft":0.939393937587738,"deaths":0.007000000216066837,"teamNetWorth":0.5103700160980225,"teamKills":0.03700000047683716},"lastItemPurchased":[0,0,0,0,0,0,0,0,0,0,0]},"npc_dota_hero_faceless_void":{"lastAbilityUpgraded":"","victory":false,"state":{"kills":0.004999999888241291,"towersLeft":0.3333333432674408,"netWorth":0.1122099980711937,"xp":0.5933641791343689,"teamXp":0.5993024706840515,"teamDeaths":0.04100000113248825,"enemyTowersLeft":0.939393937587738,"deaths":0.007000000216066837,"teamNetWorth":0.5103700160980225,"teamKills":0.03700000047683716},"lastItemPurchased":[0,0,0,0,0,0,0,0,0,0,0]},"npc_dota_hero_nyx_assassin":{"lastAbilityUpgraded":"","victory":true,"state":{"kills":0.00800000037997961,"towersLeft":0.939393937587738,"netWorth":0.06576000154018402,"xp":0.5985184907913208,"teamXp":0.5484382510185242,"teamDeaths":0.03799999877810478,"enemyTowersLeft":0.3333333432674408,"deaths":0.008999999612569809,"teamNetWorth":0.5615699887275696,"teamKills":0.03999999910593033},"lastItemPurchased":[0,0,0,0,0,0,0,0,0,0,0]},"npc_dota_hero_pudge":{"lastAbilityUpgraded":"","victory":false,"state":{"kills":0.006000000052154064,"towersLeft":0.3333333432674408,"netWorth":0.0573199987411499,"xp":0.4310493767261505,"teamXp":0.5993024706840515,"teamDeaths":0.04100000113248825,"enemyTowersLeft":0.939393937587738,"deaths":0.009999999776482582,"teamNetWorth":0.5103700160980225,"teamKills":0.03700000047683716},"lastItemPurchased":[0,0,0,0,0,0,0,0,0,0,0]},"npc_dota_hero_mirana":{"lastAbilityUpgraded":"","victory":true,"state":{"kills":0.013000000268220901,"towersLeft":0.939393937587738,"netWorth":0.16167999804019928,"xp":0.7244135737419128,"teamXp":0.5484382510185242,"teamDeaths":0.03799999877810478,"enemyTowersLeft":0.3333333432674408,"deaths":0.006000000052154064,"teamNetWorth":0.5615699887275696,"teamKills":0.03999999910593033},"lastItemPurchased":[0,0,0,0,0,0,0,0,0,0,0]},"npc_dota_hero_rattletrap":{"lastAbilityUpgraded":"","victory":false,"state":{"kills":0.003000000026077032,"towersLeft":0.3333333432674408,"netWorth":0.040860000997781754,"xp":0.36064815521240234,"teamXp":0.5993024706840515,"teamDeaths":0.04100000113248825,"enemyTowersLeft":0.939393937587738,"deaths":0.008999999612569809,"teamNetWorth":0.5103700160980225,"teamKills":0.03700000047683716},"lastItemPurchased":[0,0,0,0,0,0,0,0,0,0,0]},"npc_dota_hero_shadow_demon":{"lastAbilityUpgraded":"","victory":true,"state":{"kills":0.006000000052154064,"towersLeft":0.939393937587738,"netWorth":0.05778000131249428,"xp":0.35820987820625305,"teamXp":0.5484382510185242,"teamDeaths":0.03799999877810478,"enemyTowersLeft":0.3333333432674408,"deaths":0.009999999776482582,"teamNetWorth":0.5615699887275696,"teamKills":0.03999999910593033},"lastItemPurchased":[0,0,0,0,0,0,0,0,0,0,0]},"npc_dota_hero_obsidian_destroyer":{"lastAbilityUpgraded":"","victory":false,"state":{"kills":0.013000000268220901,"towersLeft":0.3333333432674408,"netWorth":0.15233999490737915,"xp":0.8462963104248047,"teamXp":0.5993024706840515,"teamDeaths":0.04100000113248825,"enemyTowersLeft":0.939393937587738,"deaths":0.00800000037997961,"teamNetWorth":0.5103700160980225,"teamKills":0.03700000047683716},"lastItemPurchased":[0,0,0,0,0,0,0,0,0,0,0]},"npc_dota_hero_juggernaut":{"lastAbilityUpgraded":"","victory":true,"state":{"kills":0.00800000037997961,"towersLeft":0.939393937587738,"netWorth":0.21773000061511993,"xp":0.7103703618049622,"teamXp":0.5484382510185242,"teamDeaths":0.03799999877810478,"enemyTowersLeft":0.3333333432674408,"deaths":0.004000000189989805,"teamNetWorth":0.5615699887275696,"teamKills":0.03999999910593033},"lastItemPurchased":[0,0,0,0,0,0,0,0,0,0,0]},"npc_dota_hero_disruptor":{"lastAbilityUpgraded":"","victory":true,"state":{"kills":0.004999999888241291,"towersLeft":0.939393937587738,"netWorth":0.05861999839544296,"xp":0.3506790101528168,"teamXp":0.5484382510185242,"teamDeaths":0.03799999877810478,"enemyTowersLeft":0.3333333432674408,"deaths":0.008999999612569809,"teamNetWorth":0.5615699887275696,"teamKills":0.03999999910593033},"lastItemPurchased":[0,0,0,0,0,0,0,0,0,0,0]}}}