{"gameTime":45,"state":{"npc_dota_hero_faceless_void":{"lastAbilityUpgraded":"","victory":false,"state":{"kills":0.004999999888241291,"towersLeft":0.8484848737716675,"netWorth":0.11971999704837799,"xp":0.7185184955596924,"teamXp":0.6642777919769287,"teamDeaths":0.04500000178813934,"enemyTowersLeft":0.8787878751754761,"deaths":0.006000000052154064,"teamNetWorth":0.5261300206184387,"teamKills":0.03200000151991844},"lastItemPurchased":[0,0,0,0,0,0,0,0,0,0,0]},"npc_dota_hero_storm_spirit":{"lastAbilityUpgraded":"","victory":false,"state":{"kills":0.007000000216066837,"towersLeft":0.8484848737716675,"netWorth":0.1139099970459938,"xp":0.8323456645011902,"teamXp":0.6642777919769287,"teamDeaths":0.04500000178813934,"enemyTowersLeft":0.8787878751754761,"deaths":0.008999999612569809,"teamNetWorth":0.5261300206184387,"teamKills":0.03200000151991844},"lastItemPurchased":[0,0,0,0,0,0,0,0,0,0,0]},"npc_dota_hero_pudge":{"lastAbilityUpgraded":"","victory":false,"state":{"kills":0.012000000104308128,"towersLeft":0.8484848737716675,"netWorth":0.05976000055670738,"xp":0.4841049313545227,"teamXp":0.6642777919769287,"teamDeaths":0.04500000178813934,"enemyTowersLeft":0.8787878751754761,"deaths":0.014000000432133675,"teamNetWorth":0.5261300206184387,"teamKills":0.03200000151991844},"lastItemPurchased":[0,0,0,0,0,0,0,0,0,0,0]},"npc_dota_hero_legion_commander":{"lastAbilityUpgraded":"","victory":true,"state":{"kills":0.006000000052154064,"towersLeft":0.8787878751754761,"netWorth":0.093469999730587,"xp":0.6856172680854797,"teamXp":0.6832592487335205,"teamDeaths":0.03099999949336052,"enemyTowersLeft":0.8484848737716675,"deaths":0.006000000052154064,"teamNetWorth":0.5483899712562561,"teamKills":0.04100000113248825},"lastItemPurchased":[0,0,1,0,0,0,0,0,0,0,0]},"npc_dota_hero_sand_king":{"lastAbilityUpgraded":"","victory":true,"state":{"kills":0.014000000432133675,"towersLeft":0.8787878751754761,"netWorth":0.11877000331878662,"xp":0.7825000286102295,"teamXp":0.6832592487335205,"teamDeaths":0.03099999949336052,"enemyTowersLeft":0.8484848737716675,"deaths":0.004000000189989805,"teamNetWorth":0.5483899712562561,"teamKills":0.04100000113248825},"lastItemPurchased":[0,0,0,0,0,0,0,0,0,0,0]},"npc_dota_hero_invoker":{"lastAbilityUpgraded":"","victory":false,"state":{"kills":0.004999999888241291,"towersLeft":0.8484848737716675,"netWorth":0.11641000211238861,"xp":0.6416975259780884,"teamXp":0.6642777919769287,"teamDeaths":0.04500000178813934,"enemyTowersLeft":0.8787878751754761,"deaths":0.009999999776482582,"teamNetWorth":0.5261300206184387,"teamKills":0.03200000151991844},"lastItemPurchased":[0,1,0,0,0,0,0,0,0,0,0]},"npc_dota_hero_tinker":{"lastAbilityUpgraded":"","victory":true,"state":{"kills":0.010999999940395355,"towersLeft":0.8787878751754761,"netWorth":0.1236099973320961,"xp":0.6876543164253235,"teamXp":0.6832592487335205,"teamDeaths":0.03099999949336052,"enemyTowersLeft":0.8484848737716675,"deaths":0.006000000052154064,"teamNetWorth":0.5483899712562561,"teamKills":0.04100000113248825},"lastItemPurchased":[0,1,0,0,0,0,0,0,0,0,0]},"npc_dota_hero_mirana":{"lastAbilityUpgraded":"","victory":true,"state":{"kills":0.004999999888241291,"towersLeft":0.8787878751754761,"netWorth":0.09775999933481216,"xp":0.5705864429473877,"teamXp":0.6832592487335205,"teamDeaths":0.03099999949336052,"enemyTowersLeft":0.8484848737716675,"deaths":0.00800000037997961,"teamNetWorth":0.5483899712562561,"teamKills":0.04100000113248825},"lastItemPurchased":[0,0,1,0,0,0,0,0,0,0,0]},"npc_dota_hero_kunkka":{"lastAbilityUpgraded":"","victory":false,"state":{"kills":0.003000000026077032,"towersLeft":0.8484848737716675,"netWorth":0.11632999777793884,"xp":0.6447222232818604,"teamXp":0.6642777919769287,"teamDeaths":0.04500000178813934,"enemyTowersLeft":0.8787878751754761,"deaths":0.006000000052154064,"teamNetWorth":0.5261300206184387,"teamKills":0.03200000151991844},"lastItemPurchased":[0,0,0,0,0,0,0,0,0,0,0]},"npc_dota_hero_sven":{"lastAbilityUpgraded":"","victory":true,"state":{"kills":0.004999999888241291,"towersLeft":0.8787878751754761,"netWorth":0.1147800013422966,"xp":0.6899382472038269,"teamXp":0.6832592487335205,"teamDeaths":0.03099999949336052,"enemyTowersLeft":0.8484848737716675,"deaths":0.007000000216066837,"teamNetWorth":0.5483899712562561,"teamKills":0.04100000113248825},"lastItemPurchased":[0,0,0,0,0,0,0,0,0,0,0]}}}