{"gameTime":56,"state":{"npc_dota_hero_faceless_void":{"lastAbilityUpgraded":"","victory":false,"state":{"kills":0.007000000216066837,"towersLeft":0.1818181872367859,"netWorth":0.16335000097751617,"xp":1.0333333015441895,"teamXp":0.8706604838371277,"teamDeaths":0.057999998331069946,"enemyTowersLeft":0.8181818127632141,"deaths":0.00800000037997961,"teamNetWorth":0.6749299764633179,"teamKills":0.04100000113248825},"lastItemPurchased":[0,0,0,0,0,0,0,0,0,0,1]},"npc_dota_hero_storm_spirit":{"lastAbilityUpgraded":"","victory":false,"state":{"kills":0.012000000104308128,"towersLeft":0.1818181872367859,"netWorth":0.17438000440597534,"xp":1.00200617313385,"teamXp":0.8706604838371277,"teamDeaths":0.057999998331069946,"enemyTowersLeft":0.8181818127632141,"deaths":0.010999999940395355,"teamNetWorth":0.6749299764633179,"teamKills":0.04100000113248825},"lastItemPurchased":[0,0,0,0,0,0,0,0,0,0,0]},"npc_dota_hero_pudge":{"lastAbilityUpgraded":"","victory":false,"state":{"kills":0.013000000268220901,"towersLeft":0.1818181872367859,"netWorth":0.04926000162959099,"xp":0.7079938054084778,"teamXp":0.8706604838371277,"teamDeaths":0.057999998331069946,"enemyTowersLeft":0.8181818127632141,"deaths":0.017999999225139618,"teamNetWorth":0.6749299764633179,"teamKills":0.04100000113248825},"lastItemPurchased":[0,0,0,0,0,0,0,0,0,0,0]},"npc_dota_hero_legion_commander":{"lastAbilityUpgraded":"","victory":true,"state":{"kills":0.007000000216066837,"towersLeft":0.8484848737716675,"netWorth":0.1633400022983551,"xp":1.0151543617248535,"teamXp":0.9790925979614258,"teamDeaths":0.04100000113248825,"enemyTowersLeft":0.21212121844291687,"deaths":0.00800000037997961,"teamNetWorth":0.8787800073623657,"teamKills":0.05400000140070915},"lastItemPurchased":[0,0,0,0,0,0,0,0,0,0,1]},"npc_dota_hero_sand_king":{"lastAbilityUpgraded":"","victory":true,"state":{"kills":0.017000000923871994,"towersLeft":0.8484848737716675,"netWorth":0.18585999310016632,"xp":1.0167901515960693,"teamXp":0.9790925979614258,"teamDeaths":0.04100000113248825,"enemyTowersLeft":0.21212121844291687,"deaths":0.006000000052154064,"teamNetWorth":0.8787800073623657,"teamKills":0.05400000140070915},"lastItemPurchased":[0,0,0,0,0,0,0,0,0,0,1]},"npc_dota_hero_invoker":{"lastAbilityUpgraded":"","victory":false,"state":{"kills":0.006000000052154064,"towersLeft":0.1818181872367859,"netWorth":0.13665999472141266,"xp":0.7867592573165894,"teamXp":0.8706604838371277,"teamDeaths":0.057999998331069946,"enemyTowersLeft":0.8181818127632141,"deaths":0.012000000104308128,"teamNetWorth":0.6749299764633179,"teamKills":0.04100000113248825},"lastItemPurchased":[0,0,0,1,0,0,0,0,0,0,0]},"npc_dota_hero_tinker":{"lastAbilityUpgraded":"","victory":true,"state":{"kills":0.01600000075995922,"towersLeft":0.8484848737716675,"netWorth":0.18133999407291412,"xp":0.9726851582527161,"teamXp":0.9790925979614258,"teamDeaths":0.04100000113248825,"enemyTowersLeft":0.21212121844291687,"deaths":0.00800000037997961,"teamNetWorth":0.8787800073623657,"teamKills":0.05400000140070915},"lastItemPurchased":[0,0,0,0,0,0,0,0,0,0,0]},"npc_dota_hero_mirana":{"lastAbilityUpgraded":"","victory":true,"state":{"kills":0.006000000052154064,"towersLeft":0.8484848737716675,"netWorth":0.15693999826908112,"xp":0.8874691128730774,"teamXp":0.9790925979614258,"teamDeaths":0.04100000113248825,"enemyTowersLeft":0.21212121844291687,"deaths":0.009999999776482582,"teamNetWorth":0.8787800073623657,"teamKills":0.05400000140070915},"lastItemPurchased":[0,0,0,0,0,0,0,0,0,0,0]},"npc_dota_hero_kunkka":{"lastAbilityUpgraded":"","victory":false,"state":{"kills":0.003000000026077032,"towersLeft":0.1818181872367859,"netWorth":0.1512800008058548,"xp":0.8232098817825317,"teamXp":0.8706604838371277,"teamDeaths":0.057999998331069946,"enemyTowersLeft":0.8181818127632141,"deaths":0.008999999612569809,"teamNetWorth":0.6749299764633179,"teamKills":0.04100000113248825},"lastItemPurchased":[0,0,0,0,0,0,0,0,0,0,0]},"npc_dota_hero_sven":{"lastAbilityUpgraded":"","victory":true,"state":{"kills":0.00800000037997961,"towersLeft":0.8484848737716675,"netWorth":0.19130000472068787,"xp":1.0033642053604126,"teamXp":0.9790925979614258,"teamDeaths":0.04100000113248825,"enemyTowersLeft":0.21212121844291687,"deaths":0.008999999612569809,"teamNetWorth":0.8787800073623657,"teamKills":0.05400000140070915},"lastItemPurchased":[0,0,0,0,0,0,0,0,0,0,1]}}}