{"gameTime":18,"state":{"npc_dota_hero_bloodseeker":{"lastAbilityUpgraded":"","victory":true,"state":{"kills":0.003000000026077032,"towersLeft":1,"netWorth":0.045579999685287476,"xp":0.19447530806064606,"teamXp":0.16743209958076477,"teamDeaths":0.010999999940395355,"enemyTowersLeft":1,"deaths":0.0020000000949949026,"teamNetWorth":0.1810699999332428,"teamKills":0.00800000037997961},"lastItemPurchased":[0,0,0,0,0,0,0,0,0,0,0]},"npc_dota_hero_rubick":{"lastAbilityUpgraded":"","victory":false,"state":{"kills":0,"towersLeft":1,"netWorth":0.01696999929845333,"xp":0.12820987403392792,"teamXp":0.16283950209617615,"teamDeaths":0.010999999940395355,"enemyTowersLeft":1,"deaths":0.004000000189989805,"teamNetWorth":0.17038999497890472,"teamKills":0.010999999940395355},"lastItemPurchased":[1,0,0,0,0,0,0,0,0,0,0]},"npc_dota_hero_sand_king":{"lastAbilityUpgraded":"","victory":true,"state":{"kills":0,"towersLeft":1,"netWorth":0.02522999979555607,"xp":0.150277778506279,"teamXp":0.16743209958076477,"teamDeaths":0.010999999940395355,"enemyTowersLeft":1,"deaths":0.004000000189989805,"teamNetWorth":0.1810699999332428,"teamKills":0.00800000037997961},"lastItemPurchased":[0,0,0,0,0,0,0,0,0,0,0]},"npc_dota_hero_arc_warden":{"lastAbilityUpgraded":"","victory":true,"state":{"kills":0,"towersLeft":1,"netWorth":0.04503000155091286,"xp":0.20058642327785492,"teamXp":0.16743209958076477,"teamDeaths":0.010999999940395355,"enemyTowersLeft":1,"deaths":0.0010000000474974513,"teamNetWorth":0.1810699999332428,"teamKills":0.00800000037997961},"lastItemPurchased":[0,0,0,0,0,0,0,0,0,0,0]},"npc_dota_hero_tiny":{"lastAbilityUpgraded":"","victory":false,"state":{"kills":0.004000000189989805,"towersLeft":1,"netWorth":0.03781000152230263,"xp":0.1669444441795349,"teamXp":0.16283950209617615,"teamDeaths":0.010999999940395355,"enemyTowersLeft":1,"deaths":0.0010000000474974513,"teamNetWorth":0.17038999497890472,"teamKills":0.010999999940395355},"lastItemPurchased":[0,0,0,0,0,0,0,0,0,0,0]},"npc_dota_hero_ancient_apparition":{"lastAbilityUpgraded":"","victory":false,"state":{"kills":0.0020000000949949026,"towersLeft":1,"netWorth":0.02386000007390976,"xp":0.10311728715896606,"teamXp":0.16283950209617615,"teamDeaths":0.010999999940395355,"enemyTowersLeft":1,"deaths":0.0020000000949949026,"teamNetWorth":0.17038999497890472,"teamKills":0.010999999940395355},"lastItemPurchased":[0,0,0,0,0,0,0,0,0,0,0]},"npc_dota_hero_morphling":{"lastAbilityUpgraded":"","victory":true,"state":{"kills":0.0010000000474974513,"towersLeft":1,"netWorth":0.04114000126719475,"xp":0.15694443881511688,"teamXp":0.16743209958076477,"teamDeaths":0.010999999940395355,"enemyTowersLeft":1,"deaths":0.003000000026077032,"teamNetWorth":0.1810699999332428,"teamKills":0.00800000037997961},"lastItemPurchased":[0,0,1,0,0,0,0,0,0,0,0]},"npc_dota_hero_juggernaut":{"lastAbilityUpgraded":"","victory":false,"state":{"kills":0.0010000000474974513,"towersLeft":1,"netWorth":0.03392999991774559,"xp":0.18469135463237762,"teamXp":0.16283950209617615,"teamDeaths":0.010999999940395355,"enemyTowersLeft":1,"deaths":0.003000000026077032,"teamNetWorth":0.17038999497890472,"teamKills":0.010999999940395355},"lastItemPurchased":[0,0,0,0,0,0,0,0,0,0,0]},"npc_dota_hero_slark":{"lastAbilityUpgraded":"","victory":false,"state":{"kills":0.004000000189989805,"towersLeft":1,"netWorth":0.057819999754428864,"xp":0.2312345653772354,"teamXp":0.16283950209617615,"teamDeaths":0.010999999940395355,"enemyTowersLeft":1,"deaths":0.0010000000474974513,"teamNetWorth":0.17038999497890472,"teamKills":0.010999999940395355},"lastItemPurchased":[0,0,0,0,0,0,0,0,0,0,0]},"npc_dota_hero_disruptor":{"lastAbilityUpgraded":"","victory":true,"state":{"kills":0.004000000189989805,"towersLeft":1,"netWorth":0.024089999496936798,"xp":0.134876549243927,"teamXp":0.16743209958076477,"teamDeaths":0.010999999940395355,"enemyTowersLeft":1,"deaths":0.0010000000474974513,"teamNetWorth":0.1810699999332428,"teamKills":0.00800000037997961},"lastItemPurchased":[0,0,0,0,0,0,0,0,0,0,0]}}}