{"gameTime":18,"state":{"npc_dota_hero_dark_seer":{"lastAbilityUpgraded":"","victory":false,"state":{"kills":0,"towersLeft":0.939393937587738,"netWorth":0.022029999643564224,"xp":0.07629629969596863,"teamXp":0.09596296399831772,"teamDeaths":0.009999999776482582,"enemyTowersLeft":1,"deaths":0,"teamNetWorth":0.11994999647140503,"teamKills":0.004000000189989805},"lastItemPurchased":[0,0,0,0,0,0,0,0,0,0,0]},"npc_dota_hero_storm_spirit":{"lastAbilityUpgraded":"","victory":true,"state":{"kills":0.0020000000949949026,"towersLeft":1,"netWorth":0.03621000051498413,"xp":0.1480555534362793,"teamXp":0.12022839486598969,"teamDeaths":0.006000000052154064,"enemyTowersLeft":0.939393937587738,"deaths":0.0010000000474974513,"teamNetWorth":0.16448000073432922,"teamKills":0.009999999776482582},"lastItemPurchased":[0,0,0,0,0,0,0,0,0,0,1]},"npc_dota_hero_gyrocopter":{"lastAbilityUpgraded":"","victory":true,"state":{"kills":0.004000000189989805,"towersLeft":1,"netWorth":0.023490000516176224,"xp":0.054814815521240234,"teamXp":0.12022839486598969,"teamDeaths":0.006000000052154064,"enemyTowersLeft":0.939393937587738,"deaths":0.0020000000949949026,"teamNetWorth":0.16448000073432922,"teamKills":0.009999999776482582},"lastItemPurchased":[0,0,0,0,0,0,1,0,0,0,0]},"npc_dota_hero_earthshaker":{"lastAbilityUpgraded":"","victory":false,"state":{"kills":0,"towersLeft":0.939393937587738,"netWorth":0.007860000245273113,"xp":0.04484567791223526,"teamXp":0.09596296399831772,"teamDeaths":0.009999999776482582,"enemyTowersLeft":1,"deaths":0.004000000189989805,"teamNetWorth":0.11994999647140503,"teamKills":0.004000000189989805},"lastItemPurchased":[0,0,0,0,0,1,0,0,0,0,0]},"npc_dota_hero_drow_ranger":{"lastAbilityUpgraded":"","victory":true,"state":{"kills":0,"towersLeft":1,"netWorth":0.054420001804828644,"xp":0.1818518489599228,"teamXp":0.12022839486598969,"teamDeaths":0.006000000052154064,"enemyTowersLeft":0.939393937587738,"deaths":0,"teamNetWorth":0.16448000073432922,"teamKills":0.009999999776482582},"lastItemPurchased":[0,0,0,0,0,0,0,0,0,1,0]},"npc_dota_hero_invoker":{"lastAbilityUpgraded":"","victory":false,"state":{"kills":0.0020000000949949026,"towersLeft":0.939393937587738,"netWorth":0.03773999959230423,"xp":0.16123457252979279,"teamXp":0.09596296399831772,"teamDeaths":0.009999999776482582,"enemyTowersLeft":1,"deaths":0.0020000000949949026,"teamNetWorth":0.11994999647140503,"teamKills":0.004000000189989805},"lastItemPurchased":[0,0,0,0,0,0,0,0,0,0,0]},"npc_dota_hero_luna":{"lastAbilityUpgraded":"","victory":false,"state":{"kills":0.0020000000949949026,"towersLeft":0.939393937587738,"netWorth":0.02988000027835369,"xp":0.09515432268381119,"teamXp":0.09596296399831772,"teamDeaths":0.009999999776482582,"enemyTowersLeft":1,"deaths":0.0010000000474974513,"teamNetWorth":0.11994999647140503,"teamKills":0.004000000189989805},"lastItemPurchased":[0,0,0,0,0,0,0,0,0,0,0]},"npc_dota_hero_enigma":{"lastAbilityUpgraded":"","victory":false,"state":{"kills":0,"towersLeft":0.939393937587738,"netWorth":0.022439999505877495,"xp":0.10228394716978073,"teamXp":0.09596296399831772,"teamDeaths":0.009999999776482582,"enemyTowersLeft":1,"deaths":0.003000000026077032,"teamNetWorth":0.11994999647140503,"teamKills":0.004000000189989805},"lastItemPurchased":[0,0,0,0,0,0,0,0,0,0,0]},"npc_dota_hero_rattletrap":{"lastAbilityUpgraded":"","victory":true,"state":{"kills":0.003000000026077032,"towersLeft":1,"netWorth":0.030519999563694,"xp":0.13104937970638275,"teamXp":0.12022839486598969,"teamDeaths":0.006000000052154064,"enemyTowersLeft":0.939393937587738,"deaths":0.0010000000474974513,"teamNetWorth":0.16448000073432922,"teamKills":0.009999999776482582},"lastItemPurchased":[0,1,0,0,0,0,0,0,0,0,0]},"npc_dota_hero_vengefulspirit":{"lastAbilityUpgraded":"","victory":true,"state":{"kills":0.0010000000474974513,"towersLeft":1,"netWorth":0.019840000197291374,"xp":0.08537036925554276,"teamXp":0.12022839486598969,"teamDeaths":0.006000000052154064,"enemyTowersLeft":0.939393937587738,"deaths":0.0020000000949949026,"teamNetWorth":0.16448000073432922,"teamKills":0.009999999776482582},"lastItemPurchased":[0,0,0,0,0,0,0,0,0,0,0]}}}