{"gameTime":29,"state":{"npc_dota_hero_faceless_void":{"lastAbilityUpgraded":"","victory":true,"state":{"kills":0.004999999888241291,"towersLeft":0.8787878751754761,"netWorth":0.1074799969792366,"xp":0.4887654185295105,"teamXp":0.2895185053348541,"teamDeaths":0.026000000536441803,"enemyTowersLeft":0.9696969985961914,"deaths":0.003000000026077032,"teamNetWorth":0.28275999426841736,"teamKills":0.014999999664723873},"lastItemPurchased":[0,0,0,0,0,0,0,0,0,0,0]},"npc_dota_hero_pudge":{"lastAbilityUpgraded":"","victory":true,"state":{"kills":0.003000000026077032,"towersLeft":0.8787878751754761,"netWorth":0.023320000618696213,"xp":0.12666666507720947,"teamXp":0.2895185053348541,"teamDeaths":0.026000000536441803,"enemyTowersLeft":0.9696969985961914,"deaths":0.006000000052154064,"teamNetWorth":0.28275999426841736,"teamKills":0.014999999664723873},"lastItemPurchased":[0,0,0,0,0,0,0,0,0,0,0]},"npc_dota_hero_silencer":{"lastAbilityUpgraded":"","victory":false,"state":{"kills":0.006000000052154064,"towersLeft":0.939393937587738,"netWorth":0.05761000141501427,"xp":0.2980246841907501,"teamXp":0.30637654662132263,"teamDeaths":0.01600000075995922,"enemyTowersLeft":0.8484848737716675,"deaths":0.003000000026077032,"teamNetWorth":0.34668999910354614,"teamKills":0.024000000208616257},"lastItemPurchased":[1,0,0,0,0,0,0,0,0,0,0]},"npc_dota_hero_phantom_assassin":{"lastAbilityUpgraded":"","victory":true,"state":{"kills":0.0020000000949949026,"towersLeft":0.8787878751754761,"netWorth":0.0941300019621849,"xp":0.42537036538124084,"teamXp":0.2895185053348541,"teamDeaths":0.026000000536441803,"enemyTowersLeft":0.9696969985961914,"deaths":0.004000000189989805,"teamNetWorth":0.28275999426841736,"teamKills":0.014999999664723873},"lastItemPurchased":[0,0,0,0,0,0,0,0,0,0,0]},"npc_dota_hero_tiny":{"lastAbilityUpgraded":"","victory":false,"state":{"kills":0.009999999776482582,"towersLeft":0.939393937587738,"netWorth":0.10179000347852707,"xp":0.38484567403793335,"teamXp":0.30637654662132263,"teamDeaths":0.01600000075995922,"enemyTowersLeft":0.8484848737716675,"deaths":0.004000000189989805,"teamNetWorth":0.34668999910354614,"teamKills":0.024000000208616257},"lastItemPurchased":[0,0,0,0,0,0,0,0,0,0,1]},"npc_dota_hero_ancient_apparition":{"lastAbilityUpgraded":"","victory":true,"state":{"kills":0.0010000000474974513,"towersLeft":0.8787878751754761,"netWorth":0.018699999898672104,"xp":0.16614197194576263,"teamXp":0.2895185053348541,"teamDeaths":0.026000000536441803,"enemyTowersLeft":0.9696969985961914,"deaths":0.006000000052154064,"teamNetWorth":0.28275999426841736,"teamKills":0.014999999664723873},"lastItemPurchased":[0,0,0,1,0,0,0,0,0,0,0]},"npc_dota_hero_viper":{"lastAbilityUpgraded":"","victory":false,"state":{"kills":0.003000000026077032,"towersLeft":0.939393937587738,"netWorth":0.09351000189781189,"xp":0.3251543343067169,"teamXp":0.30637654662132263,"teamDeaths":0.01600000075995922,"enemyTowersLeft":0.8484848737716675,"deaths":0.003000000026077032,"teamNetWorth":0.34668999910354614,"teamKills":0.024000000208616257},"lastItemPurchased":[0,1,0,0,0,0,0,0,0,0,0]},"npc_dota_hero_rattletrap":{"lastAbilityUpgraded":"","victory":false,"state":{"kills":0.004000000189989805,"towersLeft":0.939393937587738,"netWorth":0.060120001435279846,"xp":0.26348766684532166,"teamXp":0.30637654662132263,"teamDeaths":0.01600000075995922,"enemyTowersLeft":0.8484848737716675,"deaths":0.0020000000949949026,"teamNetWorth":0.34668999910354614,"teamKills":0.024000000208616257},"lastItemPurchased":[0,0,0,0,0,0,0,0,0,0,0]},"npc_dota_hero_wisp":{"lastAbilityUpgraded":"","victory":false,"state":{"kills":0.0010000000474974513,"towersLeft":0.939393937587738,"netWorth":0.03365999832749367,"xp":0.2603703737258911,"teamXp":0.30637654662132263,"teamDeaths":0.01600000075995922,"enemyTowersLeft":0.8484848737716675,"deaths":0.004000000189989805,"teamNetWorth":0.34668999910354614,"teamKills":0.024000000208616257},"lastItemPurchased":[0,0,0,1,0,0,0,0,0,0,0]},"npc_dota_hero_magnataur":{"lastAbilityUpgraded":"","victory":true,"state":{"kills":0.004000000189989805,"towersLeft":0.8787878751754761,"netWorth":0.03912999853491783,"xp":0.24064815044403076,"teamXp":0.2895185053348541,"teamDeaths":0.026000000536441803,"enemyTowersLeft":0.9696969985961914,"deaths":0.007000000216066837,"teamNetWorth":0.28275999426841736,"teamKills":0.014999999664723873},"lastItemPurchased":[0,0,0,0,0,0,0,0,0,0,0]}}}