{"gameTime":27,"state":{"npc_dota_hero_bloodseeker":{"lastAbilityUpgraded":"","victory":true,"state":{"kills":0.006000000052154064,"towersLeft":0.9696969985961914,"netWorth":0.08000999689102173,"xp":0.2961728274822235,"teamXp":0.2054012417793274,"teamDeaths":0.009999999776482582,"enemyTowersLeft":0.8787878751754761,"deaths":0,"teamNetWorth":0.27922001481056213,"teamKills":0.023000000044703484},"lastItemPurchased":[0,0,0,0,0,0,0,0,0,0,0]},"npc_dota_hero_witch_doctor":{"lastAbilityUpgraded":"","victory":false,"state":{"kills":0.0020000000949949026,"towersLeft":0.8484848737716675,"netWorth":0.015990000218153,"xp":0.09493827074766159,"teamXp":0.15675926208496094,"teamDeaths":0.02199999988079071,"enemyTowersLeft":0.939393937587738,"deaths":0.004999999888241291,"teamNetWorth":0.1617799997329712,"teamKills":0.007000000216066837},"lastItemPurchased":[0,0,0,0,0,0,0,0,0,0,0]},"npc_dota_hero_life_stealer":{"lastAbilityUpgraded":"","victory":false,"state":{"kills":0.0010000000474974513,"towersLeft":0.8484848737716675,"netWorth":0.04611000046133995,"xp":0.18070988357067108,"teamXp":0.15675926208496094,"teamDeaths":0.02199999988079071,"enemyTowersLeft":0.939393937587738,"deaths":0.003000000026077032,"teamNetWorth":0.1617799997329712,"teamKills":0.007000000216066837},"lastItemPurchased":[0,0,0,0,0,0,0,0,0,0,0]},"npc_dota_hero_rubick":{"lastAbilityUpgraded":"","victory":false,"state":{"kills":0.0020000000949949026,"towersLeft":0.8484848737716675,"netWorth":0.015329999849200249,"xp":0.10524691641330719,"teamXp":0.15675926208496094,"teamDeaths":0.02199999988079071,"enemyTowersLeft":0.939393937587738,"deaths":0.006000000052154064,"teamNetWorth":0.1617799997329712,"teamKills":0.007000000216066837},"lastItemPurchased":[0,0,0,0,0,0,0,0,0,0,0]},"npc_dota_hero_lone_druid":{"lastAbilityUpgraded":"","victory":false,"state":{"kills":0.0010000000474974513,"towersLeft":0.8484848737716675,"netWorth":0.05567999929189682,"xp":0.24358025193214417,"teamXp":0.15675926208496094,"teamDeaths":0.02199999988079071,"enemyTowersLeft":0.939393937587738,"deaths":0.0020000000949949026,"teamNetWorth":0.1617799997329712,"teamKills":0.007000000216066837},"lastItemPurchased":[0,0,0,0,0,0,0,0,0,0,0]},"npc_dota_hero_pudge":{"lastAbilityUpgraded":"","victory":true,"state":{"kills":0.006000000052154064,"towersLeft":0.9696969985961914,"netWorth":0.028389999642968178,"xp":0.1276543140411377,"teamXp":0.2054012417793274,"teamDeaths":0.009999999776482582,"enemyTowersLeft":0.8787878751754761,"deaths":0.006000000052154064,"teamNetWorth":0.27922001481056213,"teamKills":0.023000000044703484},"lastItemPurchased":[0,0,0,0,0,0,0,0,0,0,0]},"npc_dota_hero_luna":{"lastAbilityUpgraded":"","victory":true,"state":{"kills":0.004999999888241291,"towersLeft":0.9696969985961914,"netWorth":0.07236000150442123,"xp":0.2439814805984497,"teamXp":0.2054012417793274,"teamDeaths":0.009999999776482582,"enemyTowersLeft":0.8787878751754761,"deaths":0.0020000000949949026,"teamNetWorth":0.27922001481056213,"teamKills":0.023000000044703484},"lastItemPurchased":[0,0,0,0,0,0,0,0,0,0,0]},"npc_dota_hero_slardar":{"lastAbilityUpgraded":"","victory":false,"state":{"kills":0.0010000000474974513,"towersLeft":0.8484848737716675,"netWorth":0.028669999912381172,"xp":0.15932098031044006,"teamXp":0.15675926208496094,"teamDeaths":0.02199999988079071,"enemyTowersLeft":0.939393937587738,"deaths":0.006000000052154064,"teamNetWorth":0.1617799997329712,"teamKills":0.007000000216066837},"lastItemPurchased":[0,0,0,0,0,0,0,0,0,0,0]},"npc_dota_hero_ogre_magi":{"lastAbilityUpgraded":"","victory":true,"state":{"kills":0.0020000000949949026,"towersLeft":0.9696969985961914,"netWorth":0.03798000141978264,"xp":0.14749999344348907,"teamXp":0.2054012417793274,"teamDeaths":0.009999999776482582,"enemyTowersLeft":0.8787878751754761,"deaths":0,"teamNetWorth":0.27922001481056213,"teamKills":0.023000000044703484},"lastItemPurchased":[0,0,0,0,0,0,0,0,0,0,0]},"npc_dota_hero_omniknight":{"lastAbilityUpgraded":"","victory":true,"state":{"kills":0.004000000189989805,"towersLeft":0.9696969985961914,"netWorth":0.06047999858856201,"xp":0.2116975337266922,"teamXp":0.2054012417793274,"teamDeaths":0.009999999776482582,"enemyTowersLeft":0.8787878751754761,"deaths":0.0020000000949949026,"teamNetWorth":0.27922001481056213,"teamKills":0.023000000044703484},"lastItemPurchased":[0,0,0,0,0,1,0,0,0,0,0]}}}