{"gameTime":29,"state":{"npc_dota_hero_templar_assassin":{"lastAbilityUpgraded":"","victory":false,"state":{"kills":0.008999999612569809,"towersLeft":0.8787878751754761,"netWorth":0.17013999819755554,"xp":0.7471296191215515,"teamXp":0.40185803174972534,"teamDeaths":0.01899999938905239,"enemyTowersLeft":0.3030303120613098,"deaths":0.003000000026077032,"teamNetWorth":0.4934999942779541,"teamKills":0.026000000536441803},"lastItemPurchased":[0,0,0,0,0,0,0,0,0,0,0]},"npc_dota_hero_winter_wyvern":{"lastAbilityUpgraded":"","victory":false,"state":{"kills":0,"towersLeft":0.8787878751754761,"netWorth":0.055229999125003815,"xp":0.24166665971279144,"teamXp":0.40185803174972534,"teamDeaths":0.01899999938905239,"enemyTowersLeft":0.3030303120613098,"deaths":0.003000000026077032,"teamNetWorth":0.4934999942779541,"teamKills":0.026000000536441803},"lastItemPurchased":[0,0,0,0,0,0,0,0,0,0,0]},"npc_dota_hero_drow_ranger":{"lastAbilityUpgraded":"","victory":true,"state":{"kills":0.0010000000474974513,"towersLeft":0.3333333432674408,"netWorth":0.06603000313043594,"xp":0.32419753074645996,"teamXp":0.35679012537002563,"teamDeaths":0.026000000536441803,"enemyTowersLeft":0.9090909361839294,"deaths":0.004000000189989805,"teamNetWorth":0.3491699993610382,"teamKills":0.014999999664723873},"lastItemPurchased":[0,0,0,0,0,0,0,0,0,0,0]},"npc_dota_hero_legion_commander":{"lastAbilityUpgraded":"","victory":true,"state":{"kills":0.004999999888241291,"towersLeft":0.3333333432674408,"netWorth":0.07419999688863754,"xp":0.404938280582428,"teamXp":0.35679012537002563,"teamDeaths":0.026000000536441803,"enemyTowersLeft":0.9090909361839294,"deaths":0.007000000216066837,"teamNetWorth":0.3491699993610382,"teamKills":0.014999999664723873},"lastItemPurchased":[0,0,0,0,0,0,0,1,0,0,0]},"npc_dota_hero_pudge":{"lastAbilityUpgraded":"","victory":false,"state":{"kills":0.007000000216066837,"towersLeft":0.8787878751754761,"netWorth":0.06266999989748001,"xp":0.26141974329948425,"teamXp":0.40185803174972534,"teamDeaths":0.01899999938905239,"enemyTowersLeft":0.3030303120613098,"deaths":0.006000000052154064,"teamNetWorth":0.4934999942779541,"teamKills":0.026000000536441803},"lastItemPurchased":[0,0,0,0,0,0,0,0,0,0,0]},"npc_dota_hero_invoker":{"lastAbilityUpgraded":"","victory":true,"state":{"kills":0.0020000000949949026,"towersLeft":0.3333333432674408,"netWorth":0.06126999855041504,"xp":0.3021913468837738,"teamXp":0.35679012537002563,"teamDeaths":0.026000000536441803,"enemyTowersLeft":0.9090909361839294,"deaths":0.006000000052154064,"teamNetWorth":0.3491699993610382,"teamKills":0.014999999664723873},"lastItemPurchased":[0,0,0,0,0,0,0,0,0,0,0]},"npc_dota_hero_abyssal_underlord":{"lastAbilityUpgraded":"","victory":false,"state":{"kills":0.003000000026077032,"towersLeft":0.8787878751754761,"netWorth":0.10025999695062637,"xp":0.3696913719177246,"teamXp":0.40185803174972534,"teamDeaths":0.01899999938905239,"enemyTowersLeft":0.3030303120613098,"deaths":0.003000000026077032,"teamNetWorth":0.4934999942779541,"teamKills":0.026000000536441803},"lastItemPurchased":[0,0,0,0,0,0,0,0,0,0,0]},"npc_dota_hero_slark":{"lastAbilityUpgraded":"","victory":true,"state":{"kills":0.004999999888241291,"towersLeft":0.3333333432674408,"netWorth":0.08946999907493591,"xp":0.4573456645011902,"teamXp":0.35679012537002563,"teamDeaths":0.026000000536441803,"enemyTowersLeft":0.9090909361839294,"deaths":0.004000000189989805,"teamNetWorth":0.3491699993610382,"teamKills":0.014999999664723873},"lastItemPurchased":[0,1,0,0,0,0,0,0,0,0,0]},"npc_dota_hero_disruptor":{"lastAbilityUpgraded":"","victory":true,"state":{"kills":0.0020000000949949026,"towersLeft":0.3333333432674408,"netWorth":0.05820000171661377,"xp":0.29527777433395386,"teamXp":0.35679012537002563,"teamDeaths":0.026000000536441803,"enemyTowersLeft":0.9090909361839294,"deaths":0.004999999888241291,"teamNetWorth":0.3491699993610382,"teamKills":0.014999999664723873},"lastItemPurchased":[0,1,0,0,0,0,0,0,0,0,0]},"npc_dota_hero_juggernaut":{"lastAbilityUpgraded":"","victory":false,"state":{"kills":0.007000000216066837,"towersLeft":0.8787878751754761,"netWorth":0.10520000010728836,"xp":0.3893827199935913,"teamXp":0.40185803174972534,"teamDeaths":0.01899999938905239,"enemyTowersLeft":0.3030303120613098,"deaths":0.004000000189989805,"teamNetWorth":0.4934999942779541,"teamKills":0.026000000536441803},"lastItemPurchased":[0,0,0,0,0,0,0,0,0,0,0]}}}