{"gameTime":43,"state":{"npc_dota_hero_nyx_assassin":{"lastAbilityUpgraded":"","victory":false,"state":{"kills":0.004000000189989805,"towersLeft":0.3030303120613098,"netWorth":0.04919999837875366,"xp":0.45342591404914856,"teamXp":0.4757407307624817,"teamDeaths":0.03999999910593033,"enemyTowersLeft":0.939393937587738,"deaths":0.007000000216066837,"teamNetWorth":0.32249000668525696,"teamKills":0.03200000151991844},"lastItemPurchased":[0,0,0,0,0,0,0,0,0,0,0]},"npc_dota_hero_skywrath_mage":{"lastAbilityUpgraded":"","victory":false,"state":{"kills":0.006000000052154064,"towersLeft":0.3030303120613098,"netWorth":0.021150000393390656,"xp":0.41299381852149963,"teamXp":0.4757407307624817,"teamDeaths":0.03999999910593033,"enemyTowersLeft":0.939393937587738,"deaths":0.013000000268220901,"teamNetWorth":0.32249000668525696,"teamKills":0.03200000151991844},"lastItemPurchased":[0,0,0,0,0,0,0,0,0,0,0]},"npc_dota_hero_storm_spirit":{"lastAbilityUpgraded":"","victory":true,"state":{"kills":0.009999999776482582,"towersLeft":0.939393937587738,"netWorth":0.1662999987602234,"xp":0.7383642196655273,"teamXp":0.5714259147644043,"teamDeaths":0.032999999821186066,"enemyTowersLeft":0.3030303120613098,"deaths":0.004999999888241291,"teamNetWorth":0.6228600144386292,"teamKills":0.03799999877810478},"lastItemPurchased":[0,0,0,0,0,0,0,0,0,0,0]},"npc_dota_hero_rubick":{"lastAbilityUpgraded":"","victory":false,"state":{"kills":0.004999999888241291,"towersLeft":0.3030303120613098,"netWorth":0.06802999973297119,"xp":0.3931789994239807,"teamXp":0.4757407307624817,"teamDeaths":0.03999999910593033,"enemyTowersLeft":0.939393937587738,"deaths":0.004000000189989805,"teamNetWorth":0.32249000668525696,"teamKills":0.03200000151991844},"lastItemPurchased":[0,0,0,0,0,0,0,0,0,0,0]},"npc_dota_hero_centaur":{"lastAbilityUpgraded":"","victory":true,"state":{"kills":0.008999999612569809,"towersLeft":0.939393937587738,"netWorth":0.15443000197410583,"xp":0.6562036871910095,"teamXp":0.5714259147644043,"teamDeaths":0.032999999821186066,"enemyTowersLeft":0.3030303120613098,"deaths":0.004000000189989805,"teamNetWorth":0.6228600144386292,"teamKills":0.03799999877810478},"lastItemPurchased":[0,0,0,0,0,0,0,0,0,0,0]},"npc_dota_hero_legion_commander":{"lastAbilityUpgraded":"","victory":true,"state":{"kills":0.014000000432133675,"towersLeft":0.939393937587738,"netWorth":0.1310800015926361,"xp":0.5740740895271301,"teamXp":0.5714259147644043,"teamDeaths":0.032999999821186066,"enemyTowersLeft":0.3030303120613098,"deaths":0.008999999612569809,"teamNetWorth":0.6228600144386292,"teamKills":0.03799999877810478},"lastItemPurchased":[0,0,0,0,0,0,0,0,0,0,0]},"npc_dota_hero_venomancer":{"lastAbilityUpgraded":"","victory":true,"state":{"kills":0.003000000026077032,"towersLeft":0.939393937587738,"netWorth":0.12244000285863876,"xp":0.50956791639328,"teamXp":0.5714259147644043,"teamDeaths":0.032999999821186066,"enemyTowersLeft":0.3030303120613098,"deaths":0.004000000189989805,"teamNetWorth":0.6228600144386292,"teamKills":0.03799999877810478},"lastItemPurchased":[0,0,0,0,0,0,0,0,0,0,0]},"npc_dota_hero_slardar":{"lastAbilityUpgraded":"","victory":false,"state":{"kills":0.00800000037997961,"towersLeft":0.3030303120613098,"netWorth":0.056609999388456345,"xp":0.49904319643974304,"teamXp":0.4757407307624817,"teamDeaths":0.03999999910593033,"enemyTowersLeft":0.939393937587738,"deaths":0.009999999776482582,"teamNetWorth":0.32249000668525696,"teamKills":0.03200000151991844},"lastItemPurchased":[0,0,0,0,0,0,0,0,0,0,0]},"npc_dota_hero_oracle":{"lastAbilityUpgraded":"","victory":true,"state":{"kills":0.0020000000949949026,"towersLeft":0.939393937587738,"netWorth":0.04861000180244446,"xp":0.3789197504520416,"teamXp":0.5714259147644043,"teamDeaths":0.032999999821186066,"enemyTowersLeft":0.3030303120613098,"deaths":0.010999999940395355,"teamNetWorth":0.6228600144386292,"teamKills":0.03799999877810478},"lastItemPurchased":[0,0,0,0,0,0,0,0,0,0,0]},"npc_dota_hero_slark":{"lastAbilityUpgraded":"","victory":false,"state":{"kills":0.008999999612569809,"towersLeft":0.3030303120613098,"netWorth":0.1274999976158142,"xp":0.6200617551803589,"teamXp":0.4757407307624817,"teamDeaths":0.03999999910593033,"enemyTowersLeft":0.939393937587738,"deaths":0.006000000052154064,"teamNetWorth":0.32249000668525696,"teamKills":0.03200000151991844},"lastItemPurchased":[0,0,0,0,0,0,0,0,0,0,0]}}}