{"gameTime":14,"state":{"npc_dota_hero_dark_seer":{"lastAbilityUpgraded":"","victory":false,"state":{"kills":0,"towersLeft":1,"netWorth":0.043219998478889465,"xp":0.14033950865268707,"teamXp":0.1025925949215889,"teamDeaths":0.004000000189989805,"enemyTowersLeft":0.9696969985961914,"deaths":0.0010000000474974513,"teamNetWorth":0.15997999906539917,"teamKills":0.007000000216066837},"lastItemPurchased":[0,0,0,0,0,1,0,0,0,0,0]},"npc_dota_hero_riki":{"lastAbilityUpgraded":"","victory":false,"state":{"kills":0.004000000189989805,"towersLeft":1,"netWorth":0.02266000024974346,"xp":0.06367284059524536,"teamXp":0.1025925949215889,"teamDeaths":0.004000000189989805,"enemyTowersLeft":0.9696969985961914,"deaths":0.0020000000949949026,"teamNetWorth":0.15997999906539917,"teamKills":0.007000000216066837},"lastItemPurchased":[1,0,0,0,0,0,0,0,0,0,0]},"npc_dota_hero_rubick":{"lastAbilityUpgraded":"","victory":false,"state":{"kills":0.0010000000474974513,"towersLeft":1,"netWorth":0.03373999893665314,"xp":0.1207098737359047,"teamXp":0.1025925949215889,"teamDeaths":0.004000000189989805,"enemyTowersLeft":0.9696969985961914,"deaths":0,"teamNetWorth":0.15997999906539917,"teamKills":0.007000000216066837},"lastItemPurchased":[0,0,0,0,0,0,0,0,0,0,0]},"npc_dota_hero_phoenix":{"lastAbilityUpgraded":"","victory":true,"state":{"kills":0,"towersLeft":0.939393937587738,"netWorth":0.009600000455975533,"xp":0.0844753086566925,"teamXp":0.09241975098848343,"teamDeaths":0.007000000216066837,"enemyTowersLeft":0.9696969985961914,"deaths":0.0010000000474974513,"teamNetWorth":0.08608999848365784,"teamKills":0.003000000026077032},"lastItemPurchased":[0,0,0,0,0,0,0,0,0,0,0]},"npc_dota_hero_mirana":{"lastAbilityUpgraded":"","victory":true,"state":{"kills":0,"towersLeft":0.939393937587738,"netWorth":0.01600000075995922,"xp":0.06416666507720947,"teamXp":0.09241975098848343,"teamDeaths":0.007000000216066837,"enemyTowersLeft":0.9696969985961914,"deaths":0.0010000000474974513,"teamNetWorth":0.08608999848365784,"teamKills":0.003000000026077032},"lastItemPurchased":[0,0,0,0,0,0,0,0,0,0,0]},"npc_dota_hero_kunkka":{"lastAbilityUpgraded":"","victory":true,"state":{"kills":0,"towersLeft":0.939393937587738,"netWorth":0.005239999853074551,"xp":0.05484567955136299,"teamXp":0.09241975098848343,"teamDeaths":0.007000000216066837,"enemyTowersLeft":0.9696969985961914,"deaths":0.003000000026077032,"teamNetWorth":0.08608999848365784,"teamKills":0.003000000026077032},"lastItemPurchased":[0,0,0,0,0,0,0,0,0,0,0]},"npc_dota_hero_ogre_magi":{"lastAbilityUpgraded":"","victory":false,"state":{"kills":0.0020000000949949026,"towersLeft":1,"netWorth":0.01868000067770481,"xp":0.06327160447835922,"teamXp":0.1025925949215889,"teamDeaths":0.004000000189989805,"enemyTowersLeft":0.9696969985961914,"deaths":0,"teamNetWorth":0.15997999906539917,"teamKills":0.007000000216066837},"lastItemPurchased":[0,0,0,0,0,1,0,0,0,0,0]},"npc_dota_hero_viper":{"lastAbilityUpgraded":"","victory":true,"state":{"kills":0.0010000000474974513,"towersLeft":0.939393937587738,"netWorth":0.02085999958217144,"xp":0.13345679640769958,"teamXp":0.09241975098848343,"teamDeaths":0.007000000216066837,"enemyTowersLeft":0.9696969985961914,"deaths":0.0020000000949949026,"teamNetWorth":0.08608999848365784,"teamKills":0.003000000026077032},"lastItemPurchased":[0,0,0,0,0,1,0,0,0,0,0]},"npc_dota_hero_spectre":{"lastAbilityUpgraded":"","victory":true,"state":{"kills":0.0020000000949949026,"towersLeft":0.939393937587738,"netWorth":0.03438999876379967,"xp":0.1251543164253235,"teamXp":0.09241975098848343,"teamDeaths":0.007000000216066837,"enemyTowersLeft":0.9696969985961914,"deaths":0,"teamNetWorth":0.08608999848365784,"teamKills":0.003000000026077032},"lastItemPurchased":[0,0,0,0,0,0,0,0,0,0,0]},"npc_dota_hero_batrider":{"lastAbilityUpgraded":"","victory":false,"state":{"kills":0,"towersLeft":1,"netWorth":0.041680000722408295,"xp":0.12496913224458694,"teamXp":0.1025925949215889,"teamDeaths":0.004000000189989805,"enemyTowersLeft":0.9696969985961914,"deaths":0.0010000000474974513,"teamNetWorth":0.15997999906539917,"teamKills":0.007000000216066837},"lastItemPurchased":[0,0,0,0,0,0,0,0,0,0,0]}}}