{"gameTime":38,"state":{"npc_dota_hero_dark_seer":{"lastAbilityUpgraded":"","victory":false,"state":{"kills":0.0010000000474974513,"towersLeft":0.4848484992980957,"netWorth":0.1190200001001358,"xp":0.5175308585166931,"teamXp":0.365962952375412,"teamDeaths":0.03200000151991844,"enemyTowersLeft":0.9090909361839294,"deaths":0.006000000052154064,"teamNetWorth":0.3705900013446808,"teamKills":0.019999999552965164},"lastItemPurchased":[0,0,0,0,0,0,0,0,0,0,0]},"npc_dota_hero_riki":{"lastAbilityUpgraded":"","victory":false,"state":{"kills":0.009999999776482582,"towersLeft":0.4848484992980957,"netWorth":0.05107999965548515,"xp":0.31154319643974304,"teamXp":0.365962952375412,"teamDeaths":0.03200000151991844,"enemyTowersLeft":0.9090909361839294,"deaths":0.006000000052154064,"teamNetWorth":0.3705900013446808,"teamKills":0.019999999552965164},"lastItemPurchased":[0,0,0,0,0,0,0,0,0,0,0]},"npc_dota_hero_rubick":{"lastAbilityUpgraded":"","victory":false,"state":{"kills":0.003000000026077032,"towersLeft":0.4848484992980957,"netWorth":0.06049000099301338,"xp":0.3430864214897156,"teamXp":0.365962952375412,"teamDeaths":0.03200000151991844,"enemyTowersLeft":0.9090909361839294,"deaths":0.00800000037997961,"teamNetWorth":0.3705900013446808,"teamKills":0.019999999552965164},"lastItemPurchased":[1,0,0,0,0,0,0,0,0,0,0]},"npc_dota_hero_phoenix":{"lastAbilityUpgraded":"","victory":true,"state":{"kills":0,"towersLeft":0.8787878751754761,"netWorth":0.05310999974608421,"xp":0.37811729311943054,"teamXp":0.47908642888069153,"teamDeaths":0.023000000044703484,"enemyTowersLeft":0.4545454680919647,"deaths":0.004999999888241291,"teamNetWorth":0.5722699761390686,"teamKills":0.032999999821186066},"lastItemPurchased":[0,0,0,0,0,0,0,0,0,0,0]},"npc_dota_hero_mirana":{"lastAbilityUpgraded":"","victory":true,"state":{"kills":0.004999999888241291,"towersLeft":0.8787878751754761,"netWorth":0.09863000363111496,"xp":0.3667592704296112,"teamXp":0.47908642888069153,"teamDeaths":0.023000000044703484,"enemyTowersLeft":0.4545454680919647,"deaths":0.006000000052154064,"teamNetWorth":0.5722699761390686,"teamKills":0.032999999821186066},"lastItemPurchased":[0,0,0,0,0,1,0,0,0,0,0]},"npc_dota_hero_kunkka":{"lastAbilityUpgraded":"","victory":true,"state":{"kills":0.004000000189989805,"towersLeft":0.8787878751754761,"netWorth":0.07334999740123749,"xp":0.3617592453956604,"teamXp":0.47908642888069153,"teamDeaths":0.023000000044703484,"enemyTowersLeft":0.4545454680919647,"deaths":0.004999999888241291,"teamNetWorth":0.5722699761390686,"teamKills":0.032999999821186066},"lastItemPurchased":[0,0,0,0,0,0,0,0,0,0,0]},"npc_dota_hero_ogre_magi":{"lastAbilityUpgraded":"","victory":false,"state":{"kills":0.0020000000949949026,"towersLeft":0.4848484992980957,"netWorth":0.025259999558329582,"xp":0.19993826746940613,"teamXp":0.365962952375412,"teamDeaths":0.03200000151991844,"enemyTowersLeft":0.9090909361839294,"deaths":0.007000000216066837,"teamNetWorth":0.3705900013446808,"teamKills":0.019999999552965164},"lastItemPurchased":[0,0,0,0,0,0,0,0,0,0,0]},"npc_dota_hero_viper":{"lastAbilityUpgraded":"","victory":true,"state":{"kills":0.009999999776482582,"towersLeft":0.8787878751754761,"netWorth":0.12839999794960022,"xp":0.5557098984718323,"teamXp":0.47908642888069153,"teamDeaths":0.023000000044703484,"enemyTowersLeft":0.4545454680919647,"deaths":0.006000000052154064,"teamNetWorth":0.5722699761390686,"teamKills":0.032999999821186066},"lastItemPurchased":[0,0,0,1,0,0,0,0,0,0,0]},"npc_dota_hero_spectre":{"lastAbilityUpgraded":"","victory":true,"state":{"kills":0.014000000432133675,"towersLeft":0.8787878751754761,"netWorth":0.21877999603748322,"xp":0.7330864071846008,"teamXp":0.47908642888069153,"teamDeaths":0.023000000044703484,"enemyTowersLeft":0.4545454680919647,"deaths":0.0010000000474974513,"teamNetWorth":0.5722699761390686,"teamKills":0.032999999821186066},"lastItemPurchased":[0,0,0,0,0,0,0,0,0,0,0]},"npc_dota_hero_batrider":{"lastAbilityUpgraded":"","victory":false,"state":{"kills":0.004000000189989805,"towersLeft":0.4848484992980957,"netWorth":0.11473999917507172,"xp":0.45771604776382446,"teamXp":0.365962952375412,"teamDeaths":0.03200000151991844,"enemyTowersLeft":0.9090909361839294,"deaths":0.004999999888241291,"teamNetWorth":0.3705900013446808,"teamKills":0.019999999552965164},"lastItemPurchased":[0,0,0,0,0,0,1,0,0,0,0]}}}