{"gameTime":24,"state":{"npc_dota_hero_nyx_assassin":{"lastAbilityUpgraded":"","victory":true,"state":{"kills":0.004000000189989805,"towersLeft":0.9696969985961914,"netWorth":0.02597000077366829,"xp":0.13228395581245422,"teamXp":0.21174074709415436,"teamDeaths":0.012000000104308128,"enemyTowersLeft":0.9090909361839294,"deaths":0.003000000026077032,"teamNetWorth":0.2405100017786026,"teamKills":0.01600000075995922},"lastItemPurchased":[0,0,0,0,0,0,0,0,0,0,0]},"npc_dota_hero_ursa":{"lastAbilityUpgraded":"","victory":false,"state":{"kills":0.0010000000474974513,"towersLeft":0.939393937587738,"netWorth":0.039489999413490295,"xp":0.19629628956317902,"teamXp":0.20233333110809326,"teamDeaths":0.014999999664723873,"enemyTowersLeft":1,"deaths":0.004000000189989805,"teamNetWorth":0.22639000415802002,"teamKills":0.010999999940395355},"lastItemPurchased":[0,0,0,1,0,0,0,0,0,0,0]},"npc_dota_hero_rubick":{"lastAbilityUpgraded":"","victory":false,"state":{"kills":0,"towersLeft":0.939393937587738,"netWorth":0.022059999406337738,"xp":0.15182098746299744,"teamXp":0.20233333110809326,"teamDeaths":0.014999999664723873,"enemyTowersLeft":1,"deaths":0.004000000189989805,"teamNetWorth":0.22639000415802002,"teamKills":0.010999999940395355},"lastItemPurchased":[0,0,0,0,0,0,0,0,0,0,0]},"npc_dota_hero_pudge":{"lastAbilityUpgraded":"","victory":true,"state":{"kills":0.0020000000949949026,"towersLeft":0.9696969985961914,"netWorth":0.020309999585151672,"xp":0.136820986866951,"teamXp":0.21174074709415436,"teamDeaths":0.012000000104308128,"enemyTowersLeft":0.9090909361839294,"deaths":0.004000000189989805,"teamNetWorth":0.2405100017786026,"teamKills":0.01600000075995922},"lastItemPurchased":[0,0,0,0,0,0,0,0,0,0,0]},"npc_dota_hero_sand_king":{"lastAbilityUpgraded":"","victory":false,"state":{"kills":0.0020000000949949026,"towersLeft":0.939393937587738,"netWorth":0.0466499999165535,"xp":0.1960802525281906,"teamXp":0.20233333110809326,"teamDeaths":0.014999999664723873,"enemyTowersLeft":1,"deaths":0.0010000000474974513,"teamNetWorth":0.22639000415802002,"teamKills":0.010999999940395355},"lastItemPurchased":[0,0,0,1,0,0,0,0,0,0,0]},"npc_dota_hero_morphling":{"lastAbilityUpgraded":"","victory":true,"state":{"kills":0.004999999888241291,"towersLeft":0.9696969985961914,"netWorth":0.08699999749660492,"xp":0.30015432834625244,"teamXp":0.21174074709415436,"teamDeaths":0.012000000104308128,"enemyTowersLeft":0.9090909361839294,"deaths":0.0010000000474974513,"teamNetWorth":0.2405100017786026,"teamKills":0.01600000075995922},"lastItemPurchased":[0,0,0,0,0,0,0,0,0,0,0]},"npc_dota_hero_shredder":{"lastAbilityUpgraded":"","victory":true,"state":{"kills":0.0020000000949949026,"towersLeft":0.9696969985961914,"netWorth":0.05795000120997429,"xp":0.2752160429954529,"teamXp":0.21174074709415436,"teamDeaths":0.012000000104308128,"enemyTowersLeft":0.9090909361839294,"deaths":0.0010000000474974513,"teamNetWorth":0.2405100017786026,"teamKills":0.01600000075995922},"lastItemPurchased":[0,0,0,0,0,0,0,0,0,0,0]},"npc_dota_hero_obsidian_destroyer":{"lastAbilityUpgraded":"","victory":true,"state":{"kills":0.003000000026077032,"towersLeft":0.9696969985961914,"netWorth":0.04927999898791313,"xp":0.21422839164733887,"teamXp":0.21174074709415436,"teamDeaths":0.012000000104308128,"enemyTowersLeft":0.9090909361839294,"deaths":0.003000000026077032,"teamNetWorth":0.2405100017786026,"teamKills":0.01600000075995922},"lastItemPurchased":[0,0,0,0,0,0,0,0,0,0,0]},"npc_dota_hero_batrider":{"lastAbilityUpgraded":"","victory":false,"state":{"kills":0.004999999888241291,"towersLeft":0.939393937587738,"netWorth":0.044860001653432846,"xp":0.18777777254581451,"teamXp":0.20233333110809326,"teamDeaths":0.014999999664723873,"enemyTowersLeft":1,"deaths":0.004999999888241291,"teamNetWorth":0.22639000415802002,"teamKills":0.010999999940395355},"lastItemPurchased":[0,0,0,0,0,0,0,0,0,0,0]},"npc_dota_hero_juggernaut":{"lastAbilityUpgraded":"","victory":false,"state":{"kills":0.003000000026077032,"towersLeft":0.939393937587738,"netWorth":0.07333000004291534,"xp":0.2796913683414459,"teamXp":0.20233333110809326,"teamDeaths":0.014999999664723873,"enemyTowersLeft":1,"deaths":0.0010000000474974513,"teamNetWorth":0.22639000415802002,"teamKills":0.010999999940395355},"lastItemPurchased":[0,0,0,0,0,0,0,0,1,0,0]}}}