{"gameTime":21,"state":{"npc_dota_hero_tusk":{"lastAbilityUpgraded":"","victory":true,"state":{"kills":0,"towersLeft":0.9696969985961914,"netWorth":0.020029999315738678,"xp":0.1019444465637207,"teamXp":0.16390123963356018,"teamDeaths":0.014999999664723873,"enemyTowersLeft":0.9696969985961914,"deaths":0.004000000189989805,"teamNetWorth":0.2001200020313263,"teamKills":0.013000000268220901},"lastItemPurchased":[0,1,0,0,0,0,0,0,0,0,0]},"npc_dota_hero_witch_doctor":{"lastAbilityUpgraded":"","victory":true,"state":{"kills":0.0020000000949949026,"towersLeft":0.9696969985961914,"netWorth":0.02078999951481819,"xp":0.11141975224018097,"teamXp":0.16390123963356018,"teamDeaths":0.014999999664723873,"enemyTowersLeft":0.9696969985961914,"deaths":0.0010000000474974513,"teamNetWorth":0.2001200020313263,"teamKills":0.013000000268220901},"lastItemPurchased":[0,0,0,0,0,0,0,0,0,0,0]},"npc_dota_hero_nyx_assassin":{"lastAbilityUpgraded":"","victory":false,"state":{"kills":0.0010000000474974513,"towersLeft":0.9696969985961914,"netWorth":0.030980000272393227,"xp":0.10543210059404373,"teamXp":0.14724691212177277,"teamDeaths":0.014999999664723873,"enemyTowersLeft":0.9696969985961914,"deaths":0.004000000189989805,"teamNetWorth":0.17866000533103943,"teamKills":0.014000000432133675},"lastItemPurchased":[0,0,0,0,0,0,0,0,0,0,0]},"npc_dota_hero_templar_assassin":{"lastAbilityUpgraded":"","victory":true,"state":{"kills":0.006000000052154064,"towersLeft":0.9696969985961914,"netWorth":0.07553999871015549,"xp":0.26842591166496277,"teamXp":0.16390123963356018,"teamDeaths":0.014999999664723873,"enemyTowersLeft":0.9696969985961914,"deaths":0.0010000000474974513,"teamNetWorth":0.2001200020313263,"teamKills":0.013000000268220901},"lastItemPurchased":[1,0,0,0,0,0,0,0,0,0,0]},"npc_dota_hero_invoker":{"lastAbilityUpgraded":"","victory":false,"state":{"kills":0.0010000000474974513,"towersLeft":0.9696969985961914,"netWorth":0.03779999911785126,"xp":0.18043209612369537,"teamXp":0.14724691212177277,"teamDeaths":0.014999999664723873,"enemyTowersLeft":0.9696969985961914,"deaths":0.0020000000949949026,"teamNetWorth":0.17866000533103943,"teamKills":0.014000000432133675},"lastItemPurchased":[0,0,0,0,1,0,0,0,0,0,0]},"npc_dota_hero_spirit_breaker":{"lastAbilityUpgraded":"","victory":false,"state":{"kills":0.004000000189989805,"towersLeft":0.9696969985961914,"netWorth":0.027160000056028366,"xp":0.1178395077586174,"teamXp":0.14724691212177277,"teamDeaths":0.014999999664723873,"enemyTowersLeft":0.9696969985961914,"deaths":0.003000000026077032,"teamNetWorth":0.17866000533103943,"teamKills":0.014000000432133675},"lastItemPurchased":[0,0,0,0,0,0,0,0,0,0,0]},"npc_dota_hero_shredder":{"lastAbilityUpgraded":"","victory":true,"state":{"kills":0,"towersLeft":0.9696969985961914,"netWorth":0.027780000120401382,"xp":0.13518518209457397,"teamXp":0.16390123963356018,"teamDeaths":0.014999999664723873,"enemyTowersLeft":0.9696969985961914,"deaths":0.007000000216066837,"teamNetWorth":0.2001200020313263,"teamKills":0.013000000268220901},"lastItemPurchased":[0,0,0,0,0,0,0,0,0,0,0]},"npc_dota_hero_morphling":{"lastAbilityUpgraded":"","victory":false,"state":{"kills":0.006000000052154064,"towersLeft":0.9696969985961914,"netWorth":0.07288999855518341,"xp":0.2523765563964844,"teamXp":0.14724691212177277,"teamDeaths":0.014999999664723873,"enemyTowersLeft":0.9696969985961914,"deaths":0.0010000000474974513,"teamNetWorth":0.17866000533103943,"teamKills":0.014000000432133675},"lastItemPurchased":[0,0,0,0,0,0,0,0,0,0,0]},"npc_dota_hero_slark":{"lastAbilityUpgraded":"","victory":true,"state":{"kills":0.004999999888241291,"towersLeft":0.9696969985961914,"netWorth":0.055980000644922256,"xp":0.2025308609008789,"teamXp":0.16390123963356018,"teamDeaths":0.014999999664723873,"enemyTowersLeft":0.9696969985961914,"deaths":0.0020000000949949026,"teamNetWorth":0.2001200020313263,"teamKills":0.013000000268220901},"lastItemPurchased":[0,0,0,0,0,1,0,0,0,0,0]},"npc_dota_hero_disruptor":{"lastAbilityUpgraded":"","victory":false,"state":{"kills":0.0020000000949949026,"towersLeft":0.9696969985961914,"netWorth":0.009829999879002571,"xp":0.08015432208776474,"teamXp":0.14724691212177277,"teamDeaths":0.014999999664723873,"enemyTowersLeft":0.9696969985961914,"deaths":0.004999999888241291,"teamNetWorth":0.17866000533103943,"teamKills":0.014000000432133675},"lastItemPurchased":[0,0,0,0,0,0,0,0,0,0,0]}}}