{"gameTime":26,"state":{"npc_dota_hero_witch_doctor":{"lastAbilityUpgraded":"","victory":true,"state":{"kills":0.0020000000949949026,"towersLeft":0.9696969985961914,"netWorth":0.046939998865127563,"xp":0.2280246913433075,"teamXp":0.2586357891559601,"teamDeaths":0.020999999716877937,"enemyTowersLeft":0.7878788113594055,"deaths":0.003000000026077032,"teamNetWorth":0.37139999866485596,"teamKills":0.023000000044703484},"lastItemPurchased":[0,0,0,0,0,0,0,0,0,0,0]},"npc_dota_hero_life_stealer":{"lastAbilityUpgraded":"","victory":true,"state":{"kills":0.006000000052154064,"towersLeft":0.9696969985961914,"netWorth":0.09109999984502792,"xp":0.3059259355068207,"teamXp":0.2586357891559601,"teamDeaths":0.020999999716877937,"enemyTowersLeft":0.7878788113594055,"deaths":0.0010000000474974513,"teamNetWorth":0.37139999866485596,"teamKills":0.023000000044703484},"lastItemPurchased":[0,0,0,0,0,0,0,0,0,0,1]},"npc_dota_hero_undying":{"lastAbilityUpgraded":"","victory":true,"state":{"kills":0.00800000037997961,"towersLeft":0.9696969985961914,"netWorth":0.05657000094652176,"xp":0.200956791639328,"teamXp":0.2586357891559601,"teamDeaths":0.020999999716877937,"enemyTowersLeft":0.7878788113594055,"deaths":0.008999999612569809,"teamNetWorth":0.37139999866485596,"teamKills":0.023000000044703484},"lastItemPurchased":[0,0,0,0,0,0,0,0,0,0,1]},"npc_dota_hero_rubick":{"lastAbilityUpgraded":"","victory":false,"state":{"kills":0.004000000189989805,"towersLeft":0.7878788113594055,"netWorth":0.030540000647306442,"xp":0.16632716357707977,"teamXp":0.2073827087879181,"teamDeaths":0.027000000700354576,"enemyTowersLeft":0.9696969985961914,"deaths":0.007000000216066837,"teamNetWorth":0.19177000224590302,"teamKills":0.017000000923871994},"lastItemPurchased":[0,0,0,0,0,0,0,0,0,0,0]},"npc_dota_hero_alchemist":{"lastAbilityUpgraded":"","victory":true,"state":{"kills":0.0020000000949949026,"towersLeft":0.9696969985961914,"netWorth":0.13368000090122223,"xp":0.3539506196975708,"teamXp":0.2586357891559601,"teamDeaths":0.020999999716877937,"enemyTowersLeft":0.7878788113594055,"deaths":0.003000000026077032,"teamNetWorth":0.37139999866485596,"teamKills":0.023000000044703484},"lastItemPurchased":[0,0,0,0,0,0,0,0,0,0,0]},"npc_dota_hero_earthshaker":{"lastAbilityUpgraded":"","victory":false,"state":{"kills":0.003000000026077032,"towersLeft":0.7878788113594055,"netWorth":0.03488999977707863,"xp":0.16663579642772675,"teamXp":0.2073827087879181,"teamDeaths":0.027000000700354576,"enemyTowersLeft":0.9696969985961914,"deaths":0.006000000052154064,"teamNetWorth":0.19177000224590302,"teamKills":0.017000000923871994},"lastItemPurchased":[0,0,0,1,0,0,0,0,0,0,0]},"npc_dota_hero_invoker":{"lastAbilityUpgraded":"","victory":false,"state":{"kills":0.006000000052154064,"towersLeft":0.7878788113594055,"netWorth":0.06593000143766403,"xp":0.36422839760780334,"teamXp":0.2073827087879181,"teamDeaths":0.027000000700354576,"enemyTowersLeft":0.9696969985961914,"deaths":0.004000000189989805,"teamNetWorth":0.19177000224590302,"teamKills":0.017000000923871994},"lastItemPurchased":[0,0,0,0,0,0,0,0,0,0,0]},"npc_dota_hero_spirit_breaker":{"lastAbilityUpgraded":"","victory":true,"state":{"kills":0.004999999888241291,"towersLeft":0.9696969985961914,"netWorth":0.04311000183224678,"xp":0.2043209820985794,"teamXp":0.2586357891559601,"teamDeaths":0.020999999716877937,"enemyTowersLeft":0.7878788113594055,"deaths":0.004999999888241291,"teamNetWorth":0.37139999866485596,"teamKills":0.023000000044703484},"lastItemPurchased":[0,1,0,0,0,0,0,0,0,0,0]},"npc_dota_hero_slardar":{"lastAbilityUpgraded":"","victory":false,"state":{"kills":0.0010000000474974513,"towersLeft":0.7878788113594055,"netWorth":0.024159999564290047,"xp":0.15209876000881195,"teamXp":0.2073827087879181,"teamDeaths":0.027000000700354576,"enemyTowersLeft":0.9696969985961914,"deaths":0.004999999888241291,"teamNetWorth":0.19177000224590302,"teamKills":0.017000000923871994},"lastItemPurchased":[0,0,0,1,0,0,0,0,0,0,0]},"npc_dota_hero_spectre":{"lastAbilityUpgraded":"","victory":false,"state":{"kills":0.003000000026077032,"towersLeft":0.7878788113594055,"netWorth":0.036249998956918716,"xp":0.18762345612049103,"teamXp":0.2073827087879181,"teamDeaths":0.027000000700354576,"enemyTowersLeft":0.9696969985961914,"deaths":0.004999999888241291,"teamNetWorth":0.19177000224590302,"teamKills":0.017000000923871994},"lastItemPurchased":[0,0,0,0,0,0,0,0,0,0,0]}}}