{"gameTime":33,"state":{"npc_dota_hero_life_stealer":{"lastAbilityUpgraded":"","victory":false,"state":{"kills":0.0020000000949949026,"towersLeft":0.9090909361839294,"netWorth":0.10279999673366547,"xp":0.5768518447875977,"teamXp":0.4681975245475769,"teamDeaths":0.020999999716877937,"enemyTowersLeft":0.8787878751754761,"deaths":0.003000000026077032,"teamNetWorth":0.4119899868965149,"teamKills":0.023000000044703484},"lastItemPurchased":[0,0,0,0,0,0,0,0,0,0,0]},"npc_dota_hero_axe":{"lastAbilityUpgraded":"","victory":true,"state":{"kills":0.012000000104308128,"towersLeft":0.939393937587738,"netWorth":0.11838000267744064,"xp":0.59959876537323,"teamXp":0.439851850271225,"teamDeaths":0.027000000700354576,"enemyTowersLeft":0.9696969985961914,"deaths":0.0020000000949949026,"teamNetWorth":0.3910999894142151,"teamKills":0.020999999716877937},"lastItemPurchased":[0,0,0,0,0,0,0,0,0,0,0]},"npc_dota_hero_pudge":{"lastAbilityUpgraded":"","victory":true,"state":{"kills":0.004000000189989805,"towersLeft":0.939393937587738,"netWorth":0.029039999470114708,"xp":0.31805557012557983,"teamXp":0.439851850271225,"teamDeaths":0.027000000700354576,"enemyTowersLeft":0.9696969985961914,"deaths":0.007000000216066837,"teamNetWorth":0.3910999894142151,"teamKills":0.020999999716877937},"lastItemPurchased":[0,0,0,0,0,0,0,0,0,0,0]},"npc_dota_hero_invoker":{"lastAbilityUpgraded":"","victory":true,"state":{"kills":0.004000000189989805,"towersLeft":0.939393937587738,"netWorth":0.10965999960899353,"xp":0.37783950567245483,"teamXp":0.439851850271225,"teamDeaths":0.027000000700354576,"enemyTowersLeft":0.9696969985961914,"deaths":0.004000000189989805,"teamNetWorth":0.3910999894142151,"teamKills":0.020999999716877937},"lastItemPurchased":[0,1,0,0,0,0,0,0,0,0,0]},"npc_dota_hero_bounty_hunter":{"lastAbilityUpgraded":"","victory":false,"state":{"kills":0.004999999888241291,"towersLeft":0.9090909361839294,"netWorth":0.06439000368118286,"xp":0.4056481420993805,"teamXp":0.4681975245475769,"teamDeaths":0.020999999716877937,"enemyTowersLeft":0.8787878751754761,"deaths":0.004999999888241291,"teamNetWorth":0.4119899868965149,"teamKills":0.023000000044703484},"lastItemPurchased":[1,0,0,0,0,0,0,0,0,0,0]},"npc_dota_hero_ember_spirit":{"lastAbilityUpgraded":"","victory":false,"state":{"kills":0.004999999888241291,"towersLeft":0.9090909361839294,"netWorth":0.0773100033402443,"xp":0.457561731338501,"teamXp":0.4681975245475769,"teamDeaths":0.020999999716877937,"enemyTowersLeft":0.8787878751754761,"deaths":0.004000000189989805,"teamNetWorth":0.4119899868965149,"teamKills":0.023000000044703484},"lastItemPurchased":[0,0,1,0,0,0,0,0,0,0,0]},"npc_dota_hero_lina":{"lastAbilityUpgraded":"","victory":false,"state":{"kills":0.006000000052154064,"towersLeft":0.9090909361839294,"netWorth":0.09182000160217285,"xp":0.49725309014320374,"teamXp":0.4681975245475769,"teamDeaths":0.020999999716877937,"enemyTowersLeft":0.8787878751754761,"deaths":0.004000000189989805,"teamNetWorth":0.4119899868965149,"teamKills":0.023000000044703484},"lastItemPurchased":[0,0,0,0,0,0,0,0,0,0,0]},"npc_dota_hero_slark":{"lastAbilityUpgraded":"","victory":true,"state":{"kills":0.0010000000474974513,"towersLeft":0.939393937587738,"netWorth":0.07291000336408615,"xp":0.49410495162010193,"teamXp":0.439851850271225,"teamDeaths":0.027000000700354576,"enemyTowersLeft":0.9696969985961914,"deaths":0.00800000037997961,"teamNetWorth":0.3910999894142151,"teamKills":0.020999999716877937},"lastItemPurchased":[0,0,0,0,0,0,0,0,0,0,0]},"npc_dota_hero_weaver":{"lastAbilityUpgraded":"","victory":true,"state":{"kills":0,"towersLeft":0.939393937587738,"netWorth":0.0611100010573864,"xp":0.4096604883670807,"teamXp":0.439851850271225,"teamDeaths":0.027000000700354576,"enemyTowersLeft":0.9696969985961914,"deaths":0.006000000052154064,"teamNetWorth":0.3910999894142151,"teamKills":0.020999999716877937},"lastItemPurchased":[0,0,0,0,0,0,0,0,0,0,0]},"npc_dota_hero_juggernaut":{"lastAbilityUpgraded":"","victory":false,"state":{"kills":0.004999999888241291,"towersLeft":0.9090909361839294,"netWorth":0.07566999644041061,"xp":0.40367284417152405,"teamXp":0.4681975245475769,"teamDeaths":0.020999999716877937,"enemyTowersLeft":0.8787878751754761,"deaths":0.004999999888241291,"teamNetWorth":0.4119899868965149,"teamKills":0.023000000044703484},"lastItemPurchased":[0,0,0,0,0,0,0,0,0,0,0]}}}