{"gameTime":25,"state":{"npc_dota_hero_crystal_maiden":{"lastAbilityUpgraded":"","victory":false,"state":{"kills":0.0010000000474974513,"towersLeft":0.8787878751754761,"netWorth":0.02338000014424324,"xp":0.16095678508281708,"teamXp":0.2625185251235962,"teamDeaths":0.009999999776482582,"enemyTowersLeft":0.9090909361839294,"deaths":0.0020000000949949026,"teamNetWorth":0.3008100092411041,"teamKills":0.013000000268220901},"lastItemPurchased":[1,0,0,0,0,0,0,0,0,0,0]},"npc_dota_hero_dark_seer":{"lastAbilityUpgraded":"","victory":false,"state":{"kills":0.0010000000474974513,"towersLeft":0.8787878751754761,"netWorth":0.0551300011575222,"xp":0.20679011940956116,"teamXp":0.2625185251235962,"teamDeaths":0.009999999776482582,"enemyTowersLeft":0.9090909361839294,"deaths":0,"teamNetWorth":0.3008100092411041,"teamKills":0.013000000268220901},"lastItemPurchased":[0,0,0,0,0,0,0,0,1,0,0]},"npc_dota_hero_earth_spirit":{"lastAbilityUpgraded":"","victory":true,"state":{"kills":0.0010000000474974513,"towersLeft":0.939393937587738,"netWorth":0.023499999195337296,"xp":0.12969136238098145,"teamXp":0.22711728513240814,"teamDeaths":0.014999999664723873,"enemyTowersLeft":0.9090909361839294,"deaths":0.004000000189989805,"teamNetWorth":0.2838500142097473,"teamKills":0.012000000104308128},"lastItemPurchased":[1,0,0,0,0,0,0,0,0,0,0]},"npc_dota_hero_invoker":{"lastAbilityUpgraded":"","victory":true,"state":{"kills":0.004000000189989805,"towersLeft":0.939393937587738,"netWorth":0.09301000088453293,"xp":0.32901233434677124,"teamXp":0.22711728513240814,"teamDeaths":0.014999999664723873,"enemyTowersLeft":0.9090909361839294,"deaths":0.0010000000474974513,"teamNetWorth":0.2838500142097473,"teamKills":0.012000000104308128},"lastItemPurchased":[0,0,0,0,0,0,0,0,0,0,0]},"npc_dota_hero_bristleback":{"lastAbilityUpgraded":"","victory":false,"state":{"kills":0.003000000026077032,"towersLeft":0.8787878751754761,"netWorth":0.05641999840736389,"xp":0.2473456859588623,"teamXp":0.2625185251235962,"teamDeaths":0.009999999776482582,"enemyTowersLeft":0.9090909361839294,"deaths":0.004000000189989805,"teamNetWorth":0.3008100092411041,"teamKills":0.013000000268220901},"lastItemPurchased":[0,0,0,0,0,0,0,0,0,0,0]},"npc_dota_hero_slardar":{"lastAbilityUpgraded":"","victory":true,"state":{"kills":0.0010000000474974513,"towersLeft":0.939393937587738,"netWorth":0.0313900001347065,"xp":0.14660494029521942,"teamXp":0.22711728513240814,"teamDeaths":0.014999999664723873,"enemyTowersLeft":0.9090909361839294,"deaths":0.004999999888241291,"teamNetWorth":0.2838500142097473,"teamKills":0.012000000104308128},"lastItemPurchased":[0,0,0,0,0,0,0,0,0,0,0]},"npc_dota_hero_luna":{"lastAbilityUpgraded":"","victory":true,"state":{"kills":0.004000000189989805,"towersLeft":0.939393937587738,"netWorth":0.094200000166893,"xp":0.36021605134010315,"teamXp":0.22711728513240814,"teamDeaths":0.014999999664723873,"enemyTowersLeft":0.9090909361839294,"deaths":0.003000000026077032,"teamNetWorth":0.2838500142097473,"teamKills":0.012000000104308128},"lastItemPurchased":[0,0,0,0,0,0,0,0,0,0,0]},"npc_dota_hero_ogre_magi":{"lastAbilityUpgraded":"","victory":true,"state":{"kills":0.0020000000949949026,"towersLeft":0.939393937587738,"netWorth":0.041749998927116394,"xp":0.17006172239780426,"teamXp":0.22711728513240814,"teamDeaths":0.014999999664723873,"enemyTowersLeft":0.9090909361839294,"deaths":0.0020000000949949026,"teamNetWorth":0.2838500142097473,"teamKills":0.012000000104308128},"lastItemPurchased":[1,0,0,0,0,0,0,0,0,0,0]},"npc_dota_hero_morphling":{"lastAbilityUpgraded":"","victory":false,"state":{"kills":0.004000000189989805,"towersLeft":0.8787878751754761,"netWorth":0.08765999972820282,"xp":0.3453086316585541,"teamXp":0.2625185251235962,"teamDeaths":0.009999999776482582,"enemyTowersLeft":0.9090909361839294,"deaths":0,"teamNetWorth":0.3008100092411041,"teamKills":0.013000000268220901},"lastItemPurchased":[0,0,0,0,1,0,0,0,0,0,0]},"npc_dota_hero_juggernaut":{"lastAbilityUpgraded":"","victory":false,"state":{"kills":0.004000000189989805,"towersLeft":0.8787878751754761,"netWorth":0.07822000235319138,"xp":0.35219135880470276,"teamXp":0.2625185251235962,"teamDeaths":0.009999999776482582,"enemyTowersLeft":0.9090909361839294,"deaths":0.004000000189989805,"teamNetWorth":0.3008100092411041,"teamKills":0.013000000268220901},"lastItemPurchased":[0,0,0,0,0,0,0,0,0,0,0]}}}