{"gameTime":48,"state":{"npc_dota_hero_life_stealer":{"lastAbilityUpgraded":"","victory":true,"state":{"kills":0.00800000037997961,"towersLeft":0.3030303120613098,"netWorth":0.1363700032234192,"xp":0.7230246663093567,"teamXp":0.6516913771629333,"teamDeaths":0.05400000140070915,"enemyTowersLeft":0.7272727489471436,"deaths":0.007000000216066837,"teamNetWorth":0.734000027179718,"teamKills":0.04100000113248825},"lastItemPurchased":[0,0,0,0,0,0,0,0,0,0,0]},"npc_dota_hero_pudge":{"lastAbilityUpgraded":"","victory":true,"state":{"kills":0.013000000268220901,"towersLeft":0.3030303120613098,"netWorth":0.12005999684333801,"xp":0.5858024954795837,"teamXp":0.6516913771629333,"teamDeaths":0.05400000140070915,"enemyTowersLeft":0.7272727489471436,"deaths":0.017999999225139618,"teamNetWorth":0.734000027179718,"teamKills":0.04100000113248825},"lastItemPurchased":[0,0,0,0,0,0,0,0,0,0,0]},"npc_dota_hero_sand_king":{"lastAbilityUpgraded":"","victory":false,"state":{"kills":0.006000000052154064,"towersLeft":0.7272727489471436,"netWorth":0.09821999818086624,"xp":0.48098766803741455,"teamXp":0.6312839388847351,"teamDeaths":0.04100000113248825,"enemyTowersLeft":0.3030303120613098,"deaths":0.006000000052154064,"teamNetWorth":0.686460018157959,"teamKills":0.050999999046325684},"lastItemPurchased":[0,0,0,0,0,0,0,0,0,0,0]},"npc_dota_hero_leshrac":{"lastAbilityUpgraded":"","victory":false,"state":{"kills":0.007000000216066837,"towersLeft":0.7272727489471436,"netWorth":0.09382999688386917,"xp":0.45830246806144714,"teamXp":0.6312839388847351,"teamDeaths":0.04100000113248825,"enemyTowersLeft":0.3030303120613098,"deaths":0.009999999776482582,"teamNetWorth":0.686460018157959,"teamKills":0.050999999046325684},"lastItemPurchased":[0,0,0,0,0,0,0,0,0,0,0]},"npc_dota_hero_bristleback":{"lastAbilityUpgraded":"","victory":false,"state":{"kills":0.014000000432133675,"towersLeft":0.7272727489471436,"netWorth":0.13594000041484833,"xp":0.6553394794464111,"teamXp":0.6312839388847351,"teamDeaths":0.04100000113248825,"enemyTowersLeft":0.3030303120613098,"deaths":0.009999999776482582,"teamNetWorth":0.686460018157959,"teamKills":0.050999999046325684},"lastItemPurchased":[0,0,0,0,0,0,0,0,0,0,0]},"npc_dota_hero_bounty_hunter":{"lastAbilityUpgraded":"","victory":true,"state":{"kills":0.007000000216066837,"towersLeft":0.3030303120613098,"netWorth":0.144679993391037,"xp":0.612191379070282,"teamXp":0.6516913771629333,"teamDeaths":0.05400000140070915,"enemyTowersLeft":0.7272727489471436,"deaths":0.010999999940395355,"teamNetWorth":0.734000027179718,"teamKills":0.04100000113248825},"lastItemPurchased":[0,0,0,0,0,0,1,0,0,0,0]},"npc_dota_hero_slardar":{"lastAbilityUpgraded":"","victory":false,"state":{"kills":0.00800000037997961,"towersLeft":0.7272727489471436,"netWorth":0.12532000243663788,"xp":0.680246889591217,"teamXp":0.6312839388847351,"teamDeaths":0.04100000113248825,"enemyTowersLeft":0.3030303120613098,"deaths":0.007000000216066837,"teamNetWorth":0.686460018157959,"teamKills":0.050999999046325684},"lastItemPurchased":[0,0,0,0,0,0,0,0,0,0,0]},"npc_dota_hero_ogre_magi":{"lastAbilityUpgraded":"","victory":true,"state":{"kills":0.003000000026077032,"towersLeft":0.3030303120613098,"netWorth":0.13068999350070953,"xp":0.5537037253379822,"teamXp":0.6516913771629333,"teamDeaths":0.05400000140070915,"enemyTowersLeft":0.7272727489471436,"deaths":0.006000000052154064,"teamNetWorth":0.734000027179718,"teamKills":0.04100000113248825},"lastItemPurchased":[0,0,0,0,0,0,0,0,0,0,0]},"npc_dota_hero_shredder":{"lastAbilityUpgraded":"","victory":true,"state":{"kills":0.009999999776482582,"towersLeft":0.3030303120613098,"netWorth":0.2021999955177307,"xp":0.7837345600128174,"teamXp":0.6516913771629333,"teamDeaths":0.05400000140070915,"enemyTowersLeft":0.7272727489471436,"deaths":0.012000000104308128,"teamNetWorth":0.734000027179718,"teamKills":0.04100000113248825},"lastItemPurchased":[0,0,0,0,0,0,0,0,0,0,0]},"npc_dota_hero_morphling":{"lastAbilityUpgraded":"","victory":false,"state":{"kills":0.01600000075995922,"towersLeft":0.7272727489471436,"netWorth":0.23315000534057617,"xp":0.8815432190895081,"teamXp":0.6312839388847351,"teamDeaths":0.04100000113248825,"enemyTowersLeft":0.3030303120613098,"deaths":0.00800000037997961,"teamNetWorth":0.686460018157959,"teamKills":0.050999999046325684},"lastItemPurchased":[0,0,0,0,0,0,0,0,0,0,0]}}}