{"gameTime":8,"state":{"npc_dota_hero_crystal_maiden":{"lastAbilityUpgraded":"","victory":false,"state":{"kills":0,"towersLeft":1,"netWorth":0.00860000029206276,"xp":6.790123297832906E-4,"teamXp":0.0050802468322217464,"teamDeaths":0.0010000000474974513,"enemyTowersLeft":1,"deaths":0,"teamNetWorth":0.03912999853491783,"teamKills":0},"lastItemPurchased":[0,0,0,0,0,0,0,0,0,0,0]},"npc_dota_hero_ursa":{"lastAbilityUpgraded":"","victory":true,"state":{"kills":0,"towersLeft":1,"netWorth":0.009060000069439411,"xp":0.00793209858238697,"teamXp":0.0054814815521240234,"teamDeaths":0,"enemyTowersLeft":1,"deaths":0,"teamNetWorth":0.04035999998450279,"teamKills":0.0010000000474974513},"lastItemPurchased":[1,0,0,0,0,0,0,0,0,0,0]},"npc_dota_hero_kunkka":{"lastAbilityUpgraded":"","victory":true,"state":{"kills":0,"towersLeft":1,"netWorth":0.008019999600946903,"xp":0.00391975324600935,"teamXp":0.0054814815521240234,"teamDeaths":0,"enemyTowersLeft":1,"deaths":0,"teamNetWorth":0.04035999998450279,"teamKills":0.0010000000474974513},"lastItemPurchased":[0,0,0,0,0,0,0,0,0,0,0]},"npc_dota_hero_luna":{"lastAbilityUpgraded":"","victory":true,"state":{"kills":0.0010000000474974513,"towersLeft":1,"netWorth":0.010169999673962593,"xp":0.009074074216187,"teamXp":0.0054814815521240234,"teamDeaths":0,"enemyTowersLeft":1,"deaths":0,"teamNetWorth":0.04035999998450279,"teamKills":0.0010000000474974513},"lastItemPurchased":[0,0,0,0,1,0,0,0,0,0,0]},"npc_dota_hero_beastmaster":{"lastAbilityUpgraded":"","victory":false,"state":{"kills":0,"towersLeft":1,"netWorth":0.00750999990850687,"xp":0.005987654440104961,"teamXp":0.0050802468322217464,"teamDeaths":0.0010000000474974513,"enemyTowersLeft":1,"deaths":0,"teamNetWorth":0.03912999853491783,"teamKills":0},"lastItemPurchased":[0,0,0,0,0,0,0,0,0,0,0]},"npc_dota_hero_viper":{"lastAbilityUpgraded":"","victory":true,"state":{"kills":0,"towersLeft":1,"netWorth":0.0062500000931322575,"xp":0.002746913582086563,"teamXp":0.0054814815521240234,"teamDeaths":0,"enemyTowersLeft":1,"deaths":0,"teamNetWorth":0.04035999998450279,"teamKills":0.0010000000474974513},"lastItemPurchased":[1,0,0,0,0,0,0,0,0,0,0]},"npc_dota_hero_puck":{"lastAbilityUpgraded":"","victory":false,"state":{"kills":0,"towersLeft":1,"netWorth":0.009580000303685665,"xp":0.012500000186264515,"teamXp":0.0050802468322217464,"teamDeaths":0.0010000000474974513,"enemyTowersLeft":1,"deaths":0,"teamNetWorth":0.03912999853491783,"teamKills":0},"lastItemPurchased":[0,0,0,0,0,0,0,0,0,0,0]},"npc_dota_hero_ogre_magi":{"lastAbilityUpgraded":"","victory":false,"state":{"kills":0,"towersLeft":1,"netWorth":0.005960000213235617,"xp":0,"teamXp":0.0050802468322217464,"teamDeaths":0.0010000000474974513,"enemyTowersLeft":1,"deaths":0.0010000000474974513,"teamNetWorth":0.03912999853491783,"teamKills":0},"lastItemPurchased":[0,0,0,0,0,0,0,0,0,0,0]},"npc_dota_hero_shadow_demon":{"lastAbilityUpgraded":"","victory":true,"state":{"kills":0,"towersLeft":1,"netWorth":0.00686000008136034,"xp":0.00373456790111959,"teamXp":0.0054814815521240234,"teamDeaths":0,"enemyTowersLeft":1,"deaths":0,"teamNetWorth":0.04035999998450279,"teamKills":0.0010000000474974513},"lastItemPurchased":[0,0,0,0,0,0,0,0,0,0,0]},"npc_dota_hero_juggernaut":{"lastAbilityUpgraded":"","victory":false,"state":{"kills":0,"towersLeft":1,"netWorth":0.0074800001457333565,"xp":0.006234568078070879,"teamXp":0.0050802468322217464,"teamDeaths":0.0010000000474974513,"enemyTowersLeft":1,"deaths":0,"teamNetWorth":0.03912999853491783,"teamKills":0},"lastItemPurchased":[0,1,0,0,0,0,0,0,0,0,0]}}}