{"gameTime":22,"state":{"npc_dota_hero_life_stealer":{"lastAbilityUpgraded":"","victory":true,"state":{"kills":0,"towersLeft":0.939393937587738,"netWorth":0.04740000143647194,"xp":0.20015431940555573,"teamXp":0.18828395009040833,"teamDeaths":0.01899999938905239,"enemyTowersLeft":0.939393937587738,"deaths":0.0020000000949949026,"teamNetWorth":0.2117599993944168,"teamKills":0.009999999776482582},"lastItemPurchased":[0,0,0,0,0,0,0,0,0,0,0]},"npc_dota_hero_winter_wyvern":{"lastAbilityUpgraded":"","victory":false,"state":{"kills":0,"towersLeft":0.939393937587738,"netWorth":0.019770000129938126,"xp":0.11598765105009079,"teamXp":0.2085493803024292,"teamDeaths":0.009999999776482582,"enemyTowersLeft":0.939393937587738,"deaths":0.0010000000474974513,"teamNetWorth":0.24842000007629395,"teamKills":0.017000000923871994},"lastItemPurchased":[1,0,0,0,0,0,0,0,0,0,0]},"npc_dota_hero_centaur":{"lastAbilityUpgraded":"","victory":true,"state":{"kills":0.003000000026077032,"towersLeft":0.939393937587738,"netWorth":0.034129999577999115,"xp":0.18975308537483215,"teamXp":0.18828395009040833,"teamDeaths":0.01899999938905239,"enemyTowersLeft":0.939393937587738,"deaths":0.006000000052154064,"teamNetWorth":0.2117599993944168,"teamKills":0.009999999776482582},"lastItemPurchased":[0,0,0,0,0,0,0,0,0,0,0]},"npc_dota_hero_pudge":{"lastAbilityUpgraded":"","victory":false,"state":{"kills":0.0020000000949949026,"towersLeft":0.939393937587738,"netWorth":0.03136000037193298,"xp":0.18916666507720947,"teamXp":0.2085493803024292,"teamDeaths":0.009999999776482582,"enemyTowersLeft":0.939393937587738,"deaths":0.004000000189989805,"teamNetWorth":0.24842000007629395,"teamKills":0.017000000923871994},"lastItemPurchased":[0,0,0,0,0,0,0,0,0,0,0]},"npc_dota_hero_venomancer":{"lastAbilityUpgraded":"","victory":true,"state":{"kills":0,"towersLeft":0.939393937587738,"netWorth":0.04039999842643738,"xp":0.16413579881191254,"teamXp":0.18828395009040833,"teamDeaths":0.01899999938905239,"enemyTowersLeft":0.939393937587738,"deaths":0.003000000026077032,"teamNetWorth":0.2117599993944168,"teamKills":0.009999999776482582},"lastItemPurchased":[0,0,0,1,0,0,0,0,0,0,0]},"npc_dota_hero_invoker":{"lastAbilityUpgraded":"","victory":true,"state":{"kills":0.006000000052154064,"towersLeft":0.939393937587738,"netWorth":0.07546000182628632,"xp":0.2839197516441345,"teamXp":0.18828395009040833,"teamDeaths":0.01899999938905239,"enemyTowersLeft":0.939393937587738,"deaths":0.003000000026077032,"teamNetWorth":0.2117599993944168,"teamKills":0.009999999776482582},"lastItemPurchased":[0,0,0,0,0,0,0,0,0,0,0]},"npc_dota_hero_mirana":{"lastAbilityUpgraded":"","victory":false,"state":{"kills":0.00800000037997961,"towersLeft":0.939393937587738,"netWorth":0.061889998614788055,"xp":0.19682098925113678,"teamXp":0.2085493803024292,"teamDeaths":0.009999999776482582,"enemyTowersLeft":0.939393937587738,"deaths":0.0010000000474974513,"teamNetWorth":0.24842000007629395,"teamKills":0.017000000923871994},"lastItemPurchased":[0,0,0,0,0,0,0,0,0,0,0]},"npc_dota_hero_shredder":{"lastAbilityUpgraded":"","victory":false,"state":{"kills":0.004999999888241291,"towersLeft":0.939393937587738,"netWorth":0.08575999736785889,"xp":0.3358950614929199,"teamXp":0.2085493803024292,"teamDeaths":0.009999999776482582,"enemyTowersLeft":0.939393937587738,"deaths":0.0010000000474974513,"teamNetWorth":0.24842000007629395,"teamKills":0.017000000923871994},"lastItemPurchased":[0,0,0,0,0,0,0,0,0,0,0]},"npc_dota_hero_magnataur":{"lastAbilityUpgraded":"","victory":false,"state":{"kills":0.0020000000949949026,"towersLeft":0.939393937587738,"netWorth":0.049639999866485596,"xp":0.20487654209136963,"teamXp":0.2085493803024292,"teamDeaths":0.009999999776482582,"enemyTowersLeft":0.939393937587738,"deaths":0.003000000026077032,"teamNetWorth":0.24842000007629395,"teamKills":0.017000000923871994},"lastItemPurchased":[0,0,0,0,0,0,0,0,0,0,0]},"npc_dota_hero_disruptor":{"lastAbilityUpgraded":"","victory":true,"state":{"kills":0.0010000000474974513,"towersLeft":0.939393937587738,"netWorth":0.01436999998986721,"xp":0.10345678776502609,"teamXp":0.18828395009040833,"teamDeaths":0.01899999938905239,"enemyTowersLeft":0.939393937587738,"deaths":0.004999999888241291,"teamNetWorth":0.2117599993944168,"teamKills":0.009999999776482582},"lastItemPurchased":[1,0,0,0,0,0,0,0,0,0,0]}}}