{"gameTime":40,"state":{"npc_dota_hero_life_stealer":{"lastAbilityUpgraded":"","victory":true,"state":{"kills":0.003000000026077032,"towersLeft":0.8484848737716675,"netWorth":0.10930000245571136,"xp":0.5826542973518372,"teamXp":0.5421728491783142,"teamDeaths":0.03799999877810478,"enemyTowersLeft":0.8484848737716675,"deaths":0.006000000052154064,"teamNetWorth":0.5363500118255615,"teamKills":0.027000000700354576},"lastItemPurchased":[0,0,1,0,0,0,0,0,0,0,0]},"npc_dota_hero_winter_wyvern":{"lastAbilityUpgraded":"","victory":false,"state":{"kills":0.0020000000949949026,"towersLeft":0.8484848737716675,"netWorth":0.039329998195171356,"xp":0.2735493779182434,"teamXp":0.5539506077766418,"teamDeaths":0.029999999329447746,"enemyTowersLeft":0.8484848737716675,"deaths":0.006000000052154064,"teamNetWorth":0.516979992389679,"teamKills":0.03700000047683716},"lastItemPurchased":[0,0,0,1,0,0,0,0,0,0,0]},"npc_dota_hero_centaur":{"lastAbilityUpgraded":"","victory":true,"state":{"kills":0.00800000037997961,"towersLeft":0.8484848737716675,"netWorth":0.10611999779939651,"xp":0.599907398223877,"teamXp":0.5421728491783142,"teamDeaths":0.03799999877810478,"enemyTowersLeft":0.8484848737716675,"deaths":0.009999999776482582,"teamNetWorth":0.5363500118255615,"teamKills":0.027000000700354576},"lastItemPurchased":[0,0,0,0,0,0,0,0,0,0,0]},"npc_dota_hero_pudge":{"lastAbilityUpgraded":"","victory":false,"state":{"kills":0.003000000026077032,"towersLeft":0.8484848737716675,"netWorth":0.05019000172615051,"xp":0.44589507579803467,"teamXp":0.5539506077766418,"teamDeaths":0.029999999329447746,"enemyTowersLeft":0.8484848737716675,"deaths":0.00800000037997961,"teamNetWorth":0.516979992389679,"teamKills":0.03700000047683716},"lastItemPurchased":[0,0,0,0,0,0,0,0,0,0,0]},"npc_dota_hero_venomancer":{"lastAbilityUpgraded":"","victory":true,"state":{"kills":0.0010000000474974513,"towersLeft":0.8484848737716675,"netWorth":0.0782800018787384,"xp":0.4143209755420685,"teamXp":0.5421728491783142,"teamDeaths":0.03799999877810478,"enemyTowersLeft":0.8484848737716675,"deaths":0.008999999612569809,"teamNetWorth":0.5363500118255615,"teamKills":0.027000000700354576},"lastItemPurchased":[0,0,0,0,0,0,0,0,0,0,0]},"npc_dota_hero_invoker":{"lastAbilityUpgraded":"","victory":true,"state":{"kills":0.014000000432133675,"towersLeft":0.8484848737716675,"netWorth":0.2167699933052063,"xp":0.8226543068885803,"teamXp":0.5421728491783142,"teamDeaths":0.03799999877810478,"enemyTowersLeft":0.8484848737716675,"deaths":0.004000000189989805,"teamNetWorth":0.5363500118255615,"teamKills":0.027000000700354576},"lastItemPurchased":[0,0,0,0,0,0,0,0,0,0,0]},"npc_dota_hero_mirana":{"lastAbilityUpgraded":"","victory":false,"state":{"kills":0.014999999664723873,"towersLeft":0.8484848737716675,"netWorth":0.1266700029373169,"xp":0.5051851868629456,"teamXp":0.5539506077766418,"teamDeaths":0.029999999329447746,"enemyTowersLeft":0.8484848737716675,"deaths":0.004999999888241291,"teamNetWorth":0.516979992389679,"teamKills":0.03700000047683716},"lastItemPurchased":[0,0,0,0,0,0,0,0,0,0,0]},"npc_dota_hero_shredder":{"lastAbilityUpgraded":"","victory":false,"state":{"kills":0.014999999664723873,"towersLeft":0.8484848737716675,"netWorth":0.2116599977016449,"xp":1.0000617504119873,"teamXp":0.5539506077766418,"teamDeaths":0.029999999329447746,"enemyTowersLeft":0.8484848737716675,"deaths":0.003000000026077032,"teamNetWorth":0.516979992389679,"teamKills":0.03700000047683716},"lastItemPurchased":[0,0,0,0,0,0,0,0,0,0,1]},"npc_dota_hero_magnataur":{"lastAbilityUpgraded":"","victory":false,"state":{"kills":0.0020000000949949026,"towersLeft":0.8484848737716675,"netWorth":0.08912999927997589,"xp":0.5450617074966431,"teamXp":0.5539506077766418,"teamDeaths":0.029999999329447746,"enemyTowersLeft":0.8484848737716675,"deaths":0.00800000037997961,"teamNetWorth":0.516979992389679,"teamKills":0.03700000047683716},"lastItemPurchased":[0,0,0,0,0,0,0,0,0,0,0]},"npc_dota_hero_disruptor":{"lastAbilityUpgraded":"","victory":true,"state":{"kills":0.0010000000474974513,"towersLeft":0.8484848737716675,"netWorth":0.0258799996227026,"xp":0.2913271486759186,"teamXp":0.5421728491783142,"teamDeaths":0.03799999877810478,"enemyTowersLeft":0.8484848737716675,"deaths":0.008999999612569809,"teamNetWorth":0.5363500118255615,"teamKills":0.027000000700354576},"lastItemPurchased":[0,0,0,0,0,0,0,0,0,0,0]}}}