{"gameTime":40,"state":{"npc_dota_hero_antimage":{"lastAbilityUpgraded":"","victory":true,"state":{"kills":0.007000000216066837,"towersLeft":0.8181818127632141,"netWorth":0.13816000521183014,"xp":0.6169753074645996,"teamXp":0.4854382574558258,"teamDeaths":0.03099999949336052,"enemyTowersLeft":0.8787878751754761,"deaths":0.008999999612569809,"teamNetWorth":0.47251999378204346,"teamKills":0.023000000044703484},"lastItemPurchased":[0,1,0,0,0,0,0,0,0,0,0]},"npc_dota_hero_faceless_void":{"lastAbilityUpgraded":"","victory":false,"state":{"kills":0.003000000026077032,"towersLeft":0.8787878751754761,"netWorth":0.08859000355005264,"xp":0.5223147869110107,"teamXp":0.4628518521785736,"teamDeaths":0.02800000086426735,"enemyTowersLeft":0.8181818127632141,"deaths":0.0020000000949949026,"teamNetWorth":0.517799973487854,"teamKills":0.03099999949336052},"lastItemPurchased":[0,0,0,0,0,0,0,0,0,0,0]},"npc_dota_hero_skywrath_mage":{"lastAbilityUpgraded":"","victory":false,"state":{"kills":0.004999999888241291,"towersLeft":0.8787878751754761,"netWorth":0.05119999870657921,"xp":0.3396913707256317,"teamXp":0.4628518521785736,"teamDeaths":0.02800000086426735,"enemyTowersLeft":0.8181818127632141,"deaths":0.004999999888241291,"teamNetWorth":0.517799973487854,"teamKills":0.03099999949336052},"lastItemPurchased":[1,0,0,0,0,0,0,0,0,0,0]},"npc_dota_hero_rubick":{"lastAbilityUpgraded":"","victory":true,"state":{"kills":0.006000000052154064,"towersLeft":0.8181818127632141,"netWorth":0.059790000319480896,"xp":0.3165740668773651,"teamXp":0.4854382574558258,"teamDeaths":0.03099999949336052,"enemyTowersLeft":0.8787878751754761,"deaths":0.00800000037997961,"teamNetWorth":0.47251999378204346,"teamKills":0.023000000044703484},"lastItemPurchased":[1,0,0,0,0,0,0,0,0,0,0]},"npc_dota_hero_drow_ranger":{"lastAbilityUpgraded":"","victory":false,"state":{"kills":0.007000000216066837,"towersLeft":0.8787878751754761,"netWorth":0.15310999751091003,"xp":0.551203727722168,"teamXp":0.4628518521785736,"teamDeaths":0.02800000086426735,"enemyTowersLeft":0.8181818127632141,"deaths":0.006000000052154064,"teamNetWorth":0.517799973487854,"teamKills":0.03099999949336052},"lastItemPurchased":[0,0,0,0,0,0,0,0,0,0,0]},"npc_dota_hero_tidehunter":{"lastAbilityUpgraded":"","victory":true,"state":{"kills":0.0020000000949949026,"towersLeft":0.8181818127632141,"netWorth":0.058309998363256454,"xp":0.43805554509162903,"teamXp":0.4854382574558258,"teamDeaths":0.03099999949336052,"enemyTowersLeft":0.8787878751754761,"deaths":0.00800000037997961,"teamNetWorth":0.47251999378204346,"teamKills":0.023000000044703484},"lastItemPurchased":[0,0,0,0,0,0,0,0,0,0,0]},"npc_dota_hero_sniper":{"lastAbilityUpgraded":"","victory":false,"state":{"kills":0.008999999612569809,"towersLeft":0.8787878751754761,"netWorth":0.16358999907970428,"xp":0.5874074101448059,"teamXp":0.4628518521785736,"teamDeaths":0.02800000086426735,"enemyTowersLeft":0.8181818127632141,"deaths":0.004000000189989805,"teamNetWorth":0.517799973487854,"teamKills":0.03099999949336052},"lastItemPurchased":[0,0,0,0,0,0,0,0,0,1,0]},"npc_dota_hero_lion":{"lastAbilityUpgraded":"","victory":false,"state":{"kills":0.007000000216066837,"towersLeft":0.8787878751754761,"netWorth":0.06131000071763992,"xp":0.3136419653892517,"teamXp":0.4628518521785736,"teamDeaths":0.02800000086426735,"enemyTowersLeft":0.8181818127632141,"deaths":0.010999999940395355,"teamNetWorth":0.517799973487854,"teamKills":0.03099999949336052},"lastItemPurchased":[0,0,0,1,0,0,0,0,0,0,0]},"npc_dota_hero_morphling":{"lastAbilityUpgraded":"","victory":true,"state":{"kills":0.007000000216066837,"towersLeft":0.8181818127632141,"netWorth":0.16997000575065613,"xp":0.704845666885376,"teamXp":0.4854382574558258,"teamDeaths":0.03099999949336052,"enemyTowersLeft":0.8787878751754761,"deaths":0.0010000000474974513,"teamNetWorth":0.47251999378204346,"teamKills":0.023000000044703484},"lastItemPurchased":[0,0,0,0,0,0,0,0,0,0,0]},"npc_dota_hero_pugna":{"lastAbilityUpgraded":"","victory":true,"state":{"kills":0.0010000000474974513,"towersLeft":0.8181818127632141,"netWorth":0.04628999903798103,"xp":0.3507407307624817,"teamXp":0.4854382574558258,"teamDeaths":0.03099999949336052,"enemyTowersLeft":0.8787878751754761,"deaths":0.004999999888241291,"teamNetWorth":0.47251999378204346,"teamKills":0.023000000044703484},"lastItemPurchased":[0,0,0,0,0,0,0,0,0,0,0]}}}