{"gameTime":16,"state":{"npc_dota_hero_venomancer":{"lastAbilityUpgraded":"","victory":false,"state":{"kills":0,"towersLeft":1,"netWorth":0.01051000040024519,"xp":0.02706790156662464,"teamXp":0.017493827268481255,"teamDeaths":0.003000000026077032,"enemyTowersLeft":1,"deaths":0,"teamNetWorth":0.04506000131368637,"teamKills":0},"lastItemPurchased":[0,0,0,1,0,0,0,0,0,0,0]},"npc_dota_hero_luna":{"lastAbilityUpgraded":"","victory":false,"state":{"kills":0,"towersLeft":1,"netWorth":0.010730000212788582,"xp":0.015555555932223797,"teamXp":0.017493827268481255,"teamDeaths":0.003000000026077032,"enemyTowersLeft":1,"deaths":0.0010000000474974513,"teamNetWorth":0.04506000131368637,"teamKills":0},"lastItemPurchased":[0,0,0,0,0,0,0,0,0,0,0]},"npc_dota_hero_slardar":{"lastAbilityUpgraded":"","victory":true,"state":{"kills":0.0010000000474974513,"towersLeft":1,"netWorth":0.011090000160038471,"xp":0.013055555522441864,"teamXp":0.020271604880690575,"teamDeaths":0,"enemyTowersLeft":1,"deaths":0,"teamNetWorth":0.053279999643564224,"teamKills":0.003000000026077032},"lastItemPurchased":[0,0,0,1,0,0,0,0,0,0,0]},"npc_dota_hero_ogre_magi":{"lastAbilityUpgraded":"","victory":false,"state":{"kills":0,"towersLeft":1,"netWorth":0.005960000213235617,"xp":0.007993827573955059,"teamXp":0.017493827268481255,"teamDeaths":0.003000000026077032,"enemyTowersLeft":1,"deaths":0.0010000000474974513,"teamNetWorth":0.04506000131368637,"teamKills":0},"lastItemPurchased":[0,0,0,0,0,0,0,0,0,0,0]},"npc_dota_hero_ancient_apparition":{"lastAbilityUpgraded":"","victory":true,"state":{"kills":0.0010000000474974513,"towersLeft":1,"netWorth":0.009060000069439411,"xp":0.011728394776582718,"teamXp":0.020271604880690575,"teamDeaths":0,"enemyTowersLeft":1,"deaths":0,"teamNetWorth":0.053279999643564224,"teamKills":0.003000000026077032},"lastItemPurchased":[0,0,0,0,0,0,0,0,0,0,0]},"npc_dota_hero_puck":{"lastAbilityUpgraded":"","victory":true,"state":{"kills":0,"towersLeft":1,"netWorth":0.013039999641478062,"xp":0.029783951118588448,"teamXp":0.020271604880690575,"teamDeaths":0,"enemyTowersLeft":1,"deaths":0,"teamNetWorth":0.053279999643564224,"teamKills":0.003000000026077032},"lastItemPurchased":[0,0,0,0,0,0,0,0,0,0,0]},"npc_dota_hero_shredder":{"lastAbilityUpgraded":"","victory":false,"state":{"kills":0,"towersLeft":1,"netWorth":0.011250000447034836,"xp":0.028950616717338562,"teamXp":0.017493827268481255,"teamDeaths":0.003000000026077032,"enemyTowersLeft":1,"deaths":0,"teamNetWorth":0.04506000131368637,"teamKills":0},"lastItemPurchased":[1,0,0,0,0,0,0,0,0,0,0]},"npc_dota_hero_sven":{"lastAbilityUpgraded":"","victory":true,"state":{"kills":0.0010000000474974513,"towersLeft":1,"netWorth":0.009510000236332417,"xp":0.017623456194996834,"teamXp":0.020271604880690575,"teamDeaths":0,"enemyTowersLeft":1,"deaths":0,"teamNetWorth":0.053279999643564224,"teamKills":0.003000000026077032},"lastItemPurchased":[0,0,0,0,0,0,0,0,0,0,0]},"npc_dota_hero_omniknight":{"lastAbilityUpgraded":"","victory":true,"state":{"kills":0,"towersLeft":1,"netWorth":0.010579999536275864,"xp":0.02916666679084301,"teamXp":0.020271604880690575,"teamDeaths":0,"enemyTowersLeft":1,"deaths":0,"teamNetWorth":0.053279999643564224,"teamKills":0.003000000026077032},"lastItemPurchased":[0,0,0,0,1,0,0,0,0,0,0]},"npc_dota_hero_disruptor":{"lastAbilityUpgraded":"","victory":false,"state":{"kills":0,"towersLeft":1,"netWorth":0.006610000040382147,"xp":0.007901234552264214,"teamXp":0.017493827268481255,"teamDeaths":0.003000000026077032,"enemyTowersLeft":1,"deaths":0.0010000000474974513,"teamNetWorth":0.04506000131368637,"teamKills":0},"lastItemPurchased":[0,0,0,0,0,0,0,0,0,0,0]}}}