{"gameTime":40,"state":{"npc_dota_hero_naga_siren":{"lastAbilityUpgraded":"","victory":false,"state":{"kills":0.003000000026077032,"towersLeft":0.8787878751754761,"netWorth":0.17675000429153442,"xp":0.4763889014720917,"teamXp":0.4559444487094879,"teamDeaths":0.02199999988079071,"enemyTowersLeft":0.7878788113594055,"deaths":0.004000000189989805,"teamNetWorth":0.6077100038528442,"teamKills":0.02500000037252903},"lastItemPurchased":[0,0,0,0,0,0,0,0,0,0,1]},"npc_dota_hero_nyx_assassin":{"lastAbilityUpgraded":"","victory":true,"state":{"kills":0.006000000052154064,"towersLeft":0.7272727489471436,"netWorth":0.09651000052690506,"xp":0.5520678758621216,"teamXp":0.46708643436431885,"teamDeaths":0.027000000700354576,"enemyTowersLeft":0.8181818127632141,"deaths":0.003000000026077032,"teamNetWorth":0.5599899888038635,"teamKills":0.020999999716877937},"lastItemPurchased":[0,0,0,0,0,0,0,0,0,0,0]},"npc_dota_hero_life_stealer":{"lastAbilityUpgraded":"","victory":true,"state":{"kills":0.007000000216066837,"towersLeft":0.7272727489471436,"netWorth":0.15365000069141388,"xp":0.6745061874389648,"teamXp":0.46708643436431885,"teamDeaths":0.027000000700354576,"enemyTowersLeft":0.8181818127632141,"deaths":0.004999999888241291,"teamNetWorth":0.5599899888038635,"teamKills":0.020999999716877937},"lastItemPurchased":[0,0,0,0,0,0,0,0,0,0,0]},"npc_dota_hero_rubick":{"lastAbilityUpgraded":"","victory":true,"state":{"kills":0.0010000000474974513,"towersLeft":0.7272727489471436,"netWorth":0.04978000000119209,"xp":0.2706790268421173,"teamXp":0.46708643436431885,"teamDeaths":0.027000000700354576,"enemyTowersLeft":0.8181818127632141,"deaths":0.004999999888241291,"teamNetWorth":0.5599899888038635,"teamKills":0.020999999716877937},"lastItemPurchased":[1,0,0,0,0,0,0,0,0,0,0]},"npc_dota_hero_alchemist":{"lastAbilityUpgraded":"","victory":true,"state":{"kills":0.0010000000474974513,"towersLeft":0.7272727489471436,"netWorth":0.20374000072479248,"xp":0.5550000071525574,"teamXp":0.46708643436431885,"teamDeaths":0.027000000700354576,"enemyTowersLeft":0.8181818127632141,"deaths":0.004999999888241291,"teamNetWorth":0.5599899888038635,"teamKills":0.020999999716877937},"lastItemPurchased":[0,0,0,0,0,0,0,0,0,0,1]},"npc_dota_hero_sand_king":{"lastAbilityUpgraded":"","victory":false,"state":{"kills":0.008999999612569809,"towersLeft":0.8787878751754761,"netWorth":0.1182200014591217,"xp":0.47182098031044006,"teamXp":0.4559444487094879,"teamDeaths":0.02199999988079071,"enemyTowersLeft":0.7878788113594055,"deaths":0.004000000189989805,"teamNetWorth":0.6077100038528442,"teamKills":0.02500000037252903},"lastItemPurchased":[0,0,0,0,0,0,0,0,0,0,0]},"npc_dota_hero_invoker":{"lastAbilityUpgraded":"","victory":false,"state":{"kills":0.004000000189989805,"towersLeft":0.8787878751754761,"netWorth":0.1771100014448166,"xp":0.6647839546203613,"teamXp":0.4559444487094879,"teamDeaths":0.02199999988079071,"enemyTowersLeft":0.7878788113594055,"deaths":0.006000000052154064,"teamNetWorth":0.6077100038528442,"teamKills":0.02500000037252903},"lastItemPurchased":[0,0,0,0,0,0,0,0,1,0,0]},"npc_dota_hero_keeper_of_the_light":{"lastAbilityUpgraded":"","victory":false,"state":{"kills":0.0010000000474974513,"towersLeft":0.8787878751754761,"netWorth":0.07467000186443329,"xp":0.31734567880630493,"teamXp":0.4559444487094879,"teamDeaths":0.02199999988079071,"enemyTowersLeft":0.7878788113594055,"deaths":0.0020000000949949026,"teamNetWorth":0.6077100038528442,"teamKills":0.02500000037252903},"lastItemPurchased":[0,0,0,0,0,0,0,0,0,0,0]},"npc_dota_hero_ogre_magi":{"lastAbilityUpgraded":"","victory":false,"state":{"kills":0.00800000037997961,"towersLeft":0.8787878751754761,"netWorth":0.06095999851822853,"xp":0.3493827283382416,"teamXp":0.4559444487094879,"teamDeaths":0.02199999988079071,"enemyTowersLeft":0.7878788113594055,"deaths":0.006000000052154064,"teamNetWorth":0.6077100038528442,"teamKills":0.02500000037252903},"lastItemPurchased":[1,0,0,0,0,0,0,0,0,0,0]},"npc_dota_hero_necrolyte":{"lastAbilityUpgraded":"","victory":true,"state":{"kills":0.006000000052154064,"towersLeft":0.7272727489471436,"netWorth":0.05631000176072121,"xp":0.28317901492118835,"teamXp":0.46708643436431885,"teamDeaths":0.027000000700354576,"enemyTowersLeft":0.8181818127632141,"deaths":0.008999999612569809,"teamNetWorth":0.5599899888038635,"teamKills":0.020999999716877937},"lastItemPurchased":[0,0,0,0,0,0,0,0,0,0,0]}}}