{"gameTime":20,"state":{"npc_dota_hero_antimage":{"lastAbilityUpgraded":"","victory":true,"state":{"kills":0.004999999888241291,"towersLeft":0.9696969985961914,"netWorth":0.05496999993920326,"xp":0.19182099401950836,"teamXp":0.15863579511642456,"teamDeaths":0.008999999612569809,"enemyTowersLeft":1,"deaths":0,"teamNetWorth":0.16819000244140625,"teamKills":0.014999999664723873},"lastItemPurchased":[0,0,0,0,0,0,0,0,0,0,0]},"npc_dota_hero_nyx_assassin":{"lastAbilityUpgraded":"","victory":true,"state":{"kills":0.0020000000949949026,"towersLeft":0.9696969985961914,"netWorth":0.02240999974310398,"xp":0.13756172358989716,"teamXp":0.15863579511642456,"teamDeaths":0.008999999612569809,"enemyTowersLeft":1,"deaths":0.0010000000474974513,"teamNetWorth":0.16819000244140625,"teamKills":0.014999999664723873},"lastItemPurchased":[0,0,0,0,0,0,0,0,0,0,0]},"npc_dota_hero_axe":{"lastAbilityUpgraded":"","victory":true,"state":{"kills":0.0020000000949949026,"towersLeft":0.9696969985961914,"netWorth":0.03694000095129013,"xp":0.17185185849666595,"teamXp":0.15863579511642456,"teamDeaths":0.008999999612569809,"enemyTowersLeft":1,"deaths":0.0020000000949949026,"teamNetWorth":0.16819000244140625,"teamKills":0.014999999664723873},"lastItemPurchased":[0,0,0,0,0,0,0,0,0,0,0]},"npc_dota_hero_pudge":{"lastAbilityUpgraded":"","victory":false,"state":{"kills":0.00800000037997961,"towersLeft":1,"netWorth":0.01979999989271164,"xp":0.08808641880750656,"teamXp":0.1417469084262848,"teamDeaths":0.019999999552965164,"enemyTowersLeft":0.9696969985961914,"deaths":0.00800000037997961,"teamNetWorth":0.15220999717712402,"teamKills":0.010999999940395355},"lastItemPurchased":[0,0,0,0,0,0,0,0,0,0,0]},"npc_dota_hero_silencer":{"lastAbilityUpgraded":"","victory":false,"state":{"kills":0,"towersLeft":1,"netWorth":0.01561999972909689,"xp":0.11058641970157623,"teamXp":0.1417469084262848,"teamDeaths":0.019999999552965164,"enemyTowersLeft":0.9696969985961914,"deaths":0.004999999888241291,"teamNetWorth":0.15220999717712402,"teamKills":0.010999999940395355},"lastItemPurchased":[0,0,0,0,0,0,0,0,0,0,1]},"npc_dota_hero_tinker":{"lastAbilityUpgraded":"","victory":true,"state":{"kills":0.004999999888241291,"towersLeft":0.9696969985961914,"netWorth":0.03612999990582466,"xp":0.1828395128250122,"teamXp":0.15863579511642456,"teamDeaths":0.008999999612569809,"enemyTowersLeft":1,"deaths":0.003000000026077032,"teamNetWorth":0.16819000244140625,"teamKills":0.014999999664723873},"lastItemPurchased":[0,0,0,0,0,0,0,0,0,0,0]},"npc_dota_hero_lion":{"lastAbilityUpgraded":"","victory":true,"state":{"kills":0.0010000000474974513,"towersLeft":0.9696969985961914,"netWorth":0.017740000039339066,"xp":0.1091049388051033,"teamXp":0.15863579511642456,"teamDeaths":0.008999999612569809,"enemyTowersLeft":1,"deaths":0.003000000026077032,"teamNetWorth":0.16819000244140625,"teamKills":0.014999999664723873},"lastItemPurchased":[1,0,0,0,0,0,0,0,0,0,0]},"npc_dota_hero_abaddon":{"lastAbilityUpgraded":"","victory":false,"state":{"kills":0.0010000000474974513,"towersLeft":1,"netWorth":0.0243500005453825,"xp":0.11391974985599518,"teamXp":0.1417469084262848,"teamDeaths":0.019999999552965164,"enemyTowersLeft":0.9696969985961914,"deaths":0.003000000026077032,"teamNetWorth":0.15220999717712402,"teamKills":0.010999999940395355},"lastItemPurchased":[0,0,0,0,0,0,0,0,0,0,0]},"npc_dota_hero_obsidian_destroyer":{"lastAbilityUpgraded":"","victory":false,"state":{"kills":0.0010000000474974513,"towersLeft":1,"netWorth":0.03167000040411949,"xp":0.14830246567726135,"teamXp":0.1417469084262848,"teamDeaths":0.019999999552965164,"enemyTowersLeft":0.9696969985961914,"deaths":0.004000000189989805,"teamNetWorth":0.15220999717712402,"teamKills":0.010999999940395355},"lastItemPurchased":[0,0,0,0,0,0,0,0,0,0,0]},"npc_dota_hero_juggernaut":{"lastAbilityUpgraded":"","victory":false,"state":{"kills":0.0010000000474974513,"towersLeft":1,"netWorth":0.060770001262426376,"xp":0.24783951044082642,"teamXp":0.1417469084262848,"teamDeaths":0.019999999552965164,"enemyTowersLeft":0.9696969985961914,"deaths":0,"teamNetWorth":0.15220999717712402,"teamKills":0.010999999940395355},"lastItemPurchased":[0,0,0,0,0,0,0,0,0,0,0]}}}