{"gameTime":46,"state":{"npc_dota_hero_antimage":{"lastAbilityUpgraded":"","victory":true,"state":{"kills":0.012000000104308128,"towersLeft":0.8484848737716675,"netWorth":0.25224000215530396,"xp":0.9754320979118347,"teamXp":0.6368827223777771,"teamDeaths":0.03400000184774399,"enemyTowersLeft":0.7272727489471436,"deaths":0.004000000189989805,"teamNetWorth":0.5688400268554688,"teamKills":0.035999998450279236},"lastItemPurchased":[0,0,0,0,0,0,0,0,0,0,0]},"npc_dota_hero_nyx_assassin":{"lastAbilityUpgraded":"","victory":true,"state":{"kills":0.0020000000949949026,"towersLeft":0.8484848737716675,"netWorth":0.07410000264644623,"xp":0.5641049146652222,"teamXp":0.6368827223777771,"teamDeaths":0.03400000184774399,"enemyTowersLeft":0.7272727489471436,"deaths":0.004999999888241291,"teamNetWorth":0.5688400268554688,"teamKills":0.035999998450279236},"lastItemPurchased":[0,0,0,0,0,0,0,0,0,0,0]},"npc_dota_hero_axe":{"lastAbilityUpgraded":"","victory":true,"state":{"kills":0.008999999612569809,"towersLeft":0.8484848737716675,"netWorth":0.06848999857902527,"xp":0.6380864381790161,"teamXp":0.6368827223777771,"teamDeaths":0.03400000184774399,"enemyTowersLeft":0.7272727489471436,"deaths":0.009999999776482582,"teamNetWorth":0.5688400268554688,"teamKills":0.035999998450279236},"lastItemPurchased":[0,0,0,0,0,0,0,0,0,0,0]},"npc_dota_hero_pudge":{"lastAbilityUpgraded":"","victory":false,"state":{"kills":0.014000000432133675,"towersLeft":0.7272727489471436,"netWorth":0.05172000080347061,"xp":0.40876543521881104,"teamXp":0.6448147892951965,"teamDeaths":0.04500000178813934,"enemyTowersLeft":0.8484848737716675,"deaths":0.014999999664723873,"teamNetWorth":0.5875800251960754,"teamKills":0.03799999877810478},"lastItemPurchased":[0,0,0,0,0,0,0,0,0,0,0]},"npc_dota_hero_silencer":{"lastAbilityUpgraded":"","victory":false,"state":{"kills":0.0010000000474974513,"towersLeft":0.7272727489471436,"netWorth":0.05821000039577484,"xp":0.4160185158252716,"teamXp":0.6448147892951965,"teamDeaths":0.04500000178813934,"enemyTowersLeft":0.8484848737716675,"deaths":0.009999999776482582,"teamNetWorth":0.5875800251960754,"teamKills":0.03799999877810478},"lastItemPurchased":[0,0,0,0,0,0,0,0,0,0,0]},"npc_dota_hero_tinker":{"lastAbilityUpgraded":"","victory":true,"state":{"kills":0.007000000216066837,"towersLeft":0.8484848737716675,"netWorth":0.12223000079393387,"xp":0.5660185217857361,"teamXp":0.6368827223777771,"teamDeaths":0.03400000184774399,"enemyTowersLeft":0.7272727489471436,"deaths":0.004999999888241291,"teamNetWorth":0.5688400268554688,"teamKills":0.035999998450279236},"lastItemPurchased":[0,0,0,0,0,0,0,0,0,0,0]},"npc_dota_hero_lion":{"lastAbilityUpgraded":"","victory":true,"state":{"kills":0.006000000052154064,"towersLeft":0.8484848737716675,"netWorth":0.05178000032901764,"xp":0.44077160954475403,"teamXp":0.6368827223777771,"teamDeaths":0.03400000184774399,"enemyTowersLeft":0.7272727489471436,"deaths":0.009999999776482582,"teamNetWorth":0.5688400268554688,"teamKills":0.035999998450279236},"lastItemPurchased":[0,0,0,0,0,0,0,0,0,0,0]},"npc_dota_hero_abaddon":{"lastAbilityUpgraded":"","victory":false,"state":{"kills":0.0010000000474974513,"towersLeft":0.7272727489471436,"netWorth":0.08575999736785889,"xp":0.6065740585327148,"teamXp":0.6448147892951965,"teamDeaths":0.04500000178813934,"enemyTowersLeft":0.8484848737716675,"deaths":0.007000000216066837,"teamNetWorth":0.5875800251960754,"teamKills":0.03799999877810478},"lastItemPurchased":[0,0,0,1,0,0,0,0,0,0,0]},"npc_dota_hero_obsidian_destroyer":{"lastAbilityUpgraded":"","victory":false,"state":{"kills":0.00800000037997961,"towersLeft":0.7272727489471436,"netWorth":0.1588200032711029,"xp":0.7863888740539551,"teamXp":0.6448147892951965,"teamDeaths":0.04500000178813934,"enemyTowersLeft":0.8484848737716675,"deaths":0.007000000216066837,"teamNetWorth":0.5875800251960754,"teamKills":0.03799999877810478},"lastItemPurchased":[0,0,0,0,0,0,0,0,0,0,0]},"npc_dota_hero_juggernaut":{"lastAbilityUpgraded":"","victory":false,"state":{"kills":0.014000000432133675,"towersLeft":0.7272727489471436,"netWorth":0.2330700010061264,"xp":1.0063271522521973,"teamXp":0.6448147892951965,"teamDeaths":0.04500000178813934,"enemyTowersLeft":0.8484848737716675,"deaths":0.006000000052154064,"teamNetWorth":0.5875800251960754,"teamKills":0.03799999877810478},"lastItemPurchased":[0,0,0,0,0,0,0,0,1,0,0]}}}