{"gameTime":51,"state":{"npc_dota_hero_antimage":{"lastAbilityUpgraded":"","victory":true,"state":{"kills":0.01600000075995922,"towersLeft":0.7272727489471436,"netWorth":0.2945599853992462,"xp":1.0003395080566406,"teamXp":0.7034444212913513,"teamDeaths":0.04100000113248825,"enemyTowersLeft":0.1515151560306549,"deaths":0.004999999888241291,"teamNetWorth":0.6808599829673767,"teamKills":0.041999999433755875},"lastItemPurchased":[0,0,0,0,0,0,0,0,0,0,0]},"npc_dota_hero_nyx_assassin":{"lastAbilityUpgraded":"","victory":true,"state":{"kills":0.003000000026077032,"towersLeft":0.7272727489471436,"netWorth":0.09443999826908112,"xp":0.6535184979438782,"teamXp":0.7034444212913513,"teamDeaths":0.04100000113248825,"enemyTowersLeft":0.1515151560306549,"deaths":0.007000000216066837,"teamNetWorth":0.6808599829673767,"teamKills":0.041999999433755875},"lastItemPurchased":[0,0,0,0,0,0,0,0,0,0,0]},"npc_dota_hero_axe":{"lastAbilityUpgraded":"","victory":true,"state":{"kills":0.009999999776482582,"towersLeft":0.7272727489471436,"netWorth":0.09408999979496002,"xp":0.7514197826385498,"teamXp":0.7034444212913513,"teamDeaths":0.04100000113248825,"enemyTowersLeft":0.1515151560306549,"deaths":0.010999999940395355,"teamNetWorth":0.6808599829673767,"teamKills":0.041999999433755875},"lastItemPurchased":[0,0,0,0,0,0,0,0,1,0,0]},"npc_dota_hero_pudge":{"lastAbilityUpgraded":"","victory":false,"state":{"kills":0.014000000432133675,"towersLeft":0.1515151560306549,"netWorth":0.0557899996638298,"xp":0.5556790232658386,"teamXp":0.7393209934234619,"teamDeaths":0.050999999046325684,"enemyTowersLeft":0.7272727489471436,"deaths":0.017000000923871994,"teamNetWorth":0.6714800000190735,"teamKills":0.04399999976158142},"lastItemPurchased":[0,0,0,0,0,0,0,0,0,0,0]},"npc_dota_hero_silencer":{"lastAbilityUpgraded":"","victory":false,"state":{"kills":0.003000000026077032,"towersLeft":0.1515151560306549,"netWorth":0.06520000100135803,"xp":0.538611114025116,"teamXp":0.7393209934234619,"teamDeaths":0.050999999046325684,"enemyTowersLeft":0.7272727489471436,"deaths":0.012000000104308128,"teamNetWorth":0.6714800000190735,"teamKills":0.04399999976158142},"lastItemPurchased":[0,0,0,0,0,0,0,0,1,0,0]},"npc_dota_hero_tinker":{"lastAbilityUpgraded":"","victory":true,"state":{"kills":0.007000000216066837,"towersLeft":0.7272727489471436,"netWorth":0.14729000627994537,"xp":0.6247530579566956,"teamXp":0.7034444212913513,"teamDeaths":0.04100000113248825,"enemyTowersLeft":0.1515151560306549,"deaths":0.006000000052154064,"teamNetWorth":0.6808599829673767,"teamKills":0.041999999433755875},"lastItemPurchased":[0,0,0,0,0,0,0,0,0,0,0]},"npc_dota_hero_lion":{"lastAbilityUpgraded":"","victory":true,"state":{"kills":0.006000000052154064,"towersLeft":0.7272727489471436,"netWorth":0.05048000067472458,"xp":0.4871913492679596,"teamXp":0.7034444212913513,"teamDeaths":0.04100000113248825,"enemyTowersLeft":0.1515151560306549,"deaths":0.012000000104308128,"teamNetWorth":0.6808599829673767,"teamKills":0.041999999433755875},"lastItemPurchased":[0,0,0,0,0,0,0,0,0,0,0]},"npc_dota_hero_abaddon":{"lastAbilityUpgraded":"","victory":false,"state":{"kills":0.0010000000474974513,"towersLeft":0.1515151560306549,"netWorth":0.10980000346899033,"xp":0.6895679235458374,"teamXp":0.7393209934234619,"teamDeaths":0.050999999046325684,"enemyTowersLeft":0.7272727489471436,"deaths":0.007000000216066837,"teamNetWorth":0.6714800000190735,"teamKills":0.04399999976158142},"lastItemPurchased":[0,0,0,0,0,0,1,0,0,0,0]},"npc_dota_hero_obsidian_destroyer":{"lastAbilityUpgraded":"","victory":false,"state":{"kills":0.008999999612569809,"towersLeft":0.1515151560306549,"netWorth":0.18474000692367554,"xp":0.9064197540283203,"teamXp":0.7393209934234619,"teamDeaths":0.050999999046325684,"enemyTowersLeft":0.7272727489471436,"deaths":0.00800000037997961,"teamNetWorth":0.6714800000190735,"teamKills":0.04399999976158142},"lastItemPurchased":[0,0,0,0,0,0,1,0,0,0,0]},"npc_dota_hero_juggernaut":{"lastAbilityUpgraded":"","victory":false,"state":{"kills":0.017000000923871994,"towersLeft":0.1515151560306549,"netWorth":0.255950003862381,"xp":1.0063271522521973,"teamXp":0.7393209934234619,"teamDeaths":0.050999999046325684,"enemyTowersLeft":0.7272727489471436,"deaths":0.007000000216066837,"teamNetWorth":0.6714800000190735,"teamKills":0.04399999976158142},"lastItemPurchased":[0,0,0,0,0,0,0,0,0,0,0]}}}