{"gameTime":12,"state":{"npc_dota_hero_faceless_void":{"lastAbilityUpgraded":"","victory":true,"state":{"kills":0,"towersLeft":1,"netWorth":0.0185100007802248,"xp":0.0609259270131588,"teamXp":0.05533333495259285,"teamDeaths":0.00800000037997961,"enemyTowersLeft":1,"deaths":0.0020000000949949026,"teamNetWorth":0.0816899985074997,"teamKills":0.004999999888241291},"lastItemPurchased":[0,0,0,0,1,0,0,0,0,0,0]},"npc_dota_hero_riki":{"lastAbilityUpgraded":"","victory":false,"state":{"kills":0.0010000000474974513,"towersLeft":1,"netWorth":0.01054999977350235,"xp":0.028796296566724777,"teamXp":0.06333333253860474,"teamDeaths":0.004999999888241291,"enemyTowersLeft":1,"deaths":0.0020000000949949026,"teamNetWorth":0.09137000143527985,"teamKills":0.006000000052154064},"lastItemPurchased":[0,0,0,0,0,0,0,0,0,0,0]},"npc_dota_hero_silencer":{"lastAbilityUpgraded":"","victory":true,"state":{"kills":0,"towersLeft":1,"netWorth":0.006570000201463699,"xp":0.023549383506178856,"teamXp":0.05533333495259285,"teamDeaths":0.00800000037997961,"enemyTowersLeft":1,"deaths":0.003000000026077032,"teamNetWorth":0.0816899985074997,"teamKills":0.004999999888241291},"lastItemPurchased":[0,0,0,0,0,0,0,0,0,0,0]},"npc_dota_hero_pudge":{"lastAbilityUpgraded":"","victory":true,"state":{"kills":0.004999999888241291,"towersLeft":1,"netWorth":0.014910000376403332,"xp":0.032592590898275375,"teamXp":0.05533333495259285,"teamDeaths":0.00800000037997961,"enemyTowersLeft":1,"deaths":0.003000000026077032,"teamNetWorth":0.0816899985074997,"teamKills":0.004999999888241291},"lastItemPurchased":[1,0,0,0,0,0,0,0,0,0,0]},"npc_dota_hero_sniper":{"lastAbilityUpgraded":"","victory":false,"state":{"kills":0,"towersLeft":1,"netWorth":0.016370000317692757,"xp":0.08274691551923752,"teamXp":0.06333333253860474,"teamDeaths":0.004999999888241291,"enemyTowersLeft":1,"deaths":0.0010000000474974513,"teamNetWorth":0.09137000143527985,"teamKills":0.006000000052154064},"lastItemPurchased":[0,0,0,0,0,0,0,0,0,0,0]},"npc_dota_hero_ogre_magi":{"lastAbilityUpgraded":"","victory":false,"state":{"kills":0.0020000000949949026,"towersLeft":1,"netWorth":0.017330000177025795,"xp":0.03759259358048439,"teamXp":0.06333333253860474,"teamDeaths":0.004999999888241291,"enemyTowersLeft":1,"deaths":0,"teamNetWorth":0.09137000143527985,"teamKills":0.006000000052154064},"lastItemPurchased":[0,0,0,0,0,1,0,0,0,0,0]},"npc_dota_hero_obsidian_destroyer":{"lastAbilityUpgraded":"","victory":true,"state":{"kills":0,"towersLeft":1,"netWorth":0.02215000055730343,"xp":0.08456790447235107,"teamXp":0.05533333495259285,"teamDeaths":0.00800000037997961,"enemyTowersLeft":1,"deaths":0,"teamNetWorth":0.0816899985074997,"teamKills":0.004999999888241291},"lastItemPurchased":[0,0,0,0,1,0,0,0,0,0,0]},"npc_dota_hero_omniknight":{"lastAbilityUpgraded":"","victory":true,"state":{"kills":0,"towersLeft":1,"netWorth":0.01954999938607216,"xp":0.0750308632850647,"teamXp":0.05533333495259285,"teamDeaths":0.00800000037997961,"enemyTowersLeft":1,"deaths":0,"teamNetWorth":0.0816899985074997,"teamKills":0.004999999888241291},"lastItemPurchased":[0,0,0,0,0,0,0,0,0,0,0]},"npc_dota_hero_batrider":{"lastAbilityUpgraded":"","victory":false,"state":{"kills":0.003000000026077032,"towersLeft":1,"netWorth":0.025750000029802322,"xp":0.08435185253620148,"teamXp":0.06333333253860474,"teamDeaths":0.004999999888241291,"enemyTowersLeft":1,"deaths":0.0020000000949949026,"teamNetWorth":0.09137000143527985,"teamKills":0.006000000052154064},"lastItemPurchased":[0,0,0,1,0,0,0,0,0,0,0]},"npc_dota_hero_juggernaut":{"lastAbilityUpgraded":"","victory":false,"state":{"kills":0,"towersLeft":1,"netWorth":0.021369999274611473,"xp":0.08317901194095612,"teamXp":0.06333333253860474,"teamDeaths":0.004999999888241291,"enemyTowersLeft":1,"deaths":0,"teamNetWorth":0.09137000143527985,"teamKills":0.006000000052154064},"lastItemPurchased":[0,1,0,0,0,0,0,0,0,0,0]}}}