{"gameTime":15,"state":{"npc_dota_hero_rubick":{"lastAbilityUpgraded":"","victory":false,"state":{"kills":0.0010000000474974513,"towersLeft":1,"netWorth":0.011180000379681587,"xp":0.037839505821466446,"teamXp":0.05559259280562401,"teamDeaths":0.00800000037997961,"enemyTowersLeft":1,"deaths":0.0010000000474974513,"teamNetWorth":0.08128999918699265,"teamKills":0.003000000026077032},"lastItemPurchased":[0,0,0,0,0,0,0,0,0,0,0]},"npc_dota_hero_visage":{"lastAbilityUpgraded":"","victory":true,"state":{"kills":0,"towersLeft":1,"netWorth":0.014510000124573708,"xp":0.03740740567445755,"teamXp":0.06661111116409302,"teamDeaths":0.004000000189989805,"enemyTowersLeft":1,"deaths":0,"teamNetWorth":0.10740000009536743,"teamKills":0.007000000216066837},"lastItemPurchased":[0,0,0,0,0,0,0,0,0,0,0]},"npc_dota_hero_axe":{"lastAbilityUpgraded":"","victory":true,"state":{"kills":0.004000000189989805,"towersLeft":1,"netWorth":0.031220000237226486,"xp":0.09404321014881134,"teamXp":0.06661111116409302,"teamDeaths":0.004000000189989805,"enemyTowersLeft":1,"deaths":0.0020000000949949026,"teamNetWorth":0.10740000009536743,"teamKills":0.007000000216066837},"lastItemPurchased":[1,0,0,0,0,0,0,0,0,0,0]},"npc_dota_hero_pudge":{"lastAbilityUpgraded":"","victory":false,"state":{"kills":0,"towersLeft":1,"netWorth":0.013220000080764294,"xp":0.04740740731358528,"teamXp":0.05559259280562401,"teamDeaths":0.00800000037997961,"enemyTowersLeft":1,"deaths":0.0010000000474974513,"teamNetWorth":0.08128999918699265,"teamKills":0.003000000026077032},"lastItemPurchased":[0,0,0,0,0,0,0,0,0,0,0]},"npc_dota_hero_slardar":{"lastAbilityUpgraded":"","victory":false,"state":{"kills":0,"towersLeft":1,"netWorth":0.00786999985575676,"xp":0.033981479704380035,"teamXp":0.05559259280562401,"teamDeaths":0.00800000037997961,"enemyTowersLeft":1,"deaths":0.004000000189989805,"teamNetWorth":0.08128999918699265,"teamKills":0.003000000026077032},"lastItemPurchased":[0,0,0,0,0,0,0,0,0,0,0]},"npc_dota_hero_ember_spirit":{"lastAbilityUpgraded":"","victory":false,"state":{"kills":0.0010000000474974513,"towersLeft":1,"netWorth":0.01947000063955784,"xp":0.0736728385090828,"teamXp":0.05559259280562401,"teamDeaths":0.00800000037997961,"enemyTowersLeft":1,"deaths":0.0020000000949949026,"teamNetWorth":0.08128999918699265,"teamKills":0.003000000026077032},"lastItemPurchased":[0,0,0,0,1,0,0,0,0,0,0]},"npc_dota_hero_luna":{"lastAbilityUpgraded":"","victory":true,"state":{"kills":0.003000000026077032,"towersLeft":1,"netWorth":0.031690001487731934,"xp":0.09845679253339767,"teamXp":0.06661111116409302,"teamDeaths":0.004000000189989805,"enemyTowersLeft":1,"deaths":0.0010000000474974513,"teamNetWorth":0.10740000009536743,"teamKills":0.007000000216066837},"lastItemPurchased":[0,0,0,1,0,0,0,0,0,0,0]},"npc_dota_hero_shredder":{"lastAbilityUpgraded":"","victory":true,"state":{"kills":0,"towersLeft":1,"netWorth":0.017550000920891762,"xp":0.06561728566884995,"teamXp":0.06661111116409302,"teamDeaths":0.004000000189989805,"enemyTowersLeft":1,"deaths":0.0010000000474974513,"teamNetWorth":0.10740000009536743,"teamKills":0.007000000216066837},"lastItemPurchased":[0,0,0,0,0,0,0,0,0,0,0]},"npc_dota_hero_omniknight":{"lastAbilityUpgraded":"","victory":true,"state":{"kills":0,"towersLeft":1,"netWorth":0.012430000118911266,"xp":0.037530865520238876,"teamXp":0.06661111116409302,"teamDeaths":0.004000000189989805,"enemyTowersLeft":1,"deaths":0,"teamNetWorth":0.10740000009536743,"teamKills":0.007000000216066837},"lastItemPurchased":[0,0,0,0,0,0,0,0,0,0,1]},"npc_dota_hero_juggernaut":{"lastAbilityUpgraded":"","victory":false,"state":{"kills":0.0010000000474974513,"towersLeft":1,"netWorth":0.02954999916255474,"xp":0.08506172895431519,"teamXp":0.05559259280562401,"teamDeaths":0.00800000037997961,"enemyTowersLeft":1,"deaths":0,"teamNetWorth":0.08128999918699265,"teamKills":0.003000000026077032},"lastItemPurchased":[0,0,1,0,0,0,0,0,0,0,0]}}}