{"gameTime":25,"state":{"npc_dota_hero_rubick":{"lastAbilityUpgraded":"","victory":false,"state":{"kills":0.004000000189989805,"towersLeft":0.9090909361839294,"netWorth":0.027879999950528145,"xp":0.1355246901512146,"teamXp":0.18269753456115723,"teamDeaths":0.01600000075995922,"enemyTowersLeft":1,"deaths":0.003000000026077032,"teamNetWorth":0.20291000604629517,"teamKills":0.014000000432133675},"lastItemPurchased":[0,0,0,0,0,0,0,0,0,0,0]},"npc_dota_hero_visage":{"lastAbilityUpgraded":"","victory":true,"state":{"kills":0,"towersLeft":1,"netWorth":0.028200000524520874,"xp":0.12867283821105957,"teamXp":0.19484567642211914,"teamDeaths":0.01600000075995922,"enemyTowersLeft":0.9090909361839294,"deaths":0.004000000189989805,"teamNetWorth":0.2433599978685379,"teamKills":0.013000000268220901},"lastItemPurchased":[0,0,0,0,0,0,0,0,0,0,0]},"npc_dota_hero_axe":{"lastAbilityUpgraded":"","victory":true,"state":{"kills":0.004000000189989805,"towersLeft":1,"netWorth":0.058820001780986786,"xp":0.2168518453836441,"teamXp":0.19484567642211914,"teamDeaths":0.01600000075995922,"enemyTowersLeft":0.9090909361839294,"deaths":0.004999999888241291,"teamNetWorth":0.2433599978685379,"teamKills":0.013000000268220901},"lastItemPurchased":[0,0,0,1,0,0,0,0,0,0,0]},"npc_dota_hero_pudge":{"lastAbilityUpgraded":"","victory":false,"state":{"kills":0.004000000189989805,"towersLeft":0.9090909361839294,"netWorth":0.0342399999499321,"xp":0.1426851898431778,"teamXp":0.18269753456115723,"teamDeaths":0.01600000075995922,"enemyTowersLeft":1,"deaths":0.003000000026077032,"teamNetWorth":0.20291000604629517,"teamKills":0.014000000432133675},"lastItemPurchased":[0,0,0,0,0,0,0,0,0,0,0]},"npc_dota_hero_slardar":{"lastAbilityUpgraded":"","victory":false,"state":{"kills":0,"towersLeft":0.9090909361839294,"netWorth":0.03220999985933304,"xp":0.15623456239700317,"teamXp":0.18269753456115723,"teamDeaths":0.01600000075995922,"enemyTowersLeft":1,"deaths":0.004999999888241291,"teamNetWorth":0.20291000604629517,"teamKills":0.014000000432133675},"lastItemPurchased":[0,0,0,1,0,0,0,0,0,0,0]},"npc_dota_hero_ember_spirit":{"lastAbilityUpgraded":"","victory":false,"state":{"kills":0.0020000000949949026,"towersLeft":0.9090909361839294,"netWorth":0.04707999899983406,"xp":0.23598764836788177,"teamXp":0.18269753456115723,"teamDeaths":0.01600000075995922,"enemyTowersLeft":1,"deaths":0.003000000026077032,"teamNetWorth":0.20291000604629517,"teamKills":0.014000000432133675},"lastItemPurchased":[0,0,0,0,0,0,0,0,0,0,0]},"npc_dota_hero_luna":{"lastAbilityUpgraded":"","victory":true,"state":{"kills":0.004999999888241291,"towersLeft":1,"netWorth":0.07797999680042267,"xp":0.29154321551322937,"teamXp":0.19484567642211914,"teamDeaths":0.01600000075995922,"enemyTowersLeft":0.9090909361839294,"deaths":0.0020000000949949026,"teamNetWorth":0.2433599978685379,"teamKills":0.013000000268220901},"lastItemPurchased":[0,0,0,0,0,0,0,0,0,0,0]},"npc_dota_hero_shredder":{"lastAbilityUpgraded":"","victory":true,"state":{"kills":0.003000000026077032,"towersLeft":1,"netWorth":0.05277999863028526,"xp":0.206049382686615,"teamXp":0.19484567642211914,"teamDeaths":0.01600000075995922,"enemyTowersLeft":0.9090909361839294,"deaths":0.0020000000949949026,"teamNetWorth":0.2433599978685379,"teamKills":0.013000000268220901},"lastItemPurchased":[0,0,0,0,0,0,0,0,0,0,0]},"npc_dota_hero_omniknight":{"lastAbilityUpgraded":"","victory":true,"state":{"kills":0.0010000000474974513,"towersLeft":1,"netWorth":0.02558000013232231,"xp":0.13111111521720886,"teamXp":0.19484567642211914,"teamDeaths":0.01600000075995922,"enemyTowersLeft":0.9090909361839294,"deaths":0.003000000026077032,"teamNetWorth":0.2433599978685379,"teamKills":0.013000000268220901},"lastItemPurchased":[0,0,0,0,0,0,0,0,0,0,0]},"npc_dota_hero_juggernaut":{"lastAbilityUpgraded":"","victory":false,"state":{"kills":0.004000000189989805,"towersLeft":0.9090909361839294,"netWorth":0.061500001698732376,"xp":0.2430555522441864,"teamXp":0.18269753456115723,"teamDeaths":0.01600000075995922,"enemyTowersLeft":1,"deaths":0.0020000000949949026,"teamNetWorth":0.20291000604629517,"teamKills":0.014000000432133675},"lastItemPurchased":[0,1,0,0,0,0,0,0,0,0,0]}}}