{"gameTime":35,"state":{"npc_dota_hero_rubick":{"lastAbilityUpgraded":"","victory":false,"state":{"kills":0.004999999888241291,"towersLeft":0.8484848737716675,"netWorth":0.04365000128746033,"xp":0.23280863463878632,"teamXp":0.3347777724266052,"teamDeaths":0.017999999225139618,"enemyTowersLeft":0.8787878751754761,"deaths":0.004000000189989805,"teamNetWorth":0.38947999477386475,"teamKills":0.01899999938905239},"lastItemPurchased":[1,0,0,0,0,0,0,0,0,0,0]},"npc_dota_hero_visage":{"lastAbilityUpgraded":"","victory":true,"state":{"kills":0.0010000000474974513,"towersLeft":0.8787878751754761,"netWorth":0.039810001850128174,"xp":0.204537034034729,"teamXp":0.3291172981262207,"teamDeaths":0.020999999716877937,"enemyTowersLeft":0.8484848737716675,"deaths":0.004000000189989805,"teamNetWorth":0.3930099904537201,"teamKills":0.014999999664723873},"lastItemPurchased":[0,0,0,0,0,0,0,0,0,0,0]},"npc_dota_hero_axe":{"lastAbilityUpgraded":"","victory":true,"state":{"kills":0.004999999888241291,"towersLeft":0.8787878751754761,"netWorth":0.08625999838113785,"xp":0.36558642983436584,"teamXp":0.3291172981262207,"teamDeaths":0.020999999716877937,"enemyTowersLeft":0.8484848737716675,"deaths":0.007000000216066837,"teamNetWorth":0.3930099904537201,"teamKills":0.014999999664723873},"lastItemPurchased":[0,0,0,0,0,0,0,0,0,0,0]},"npc_dota_hero_pudge":{"lastAbilityUpgraded":"","victory":false,"state":{"kills":0.006000000052154064,"towersLeft":0.8484848737716675,"netWorth":0.04853999987244606,"xp":0.20527777075767517,"teamXp":0.3347777724266052,"teamDeaths":0.017999999225139618,"enemyTowersLeft":0.8787878751754761,"deaths":0.004000000189989805,"teamNetWorth":0.38947999477386475,"teamKills":0.01899999938905239},"lastItemPurchased":[0,0,0,0,0,0,0,0,0,0,0]},"npc_dota_hero_slardar":{"lastAbilityUpgraded":"","victory":false,"state":{"kills":0,"towersLeft":0.8484848737716675,"netWorth":0.06576000154018402,"xp":0.29493826627731323,"teamXp":0.3347777724266052,"teamDeaths":0.017999999225139618,"enemyTowersLeft":0.8787878751754761,"deaths":0.004999999888241291,"teamNetWorth":0.38947999477386475,"teamKills":0.01899999938905239},"lastItemPurchased":[0,0,0,0,0,0,1,0,0,0,0]},"npc_dota_hero_ember_spirit":{"lastAbilityUpgraded":"","victory":false,"state":{"kills":0.004000000189989805,"towersLeft":0.8484848737716675,"netWorth":0.11973000317811966,"xp":0.5193209648132324,"teamXp":0.3347777724266052,"teamDeaths":0.017999999225139618,"enemyTowersLeft":0.8787878751754761,"deaths":0.003000000026077032,"teamNetWorth":0.38947999477386475,"teamKills":0.01899999938905239},"lastItemPurchased":[0,0,0,0,0,0,0,0,0,0,1]},"npc_dota_hero_luna":{"lastAbilityUpgraded":"","victory":true,"state":{"kills":0.004999999888241291,"towersLeft":0.8787878751754761,"netWorth":0.13283999264240265,"xp":0.45293208956718445,"teamXp":0.3291172981262207,"teamDeaths":0.020999999716877937,"enemyTowersLeft":0.8484848737716675,"deaths":0.004000000189989805,"teamNetWorth":0.3930099904537201,"teamKills":0.014999999664723873},"lastItemPurchased":[0,0,0,0,0,0,0,0,0,0,0]},"npc_dota_hero_shredder":{"lastAbilityUpgraded":"","victory":true,"state":{"kills":0.003000000026077032,"towersLeft":0.8787878751754761,"netWorth":0.09245999902486801,"xp":0.3895987570285797,"teamXp":0.3291172981262207,"teamDeaths":0.020999999716877937,"enemyTowersLeft":0.8484848737716675,"deaths":0.0020000000949949026,"teamNetWorth":0.3930099904537201,"teamKills":0.014999999664723873},"lastItemPurchased":[0,0,0,0,0,0,0,0,0,0,0]},"npc_dota_hero_omniknight":{"lastAbilityUpgraded":"","victory":true,"state":{"kills":0.0010000000474974513,"towersLeft":0.8787878751754761,"netWorth":0.04163999855518341,"xp":0.23293210566043854,"teamXp":0.3291172981262207,"teamDeaths":0.020999999716877937,"enemyTowersLeft":0.8484848737716675,"deaths":0.004000000189989805,"teamNetWorth":0.3930099904537201,"teamKills":0.014999999664723873},"lastItemPurchased":[0,0,0,0,0,0,0,0,0,0,0]},"npc_dota_hero_juggernaut":{"lastAbilityUpgraded":"","victory":false,"state":{"kills":0.004000000189989805,"towersLeft":0.8484848737716675,"netWorth":0.11180000007152557,"xp":0.4215432107448578,"teamXp":0.3347777724266052,"teamDeaths":0.017999999225139618,"enemyTowersLeft":0.8787878751754761,"deaths":0.0020000000949949026,"teamNetWorth":0.38947999477386475,"teamKills":0.01899999938905239},"lastItemPurchased":[0,0,0,0,0,0,0,0,0,0,0]}}}