{"gameTime":58,"state":{"npc_dota_hero_bloodseeker":{"lastAbilityUpgraded":"","victory":false,"state":{"kills":0.014999999664723873,"towersLeft":0.7575757503509521,"netWorth":0.09782999753952026,"xp":0.900802493095398,"teamXp":0.9929629564285278,"teamDeaths":0.06199999898672104,"enemyTowersLeft":0.8484848737716675,"deaths":0.014999999664723873,"teamNetWorth":0.8257099986076355,"teamKills":0.0560000017285347},"lastItemPurchased":[0,0,0,0,0,0,0,0,0,0,0]},"npc_dota_hero_ursa":{"lastAbilityUpgraded":"","victory":false,"state":{"kills":0.014999999664723873,"towersLeft":0.7575757503509521,"netWorth":0.1926400065422058,"xp":1.0153394937515259,"teamXp":0.9929629564285278,"teamDeaths":0.06199999898672104,"enemyTowersLeft":0.8484848737716675,"deaths":0.014999999664723873,"teamNetWorth":0.8257099986076355,"teamKills":0.0560000017285347},"lastItemPurchased":[0,0,0,0,0,0,0,0,0,0,0]},"npc_dota_hero_earth_spirit":{"lastAbilityUpgraded":"","victory":true,"state":{"kills":0.004999999888241291,"towersLeft":0.8181818127632141,"netWorth":0.04986000061035156,"xp":0.7054012417793274,"teamXp":0.9327592849731445,"teamDeaths":0.061000000685453415,"enemyTowersLeft":0.7272727489471436,"deaths":0.01899999938905239,"teamNetWorth":0.9341899752616882,"teamKills":0.0560000017285347},"lastItemPurchased":[0,0,0,0,0,0,0,0,0,1,0]},"npc_dota_hero_alchemist":{"lastAbilityUpgraded":"","victory":true,"state":{"kills":0.007000000216066837,"towersLeft":0.8181818127632141,"netWorth":0.3195500075817108,"xp":1.002407431602478,"teamXp":0.9327592849731445,"teamDeaths":0.061000000685453415,"enemyTowersLeft":0.7272727489471436,"deaths":0.013000000268220901,"teamNetWorth":0.9341899752616882,"teamKills":0.0560000017285347},"lastItemPurchased":[0,0,0,0,0,0,0,0,0,0,1]},"npc_dota_hero_pudge":{"lastAbilityUpgraded":"","victory":false,"state":{"kills":0.014999999664723873,"towersLeft":0.7575757503509521,"netWorth":0.1437399983406067,"xp":1.047870397567749,"teamXp":0.9929629564285278,"teamDeaths":0.06199999898672104,"enemyTowersLeft":0.8484848737716675,"deaths":0.012000000104308128,"teamNetWorth":0.8257099986076355,"teamKills":0.0560000017285347},"lastItemPurchased":[0,0,0,0,0,0,0,0,0,0,0]},"npc_dota_hero_mirana":{"lastAbilityUpgraded":"","victory":false,"state":{"kills":0.00800000037997961,"towersLeft":0.7575757503509521,"netWorth":0.21523000299930573,"xp":1.0000308752059937,"teamXp":0.9929629564285278,"teamDeaths":0.06199999898672104,"enemyTowersLeft":0.8484848737716675,"deaths":0.010999999940395355,"teamNetWorth":0.8257099986076355,"teamKills":0.0560000017285347},"lastItemPurchased":[0,0,0,0,0,0,0,0,0,0,0]},"npc_dota_hero_rattletrap":{"lastAbilityUpgraded":"","victory":true,"state":{"kills":0.008999999612569809,"towersLeft":0.8181818127632141,"netWorth":0.12133999913930893,"xp":0.9441049098968506,"teamXp":0.9327592849731445,"teamDeaths":0.061000000685453415,"enemyTowersLeft":0.7272727489471436,"deaths":0.009999999776482582,"teamNetWorth":0.9341899752616882,"teamKills":0.0560000017285347},"lastItemPurchased":[0,0,0,0,0,0,1,0,0,0,0]},"npc_dota_hero_brewmaster":{"lastAbilityUpgraded":"","victory":false,"state":{"kills":0.003000000026077032,"towersLeft":0.7575757503509521,"netWorth":0.176269993185997,"xp":1.0007716417312622,"teamXp":0.9929629564285278,"teamDeaths":0.06199999898672104,"enemyTowersLeft":0.8484848737716675,"deaths":0.008999999612569809,"teamNetWorth":0.8257099986076355,"teamKills":0.0560000017285347},"lastItemPurchased":[0,0,0,0,0,0,0,0,0,0,0]},"npc_dota_hero_sven":{"lastAbilityUpgraded":"","victory":true,"state":{"kills":0.014999999664723873,"towersLeft":0.8181818127632141,"netWorth":0.20444999635219574,"xp":1.0013580322265625,"teamXp":0.9327592849731445,"teamDeaths":0.061000000685453415,"enemyTowersLeft":0.7272727489471436,"deaths":0.009999999776482582,"teamNetWorth":0.9341899752616882,"teamKills":0.0560000017285347},"lastItemPurchased":[0,0,0,0,0,0,0,0,0,0,0]},"npc_dota_hero_juggernaut":{"lastAbilityUpgraded":"","victory":true,"state":{"kills":0.019999999552965164,"towersLeft":0.8181818127632141,"netWorth":0.23898999392986298,"xp":1.0105247497558594,"teamXp":0.9327592849731445,"teamDeaths":0.061000000685453415,"enemyTowersLeft":0.7272727489471436,"deaths":0.008999999612569809,"teamNetWorth":0.9341899752616882,"teamKills":0.0560000017285347},"lastItemPurchased":[0,0,0,0,0,0,0,0,0,0,0]}}}