{"gameTime":22,"state":{"npc_dota_hero_faceless_void":{"lastAbilityUpgraded":"","victory":false,"state":{"kills":0.0010000000474974513,"towersLeft":0.9696969985961914,"netWorth":0.042980000376701355,"xp":0.1812037080526352,"teamXp":0.2336481511592865,"teamDeaths":0.006000000052154064,"enemyTowersLeft":0.939393937587738,"deaths":0.0020000000949949026,"teamNetWorth":0.2721500098705292,"teamKills":0.013000000268220901},"lastItemPurchased":[0,1,0,0,0,0,0,0,0,0,0]},"npc_dota_hero_antimage":{"lastAbilityUpgraded":"","victory":true,"state":{"kills":0.0010000000474974513,"towersLeft":0.939393937587738,"netWorth":0.1028899997472763,"xp":0.4002160429954529,"teamXp":0.19619135558605194,"teamDeaths":0.014000000432133675,"enemyTowersLeft":0.9696969985961914,"deaths":0,"teamNetWorth":0.20465999841690063,"teamKills":0.006000000052154064},"lastItemPurchased":[0,0,0,0,0,0,0,0,0,0,0]},"npc_dota_hero_ursa":{"lastAbilityUpgraded":"","victory":false,"state":{"kills":0.004999999888241291,"towersLeft":0.9696969985961914,"netWorth":0.05869000032544136,"xp":0.2601543068885803,"teamXp":0.2336481511592865,"teamDeaths":0.006000000052154064,"enemyTowersLeft":0.939393937587738,"deaths":0,"teamNetWorth":0.2721500098705292,"teamKills":0.013000000268220901},"lastItemPurchased":[0,0,0,0,0,0,0,0,0,0,0]},"npc_dota_hero_rubick":{"lastAbilityUpgraded":"","victory":false,"state":{"kills":0.004000000189989805,"towersLeft":0.9696969985961914,"netWorth":0.03750000149011612,"xp":0.17401234805583954,"teamXp":0.2336481511592865,"teamDeaths":0.006000000052154064,"enemyTowersLeft":0.939393937587738,"deaths":0.0020000000949949026,"teamNetWorth":0.2721500098705292,"teamKills":0.013000000268220901},"lastItemPurchased":[0,0,0,0,0,0,0,0,0,0,0]},"npc_dota_hero_axe":{"lastAbilityUpgraded":"","victory":true,"state":{"kills":0.0010000000474974513,"towersLeft":0.939393937587738,"netWorth":0.032430000603199005,"xp":0.17444443702697754,"teamXp":0.19619135558605194,"teamDeaths":0.014000000432133675,"enemyTowersLeft":0.9696969985961914,"deaths":0.004000000189989805,"teamNetWorth":0.20465999841690063,"teamKills":0.006000000052154064},"lastItemPurchased":[0,0,0,0,0,0,0,0,0,0,0]},"npc_dota_hero_invoker":{"lastAbilityUpgraded":"","victory":false,"state":{"kills":0.0020000000949949026,"towersLeft":0.9696969985961914,"netWorth":0.06102000176906586,"xp":0.2746296226978302,"teamXp":0.2336481511592865,"teamDeaths":0.006000000052154064,"enemyTowersLeft":0.939393937587738,"deaths":0.0020000000949949026,"teamNetWorth":0.2721500098705292,"teamKills":0.013000000268220901},"lastItemPurchased":[0,0,0,0,0,0,0,0,0,0,0]},"npc_dota_hero_ogre_magi":{"lastAbilityUpgraded":"","victory":true,"state":{"kills":0.0020000000949949026,"towersLeft":0.939393937587738,"netWorth":0.01583999954164028,"xp":0.14129629731178284,"teamXp":0.19619135558605194,"teamDeaths":0.014000000432133675,"enemyTowersLeft":0.9696969985961914,"deaths":0.004000000189989805,"teamNetWorth":0.20465999841690063,"teamKills":0.006000000052154064},"lastItemPurchased":[0,0,0,1,0,0,0,0,0,0,0]},"npc_dota_hero_obsidian_destroyer":{"lastAbilityUpgraded":"","victory":true,"state":{"kills":0.0010000000474974513,"towersLeft":0.939393937587738,"netWorth":0.03897000104188919,"xp":0.19376543164253235,"teamXp":0.19619135558605194,"teamDeaths":0.014000000432133675,"enemyTowersLeft":0.9696969985961914,"deaths":0.004000000189989805,"teamNetWorth":0.20465999841690063,"teamKills":0.006000000052154064},"lastItemPurchased":[0,0,0,0,0,0,0,0,1,0,0]},"npc_dota_hero_omniknight":{"lastAbilityUpgraded":"","victory":true,"state":{"kills":0.0010000000474974513,"towersLeft":0.939393937587738,"netWorth":0.014530000276863575,"xp":0.0712345689535141,"teamXp":0.19619135558605194,"teamDeaths":0.014000000432133675,"enemyTowersLeft":0.9696969985961914,"deaths":0.0020000000949949026,"teamNetWorth":0.20465999841690063,"teamKills":0.006000000052154064},"lastItemPurchased":[0,0,0,0,0,0,0,0,0,0,0]},"npc_dota_hero_slark":{"lastAbilityUpgraded":"","victory":false,"state":{"kills":0.0010000000474974513,"towersLeft":0.9696969985961914,"netWorth":0.07196000218391418,"xp":0.27824074029922485,"teamXp":0.2336481511592865,"teamDeaths":0.006000000052154064,"enemyTowersLeft":0.939393937587738,"deaths":0,"teamNetWorth":0.2721500098705292,"teamKills":0.013000000268220901},"lastItemPurchased":[0,0,1,0,0,0,0,0,0,0,0]}}}