{"gameTime":32,"state":{"npc_dota_hero_ursa":{"lastAbilityUpgraded":"","victory":true,"state":{"kills":0.014000000432133675,"towersLeft":0.8181818127632141,"netWorth":0.07400999963283539,"xp":0.2967592477798462,"teamXp":0.29188272356987,"teamDeaths":0.032999999821186066,"enemyTowersLeft":0.8787878751754761,"deaths":0.007000000216066837,"teamNetWorth":0.31905001401901245,"teamKills":0.03099999949336052},"lastItemPurchased":[1,0,0,0,0,0,0,0,0,0,0]},"npc_dota_hero_drow_ranger":{"lastAbilityUpgraded":"","victory":false,"state":{"kills":0,"towersLeft":0.8787878751754761,"netWorth":0.06092999875545502,"xp":0.33472222089767456,"teamXp":0.3316975235939026,"teamDeaths":0.032999999821186066,"enemyTowersLeft":0.8181818127632141,"deaths":0.00800000037997961,"teamNetWorth":0.3643999993801117,"teamKills":0.032999999821186066},"lastItemPurchased":[0,0,0,0,0,0,0,0,0,0,0]},"npc_dota_hero_earthshaker":{"lastAbilityUpgraded":"","victory":false,"state":{"kills":0.0020000000949949026,"towersLeft":0.8787878751754761,"netWorth":0.044920001178979874,"xp":0.22274690866470337,"teamXp":0.3316975235939026,"teamDeaths":0.032999999821186066,"enemyTowersLeft":0.8181818127632141,"deaths":0.007000000216066837,"teamNetWorth":0.3643999993801117,"teamKills":0.032999999821186066},"lastItemPurchased":[0,0,0,0,0,0,0,0,0,0,0]},"npc_dota_hero_phantom_assassin":{"lastAbilityUpgraded":"","victory":true,"state":{"kills":0.007000000216066837,"towersLeft":0.8181818127632141,"netWorth":0.11483000218868256,"xp":0.46367284655570984,"teamXp":0.29188272356987,"teamDeaths":0.032999999821186066,"enemyTowersLeft":0.8787878751754761,"deaths":0.004000000189989805,"teamNetWorth":0.31905001401901245,"teamKills":0.03099999949336052},"lastItemPurchased":[0,0,0,0,0,0,0,0,0,0,0]},"npc_dota_hero_tiny":{"lastAbilityUpgraded":"","victory":true,"state":{"kills":0.007000000216066837,"towersLeft":0.8181818127632141,"netWorth":0.07289999723434448,"xp":0.3071913719177246,"teamXp":0.29188272356987,"teamDeaths":0.032999999821186066,"enemyTowersLeft":0.8787878751754761,"deaths":0.007000000216066837,"teamNetWorth":0.31905001401901245,"teamKills":0.03099999949336052},"lastItemPurchased":[0,0,0,0,0,0,0,0,0,0,0]},"npc_dota_hero_lion":{"lastAbilityUpgraded":"","victory":true,"state":{"kills":0.003000000026077032,"towersLeft":0.8181818127632141,"netWorth":0.02500000037252903,"xp":0.17429012060165405,"teamXp":0.29188272356987,"teamDeaths":0.032999999821186066,"enemyTowersLeft":0.8787878751754761,"deaths":0.00800000037997961,"teamNetWorth":0.31905001401901245,"teamKills":0.03099999949336052},"lastItemPurchased":[0,0,0,0,0,0,0,0,0,0,0]},"npc_dota_hero_slardar":{"lastAbilityUpgraded":"","victory":true,"state":{"kills":0,"towersLeft":0.8181818127632141,"netWorth":0.03231000155210495,"xp":0.2175000011920929,"teamXp":0.29188272356987,"teamDeaths":0.032999999821186066,"enemyTowersLeft":0.8787878751754761,"deaths":0.007000000216066837,"teamNetWorth":0.31905001401901245,"teamKills":0.03099999949336052},"lastItemPurchased":[1,0,0,0,0,0,0,0,0,0,0]},"npc_dota_hero_ancient_apparition":{"lastAbilityUpgraded":"","victory":false,"state":{"kills":0.0020000000949949026,"towersLeft":0.8787878751754761,"netWorth":0.027710000053048134,"xp":0.153425931930542,"teamXp":0.3316975235939026,"teamDeaths":0.032999999821186066,"enemyTowersLeft":0.8181818127632141,"deaths":0.009999999776482582,"teamNetWorth":0.3643999993801117,"teamKills":0.032999999821186066},"lastItemPurchased":[0,0,0,0,0,0,0,0,0,0,0]},"npc_dota_hero_obsidian_destroyer":{"lastAbilityUpgraded":"","victory":false,"state":{"kills":0.010999999940395355,"towersLeft":0.8787878751754761,"netWorth":0.10412999987602234,"xp":0.41077160835266113,"teamXp":0.3316975235939026,"teamDeaths":0.032999999821186066,"enemyTowersLeft":0.8181818127632141,"deaths":0.004999999888241291,"teamNetWorth":0.3643999993801117,"teamKills":0.032999999821186066},"lastItemPurchased":[0,0,0,0,0,0,0,0,0,0,0]},"npc_dota_hero_weaver":{"lastAbilityUpgraded":"","victory":false,"state":{"kills":0.017999999225139618,"towersLeft":0.8787878751754761,"netWorth":0.12670999765396118,"xp":0.5368210077285767,"teamXp":0.3316975235939026,"teamDeaths":0.032999999821186066,"enemyTowersLeft":0.8181818127632141,"deaths":0.003000000026077032,"teamNetWorth":0.3643999993801117,"teamKills":0.032999999821186066},"lastItemPurchased":[0,0,0,0,0,0,0,1,0,0,0]}}}