{"gameTime":22,"state":{"npc_dota_hero_gyrocopter":{"lastAbilityUpgraded":"","victory":true,"state":{"kills":0.0010000000474974513,"towersLeft":0.939393937587738,"netWorth":0.043069999665021896,"xp":0.21231481432914734,"teamXp":0.22609876096248627,"teamDeaths":0.019999999552965164,"enemyTowersLeft":0.939393937587738,"deaths":0.003000000026077032,"teamNetWorth":0.2507300078868866,"teamKills":0.023000000044703484},"lastItemPurchased":[0,1,0,0,0,0,0,0,0,0,0]},"npc_dota_hero_zuus":{"lastAbilityUpgraded":"","victory":true,"state":{"kills":0.006000000052154064,"towersLeft":0.939393937587738,"netWorth":0.0421300008893013,"xp":0.15253086388111115,"teamXp":0.22609876096248627,"teamDeaths":0.019999999552965164,"enemyTowersLeft":0.939393937587738,"deaths":0.006000000052154064,"teamNetWorth":0.2507300078868866,"teamKills":0.023000000044703484},"lastItemPurchased":[1,0,0,0,0,0,0,0,0,0,0]},"npc_dota_hero_winter_wyvern":{"lastAbilityUpgraded":"","victory":false,"state":{"kills":0.006000000052154064,"towersLeft":0.939393937587738,"netWorth":0.04165999963879585,"xp":0.1520678997039795,"teamXp":0.21318519115447998,"teamDeaths":0.020999999716877937,"enemyTowersLeft":0.939393937587738,"deaths":0.003000000026077032,"teamNetWorth":0.25999000668525696,"teamKills":0.01600000075995922},"lastItemPurchased":[0,0,0,0,0,0,0,0,0,0,0]},"npc_dota_hero_alchemist":{"lastAbilityUpgraded":"","victory":false,"state":{"kills":0,"towersLeft":0.939393937587738,"netWorth":0.07319000363349915,"xp":0.26197531819343567,"teamXp":0.21318519115447998,"teamDeaths":0.020999999716877937,"enemyTowersLeft":0.939393937587738,"deaths":0.004999999888241291,"teamNetWorth":0.25999000668525696,"teamKills":0.01600000075995922},"lastItemPurchased":[0,0,0,0,0,0,0,0,0,0,0]},"npc_dota_hero_pudge":{"lastAbilityUpgraded":"","victory":true,"state":{"kills":0.007000000216066837,"towersLeft":0.939393937587738,"netWorth":0.02961999922990799,"xp":0.17200617492198944,"teamXp":0.22609876096248627,"teamDeaths":0.019999999552965164,"enemyTowersLeft":0.939393937587738,"deaths":0.007000000216066837,"teamNetWorth":0.2507300078868866,"teamKills":0.023000000044703484},"lastItemPurchased":[0,0,0,0,0,0,0,0,0,0,0]},"npc_dota_hero_phantom_lancer":{"lastAbilityUpgraded":"","victory":true,"state":{"kills":0.004999999888241291,"towersLeft":0.939393937587738,"netWorth":0.0738999992609024,"xp":0.32033950090408325,"teamXp":0.22609876096248627,"teamDeaths":0.019999999552965164,"enemyTowersLeft":0.939393937587738,"deaths":0.0020000000949949026,"teamNetWorth":0.2507300078868866,"teamKills":0.023000000044703484},"lastItemPurchased":[0,0,0,0,1,0,0,0,0,0,0]},"npc_dota_hero_troll_warlord":{"lastAbilityUpgraded":"","victory":false,"state":{"kills":0.0020000000949949026,"towersLeft":0.939393937587738,"netWorth":0.050850000232458115,"xp":0.2594444453716278,"teamXp":0.21318519115447998,"teamDeaths":0.020999999716877937,"enemyTowersLeft":0.939393937587738,"deaths":0.004000000189989805,"teamNetWorth":0.25999000668525696,"teamKills":0.01600000075995922},"lastItemPurchased":[0,0,0,0,0,0,0,0,0,0,0]},"npc_dota_hero_sniper":{"lastAbilityUpgraded":"","victory":false,"state":{"kills":0.006000000052154064,"towersLeft":0.939393937587738,"netWorth":0.06840000301599503,"xp":0.2585802376270294,"teamXp":0.21318519115447998,"teamDeaths":0.020999999716877937,"enemyTowersLeft":0.939393937587738,"deaths":0.004999999888241291,"teamNetWorth":0.25999000668525696,"teamKills":0.01600000075995922},"lastItemPurchased":[0,0,0,0,0,0,0,0,0,0,0]},"npc_dota_hero_puck":{"lastAbilityUpgraded":"","victory":true,"state":{"kills":0.004000000189989805,"towersLeft":0.939393937587738,"netWorth":0.06201000139117241,"xp":0.27330246567726135,"teamXp":0.22609876096248627,"teamDeaths":0.019999999552965164,"enemyTowersLeft":0.939393937587738,"deaths":0.0020000000949949026,"teamNetWorth":0.2507300078868866,"teamKills":0.023000000044703484},"lastItemPurchased":[0,1,0,0,0,0,0,0,0,0,0]},"npc_dota_hero_vengefulspirit":{"lastAbilityUpgraded":"","victory":false,"state":{"kills":0.0020000000949949026,"towersLeft":0.939393937587738,"netWorth":0.02589000016450882,"xp":0.13385802507400513,"teamXp":0.21318519115447998,"teamDeaths":0.020999999716877937,"enemyTowersLeft":0.939393937587738,"deaths":0.004000000189989805,"teamNetWorth":0.25999000668525696,"teamKills":0.01600000075995922},"lastItemPurchased":[0,0,0,0,0,0,0,0,0,0,0]}}}