{"gameTime":37,"state":{"npc_dota_hero_dark_seer":{"lastAbilityUpgraded":"","victory":true,"state":{"kills":0.004999999888241291,"towersLeft":0.9090909361839294,"netWorth":0.10926000028848648,"xp":0.42493826150894165,"teamXp":0.4174012243747711,"teamDeaths":0.020999999716877937,"enemyTowersLeft":0.8181818127632141,"deaths":0.004999999888241291,"teamNetWorth":0.5009300112724304,"teamKills":0.029999999329447746},"lastItemPurchased":[0,0,0,0,0,0,0,0,0,0,0]},"npc_dota_hero_pudge":{"lastAbilityUpgraded":"","victory":true,"state":{"kills":0.008999999612569809,"towersLeft":0.9090909361839294,"netWorth":0.07890000194311142,"xp":0.31956788897514343,"teamXp":0.4174012243747711,"teamDeaths":0.020999999716877937,"enemyTowersLeft":0.8181818127632141,"deaths":0.004999999888241291,"teamNetWorth":0.5009300112724304,"teamKills":0.029999999329447746},"lastItemPurchased":[0,0,0,1,0,0,0,0,0,0,0]},"npc_dota_hero_terrorblade":{"lastAbilityUpgraded":"","victory":true,"state":{"kills":0.006000000052154064,"towersLeft":0.9090909361839294,"netWorth":0.15173999965190887,"xp":0.5282716155052185,"teamXp":0.4174012243747711,"teamDeaths":0.020999999716877937,"enemyTowersLeft":0.8181818127632141,"deaths":0.003000000026077032,"teamNetWorth":0.5009300112724304,"teamKills":0.029999999329447746},"lastItemPurchased":[0,0,0,0,0,0,0,0,0,0,0]},"npc_dota_hero_mirana":{"lastAbilityUpgraded":"","victory":true,"state":{"kills":0.006000000052154064,"towersLeft":0.9090909361839294,"netWorth":0.10656999796628952,"xp":0.4710802435874939,"teamXp":0.4174012243747711,"teamDeaths":0.020999999716877937,"enemyTowersLeft":0.8181818127632141,"deaths":0.003000000026077032,"teamNetWorth":0.5009300112724304,"teamKills":0.029999999329447746},"lastItemPurchased":[0,0,0,0,0,0,0,0,0,0,0]},"npc_dota_hero_ember_spirit":{"lastAbilityUpgraded":"","victory":false,"state":{"kills":0.004999999888241291,"towersLeft":0.8181818127632141,"netWorth":0.13293999433517456,"xp":0.6266666650772095,"teamXp":0.3634999990463257,"teamDeaths":0.03500000014901161,"enemyTowersLeft":0.9090909361839294,"deaths":0.006000000052154064,"teamNetWorth":0.4021899998188019,"teamKills":0.020999999716877937},"lastItemPurchased":[0,0,0,0,0,0,0,0,0,0,0]},"npc_dota_hero_luna":{"lastAbilityUpgraded":"","victory":false,"state":{"kills":0.007000000216066837,"towersLeft":0.8181818127632141,"netWorth":0.15818999707698822,"xp":0.5557715892791748,"teamXp":0.3634999990463257,"teamDeaths":0.03500000014901161,"enemyTowersLeft":0.9090909361839294,"deaths":0.004000000189989805,"teamNetWorth":0.4021899998188019,"teamKills":0.020999999716877937},"lastItemPurchased":[0,0,0,0,0,0,0,0,0,0,0]},"npc_dota_hero_lion":{"lastAbilityUpgraded":"","victory":true,"state":{"kills":0.004000000189989805,"towersLeft":0.9090909361839294,"netWorth":0.05446000024676323,"xp":0.3431481420993805,"teamXp":0.4174012243747711,"teamDeaths":0.020999999716877937,"enemyTowersLeft":0.8181818127632141,"deaths":0.004999999888241291,"teamNetWorth":0.5009300112724304,"teamKills":0.029999999329447746},"lastItemPurchased":[1,0,0,0,0,0,0,0,0,0,0]},"npc_dota_hero_ogre_magi":{"lastAbilityUpgraded":"","victory":false,"state":{"kills":0.003000000026077032,"towersLeft":0.8181818127632141,"netWorth":0.016049999743700027,"xp":0.12324073910713196,"teamXp":0.3634999990463257,"teamDeaths":0.03500000014901161,"enemyTowersLeft":0.9090909361839294,"deaths":0.009999999776482582,"teamNetWorth":0.4021899998188019,"teamKills":0.020999999716877937},"lastItemPurchased":[1,0,0,0,0,0,0,0,0,0,0]},"npc_dota_hero_shadow_demon":{"lastAbilityUpgraded":"","victory":false,"state":{"kills":0.004000000189989805,"towersLeft":0.8181818127632141,"netWorth":0.05350000038743019,"xp":0.25453704595565796,"teamXp":0.3634999990463257,"teamDeaths":0.03500000014901161,"enemyTowersLeft":0.9090909361839294,"deaths":0.008999999612569809,"teamNetWorth":0.4021899998188019,"teamKills":0.020999999716877937},"lastItemPurchased":[0,0,0,0,0,0,0,0,0,0,0]},"npc_dota_hero_omniknight":{"lastAbilityUpgraded":"","victory":false,"state":{"kills":0.0020000000949949026,"towersLeft":0.8181818127632141,"netWorth":0.041510000824928284,"xp":0.2572839558124542,"teamXp":0.3634999990463257,"teamDeaths":0.03500000014901161,"enemyTowersLeft":0.9090909361839294,"deaths":0.006000000052154064,"teamNetWorth":0.4021899998188019,"teamKills":0.020999999716877937},"lastItemPurchased":[1,0,0,0,0,0,0,0,0,0,0]}}}