{"gameTime":58,"state":{"npc_dota_hero_dark_seer":{"lastAbilityUpgraded":"","victory":true,"state":{"kills":0.006000000052154064,"towersLeft":0.7878788113594055,"netWorth":0.18571999669075012,"xp":0.65996915102005,"teamXp":0.7505679130554199,"teamDeaths":0.041999999433755875,"enemyTowersLeft":0.21212121844291687,"deaths":0.00800000037997961,"teamNetWorth":0.8507000207901001,"teamKills":0.04500000178813934},"lastItemPurchased":[0,0,0,0,0,0,0,0,0,0,1]},"npc_dota_hero_pudge":{"lastAbilityUpgraded":"","victory":true,"state":{"kills":0.010999999940395355,"towersLeft":0.7878788113594055,"netWorth":0.09159000217914581,"xp":0.5754938125610352,"teamXp":0.7505679130554199,"teamDeaths":0.041999999433755875,"enemyTowersLeft":0.21212121844291687,"deaths":0.008999999612569809,"teamNetWorth":0.8507000207901001,"teamKills":0.04500000178813934},"lastItemPurchased":[0,0,0,0,0,0,0,0,0,0,0]},"npc_dota_hero_terrorblade":{"lastAbilityUpgraded":"","victory":true,"state":{"kills":0.013000000268220901,"towersLeft":0.7878788113594055,"netWorth":0.28036001324653625,"xp":0.9508024454116821,"teamXp":0.7505679130554199,"teamDeaths":0.041999999433755875,"enemyTowersLeft":0.21212121844291687,"deaths":0.00800000037997961,"teamNetWorth":0.8507000207901001,"teamKills":0.04500000178813934},"lastItemPurchased":[0,0,0,0,0,0,0,0,0,0,0]},"npc_dota_hero_mirana":{"lastAbilityUpgraded":"","victory":true,"state":{"kills":0.010999999940395355,"towersLeft":0.7878788113594055,"netWorth":0.2279299944639206,"xp":0.9925925731658936,"teamXp":0.7505679130554199,"teamDeaths":0.041999999433755875,"enemyTowersLeft":0.21212121844291687,"deaths":0.006000000052154064,"teamNetWorth":0.8507000207901001,"teamKills":0.04500000178813934},"lastItemPurchased":[0,0,0,0,0,0,0,0,0,0,0]},"npc_dota_hero_ember_spirit":{"lastAbilityUpgraded":"","victory":false,"state":{"kills":0.01600000075995922,"towersLeft":0.24242424964904785,"netWorth":0.2953599989414215,"xp":1.0140432119369507,"teamXp":0.7072839736938477,"teamDeaths":0.05000000074505806,"enemyTowersLeft":0.8181818127632141,"deaths":0.00800000037997961,"teamNetWorth":0.8112800121307373,"teamKills":0.04100000113248825},"lastItemPurchased":[0,0,0,0,0,0,0,0,0,0,0]},"npc_dota_hero_luna":{"lastAbilityUpgraded":"","victory":false,"state":{"kills":0.013000000268220901,"towersLeft":0.24242424964904785,"netWorth":0.24323000013828278,"xp":0.9794753193855286,"teamXp":0.7072839736938477,"teamDeaths":0.05000000074505806,"enemyTowersLeft":0.8181818127632141,"deaths":0.007000000216066837,"teamNetWorth":0.8112800121307373,"teamKills":0.04100000113248825},"lastItemPurchased":[0,0,0,0,0,0,0,0,0,0,0]},"npc_dota_hero_lion":{"lastAbilityUpgraded":"","victory":true,"state":{"kills":0.004000000189989805,"towersLeft":0.7878788113594055,"netWorth":0.06509999930858612,"xp":0.5739814639091492,"teamXp":0.7505679130554199,"teamDeaths":0.041999999433755875,"enemyTowersLeft":0.21212121844291687,"deaths":0.010999999940395355,"teamNetWorth":0.8507000207901001,"teamKills":0.04500000178813934},"lastItemPurchased":[0,0,0,0,0,0,0,0,0,0,0]},"npc_dota_hero_ogre_magi":{"lastAbilityUpgraded":"","victory":false,"state":{"kills":0.003000000026077032,"towersLeft":0.24242424964904785,"netWorth":0.04154999926686287,"xp":0.3456481397151947,"teamXp":0.7072839736938477,"teamDeaths":0.05000000074505806,"enemyTowersLeft":0.8181818127632141,"deaths":0.014000000432133675,"teamNetWorth":0.8112800121307373,"teamKills":0.04100000113248825},"lastItemPurchased":[0,0,0,0,0,0,0,0,0,0,0]},"npc_dota_hero_shadow_demon":{"lastAbilityUpgraded":"","victory":false,"state":{"kills":0.006000000052154064,"towersLeft":0.24242424964904785,"netWorth":0.07726000249385834,"xp":0.48944443464279175,"teamXp":0.7072839736938477,"teamDeaths":0.05000000074505806,"enemyTowersLeft":0.8181818127632141,"deaths":0.014000000432133675,"teamNetWorth":0.8112800121307373,"teamKills":0.04100000113248825},"lastItemPurchased":[0,0,0,0,0,0,0,0,0,0,0]},"npc_dota_hero_omniknight":{"lastAbilityUpgraded":"","victory":false,"state":{"kills":0.003000000026077032,"towersLeft":0.24242424964904785,"netWorth":0.15388000011444092,"xp":0.7078086137771606,"teamXp":0.7072839736938477,"teamDeaths":0.05000000074505806,"enemyTowersLeft":0.8181818127632141,"deaths":0.007000000216066837,"teamNetWorth":0.8112800121307373,"teamKills":0.04100000113248825},"lastItemPurchased":[0,0,0,0,0,0,0,0,0,0,0]}}}