{"gameTime":19,"state":{"npc_dota_hero_nyx_assassin":{"lastAbilityUpgraded":"","victory":true,"state":{"kills":0.0010000000474974513,"towersLeft":0.9696969985961914,"netWorth":0.02250000089406967,"xp":0.13104937970638275,"teamXp":0.13344444334506989,"teamDeaths":0.014999999664723873,"enemyTowersLeft":0.9696969985961914,"deaths":0.0010000000474974513,"teamNetWorth":0.15160000324249268,"teamKills":0.01600000075995922},"lastItemPurchased":[0,0,0,0,0,0,0,0,0,0,0]},"npc_dota_hero_storm_spirit":{"lastAbilityUpgraded":"","victory":false,"state":{"kills":0.0020000000949949026,"towersLeft":1,"netWorth":0.04676000028848648,"xp":0.16524691879749298,"teamXp":0.13370370864868164,"teamDeaths":0.01600000075995922,"enemyTowersLeft":1,"deaths":0.0010000000474974513,"teamNetWorth":0.15171000361442566,"teamKills":0.014000000432133675},"lastItemPurchased":[0,0,0,0,0,0,0,0,0,0,0]},"npc_dota_hero_invoker":{"lastAbilityUpgraded":"","victory":true,"state":{"kills":0.007000000216066837,"towersLeft":0.9696969985961914,"netWorth":0.053700000047683716,"xp":0.19499999284744263,"teamXp":0.13344444334506989,"teamDeaths":0.014999999664723873,"enemyTowersLeft":0.9696969985961914,"deaths":0.0010000000474974513,"teamNetWorth":0.15160000324249268,"teamKills":0.01600000075995922},"lastItemPurchased":[0,0,0,0,0,1,0,0,0,0,0]},"npc_dota_hero_luna":{"lastAbilityUpgraded":"","victory":true,"state":{"kills":0.004999999888241291,"towersLeft":0.9696969985961914,"netWorth":0.03268999978899956,"xp":0.13327160477638245,"teamXp":0.13344444334506989,"teamDeaths":0.014999999664723873,"enemyTowersLeft":0.9696969985961914,"deaths":0.006000000052154064,"teamNetWorth":0.15160000324249268,"teamKills":0.01600000075995922},"lastItemPurchased":[0,0,0,0,0,0,0,0,0,0,0]},"npc_dota_hero_kunkka":{"lastAbilityUpgraded":"","victory":true,"state":{"kills":0.0020000000949949026,"towersLeft":0.9696969985961914,"netWorth":0.028710000216960907,"xp":0.12225309014320374,"teamXp":0.13344444334506989,"teamDeaths":0.014999999664723873,"enemyTowersLeft":0.9696969985961914,"deaths":0.0010000000474974513,"teamNetWorth":0.15160000324249268,"teamKills":0.01600000075995922},"lastItemPurchased":[0,0,0,0,0,0,0,0,0,0,0]},"npc_dota_hero_slardar":{"lastAbilityUpgraded":"","victory":false,"state":{"kills":0.00800000037997961,"towersLeft":1,"netWorth":0.040869999676942825,"xp":0.14364197850227356,"teamXp":0.13370370864868164,"teamDeaths":0.01600000075995922,"enemyTowersLeft":1,"deaths":0.003000000026077032,"teamNetWorth":0.15171000361442566,"teamKills":0.014000000432133675},"lastItemPurchased":[0,0,0,0,0,0,0,0,0,0,0]},"npc_dota_hero_shadow_demon":{"lastAbilityUpgraded":"","victory":true,"state":{"kills":0.0010000000474974513,"towersLeft":0.9696969985961914,"netWorth":0.014000000432133675,"xp":0.08564814925193787,"teamXp":0.13344444334506989,"teamDeaths":0.014999999664723873,"enemyTowersLeft":0.9696969985961914,"deaths":0.006000000052154064,"teamNetWorth":0.15160000324249268,"teamKills":0.01600000075995922},"lastItemPurchased":[1,0,0,0,0,0,0,0,0,0,0]},"npc_dota_hero_bane":{"lastAbilityUpgraded":"","victory":false,"state":{"kills":0.0020000000949949026,"towersLeft":1,"netWorth":0.016370000317692757,"xp":0.10793209820985794,"teamXp":0.13370370864868164,"teamDeaths":0.01600000075995922,"enemyTowersLeft":1,"deaths":0.007000000216066837,"teamNetWorth":0.15171000361442566,"teamKills":0.014000000432133675},"lastItemPurchased":[0,0,0,0,0,0,0,0,0,0,0]},"npc_dota_hero_disruptor":{"lastAbilityUpgraded":"","victory":false,"state":{"kills":0.0010000000474974513,"towersLeft":1,"netWorth":0.011719999834895134,"xp":0.10175926238298416,"teamXp":0.13370370864868164,"teamDeaths":0.01600000075995922,"enemyTowersLeft":1,"deaths":0.003000000026077032,"teamNetWorth":0.15171000361442566,"teamKills":0.014000000432133675},"lastItemPurchased":[0,0,0,0,0,0,0,0,0,0,0]},"npc_dota_hero_juggernaut":{"lastAbilityUpgraded":"","victory":false,"state":{"kills":0.0010000000474974513,"towersLeft":1,"netWorth":0.035989999771118164,"xp":0.14993827044963837,"teamXp":0.13370370864868164,"teamDeaths":0.01600000075995922,"enemyTowersLeft":1,"deaths":0.0020000000949949026,"teamNetWorth":0.15171000361442566,"teamKills":0.014000000432133675},"lastItemPurchased":[0,0,0,0,0,0,0,0,0,0,0]}}}