{"gameTime":15,"state":{"npc_dota_hero_storm_spirit":{"lastAbilityUpgraded":"","victory":false,"state":{"kills":0.003000000026077032,"towersLeft":1,"netWorth":0.045899998396635056,"xp":0.16527777910232544,"teamXp":0.11724074184894562,"teamDeaths":0.006000000052154064,"enemyTowersLeft":1,"deaths":0.0020000000949949026,"teamNetWorth":0.12713000178337097,"teamKills":0.007000000216066837},"lastItemPurchased":[0,0,0,0,0,0,0,0,0,0,0]},"npc_dota_hero_pudge":{"lastAbilityUpgraded":"","victory":false,"state":{"kills":0.0020000000949949026,"towersLeft":1,"netWorth":0.01551000028848648,"xp":0.06799382716417313,"teamXp":0.11724074184894562,"teamDeaths":0.006000000052154064,"enemyTowersLeft":1,"deaths":0.0010000000474974513,"teamNetWorth":0.12713000178337097,"teamKills":0.007000000216066837},"lastItemPurchased":[0,0,0,0,0,0,0,0,0,0,0]},"npc_dota_hero_sand_king":{"lastAbilityUpgraded":"","victory":true,"state":{"kills":0,"towersLeft":1,"netWorth":0.04035000130534172,"xp":0.1529938280582428,"teamXp":0.11814814805984497,"teamDeaths":0.00800000037997961,"enemyTowersLeft":1,"deaths":0.0010000000474974513,"teamNetWorth":0.14600999653339386,"teamKills":0.004000000189989805},"lastItemPurchased":[0,1,0,0,0,0,0,0,0,0,0]},"npc_dota_hero_invoker":{"lastAbilityUpgraded":"","victory":true,"state":{"kills":0.0020000000949949026,"towersLeft":1,"netWorth":0.03734000027179718,"xp":0.1391666680574417,"teamXp":0.11814814805984497,"teamDeaths":0.00800000037997961,"enemyTowersLeft":1,"deaths":0,"teamNetWorth":0.14600999653339386,"teamKills":0.004000000189989805},"lastItemPurchased":[0,0,0,0,0,0,0,0,0,0,0]},"npc_dota_hero_tiny":{"lastAbilityUpgraded":"","victory":true,"state":{"kills":0.0010000000474974513,"towersLeft":1,"netWorth":0.03280000016093254,"xp":0.13641975820064545,"teamXp":0.11814814805984497,"teamDeaths":0.00800000037997961,"enemyTowersLeft":1,"deaths":0.004000000189989805,"teamNetWorth":0.14600999653339386,"teamKills":0.004000000189989805},"lastItemPurchased":[0,1,0,0,0,0,0,0,0,0,0]},"npc_dota_hero_bounty_hunter":{"lastAbilityUpgraded":"","victory":true,"state":{"kills":0.0010000000474974513,"towersLeft":1,"netWorth":0.019099999219179153,"xp":0.06703703850507736,"teamXp":0.11814814805984497,"teamDeaths":0.00800000037997961,"enemyTowersLeft":1,"deaths":0.003000000026077032,"teamNetWorth":0.14600999653339386,"teamKills":0.004000000189989805},"lastItemPurchased":[0,0,0,0,0,0,0,0,0,0,0]},"npc_dota_hero_lich":{"lastAbilityUpgraded":"","victory":true,"state":{"kills":0,"towersLeft":1,"netWorth":0.016419999301433563,"xp":0.09512345492839813,"teamXp":0.11814814805984497,"teamDeaths":0.00800000037997961,"enemyTowersLeft":1,"deaths":0,"teamNetWorth":0.14600999653339386,"teamKills":0.004000000189989805},"lastItemPurchased":[1,0,0,0,0,0,0,0,0,0,0]},"npc_dota_hero_magnataur":{"lastAbilityUpgraded":"","victory":false,"state":{"kills":0,"towersLeft":1,"netWorth":0.025960000231862068,"xp":0.13293209671974182,"teamXp":0.11724074184894562,"teamDeaths":0.006000000052154064,"enemyTowersLeft":1,"deaths":0.0010000000474974513,"teamNetWorth":0.12713000178337097,"teamKills":0.007000000216066837},"lastItemPurchased":[1,0,0,0,0,0,0,0,0,0,0]},"npc_dota_hero_disruptor":{"lastAbilityUpgraded":"","victory":false,"state":{"kills":0.0010000000474974513,"towersLeft":1,"netWorth":0.01355000026524067,"xp":0.08765432238578796,"teamXp":0.11724074184894562,"teamDeaths":0.006000000052154064,"enemyTowersLeft":1,"deaths":0.0010000000474974513,"teamNetWorth":0.12713000178337097,"teamKills":0.007000000216066837},"lastItemPurchased":[1,0,0,0,0,0,0,0,0,0,0]},"npc_dota_hero_slark":{"lastAbilityUpgraded":"","victory":false,"state":{"kills":0.0010000000474974513,"towersLeft":1,"netWorth":0.02621000073850155,"xp":0.13234567642211914,"teamXp":0.11724074184894562,"teamDeaths":0.006000000052154064,"enemyTowersLeft":1,"deaths":0.0010000000474974513,"teamNetWorth":0.12713000178337097,"teamKills":0.007000000216066837},"lastItemPurchased":[0,0,1,0,0,0,0,0,0,0,0]}}}