{"gameTime":41,"state":{"npc_dota_hero_storm_spirit":{"lastAbilityUpgraded":"","victory":false,"state":{"kills":0.008999999612569809,"towersLeft":0.8181818127632141,"netWorth":0.10293000191450119,"xp":0.5767592787742615,"teamXp":0.4718641936779022,"teamDeaths":0.03400000184774399,"enemyTowersLeft":0.9696969985961914,"deaths":0.009999999776482582,"teamNetWorth":0.398360013961792,"teamKills":0.027000000700354576},"lastItemPurchased":[0,0,0,0,0,0,0,0,0,0,0]},"npc_dota_hero_pudge":{"lastAbilityUpgraded":"","victory":false,"state":{"kills":0.004000000189989805,"towersLeft":0.8181818127632141,"netWorth":0.02930999919772148,"xp":0.24086420238018036,"teamXp":0.4718641936779022,"teamDeaths":0.03400000184774399,"enemyTowersLeft":0.9696969985961914,"deaths":0.007000000216066837,"teamNetWorth":0.398360013961792,"teamKills":0.027000000700354576},"lastItemPurchased":[0,0,0,0,0,0,0,0,0,0,0]},"npc_dota_hero_sand_king":{"lastAbilityUpgraded":"","victory":true,"state":{"kills":0.0020000000949949026,"towersLeft":0.9090909361839294,"netWorth":0.1269499957561493,"xp":0.6370987892150879,"teamXp":0.5334876775741577,"teamDeaths":0.026000000536441803,"enemyTowersLeft":0.7575757503509521,"deaths":0.004999999888241291,"teamNetWorth":0.5878099799156189,"teamKills":0.028999999165534973},"lastItemPurchased":[0,0,0,0,0,0,0,0,0,0,1]},"npc_dota_hero_invoker":{"lastAbilityUpgraded":"","victory":true,"state":{"kills":0.00800000037997961,"towersLeft":0.9090909361839294,"netWorth":0.12786999344825745,"xp":0.6230863928794861,"teamXp":0.5334876775741577,"teamDeaths":0.026000000536441803,"enemyTowersLeft":0.7575757503509521,"deaths":0.0020000000949949026,"teamNetWorth":0.5878099799156189,"teamKills":0.028999999165534973},"lastItemPurchased":[0,0,0,0,0,0,0,0,0,0,0]},"npc_dota_hero_tiny":{"lastAbilityUpgraded":"","victory":true,"state":{"kills":0.010999999940395355,"towersLeft":0.9090909361839294,"netWorth":0.190420001745224,"xp":0.6642283797264099,"teamXp":0.5334876775741577,"teamDeaths":0.026000000536441803,"enemyTowersLeft":0.7575757503509521,"deaths":0.007000000216066837,"teamNetWorth":0.5878099799156189,"teamKills":0.028999999165534973},"lastItemPurchased":[1,0,0,0,0,0,0,0,0,0,0]},"npc_dota_hero_bounty_hunter":{"lastAbilityUpgraded":"","victory":true,"state":{"kills":0.004999999888241291,"towersLeft":0.9090909361839294,"netWorth":0.08634000271558762,"xp":0.3874691426753998,"teamXp":0.5334876775741577,"teamDeaths":0.026000000536441803,"enemyTowersLeft":0.7575757503509521,"deaths":0.009999999776482582,"teamNetWorth":0.5878099799156189,"teamKills":0.028999999165534973},"lastItemPurchased":[0,0,0,0,0,0,0,0,0,0,0]},"npc_dota_hero_lich":{"lastAbilityUpgraded":"","victory":true,"state":{"kills":0.003000000026077032,"towersLeft":0.9090909361839294,"netWorth":0.05623000115156174,"xp":0.35555556416511536,"teamXp":0.5334876775741577,"teamDeaths":0.026000000536441803,"enemyTowersLeft":0.7575757503509521,"deaths":0.0020000000949949026,"teamNetWorth":0.5878099799156189,"teamKills":0.028999999165534973},"lastItemPurchased":[0,0,0,0,0,0,0,0,0,0,0]},"npc_dota_hero_magnataur":{"lastAbilityUpgraded":"","victory":false,"state":{"kills":0.007000000216066837,"towersLeft":0.8181818127632141,"netWorth":0.1296900063753128,"xp":0.6602160334587097,"teamXp":0.4718641936779022,"teamDeaths":0.03400000184774399,"enemyTowersLeft":0.9696969985961914,"deaths":0.004000000189989805,"teamNetWorth":0.398360013961792,"teamKills":0.027000000700354576},"lastItemPurchased":[0,0,0,0,0,0,0,0,0,0,0]},"npc_dota_hero_disruptor":{"lastAbilityUpgraded":"","victory":false,"state":{"kills":0.0020000000949949026,"towersLeft":0.8181818127632141,"netWorth":0.016499999910593033,"xp":0.23620370030403137,"teamXp":0.4718641936779022,"teamDeaths":0.03400000184774399,"enemyTowersLeft":0.9696969985961914,"deaths":0.008999999612569809,"teamNetWorth":0.398360013961792,"teamKills":0.027000000700354576},"lastItemPurchased":[0,0,0,0,0,0,0,0,0,0,0]},"npc_dota_hero_slark":{"lastAbilityUpgraded":"","victory":false,"state":{"kills":0.004999999888241291,"towersLeft":0.8181818127632141,"netWorth":0.11992999911308289,"xp":0.6452777981758118,"teamXp":0.4718641936779022,"teamDeaths":0.03400000184774399,"enemyTowersLeft":0.9696969985961914,"deaths":0.004000000189989805,"teamNetWorth":0.398360013961792,"teamKills":0.027000000700354576},"lastItemPurchased":[0,0,1,0,0,0,0,0,0,0,0]}}}