{"gameTime":38,"state":{"npc_dota_hero_antimage":{"lastAbilityUpgraded":"","victory":false,"state":{"kills":0.004999999888241291,"towersLeft":0.7272727489471436,"netWorth":0.14110000431537628,"xp":0.6830863952636719,"teamXp":0.5371605157852173,"teamDeaths":0.03500000014901161,"enemyTowersLeft":0.9696969985961914,"deaths":0.004000000189989805,"teamNetWorth":0.4828900098800659,"teamKills":0.03200000151991844},"lastItemPurchased":[0,0,0,0,0,0,0,0,0,0,0]},"npc_dota_hero_templar_assassin":{"lastAbilityUpgraded":"","victory":true,"state":{"kills":0.007000000216066837,"towersLeft":0.939393937587738,"netWorth":0.16840000450611115,"xp":0.7195678949356079,"teamXp":0.5243456959724426,"teamDeaths":0.027000000700354576,"enemyTowersLeft":0.6969696879386902,"deaths":0.004999999888241291,"teamNetWorth":0.5360100269317627,"teamKills":0.028999999165534973},"lastItemPurchased":[0,0,0,0,0,0,0,0,1,0,0]},"npc_dota_hero_axe":{"lastAbilityUpgraded":"","victory":true,"state":{"kills":0.004000000189989805,"towersLeft":0.939393937587738,"netWorth":0.06764999777078629,"xp":0.3778086304664612,"teamXp":0.5243456959724426,"teamDeaths":0.027000000700354576,"enemyTowersLeft":0.6969696879386902,"deaths":0.006000000052154064,"teamNetWorth":0.5360100269317627,"teamKills":0.028999999165534973},"lastItemPurchased":[0,0,0,1,0,0,0,0,0,0,0]},"npc_dota_hero_pudge":{"lastAbilityUpgraded":"","victory":false,"state":{"kills":0.004999999888241291,"towersLeft":0.7272727489471436,"netWorth":0.04831000044941902,"xp":0.3661728501319885,"teamXp":0.5371605157852173,"teamDeaths":0.03500000014901161,"enemyTowersLeft":0.9696969985961914,"deaths":0.007000000216066837,"teamNetWorth":0.4828900098800659,"teamKills":0.03200000151991844},"lastItemPurchased":[0,0,0,1,0,0,0,0,0,0,0]},"npc_dota_hero_terrorblade":{"lastAbilityUpgraded":"","victory":true,"state":{"kills":0.006000000052154064,"towersLeft":0.939393937587738,"netWorth":0.1281300038099289,"xp":0.5667592883110046,"teamXp":0.5243456959724426,"teamDeaths":0.027000000700354576,"enemyTowersLeft":0.6969696879386902,"deaths":0.004999999888241291,"teamNetWorth":0.5360100269317627,"teamKills":0.028999999165534973},"lastItemPurchased":[0,0,0,0,0,0,0,0,0,0,0]},"npc_dota_hero_nevermore":{"lastAbilityUpgraded":"","victory":false,"state":{"kills":0.010999999940395355,"towersLeft":0.7272727489471436,"netWorth":0.11878000199794769,"xp":0.6613271832466125,"teamXp":0.5371605157852173,"teamDeaths":0.03500000014901161,"enemyTowersLeft":0.9696969985961914,"deaths":0.007000000216066837,"teamNetWorth":0.4828900098800659,"teamKills":0.03200000151991844},"lastItemPurchased":[0,0,0,0,0,0,0,0,0,0,0]},"npc_dota_hero_abyssal_underlord":{"lastAbilityUpgraded":"","victory":true,"state":{"kills":0.009999999776482582,"towersLeft":0.939393937587738,"netWorth":0.10395999997854233,"xp":0.5028395056724548,"teamXp":0.5243456959724426,"teamDeaths":0.027000000700354576,"enemyTowersLeft":0.6969696879386902,"deaths":0.006000000052154064,"teamNetWorth":0.5360100269317627,"teamKills":0.028999999165534973},"lastItemPurchased":[0,0,0,0,0,0,0,0,0,0,0]},"npc_dota_hero_bounty_hunter":{"lastAbilityUpgraded":"","victory":false,"state":{"kills":0.0020000000949949026,"towersLeft":0.7272727489471436,"netWorth":0.050370000302791595,"xp":0.3255864083766937,"teamXp":0.5371605157852173,"teamDeaths":0.03500000014901161,"enemyTowersLeft":0.9696969985961914,"deaths":0.00800000037997961,"teamNetWorth":0.4828900098800659,"teamKills":0.03200000151991844},"lastItemPurchased":[0,0,0,0,0,0,0,0,0,0,0]},"npc_dota_hero_shadow_demon":{"lastAbilityUpgraded":"","victory":true,"state":{"kills":0.0020000000949949026,"towersLeft":0.939393937587738,"netWorth":0.06786999851465225,"xp":0.4547531008720398,"teamXp":0.5243456959724426,"teamDeaths":0.027000000700354576,"enemyTowersLeft":0.6969696879386902,"deaths":0.004999999888241291,"teamNetWorth":0.5360100269317627,"teamKills":0.028999999165534973},"lastItemPurchased":[0,0,0,0,0,0,1,0,0,0,0]},"npc_dota_hero_skeleton_king":{"lastAbilityUpgraded":"","victory":false,"state":{"kills":0.008999999612569809,"towersLeft":0.7272727489471436,"netWorth":0.12432999908924103,"xp":0.6496296525001526,"teamXp":0.5371605157852173,"teamDeaths":0.03500000014901161,"enemyTowersLeft":0.9696969985961914,"deaths":0.008999999612569809,"teamNetWorth":0.4828900098800659,"teamKills":0.03200000151991844},"lastItemPurchased":[0,1,0,0,0,0,0,0,0,0,0]}}}