{"gameTime":38,"state":{"npc_dota_hero_nyx_assassin":{"lastAbilityUpgraded":"","victory":false,"state":{"kills":0.003000000026077032,"towersLeft":0.6060606241226196,"netWorth":0.06106000021100044,"xp":0.356450617313385,"teamXp":0.35482099652290344,"teamDeaths":0.03799999877810478,"enemyTowersLeft":0.8787878751754761,"deaths":0.008999999612569809,"teamNetWorth":0.3453800082206726,"teamKills":0.017000000923871994},"lastItemPurchased":[0,0,0,0,0,0,0,0,0,0,0]},"npc_dota_hero_rubick":{"lastAbilityUpgraded":"","victory":true,"state":{"kills":0.004000000189989805,"towersLeft":0.9090909361839294,"netWorth":0.08472999930381775,"xp":0.35148146748542786,"teamXp":0.4891049265861511,"teamDeaths":0.020999999716877937,"enemyTowersLeft":0.6363636255264282,"deaths":0.0010000000474974513,"teamNetWorth":0.5723099708557129,"teamKills":0.039000000804662704},"lastItemPurchased":[0,0,0,0,0,0,0,0,0,0,0]},"npc_dota_hero_pudge":{"lastAbilityUpgraded":"","victory":true,"state":{"kills":0.008999999612569809,"towersLeft":0.9090909361839294,"netWorth":0.07021000236272812,"xp":0.36342594027519226,"teamXp":0.4891049265861511,"teamDeaths":0.020999999716877937,"enemyTowersLeft":0.6363636255264282,"deaths":0.006000000052154064,"teamNetWorth":0.5723099708557129,"teamKills":0.039000000804662704},"lastItemPurchased":[0,0,0,1,0,0,0,0,0,0,0]},"npc_dota_hero_invoker":{"lastAbilityUpgraded":"","victory":false,"state":{"kills":0.008999999612569809,"towersLeft":0.6060606241226196,"netWorth":0.10604000091552734,"xp":0.4418518543243408,"teamXp":0.35482099652290344,"teamDeaths":0.03799999877810478,"enemyTowersLeft":0.8787878751754761,"deaths":0.007000000216066837,"teamNetWorth":0.3453800082206726,"teamKills":0.017000000923871994},"lastItemPurchased":[0,0,0,1,0,0,0,0,0,0,0]},"npc_dota_hero_mirana":{"lastAbilityUpgraded":"","victory":false,"state":{"kills":0.0020000000949949026,"towersLeft":0.6060606241226196,"netWorth":0.05595000088214874,"xp":0.325401246547699,"teamXp":0.35482099652290344,"teamDeaths":0.03799999877810478,"enemyTowersLeft":0.8787878751754761,"deaths":0.006000000052154064,"teamNetWorth":0.3453800082206726,"teamKills":0.017000000923871994},"lastItemPurchased":[0,0,0,0,0,0,0,0,0,0,0]},"npc_dota_hero_luna":{"lastAbilityUpgraded":"","victory":false,"state":{"kills":0.003000000026077032,"towersLeft":0.6060606241226196,"netWorth":0.09292999655008316,"xp":0.42608025670051575,"teamXp":0.35482099652290344,"teamDeaths":0.03799999877810478,"enemyTowersLeft":0.8787878751754761,"deaths":0.007000000216066837,"teamNetWorth":0.3453800082206726,"teamKills":0.017000000923871994},"lastItemPurchased":[0,0,0,0,0,0,0,0,0,0,0]},"npc_dota_hero_rattletrap":{"lastAbilityUpgraded":"","victory":true,"state":{"kills":0.003000000026077032,"towersLeft":0.9090909361839294,"netWorth":0.08219999819993973,"xp":0.44496914744377136,"teamXp":0.4891049265861511,"teamDeaths":0.020999999716877937,"enemyTowersLeft":0.6363636255264282,"deaths":0.006000000052154064,"teamNetWorth":0.5723099708557129,"teamKills":0.039000000804662704},"lastItemPurchased":[0,0,0,0,0,0,0,0,0,0,0]},"npc_dota_hero_morphling":{"lastAbilityUpgraded":"","victory":true,"state":{"kills":0.00800000037997961,"towersLeft":0.9090909361839294,"netWorth":0.17071999609470367,"xp":0.6816049218177795,"teamXp":0.4891049265861511,"teamDeaths":0.020999999716877937,"enemyTowersLeft":0.6363636255264282,"deaths":0.0010000000474974513,"teamNetWorth":0.5723099708557129,"teamKills":0.039000000804662704},"lastItemPurchased":[0,1,0,0,0,0,0,0,0,0,0]},"npc_dota_hero_shadow_demon":{"lastAbilityUpgraded":"","victory":false,"state":{"kills":0,"towersLeft":0.6060606241226196,"netWorth":0.029400000348687172,"xp":0.22432099282741547,"teamXp":0.35482099652290344,"teamDeaths":0.03799999877810478,"enemyTowersLeft":0.8787878751754761,"deaths":0.008999999612569809,"teamNetWorth":0.3453800082206726,"teamKills":0.017000000923871994},"lastItemPurchased":[0,0,0,0,0,0,0,0,0,0,0]},"npc_dota_hero_obsidian_destroyer":{"lastAbilityUpgraded":"","victory":true,"state":{"kills":0.014999999664723873,"towersLeft":0.9090909361839294,"netWorth":0.164450004696846,"xp":0.604043185710907,"teamXp":0.4891049265861511,"teamDeaths":0.020999999716877937,"enemyTowersLeft":0.6363636255264282,"deaths":0.007000000216066837,"teamNetWorth":0.5723099708557129,"teamKills":0.039000000804662704},"lastItemPurchased":[0,0,0,0,0,0,0,0,0,0,0]}}}