{"gameTime":30,"state":{"npc_dota_hero_life_stealer":{"lastAbilityUpgraded":"","victory":true,"state":{"kills":0.004999999888241291,"towersLeft":0.9090909361839294,"netWorth":0.10560999810695648,"xp":0.4350000023841858,"teamXp":0.39398765563964844,"teamDeaths":0.02199999988079071,"enemyTowersLeft":0.9090909361839294,"deaths":0.003000000026077032,"teamNetWorth":0.3812200129032135,"teamKills":0.03700000047683716},"lastItemPurchased":[0,0,0,0,0,0,0,0,0,0,0]},"npc_dota_hero_rubick":{"lastAbilityUpgraded":"","victory":true,"state":{"kills":0.010999999940395355,"towersLeft":0.9090909361839294,"netWorth":0.06299000233411789,"xp":0.345061719417572,"teamXp":0.39398765563964844,"teamDeaths":0.02199999988079071,"enemyTowersLeft":0.9090909361839294,"deaths":0.004000000189989805,"teamNetWorth":0.3812200129032135,"teamKills":0.03700000047683716},"lastItemPurchased":[0,0,0,0,0,0,0,0,0,0,0]},"npc_dota_hero_pudge":{"lastAbilityUpgraded":"","victory":false,"state":{"kills":0.007000000216066837,"towersLeft":0.9090909361839294,"netWorth":0.036389999091625214,"xp":0.23179012537002563,"teamXp":0.3152284026145935,"teamDeaths":0.0430000014603138,"enemyTowersLeft":0.9090909361839294,"deaths":0.009999999776482582,"teamNetWorth":0.2906300127506256,"teamKills":0.02500000037252903},"lastItemPurchased":[0,0,0,0,0,0,0,0,0,0,0]},"npc_dota_hero_sand_king":{"lastAbilityUpgraded":"","victory":true,"state":{"kills":0.006000000052154064,"towersLeft":0.9090909361839294,"netWorth":0.0841900035738945,"xp":0.4216049313545227,"teamXp":0.39398765563964844,"teamDeaths":0.02199999988079071,"enemyTowersLeft":0.9090909361839294,"deaths":0.003000000026077032,"teamNetWorth":0.3812200129032135,"teamKills":0.03700000047683716},"lastItemPurchased":[0,0,0,1,0,0,0,0,0,0,0]},"npc_dota_hero_spirit_breaker":{"lastAbilityUpgraded":"","victory":true,"state":{"kills":0.0020000000949949026,"towersLeft":0.9090909361839294,"netWorth":0.027480000630021095,"xp":0.29577159881591797,"teamXp":0.39398765563964844,"teamDeaths":0.02199999988079071,"enemyTowersLeft":0.9090909361839294,"deaths":0.00800000037997961,"teamNetWorth":0.3812200129032135,"teamKills":0.03700000047683716},"lastItemPurchased":[1,0,0,0,0,0,0,0,0,0,0]},"npc_dota_hero_luna":{"lastAbilityUpgraded":"","victory":false,"state":{"kills":0.007000000216066837,"towersLeft":0.9090909361839294,"netWorth":0.10763999819755554,"xp":0.5328086614608765,"teamXp":0.3152284026145935,"teamDeaths":0.0430000014603138,"enemyTowersLeft":0.9090909361839294,"deaths":0.004999999888241291,"teamNetWorth":0.2906300127506256,"teamKills":0.02500000037252903},"lastItemPurchased":[0,0,0,0,0,0,0,0,0,0,0]},"npc_dota_hero_rattletrap":{"lastAbilityUpgraded":"","victory":false,"state":{"kills":0.003000000026077032,"towersLeft":0.9090909361839294,"netWorth":0.03274000063538551,"xp":0.2269444465637207,"teamXp":0.3152284026145935,"teamDeaths":0.0430000014603138,"enemyTowersLeft":0.9090909361839294,"deaths":0.007000000216066837,"teamNetWorth":0.2906300127506256,"teamKills":0.02500000037252903},"lastItemPurchased":[0,0,0,0,0,0,0,0,0,0,0]},"npc_dota_hero_shredder":{"lastAbilityUpgraded":"","victory":false,"state":{"kills":0.003000000026077032,"towersLeft":0.9090909361839294,"netWorth":0.050450000911951065,"xp":0.30882716178894043,"teamXp":0.3152284026145935,"teamDeaths":0.0430000014603138,"enemyTowersLeft":0.9090909361839294,"deaths":0.009999999776482582,"teamNetWorth":0.2906300127506256,"teamKills":0.02500000037252903},"lastItemPurchased":[0,0,0,0,0,0,0,0,0,0,0]},"npc_dota_hero_shadow_demon":{"lastAbilityUpgraded":"","victory":false,"state":{"kills":0.004999999888241291,"towersLeft":0.9090909361839294,"netWorth":0.06340999901294708,"xp":0.2757716178894043,"teamXp":0.3152284026145935,"teamDeaths":0.0430000014603138,"enemyTowersLeft":0.9090909361839294,"deaths":0.010999999940395355,"teamNetWorth":0.2906300127506256,"teamKills":0.02500000037252903},"lastItemPurchased":[0,0,0,0,0,0,0,0,0,0,0]},"npc_dota_hero_obsidian_destroyer":{"lastAbilityUpgraded":"","victory":true,"state":{"kills":0.013000000268220901,"towersLeft":0.9090909361839294,"netWorth":0.10095000267028809,"xp":0.4724999964237213,"teamXp":0.39398765563964844,"teamDeaths":0.02199999988079071,"enemyTowersLeft":0.9090909361839294,"deaths":0.004000000189989805,"teamNetWorth":0.3812200129032135,"teamKills":0.03700000047683716},"lastItemPurchased":[0,0,0,1,0,0,0,0,0,0,0]}}}