{"gameTime":38,"state":{"npc_dota_hero_life_stealer":{"lastAbilityUpgraded":"","victory":true,"state":{"kills":0.004999999888241291,"towersLeft":0.8787878751754761,"netWorth":0.13335999846458435,"xp":0.5670987367630005,"teamXp":0.5932469367980957,"teamDeaths":0.02800000086426735,"enemyTowersLeft":0.6666666865348816,"deaths":0.004000000189989805,"teamNetWorth":0.566349983215332,"teamKills":0.05000000074505806},"lastItemPurchased":[0,0,0,0,0,0,0,0,0,0,0]},"npc_dota_hero_rubick":{"lastAbilityUpgraded":"","victory":true,"state":{"kills":0.010999999940395355,"towersLeft":0.8787878751754761,"netWorth":0.07282999902963638,"xp":0.4815123379230499,"teamXp":0.5932469367980957,"teamDeaths":0.02800000086426735,"enemyTowersLeft":0.6666666865348816,"deaths":0.006000000052154064,"teamNetWorth":0.566349983215332,"teamKills":0.05000000074505806},"lastItemPurchased":[0,0,0,0,0,0,0,0,0,0,0]},"npc_dota_hero_pudge":{"lastAbilityUpgraded":"","victory":false,"state":{"kills":0.00800000037997961,"towersLeft":0.6666666865348816,"netWorth":0.04394000023603439,"xp":0.3212345540523529,"teamXp":0.42973455786705017,"teamDeaths":0.0560000017285347,"enemyTowersLeft":0.8787878751754761,"deaths":0.012000000104308128,"teamNetWorth":0.3496899902820587,"teamKills":0.03099999949336052},"lastItemPurchased":[0,0,0,0,0,0,0,0,0,0,0]},"npc_dota_hero_sand_king":{"lastAbilityUpgraded":"","victory":true,"state":{"kills":0.007000000216066837,"towersLeft":0.8787878751754761,"netWorth":0.13550999760627747,"xp":0.6983641982078552,"teamXp":0.5932469367980957,"teamDeaths":0.02800000086426735,"enemyTowersLeft":0.6666666865348816,"deaths":0.003000000026077032,"teamNetWorth":0.566349983215332,"teamKills":0.05000000074505806},"lastItemPurchased":[0,0,0,0,0,0,0,0,0,0,1]},"npc_dota_hero_spirit_breaker":{"lastAbilityUpgraded":"","victory":true,"state":{"kills":0.003000000026077032,"towersLeft":0.8787878751754761,"netWorth":0.04340000078082085,"xp":0.41290122270584106,"teamXp":0.5932469367980957,"teamDeaths":0.02800000086426735,"enemyTowersLeft":0.6666666865348816,"deaths":0.009999999776482582,"teamNetWorth":0.566349983215332,"teamKills":0.05000000074505806},"lastItemPurchased":[0,0,0,0,0,0,0,0,0,0,0]},"npc_dota_hero_luna":{"lastAbilityUpgraded":"","victory":false,"state":{"kills":0.009999999776482582,"towersLeft":0.6666666865348816,"netWorth":0.13729999959468842,"xp":0.6978394985198975,"teamXp":0.42973455786705017,"teamDeaths":0.0560000017285347,"enemyTowersLeft":0.8787878751754761,"deaths":0.007000000216066837,"teamNetWorth":0.3496899902820587,"teamKills":0.03099999949336052},"lastItemPurchased":[0,0,0,0,0,0,0,0,0,0,0]},"npc_dota_hero_rattletrap":{"lastAbilityUpgraded":"","victory":false,"state":{"kills":0.003000000026077032,"towersLeft":0.6666666865348816,"netWorth":0.037709999829530716,"xp":0.31540122628211975,"teamXp":0.42973455786705017,"teamDeaths":0.0560000017285347,"enemyTowersLeft":0.8787878751754761,"deaths":0.009999999776482582,"teamNetWorth":0.3496899902820587,"teamKills":0.03099999949336052},"lastItemPurchased":[0,0,0,0,0,0,0,0,0,0,0]},"npc_dota_hero_shredder":{"lastAbilityUpgraded":"","victory":false,"state":{"kills":0.004000000189989805,"towersLeft":0.6666666865348816,"netWorth":0.06367000192403793,"xp":0.4284876585006714,"teamXp":0.42973455786705017,"teamDeaths":0.0560000017285347,"enemyTowersLeft":0.8787878751754761,"deaths":0.013000000268220901,"teamNetWorth":0.3496899902820587,"teamKills":0.03099999949336052},"lastItemPurchased":[0,0,0,0,0,0,0,0,0,0,0]},"npc_dota_hero_shadow_demon":{"lastAbilityUpgraded":"","victory":false,"state":{"kills":0.006000000052154064,"towersLeft":0.6666666865348816,"netWorth":0.06706999987363815,"xp":0.38570988178253174,"teamXp":0.42973455786705017,"teamDeaths":0.0560000017285347,"enemyTowersLeft":0.8787878751754761,"deaths":0.014000000432133675,"teamNetWorth":0.3496899902820587,"teamKills":0.03099999949336052},"lastItemPurchased":[0,0,0,0,0,0,0,0,0,0,0]},"npc_dota_hero_obsidian_destroyer":{"lastAbilityUpgraded":"","victory":true,"state":{"kills":0.024000000208616257,"towersLeft":0.8787878751754761,"netWorth":0.18125000596046448,"xp":0.8063580393791199,"teamXp":0.5932469367980957,"teamDeaths":0.02800000086426735,"enemyTowersLeft":0.6666666865348816,"deaths":0.004999999888241291,"teamNetWorth":0.566349983215332,"teamKills":0.05000000074505806},"lastItemPurchased":[0,0,0,0,0,0,0,0,0,0,0]}}}