{"gameTime":34,"state":{"npc_dota_hero_warlock":{"lastAbilityUpgraded":"","victory":false,"state":{"kills":0.0010000000474974513,"towersLeft":0.39393940567970276,"netWorth":0.02865000069141388,"xp":0.14530864357948303,"teamXp":0.3014321029186249,"teamDeaths":0.019999999552965164,"enemyTowersLeft":0.8787878751754761,"deaths":0.0020000000949949026,"teamNetWorth":0.34220001101493835,"teamKills":0.008999999612569809},"lastItemPurchased":[0,0,0,0,0,0,0,0,0,0,0]},"npc_dota_hero_storm_spirit":{"lastAbilityUpgraded":"","victory":true,"state":{"kills":0.008999999612569809,"towersLeft":0.8787878751754761,"netWorth":0.14128999412059784,"xp":0.5418826937675476,"teamXp":0.36993208527565,"teamDeaths":0.010999999940395355,"enemyTowersLeft":0.39393940567970276,"deaths":0.0010000000474974513,"teamNetWorth":0.512470006942749,"teamKills":0.019999999552965164},"lastItemPurchased":[0,0,0,0,0,0,0,0,1,0,0]},"npc_dota_hero_rubick":{"lastAbilityUpgraded":"","victory":true,"state":{"kills":0.003000000026077032,"towersLeft":0.8787878751754761,"netWorth":0.07825999706983566,"xp":0.25225308537483215,"teamXp":0.36993208527565,"teamDeaths":0.010999999940395355,"enemyTowersLeft":0.39393940567970276,"deaths":0.0010000000474974513,"teamNetWorth":0.512470006942749,"teamKills":0.019999999552965164},"lastItemPurchased":[0,0,0,0,0,0,0,0,0,0,0]},"npc_dota_hero_legion_commander":{"lastAbilityUpgraded":"","victory":false,"state":{"kills":0,"towersLeft":0.39393940567970276,"netWorth":0.06352999806404114,"xp":0.324753075838089,"teamXp":0.3014321029186249,"teamDeaths":0.019999999552965164,"enemyTowersLeft":0.8787878751754761,"deaths":0.004999999888241291,"teamNetWorth":0.34220001101493835,"teamKills":0.008999999612569809},"lastItemPurchased":[0,0,0,0,0,0,0,0,0,0,0]},"npc_dota_hero_mirana":{"lastAbilityUpgraded":"","victory":false,"state":{"kills":0.004000000189989805,"towersLeft":0.39393940567970276,"netWorth":0.08132000267505646,"xp":0.3617592453956604,"teamXp":0.3014321029186249,"teamDeaths":0.019999999552965164,"enemyTowersLeft":0.8787878751754761,"deaths":0.004999999888241291,"teamNetWorth":0.34220001101493835,"teamKills":0.008999999612569809},"lastItemPurchased":[0,0,0,0,0,0,0,0,0,0,0]},"npc_dota_hero_beastmaster":{"lastAbilityUpgraded":"","victory":false,"state":{"kills":0.0020000000949949026,"towersLeft":0.39393940567970276,"netWorth":0.06047999858856201,"xp":0.2573765516281128,"teamXp":0.3014321029186249,"teamDeaths":0.019999999552965164,"enemyTowersLeft":0.8787878751754761,"deaths":0.004999999888241291,"teamNetWorth":0.34220001101493835,"teamKills":0.008999999612569809},"lastItemPurchased":[1,0,0,0,0,0,0,0,0,0,0]},"npc_dota_hero_lycan":{"lastAbilityUpgraded":"","victory":false,"state":{"kills":0.0020000000949949026,"towersLeft":0.39393940567970276,"netWorth":0.10822000354528427,"xp":0.4179629683494568,"teamXp":0.3014321029186249,"teamDeaths":0.019999999552965164,"enemyTowersLeft":0.8787878751754761,"deaths":0.003000000026077032,"teamNetWorth":0.34220001101493835,"teamKills":0.008999999612569809},"lastItemPurchased":[0,0,0,0,0,0,0,0,0,0,0]},"npc_dota_hero_ancient_apparition":{"lastAbilityUpgraded":"","victory":true,"state":{"kills":0.0020000000949949026,"towersLeft":0.8787878751754761,"netWorth":0.06066000089049339,"xp":0.2457716017961502,"teamXp":0.36993208527565,"teamDeaths":0.010999999940395355,"enemyTowersLeft":0.39393940567970276,"deaths":0.003000000026077032,"teamNetWorth":0.512470006942749,"teamKills":0.019999999552965164},"lastItemPurchased":[0,0,0,0,0,0,0,0,0,0,1]},"npc_dota_hero_omniknight":{"lastAbilityUpgraded":"","victory":true,"state":{"kills":0.0010000000474974513,"towersLeft":0.8787878751754761,"netWorth":0.07924000173807144,"xp":0.3584567904472351,"teamXp":0.36993208527565,"teamDeaths":0.010999999940395355,"enemyTowersLeft":0.39393940567970276,"deaths":0.004000000189989805,"teamNetWorth":0.512470006942749,"teamKills":0.019999999552965164},"lastItemPurchased":[0,0,0,0,0,0,0,0,0,0,0]},"npc_dota_hero_juggernaut":{"lastAbilityUpgraded":"","victory":true,"state":{"kills":0.004999999888241291,"towersLeft":0.8787878751754761,"netWorth":0.1530199944972992,"xp":0.45129629969596863,"teamXp":0.36993208527565,"teamDeaths":0.010999999940395355,"enemyTowersLeft":0.39393940567970276,"deaths":0.0020000000949949026,"teamNetWorth":0.512470006942749,"teamKills":0.019999999552965164},"lastItemPurchased":[0,0,0,0,0,0,0,0,0,1,0]}}}