{"gameTime":30,"state":{"npc_dota_hero_nyx_assassin":{"lastAbilityUpgraded":"","victory":false,"state":{"kills":0.0010000000474974513,"towersLeft":0.9090909361839294,"netWorth":0.03694000095129013,"xp":0.2083950638771057,"teamXp":0.27165430784225464,"teamDeaths":0.013000000268220901,"enemyTowersLeft":0.939393937587738,"deaths":0.003000000026077032,"teamNetWorth":0.29280000925064087,"teamKills":0.017000000923871994},"lastItemPurchased":[0,0,0,0,0,0,0,0,0,0,0]},"npc_dota_hero_life_stealer":{"lastAbilityUpgraded":"","victory":true,"state":{"kills":0.004000000189989805,"towersLeft":0.939393937587738,"netWorth":0.08590000122785568,"xp":0.3300308585166931,"teamXp":0.2551790177822113,"teamDeaths":0.01600000075995922,"enemyTowersLeft":0.9090909361839294,"deaths":0.0010000000474974513,"teamNetWorth":0.27764999866485596,"teamKills":0.010999999940395355},"lastItemPurchased":[0,0,0,0,0,0,0,0,0,1,0]},"npc_dota_hero_templar_assassin":{"lastAbilityUpgraded":"","victory":false,"state":{"kills":0.006000000052154064,"towersLeft":0.9090909361839294,"netWorth":0.1050100028514862,"xp":0.4350000023841858,"teamXp":0.27165430784225464,"teamDeaths":0.013000000268220901,"enemyTowersLeft":0.939393937587738,"deaths":0.004000000189989805,"teamNetWorth":0.29280000925064087,"teamKills":0.017000000923871994},"lastItemPurchased":[0,0,0,0,0,0,0,0,0,0,0]},"npc_dota_hero_mirana":{"lastAbilityUpgraded":"","victory":false,"state":{"kills":0.0010000000474974513,"towersLeft":0.9090909361839294,"netWorth":0.032979998737573624,"xp":0.14336419105529785,"teamXp":0.27165430784225464,"teamDeaths":0.013000000268220901,"enemyTowersLeft":0.939393937587738,"deaths":0.0020000000949949026,"teamNetWorth":0.29280000925064087,"teamKills":0.017000000923871994},"lastItemPurchased":[0,0,0,0,0,0,0,0,0,0,0]},"npc_dota_hero_chaos_knight":{"lastAbilityUpgraded":"","victory":false,"state":{"kills":0.004000000189989805,"towersLeft":0.9090909361839294,"netWorth":0.09430000185966492,"xp":0.36179012060165405,"teamXp":0.27165430784225464,"teamDeaths":0.013000000268220901,"enemyTowersLeft":0.939393937587738,"deaths":0.0010000000474974513,"teamNetWorth":0.29280000925064087,"teamKills":0.017000000923871994},"lastItemPurchased":[0,0,0,0,0,0,0,0,0,0,0]},"npc_dota_hero_skeleton_king":{"lastAbilityUpgraded":"","victory":true,"state":{"kills":0.0010000000474974513,"towersLeft":0.939393937587738,"netWorth":0.0660099983215332,"xp":0.30817902088165283,"teamXp":0.2551790177822113,"teamDeaths":0.01600000075995922,"enemyTowersLeft":0.9090909361839294,"deaths":0.003000000026077032,"teamNetWorth":0.27764999866485596,"teamKills":0.010999999940395355},"lastItemPurchased":[0,0,0,0,0,0,0,0,0,0,0]},"npc_dota_hero_bane":{"lastAbilityUpgraded":"","victory":false,"state":{"kills":0.004999999888241291,"towersLeft":0.9090909361839294,"netWorth":0.023569999262690544,"xp":0.20972222089767456,"teamXp":0.27165430784225464,"teamDeaths":0.013000000268220901,"enemyTowersLeft":0.939393937587738,"deaths":0.003000000026077032,"teamNetWorth":0.29280000925064087,"teamKills":0.017000000923871994},"lastItemPurchased":[0,0,0,0,0,0,0,0,0,0,0]},"npc_dota_hero_juggernaut":{"lastAbilityUpgraded":"","victory":true,"state":{"kills":0.0010000000474974513,"towersLeft":0.939393937587738,"netWorth":0.07131999731063843,"xp":0.3477160632610321,"teamXp":0.2551790177822113,"teamDeaths":0.01600000075995922,"enemyTowersLeft":0.9090909361839294,"deaths":0.0020000000949949026,"teamNetWorth":0.27764999866485596,"teamKills":0.010999999940395355},"lastItemPurchased":[0,0,0,0,0,0,0,0,0,0,0]},"npc_dota_hero_disruptor":{"lastAbilityUpgraded":"","victory":true,"state":{"kills":0.004999999888241291,"towersLeft":0.939393937587738,"netWorth":0.021150000393390656,"xp":0.11969135701656342,"teamXp":0.2551790177822113,"teamDeaths":0.01600000075995922,"enemyTowersLeft":0.9090909361839294,"deaths":0.007000000216066837,"teamNetWorth":0.27764999866485596,"teamKills":0.010999999940395355},"lastItemPurchased":[1,0,0,0,0,0,0,0,0,0,0]},"npc_dota_hero_magnataur":{"lastAbilityUpgraded":"","victory":true,"state":{"kills":0,"towersLeft":0.939393937587738,"netWorth":0.03327000141143799,"xp":0.17027777433395386,"teamXp":0.2551790177822113,"teamDeaths":0.01600000075995922,"enemyTowersLeft":0.9090909361839294,"deaths":0.003000000026077032,"teamNetWorth":0.27764999866485596,"teamKills":0.010999999940395355},"lastItemPurchased":[1,0,0,0,0,0,0,0,0,0,0]}}}