{"gameTime":17,"state":{"npc_dota_hero_tusk":{"lastAbilityUpgraded":"","victory":false,"state":{"kills":0,"towersLeft":1,"netWorth":0.011760000139474869,"xp":0.04487654194235802,"teamXp":0.10989506542682648,"teamDeaths":0.00800000037997961,"enemyTowersLeft":1,"deaths":0.004999999888241291,"teamNetWorth":0.13765999674797058,"teamKills":0.00800000037997961},"lastItemPurchased":[0,0,0,0,0,0,0,0,0,0,0]},"npc_dota_hero_life_stealer":{"lastAbilityUpgraded":"","victory":false,"state":{"kills":0.0020000000949949026,"towersLeft":1,"netWorth":0.04805000126361847,"xp":0.1578703671693802,"teamXp":0.10989506542682648,"teamDeaths":0.00800000037997961,"enemyTowersLeft":1,"deaths":0,"teamNetWorth":0.13765999674797058,"teamKills":0.00800000037997961},"lastItemPurchased":[0,0,0,0,0,0,0,0,0,0,0]},"npc_dota_hero_pudge":{"lastAbilityUpgraded":"","victory":true,"state":{"kills":0.004999999888241291,"towersLeft":1,"netWorth":0.014910000376403332,"xp":0.07191357761621475,"teamXp":0.11698148399591446,"teamDeaths":0.012000000104308128,"enemyTowersLeft":1,"deaths":0.004999999888241291,"teamNetWorth":0.13393999636173248,"teamKills":0.009999999776482582},"lastItemPurchased":[0,0,0,0,0,0,0,0,0,0,0]},"npc_dota_hero_tinker":{"lastAbilityUpgraded":"","victory":false,"state":{"kills":0.004999999888241291,"towersLeft":1,"netWorth":0.034449998289346695,"xp":0.13694444298744202,"teamXp":0.10989506542682648,"teamDeaths":0.00800000037997961,"enemyTowersLeft":1,"deaths":0.0020000000949949026,"teamNetWorth":0.13765999674797058,"teamKills":0.00800000037997961},"lastItemPurchased":[0,0,0,0,1,0,0,0,0,0,0]},"npc_dota_hero_ogre_magi":{"lastAbilityUpgraded":"","victory":true,"state":{"kills":0,"towersLeft":1,"netWorth":0.004989999812096357,"xp":0.06932098418474197,"teamXp":0.11698148399591446,"teamDeaths":0.012000000104308128,"enemyTowersLeft":1,"deaths":0.003000000026077032,"teamNetWorth":0.13393999636173248,"teamKills":0.009999999776482582},"lastItemPurchased":[0,0,0,0,0,0,0,0,0,0,0]},"npc_dota_hero_morphling":{"lastAbilityUpgraded":"","victory":true,"state":{"kills":0,"towersLeft":1,"netWorth":0.05308999866247177,"xp":0.1644444465637207,"teamXp":0.11698148399591446,"teamDeaths":0.012000000104308128,"enemyTowersLeft":1,"deaths":0,"teamNetWorth":0.13393999636173248,"teamKills":0.009999999776482582},"lastItemPurchased":[0,0,0,0,0,0,0,0,0,0,0]},"npc_dota_hero_shadow_demon":{"lastAbilityUpgraded":"","victory":false,"state":{"kills":0.0010000000474974513,"towersLeft":1,"netWorth":0.01906999945640564,"xp":0.1091049388051033,"teamXp":0.10989506542682648,"teamDeaths":0.00800000037997961,"enemyTowersLeft":1,"deaths":0,"teamNetWorth":0.13765999674797058,"teamKills":0.00800000037997961},"lastItemPurchased":[0,0,0,0,0,0,0,0,0,0,0]},"npc_dota_hero_obsidian_destroyer":{"lastAbilityUpgraded":"","victory":true,"state":{"kills":0.003000000026077032,"towersLeft":1,"netWorth":0.034529998898506165,"xp":0.15422838926315308,"teamXp":0.11698148399591446,"teamDeaths":0.012000000104308128,"enemyTowersLeft":1,"deaths":0.003000000026077032,"teamNetWorth":0.13393999636173248,"teamKills":0.009999999776482582},"lastItemPurchased":[0,0,0,0,0,0,0,0,0,0,0]},"npc_dota_hero_omniknight":{"lastAbilityUpgraded":"","victory":true,"state":{"kills":0.0020000000949949026,"towersLeft":1,"netWorth":0.026419999077916145,"xp":0.125,"teamXp":0.11698148399591446,"teamDeaths":0.012000000104308128,"enemyTowersLeft":1,"deaths":0.0010000000474974513,"teamNetWorth":0.13393999636173248,"teamKills":0.009999999776482582},"lastItemPurchased":[0,0,0,0,0,1,0,0,0,0,0]},"npc_dota_hero_magnataur":{"lastAbilityUpgraded":"","victory":false,"state":{"kills":0,"towersLeft":1,"netWorth":0.024329999461770058,"xp":0.10067901015281677,"teamXp":0.10989506542682648,"teamDeaths":0.00800000037997961,"enemyTowersLeft":1,"deaths":0.0010000000474974513,"teamNetWorth":0.13765999674797058,"teamKills":0.00800000037997961},"lastItemPurchased":[0,0,0,0,0,0,0,0,0,0,0]}}}