{"gameTime":25,"state":{"npc_dota_hero_tusk":{"lastAbilityUpgraded":"","victory":false,"state":{"kills":0.0020000000949949026,"towersLeft":0.9090909361839294,"netWorth":0.026159999892115593,"xp":0.13296295702457428,"teamXp":0.21048764884471893,"teamDeaths":0.017000000923871994,"enemyTowersLeft":1,"deaths":0.007000000216066837,"teamNetWorth":0.21412000060081482,"teamKills":0.013000000268220901},"lastItemPurchased":[0,0,0,0,0,0,0,0,0,0,0]},"npc_dota_hero_life_stealer":{"lastAbilityUpgraded":"","victory":false,"state":{"kills":0.004999999888241291,"towersLeft":0.9090909361839294,"netWorth":0.07299000024795532,"xp":0.2787962853908539,"teamXp":0.21048764884471893,"teamDeaths":0.017000000923871994,"enemyTowersLeft":1,"deaths":0.0020000000949949026,"teamNetWorth":0.21412000060081482,"teamKills":0.013000000268220901},"lastItemPurchased":[0,0,0,0,0,0,0,0,0,0,0]},"npc_dota_hero_pudge":{"lastAbilityUpgraded":"","victory":true,"state":{"kills":0.007000000216066837,"towersLeft":1,"netWorth":0.027210000902414322,"xp":0.1603703647851944,"teamXp":0.24632716178894043,"teamDeaths":0.01899999938905239,"enemyTowersLeft":0.9090909361839294,"deaths":0.00800000037997961,"teamNetWorth":0.2807199954986572,"teamKills":0.019999999552965164},"lastItemPurchased":[0,0,0,0,0,0,0,0,0,0,0]},"npc_dota_hero_tinker":{"lastAbilityUpgraded":"","victory":false,"state":{"kills":0.004999999888241291,"towersLeft":0.9090909361839294,"netWorth":0.05389000102877617,"xp":0.2669753134250641,"teamXp":0.21048764884471893,"teamDeaths":0.017000000923871994,"enemyTowersLeft":1,"deaths":0.004000000189989805,"teamNetWorth":0.21412000060081482,"teamKills":0.013000000268220901},"lastItemPurchased":[0,0,0,1,0,0,0,0,0,0,0]},"npc_dota_hero_ogre_magi":{"lastAbilityUpgraded":"","victory":true,"state":{"kills":0,"towersLeft":1,"netWorth":0.005940000060945749,"xp":0.1126851886510849,"teamXp":0.24632716178894043,"teamDeaths":0.01899999938905239,"enemyTowersLeft":0.9090909361839294,"deaths":0.006000000052154064,"teamNetWorth":0.2807199954986572,"teamKills":0.019999999552965164},"lastItemPurchased":[0,0,0,0,0,0,0,0,0,0,0]},"npc_dota_hero_morphling":{"lastAbilityUpgraded":"","victory":true,"state":{"kills":0.004999999888241291,"towersLeft":1,"netWorth":0.11808999627828598,"xp":0.39293208718299866,"teamXp":0.24632716178894043,"teamDeaths":0.01899999938905239,"enemyTowersLeft":0.9090909361839294,"deaths":0,"teamNetWorth":0.2807199954986572,"teamKills":0.019999999552965164},"lastItemPurchased":[0,0,0,0,0,0,0,0,0,0,0]},"npc_dota_hero_shadow_demon":{"lastAbilityUpgraded":"","victory":false,"state":{"kills":0.0010000000474974513,"towersLeft":0.9090909361839294,"netWorth":0.022670000791549683,"xp":0.18429012596607208,"teamXp":0.21048764884471893,"teamDeaths":0.017000000923871994,"enemyTowersLeft":1,"deaths":0.0020000000949949026,"teamNetWorth":0.21412000060081482,"teamKills":0.013000000268220901},"lastItemPurchased":[0,0,0,0,0,0,0,0,0,0,0]},"npc_dota_hero_obsidian_destroyer":{"lastAbilityUpgraded":"","victory":true,"state":{"kills":0.004000000189989805,"towersLeft":1,"netWorth":0.07124999910593033,"xp":0.28725308179855347,"teamXp":0.24632716178894043,"teamDeaths":0.01899999938905239,"enemyTowersLeft":0.9090909361839294,"deaths":0.004000000189989805,"teamNetWorth":0.2807199954986572,"teamKills":0.019999999552965164},"lastItemPurchased":[0,0,0,0,0,0,0,0,0,0,0]},"npc_dota_hero_omniknight":{"lastAbilityUpgraded":"","victory":true,"state":{"kills":0.004000000189989805,"towersLeft":1,"netWorth":0.05823000147938728,"xp":0.27839505672454834,"teamXp":0.24632716178894043,"teamDeaths":0.01899999938905239,"enemyTowersLeft":0.9090909361839294,"deaths":0.0010000000474974513,"teamNetWorth":0.2807199954986572,"teamKills":0.019999999552965164},"lastItemPurchased":[0,0,0,1,0,0,0,0,0,0,0]},"npc_dota_hero_magnataur":{"lastAbilityUpgraded":"","victory":false,"state":{"kills":0,"towersLeft":0.9090909361839294,"netWorth":0.0384100005030632,"xp":0.18941357731819153,"teamXp":0.21048764884471893,"teamDeaths":0.017000000923871994,"enemyTowersLeft":1,"deaths":0.0020000000949949026,"teamNetWorth":0.21412000060081482,"teamKills":0.013000000268220901},"lastItemPurchased":[0,0,0,0,0,0,0,0,0,0,0]}}}