{"gameTime":50,"state":{"npc_dota_hero_gyrocopter":{"lastAbilityUpgraded":"","victory":true,"state":{"kills":0.00800000037997961,"towersLeft":0.8181818127632141,"netWorth":0.23047000169754028,"xp":0.9110802412033081,"teamXp":0.6766234636306763,"teamDeaths":0.029999999329447746,"enemyTowersLeft":0.5151515007019043,"deaths":0.004999999888241291,"teamNetWorth":0.7212899923324585,"teamKills":0.04399999976158142},"lastItemPurchased":[0,0,0,0,0,0,0,0,0,0,1]},"npc_dota_hero_axe":{"lastAbilityUpgraded":"","victory":true,"state":{"kills":0.013000000268220901,"towersLeft":0.8181818127632141,"netWorth":0.12793999910354614,"xp":0.681851863861084,"teamXp":0.6766234636306763,"teamDeaths":0.029999999329447746,"enemyTowersLeft":0.5151515007019043,"deaths":0.004000000189989805,"teamNetWorth":0.7212899923324585,"teamKills":0.04399999976158142},"lastItemPurchased":[0,0,0,0,0,0,0,0,0,0,0]},"npc_dota_hero_pudge":{"lastAbilityUpgraded":"","victory":false,"state":{"kills":0.006000000052154064,"towersLeft":0.4848484992980957,"netWorth":0.06486000120639801,"xp":0.4160185158252716,"teamXp":0.578425943851471,"teamDeaths":0.04600000008940697,"enemyTowersLeft":0.7878788113594055,"deaths":0.009999999776482582,"teamNetWorth":0.5063400268554688,"teamKills":0.03099999949336052},"lastItemPurchased":[0,0,0,0,0,0,0,0,0,0,0]},"npc_dota_hero_dazzle":{"lastAbilityUpgraded":"","victory":false,"state":{"kills":0,"towersLeft":0.4848484992980957,"netWorth":0.05761000141501427,"xp":0.40182098746299744,"teamXp":0.578425943851471,"teamDeaths":0.04600000008940697,"enemyTowersLeft":0.7878788113594055,"deaths":0.004999999888241291,"teamNetWorth":0.5063400268554688,"teamKills":0.03099999949336052},"lastItemPurchased":[0,0,0,0,0,0,0,0,0,0,0]},"npc_dota_hero_kunkka":{"lastAbilityUpgraded":"","victory":true,"state":{"kills":0.0020000000949949026,"towersLeft":0.8181818127632141,"netWorth":0.038920000195503235,"xp":0.3892592489719391,"teamXp":0.6766234636306763,"teamDeaths":0.029999999329447746,"enemyTowersLeft":0.5151515007019043,"deaths":0.00800000037997961,"teamNetWorth":0.7212899923324585,"teamKills":0.04399999976158142},"lastItemPurchased":[1,0,0,0,0,0,0,0,0,0,0]},"npc_dota_hero_lion":{"lastAbilityUpgraded":"","victory":true,"state":{"kills":0.0020000000949949026,"towersLeft":0.8181818127632141,"netWorth":0.04851999878883362,"xp":0.39466050267219543,"teamXp":0.6766234636306763,"teamDeaths":0.029999999329447746,"enemyTowersLeft":0.5151515007019043,"deaths":0.009999999776482582,"teamNetWorth":0.7212899923324585,"teamKills":0.04399999976158142},"lastItemPurchased":[0,0,0,0,0,0,1,0,0,0,0]},"npc_dota_hero_sniper":{"lastAbilityUpgraded":"","victory":true,"state":{"kills":0.01899999938905239,"towersLeft":0.8181818127632141,"netWorth":0.2754400074481964,"xp":1.00626540184021,"teamXp":0.6766234636306763,"teamDeaths":0.029999999329447746,"enemyTowersLeft":0.5151515007019043,"deaths":0.003000000026077032,"teamNetWorth":0.7212899923324585,"teamKills":0.04399999976158142},"lastItemPurchased":[0,0,0,0,0,0,0,0,0,0,0]},"npc_dota_hero_morphling":{"lastAbilityUpgraded":"","victory":false,"state":{"kills":0.012000000104308128,"towersLeft":0.4848484992980957,"netWorth":0.22146999835968018,"xp":1.0008333921432495,"teamXp":0.578425943851471,"teamDeaths":0.04600000008940697,"enemyTowersLeft":0.7878788113594055,"deaths":0.006000000052154064,"teamNetWorth":0.5063400268554688,"teamKills":0.03099999949336052},"lastItemPurchased":[0,0,0,0,0,0,0,0,0,0,0]},"npc_dota_hero_rattletrap":{"lastAbilityUpgraded":"","victory":false,"state":{"kills":0.006000000052154064,"towersLeft":0.4848484992980957,"netWorth":0.03906000033020973,"xp":0.3476543128490448,"teamXp":0.578425943851471,"teamDeaths":0.04600000008940697,"enemyTowersLeft":0.7878788113594055,"deaths":0.013000000268220901,"teamNetWorth":0.5063400268554688,"teamKills":0.03099999949336052},"lastItemPurchased":[0,0,0,0,0,0,0,0,0,0,0]},"npc_dota_hero_obsidian_destroyer":{"lastAbilityUpgraded":"","victory":false,"state":{"kills":0.007000000216066837,"towersLeft":0.4848484992980957,"netWorth":0.12334000319242477,"xp":0.725802481174469,"teamXp":0.578425943851471,"teamDeaths":0.04600000008940697,"enemyTowersLeft":0.7878788113594055,"deaths":0.012000000104308128,"teamNetWorth":0.5063400268554688,"teamKills":0.03099999949336052},"lastItemPurchased":[0,0,0,0,0,0,0,0,0,0,0]}}}