{"gameTime":20,"state":{"npc_dota_hero_bloodseeker":{"lastAbilityUpgraded":"","victory":false,"state":{"kills":0.003000000026077032,"towersLeft":0.9696969985961914,"netWorth":0.04554999992251396,"xp":0.16240741312503815,"teamXp":0.10428395122289658,"teamDeaths":0.014000000432133675,"enemyTowersLeft":1,"deaths":0.003000000026077032,"teamNetWorth":0.12334000319242477,"teamKills":0.006000000052154064},"lastItemPurchased":[0,1,0,0,0,0,0,0,0,0,0]},"npc_dota_hero_dark_seer":{"lastAbilityUpgraded":"","victory":false,"state":{"kills":0,"towersLeft":0.9696969985961914,"netWorth":0.026110000908374786,"xp":0.10759259015321732,"teamXp":0.10428395122289658,"teamDeaths":0.014000000432133675,"enemyTowersLeft":1,"deaths":0.003000000026077032,"teamNetWorth":0.12334000319242477,"teamKills":0.006000000052154064},"lastItemPurchased":[0,0,0,0,0,0,0,0,0,0,0]},"npc_dota_hero_winter_wyvern":{"lastAbilityUpgraded":"","victory":true,"state":{"kills":0.0020000000949949026,"towersLeft":1,"netWorth":0.021369999274611473,"xp":0.09663580358028412,"teamXp":0.15297530591487885,"teamDeaths":0.006000000052154064,"enemyTowersLeft":0.9696969985961914,"deaths":0,"teamNetWorth":0.19205999374389648,"teamKills":0.013000000268220901},"lastItemPurchased":[1,0,0,0,0,0,0,0,0,0,0]},"npc_dota_hero_earthshaker":{"lastAbilityUpgraded":"","victory":false,"state":{"kills":0.0010000000474974513,"towersLeft":0.9696969985961914,"netWorth":0.01810000091791153,"xp":0.06163580343127251,"teamXp":0.10428395122289658,"teamDeaths":0.014000000432133675,"enemyTowersLeft":1,"deaths":0.0020000000949949026,"teamNetWorth":0.12334000319242477,"teamKills":0.006000000052154064},"lastItemPurchased":[0,0,0,0,0,0,0,0,0,0,0]},"npc_dota_hero_pudge":{"lastAbilityUpgraded":"","victory":false,"state":{"kills":0.0020000000949949026,"towersLeft":0.9696969985961914,"netWorth":0.02230999991297722,"xp":0.12191358208656311,"teamXp":0.10428395122289658,"teamDeaths":0.014000000432133675,"enemyTowersLeft":1,"deaths":0.004999999888241291,"teamNetWorth":0.12334000319242477,"teamKills":0.006000000052154064},"lastItemPurchased":[0,0,0,0,0,0,0,0,0,0,0]},"npc_dota_hero_silencer":{"lastAbilityUpgraded":"","victory":false,"state":{"kills":0,"towersLeft":0.9696969985961914,"netWorth":0.011269999668002129,"xp":0.0678703710436821,"teamXp":0.10428395122289658,"teamDeaths":0.014000000432133675,"enemyTowersLeft":1,"deaths":0.0010000000474974513,"teamNetWorth":0.12334000319242477,"teamKills":0.006000000052154064},"lastItemPurchased":[0,0,0,0,0,0,0,0,0,0,0]},"npc_dota_hero_sand_king":{"lastAbilityUpgraded":"","victory":true,"state":{"kills":0.003000000026077032,"towersLeft":1,"netWorth":0.035610001534223557,"xp":0.11336419731378555,"teamXp":0.15297530591487885,"teamDeaths":0.006000000052154064,"enemyTowersLeft":0.9696969985961914,"deaths":0.0010000000474974513,"teamNetWorth":0.19205999374389648,"teamKills":0.013000000268220901},"lastItemPurchased":[0,0,0,0,0,0,0,0,0,0,0]},"npc_dota_hero_sniper":{"lastAbilityUpgraded":"","victory":true,"state":{"kills":0.004000000189989805,"towersLeft":1,"netWorth":0.04839999973773956,"xp":0.17657408118247986,"teamXp":0.15297530591487885,"teamDeaths":0.006000000052154064,"enemyTowersLeft":0.9696969985961914,"deaths":0.0020000000949949026,"teamNetWorth":0.19205999374389648,"teamKills":0.013000000268220901},"lastItemPurchased":[0,0,0,1,0,0,0,0,0,0,0]},"npc_dota_hero_necrolyte":{"lastAbilityUpgraded":"","victory":true,"state":{"kills":0,"towersLeft":1,"netWorth":0.03200000151991844,"xp":0.1643827110528946,"teamXp":0.15297530591487885,"teamDeaths":0.006000000052154064,"enemyTowersLeft":0.9696969985961914,"deaths":0.003000000026077032,"teamNetWorth":0.19205999374389648,"teamKills":0.013000000268220901},"lastItemPurchased":[0,0,0,0,0,0,0,0,0,0,0]},"npc_dota_hero_slark":{"lastAbilityUpgraded":"","victory":true,"state":{"kills":0.004000000189989805,"towersLeft":1,"netWorth":0.054680000990629196,"xp":0.2139197587966919,"teamXp":0.15297530591487885,"teamDeaths":0.006000000052154064,"enemyTowersLeft":0.9696969985961914,"deaths":0,"teamNetWorth":0.19205999374389648,"teamKills":0.013000000268220901},"lastItemPurchased":[0,0,0,0,0,0,0,0,0,0,0]}}}