{"gameTime":18,"state":{"npc_dota_hero_antimage":{"lastAbilityUpgraded":"","victory":false,"state":{"kills":0.0010000000474974513,"towersLeft":0.9696969985961914,"netWorth":0.04684000089764595,"xp":0.15151233971118927,"teamXp":0.12993210554122925,"teamDeaths":0.009999999776482582,"enemyTowersLeft":1,"deaths":0.0010000000474974513,"teamNetWorth":0.1522900015115738,"teamKills":0.004999999888241291},"lastItemPurchased":[0,0,0,1,0,0,0,0,0,0,0]},"npc_dota_hero_nyx_assassin":{"lastAbilityUpgraded":"","victory":false,"state":{"kills":0.003000000026077032,"towersLeft":0.9696969985961914,"netWorth":0.0340300016105175,"xp":0.12675926089286804,"teamXp":0.12993210554122925,"teamDeaths":0.009999999776482582,"enemyTowersLeft":1,"deaths":0.0020000000949949026,"teamNetWorth":0.1522900015115738,"teamKills":0.004999999888241291},"lastItemPurchased":[0,0,0,0,0,0,0,0,0,0,0]},"npc_dota_hero_storm_spirit":{"lastAbilityUpgraded":"","victory":false,"state":{"kills":0,"towersLeft":0.9696969985961914,"netWorth":0.02652999944984913,"xp":0.15052469074726105,"teamXp":0.12993210554122925,"teamDeaths":0.009999999776482582,"enemyTowersLeft":1,"deaths":0.004999999888241291,"teamNetWorth":0.1522900015115738,"teamKills":0.004999999888241291},"lastItemPurchased":[0,0,0,0,0,0,0,0,0,0,0]},"npc_dota_hero_axe":{"lastAbilityUpgraded":"","victory":false,"state":{"kills":0.0010000000474974513,"towersLeft":0.9696969985961914,"netWorth":0.03506999835371971,"xp":0.12925925850868225,"teamXp":0.12993210554122925,"teamDeaths":0.009999999776482582,"enemyTowersLeft":1,"deaths":0.0010000000474974513,"teamNetWorth":0.1522900015115738,"teamKills":0.004999999888241291},"lastItemPurchased":[0,0,0,0,0,0,0,0,0,0,0]},"npc_dota_hero_ember_spirit":{"lastAbilityUpgraded":"","victory":true,"state":{"kills":0.007000000216066837,"towersLeft":1,"netWorth":0.05956999957561493,"xp":0.20070987939834595,"teamXp":0.12280864268541336,"teamDeaths":0.006000000052154064,"enemyTowersLeft":0.9696969985961914,"deaths":0,"teamNetWorth":0.15257999300956726,"teamKills":0.009999999776482582},"lastItemPurchased":[0,0,0,0,0,0,0,0,0,0,0]},"npc_dota_hero_lion":{"lastAbilityUpgraded":"","victory":true,"state":{"kills":0,"towersLeft":1,"netWorth":0.010610000230371952,"xp":0.07283950597047806,"teamXp":0.12280864268541336,"teamDeaths":0.006000000052154064,"enemyTowersLeft":0.9696969985961914,"deaths":0.0020000000949949026,"teamNetWorth":0.15257999300956726,"teamKills":0.009999999776482582},"lastItemPurchased":[0,0,0,0,0,0,0,0,0,0,0]},"npc_dota_hero_slardar":{"lastAbilityUpgraded":"","victory":true,"state":{"kills":0.0010000000474974513,"towersLeft":1,"netWorth":0.019209999591112137,"xp":0.08061728626489639,"teamXp":0.12280864268541336,"teamDeaths":0.006000000052154064,"enemyTowersLeft":0.9696969985961914,"deaths":0.0020000000949949026,"teamNetWorth":0.15257999300956726,"teamKills":0.009999999776482582},"lastItemPurchased":[0,0,0,0,0,0,0,0,0,0,0]},"npc_dota_hero_rattletrap":{"lastAbilityUpgraded":"","victory":true,"state":{"kills":0.0010000000474974513,"towersLeft":1,"netWorth":0.02517000027000904,"xp":0.1250617355108261,"teamXp":0.12280864268541336,"teamDeaths":0.006000000052154064,"enemyTowersLeft":0.9696969985961914,"deaths":0.0010000000474974513,"teamNetWorth":0.15257999300956726,"teamKills":0.009999999776482582},"lastItemPurchased":[0,0,1,0,0,0,0,0,0,0,0]},"npc_dota_hero_sven":{"lastAbilityUpgraded":"","victory":true,"state":{"kills":0.0010000000474974513,"towersLeft":1,"netWorth":0.038019999861717224,"xp":0.1348148137331009,"teamXp":0.12280864268541336,"teamDeaths":0.006000000052154064,"enemyTowersLeft":0.9696969985961914,"deaths":0.0010000000474974513,"teamNetWorth":0.15257999300956726,"teamKills":0.009999999776482582},"lastItemPurchased":[0,0,0,0,0,0,0,1,0,0,0]},"npc_dota_hero_lich":{"lastAbilityUpgraded":"","victory":false,"state":{"kills":0,"towersLeft":0.9696969985961914,"netWorth":0.009820000268518925,"xp":0.09160494059324265,"teamXp":0.12993210554122925,"teamDeaths":0.009999999776482582,"enemyTowersLeft":1,"deaths":0.0010000000474974513,"teamNetWorth":0.1522900015115738,"teamKills":0.004999999888241291},"lastItemPurchased":[0,0,0,0,0,1,0,0,0,0,0]}}}