{"gameTime":49,"state":{"npc_dota_hero_antimage":{"lastAbilityUpgraded":"","victory":false,"state":{"kills":0.008999999612569809,"towersLeft":0.6969696879386902,"netWorth":0.1712300032377243,"xp":0.7247222065925598,"teamXp":0.5801666378974915,"teamDeaths":0.05000000074505806,"enemyTowersLeft":0.7878788113594055,"deaths":0.006000000052154064,"teamNetWorth":0.5198699831962585,"teamKills":0.03099999949336052},"lastItemPurchased":[0,0,0,0,0,0,0,0,0,0,0]},"npc_dota_hero_bloodseeker":{"lastAbilityUpgraded":"","victory":false,"state":{"kills":0.003000000026077032,"towersLeft":0.6969696879386902,"netWorth":0.10380999743938446,"xp":0.5204012393951416,"teamXp":0.5801666378974915,"teamDeaths":0.05000000074505806,"enemyTowersLeft":0.7878788113594055,"deaths":0.007000000216066837,"teamNetWorth":0.5198699831962585,"teamKills":0.03099999949336052},"lastItemPurchased":[0,0,0,0,0,0,0,0,0,0,0]},"npc_dota_hero_nyx_assassin":{"lastAbilityUpgraded":"","victory":true,"state":{"kills":0.007000000216066837,"towersLeft":0.8181818127632141,"netWorth":0.10211999714374542,"xp":0.5764197707176208,"teamXp":0.6579814553260803,"teamDeaths":0.03500000014901161,"enemyTowersLeft":0.7272727489471436,"deaths":0.0010000000474974513,"teamNetWorth":0.6260200142860413,"teamKills":0.04800000041723251},"lastItemPurchased":[0,0,0,0,0,0,0,0,0,0,0]},"npc_dota_hero_ursa":{"lastAbilityUpgraded":"","victory":true,"state":{"kills":0.027000000700354576,"towersLeft":0.8181818127632141,"netWorth":0.2146099954843521,"xp":0.9029937982559204,"teamXp":0.6579814553260803,"teamDeaths":0.03500000014901161,"enemyTowersLeft":0.7272727489471436,"deaths":0.007000000216066837,"teamNetWorth":0.6260200142860413,"teamKills":0.04800000041723251},"lastItemPurchased":[0,0,0,0,0,0,0,0,0,0,0]},"npc_dota_hero_phoenix":{"lastAbilityUpgraded":"","victory":false,"state":{"kills":0.004000000189989805,"towersLeft":0.6969696879386902,"netWorth":0.032419998198747635,"xp":0.4295370280742645,"teamXp":0.5801666378974915,"teamDeaths":0.05000000074505806,"enemyTowersLeft":0.7878788113594055,"deaths":0.010999999940395355,"teamNetWorth":0.5198699831962585,"teamKills":0.03099999949336052},"lastItemPurchased":[0,0,0,0,0,0,0,0,0,0,0]},"npc_dota_hero_silencer":{"lastAbilityUpgraded":"","victory":false,"state":{"kills":0.004000000189989805,"towersLeft":0.6969696879386902,"netWorth":0.054680000990629196,"xp":0.4938580393791199,"teamXp":0.5801666378974915,"teamDeaths":0.05000000074505806,"enemyTowersLeft":0.7878788113594055,"deaths":0.014000000432133675,"teamNetWorth":0.5198699831962585,"teamKills":0.03099999949336052},"lastItemPurchased":[0,0,0,0,0,0,1,0,0,0,0]},"npc_dota_hero_mirana":{"lastAbilityUpgraded":"","victory":false,"state":{"kills":0.010999999940395355,"towersLeft":0.6969696879386902,"netWorth":0.15772999823093414,"xp":0.7323148250579834,"teamXp":0.5801666378974915,"teamDeaths":0.05000000074505806,"enemyTowersLeft":0.7878788113594055,"deaths":0.012000000104308128,"teamNetWorth":0.5198699831962585,"teamKills":0.03099999949336052},"lastItemPurchased":[0,0,0,0,0,0,0,0,0,0,0]},"npc_dota_hero_slardar":{"lastAbilityUpgraded":"","victory":true,"state":{"kills":0.004000000189989805,"towersLeft":0.8181818127632141,"netWorth":0.07740999758243561,"xp":0.6095678806304932,"teamXp":0.6579814553260803,"teamDeaths":0.03500000014901161,"enemyTowersLeft":0.7272727489471436,"deaths":0.00800000037997961,"teamNetWorth":0.6260200142860413,"teamKills":0.04800000041723251},"lastItemPurchased":[0,0,0,0,0,0,0,0,0,0,0]},"npc_dota_hero_ogre_magi":{"lastAbilityUpgraded":"","victory":true,"state":{"kills":0.0020000000949949026,"towersLeft":0.8181818127632141,"netWorth":0.04543000087141991,"xp":0.3722222149372101,"teamXp":0.6579814553260803,"teamDeaths":0.03500000014901161,"enemyTowersLeft":0.7272727489471436,"deaths":0.009999999776482582,"teamNetWorth":0.6260200142860413,"teamKills":0.04800000041723251},"lastItemPurchased":[0,0,0,0,0,0,0,0,0,0,0]},"npc_dota_hero_juggernaut":{"lastAbilityUpgraded":"","victory":true,"state":{"kills":0.00800000037997961,"towersLeft":0.8181818127632141,"netWorth":0.18645000457763672,"xp":0.8287037014961243,"teamXp":0.6579814553260803,"teamDeaths":0.03500000014901161,"enemyTowersLeft":0.7272727489471436,"deaths":0.008999999612569809,"teamNetWorth":0.6260200142860413,"teamKills":0.04800000041723251},"lastItemPurchased":[0,0,0,0,0,0,0,0,0,0,0]}}}