{"gameTime":40,"state":{"npc_dota_hero_rubick":{"lastAbilityUpgraded":"","victory":true,"state":{"kills":0.004999999888241291,"towersLeft":0.9090909361839294,"netWorth":0.07000000029802322,"xp":0.48759257793426514,"teamXp":0.5822468996047974,"teamDeaths":0.029999999329447746,"enemyTowersLeft":0.7878788113594055,"deaths":0.007000000216066837,"teamNetWorth":0.5405499935150146,"teamKills":0.03400000184774399},"lastItemPurchased":[0,0,0,0,0,0,0,0,0,0,0]},"npc_dota_hero_pudge":{"lastAbilityUpgraded":"","victory":false,"state":{"kills":0.010999999940395355,"towersLeft":0.7575757503509521,"netWorth":0.06111999973654747,"xp":0.5308950543403625,"teamXp":0.543759286403656,"teamDeaths":0.03799999877810478,"enemyTowersLeft":0.8787878751754761,"deaths":0.012000000104308128,"teamNetWorth":0.4367299973964691,"teamKills":0.03200000151991844},"lastItemPurchased":[0,0,0,0,0,0,0,0,0,0,0]},"npc_dota_hero_medusa":{"lastAbilityUpgraded":"","victory":true,"state":{"kills":0.004000000189989805,"towersLeft":0.9090909361839294,"netWorth":0.15594999492168427,"xp":0.6604012250900269,"teamXp":0.5822468996047974,"teamDeaths":0.029999999329447746,"enemyTowersLeft":0.7878788113594055,"deaths":0.004000000189989805,"teamNetWorth":0.5405499935150146,"teamKills":0.03400000184774399},"lastItemPurchased":[0,0,0,0,0,0,0,0,1,0,0]},"npc_dota_hero_invoker":{"lastAbilityUpgraded":"","victory":true,"state":{"kills":0.008999999612569809,"towersLeft":0.9090909361839294,"netWorth":0.10779999941587448,"xp":0.6318209767341614,"teamXp":0.5822468996047974,"teamDeaths":0.029999999329447746,"enemyTowersLeft":0.7878788113594055,"deaths":0.010999999940395355,"teamNetWorth":0.5405499935150146,"teamKills":0.03400000184774399},"lastItemPurchased":[0,0,0,0,0,0,0,0,0,0,0]},"npc_dota_hero_phantom_assassin":{"lastAbilityUpgraded":"","victory":true,"state":{"kills":0.006000000052154064,"towersLeft":0.9090909361839294,"netWorth":0.09120000153779984,"xp":0.5570370554924011,"teamXp":0.5822468996047974,"teamDeaths":0.029999999329447746,"enemyTowersLeft":0.7878788113594055,"deaths":0.004000000189989805,"teamNetWorth":0.5405499935150146,"teamKills":0.03400000184774399},"lastItemPurchased":[0,0,0,0,0,0,0,0,1,0,0]},"npc_dota_hero_mirana":{"lastAbilityUpgraded":"","victory":true,"state":{"kills":0.009999999776482582,"towersLeft":0.9090909361839294,"netWorth":0.11559999734163284,"xp":0.5743827223777771,"teamXp":0.5822468996047974,"teamDeaths":0.029999999329447746,"enemyTowersLeft":0.7878788113594055,"deaths":0.004000000189989805,"teamNetWorth":0.5405499935150146,"teamKills":0.03400000184774399},"lastItemPurchased":[0,0,0,0,0,0,0,0,0,0,0]},"npc_dota_hero_tiny":{"lastAbilityUpgraded":"","victory":false,"state":{"kills":0.006000000052154064,"towersLeft":0.7575757503509521,"netWorth":0.10903000086545944,"xp":0.6615740656852722,"teamXp":0.543759286403656,"teamDeaths":0.03799999877810478,"enemyTowersLeft":0.8787878751754761,"deaths":0.006000000052154064,"teamNetWorth":0.4367299973964691,"teamKills":0.03200000151991844},"lastItemPurchased":[0,0,0,0,0,0,0,0,0,0,0]},"npc_dota_hero_slardar":{"lastAbilityUpgraded":"","victory":false,"state":{"kills":0.004999999888241291,"towersLeft":0.7575757503509521,"netWorth":0.08468999713659286,"xp":0.5266666412353516,"teamXp":0.543759286403656,"teamDeaths":0.03799999877810478,"enemyTowersLeft":0.8787878751754761,"deaths":0.006000000052154064,"teamNetWorth":0.4367299973964691,"teamKills":0.03200000151991844},"lastItemPurchased":[0,0,0,0,0,0,0,0,1,0,0]},"npc_dota_hero_chaos_knight":{"lastAbilityUpgraded":"","victory":false,"state":{"kills":0.006000000052154064,"towersLeft":0.7575757503509521,"netWorth":0.09515000134706497,"xp":0.5332716107368469,"teamXp":0.543759286403656,"teamDeaths":0.03799999877810478,"enemyTowersLeft":0.8787878751754761,"deaths":0.004999999888241291,"teamNetWorth":0.4367299973964691,"teamKills":0.03200000151991844},"lastItemPurchased":[0,0,0,0,0,0,0,0,0,0,0]},"npc_dota_hero_batrider":{"lastAbilityUpgraded":"","victory":false,"state":{"kills":0.004000000189989805,"towersLeft":0.7575757503509521,"netWorth":0.08674000203609467,"xp":0.46638888120651245,"teamXp":0.543759286403656,"teamDeaths":0.03799999877810478,"enemyTowersLeft":0.8787878751754761,"deaths":0.008999999612569809,"teamNetWorth":0.4367299973964691,"teamKills":0.03200000151991844},"lastItemPurchased":[0,0,0,1,0,0,0,0,0,0,0]}}}