{"gameTime":10,"state":{"npc_dota_hero_rubick":{"lastAbilityUpgraded":"","victory":true,"state":{"kills":0.0010000000474974513,"towersLeft":0.9696969985961914,"netWorth":0.010280000045895576,"xp":0.012345679104328156,"teamXp":0.025864196941256523,"teamDeaths":0.003000000026077032,"enemyTowersLeft":1,"deaths":0,"teamNetWorth":0.05934000015258789,"teamKills":0.0010000000474974513},"lastItemPurchased":[0,0,0,1,0,0,0,0,0,0,0]},"npc_dota_hero_sniper":{"lastAbilityUpgraded":"","victory":false,"state":{"kills":0,"towersLeft":1,"netWorth":0.018729999661445618,"xp":0.03688271716237068,"teamXp":0.02253703773021698,"teamDeaths":0.0010000000474974513,"enemyTowersLeft":0.9696969985961914,"deaths":0,"teamNetWorth":0.07270999997854233,"teamKills":0.0010000000474974513},"lastItemPurchased":[0,0,0,0,0,0,0,0,0,0,0]},"npc_dota_hero_luna":{"lastAbilityUpgraded":"","victory":false,"state":{"kills":0,"towersLeft":1,"netWorth":0.01907999999821186,"xp":0.04095679149031639,"teamXp":0.02253703773021698,"teamDeaths":0.0010000000474974513,"enemyTowersLeft":0.9696969985961914,"deaths":0,"teamNetWorth":0.07270999997854233,"teamKills":0.0010000000474974513},"lastItemPurchased":[0,0,0,0,0,0,0,0,0,0,0]},"npc_dota_hero_ogre_magi":{"lastAbilityUpgraded":"","victory":false,"state":{"kills":0.0010000000474974513,"towersLeft":1,"netWorth":0.013740000315010548,"xp":0.011790123768150806,"teamXp":0.02253703773021698,"teamDeaths":0.0010000000474974513,"enemyTowersLeft":0.9696969985961914,"deaths":0,"teamNetWorth":0.07270999997854233,"teamKills":0.0010000000474974513},"lastItemPurchased":[1,0,0,0,0,0,0,0,0,0,0]},"npc_dota_hero_elder_titan":{"lastAbilityUpgraded":"","victory":true,"state":{"kills":0,"towersLeft":0.9696969985961914,"netWorth":0.006769999861717224,"xp":0.00922839529812336,"teamXp":0.025864196941256523,"teamDeaths":0.003000000026077032,"enemyTowersLeft":1,"deaths":0.0010000000474974513,"teamNetWorth":0.05934000015258789,"teamKills":0.0010000000474974513},"lastItemPurchased":[0,0,0,0,0,0,0,0,0,0,0]},"npc_dota_hero_shadow_demon":{"lastAbilityUpgraded":"","victory":false,"state":{"kills":0,"towersLeft":1,"netWorth":0.0101500004529953,"xp":0.006296296138316393,"teamXp":0.02253703773021698,"teamDeaths":0.0010000000474974513,"enemyTowersLeft":0.9696969985961914,"deaths":0,"teamNetWorth":0.07270999997854233,"teamKills":0.0010000000474974513},"lastItemPurchased":[0,0,0,0,0,0,0,0,0,0,0]},"npc_dota_hero_obsidian_destroyer":{"lastAbilityUpgraded":"","victory":true,"state":{"kills":0,"towersLeft":0.9696969985961914,"netWorth":0.013779999688267708,"xp":0.043703705072402954,"teamXp":0.025864196941256523,"teamDeaths":0.003000000026077032,"enemyTowersLeft":1,"deaths":0,"teamNetWorth":0.05934000015258789,"teamKills":0.0010000000474974513},"lastItemPurchased":[0,0,0,0,1,0,0,0,0,0,0]},"npc_dota_hero_omniknight":{"lastAbilityUpgraded":"","victory":true,"state":{"kills":0,"towersLeft":0.9696969985961914,"netWorth":0.00977999996393919,"xp":0.027901234105229378,"teamXp":0.025864196941256523,"teamDeaths":0.003000000026077032,"enemyTowersLeft":1,"deaths":0.0020000000949949026,"teamNetWorth":0.05934000015258789,"teamKills":0.0010000000474974513},"lastItemPurchased":[0,0,0,0,0,0,0,0,0,0,0]},"npc_dota_hero_slark":{"lastAbilityUpgraded":"","victory":true,"state":{"kills":0,"towersLeft":0.9696969985961914,"netWorth":0.018729999661445618,"xp":0.036141976714134216,"teamXp":0.025864196941256523,"teamDeaths":0.003000000026077032,"enemyTowersLeft":1,"deaths":0,"teamNetWorth":0.05934000015258789,"teamKills":0.0010000000474974513},"lastItemPurchased":[1,0,0,0,0,0,0,0,0,0,0]},"npc_dota_hero_weaver":{"lastAbilityUpgraded":"","victory":false,"state":{"kills":0,"towersLeft":1,"netWorth":0.011009999550879002,"xp":0.01675925962626934,"teamXp":0.02253703773021698,"teamDeaths":0.0010000000474974513,"enemyTowersLeft":0.9696969985961914,"deaths":0.0010000000474974513,"teamNetWorth":0.07270999997854233,"teamKills":0.0010000000474974513},"lastItemPurchased":[0,0,0,0,0,0,0,0,0,0,0]}}}