{"gameTime":29,"state":{"npc_dota_hero_clinkz":{"lastAbilityUpgraded":"","victory":false,"state":{"kills":0.004999999888241291,"towersLeft":0.8787878751754761,"netWorth":0.07777000218629837,"xp":0.32870370149612427,"teamXp":0.23911727964878082,"teamDeaths":0.017000000923871994,"enemyTowersLeft":0.939393937587738,"deaths":0.003000000026077032,"teamNetWorth":0.2678300142288208,"teamKills":0.012000000104308128},"lastItemPurchased":[0,0,0,0,0,0,0,0,0,0,0]},"npc_dota_hero_witch_doctor":{"lastAbilityUpgraded":"","victory":true,"state":{"kills":0,"towersLeft":0.939393937587738,"netWorth":0.028039999306201935,"xp":0.12222222238779068,"teamXp":0.24425925314426422,"teamDeaths":0.013000000268220901,"enemyTowersLeft":0.8787878751754761,"deaths":0.003000000026077032,"teamNetWorth":0.30142998695373535,"teamKills":0.014999999664723873},"lastItemPurchased":[1,0,0,0,0,0,0,0,0,0,0]},"npc_dota_hero_templar_assassin":{"lastAbilityUpgraded":"","victory":true,"state":{"kills":0.004000000189989805,"towersLeft":0.939393937587738,"netWorth":0.09438999742269516,"xp":0.3541049361228943,"teamXp":0.24425925314426422,"teamDeaths":0.013000000268220901,"enemyTowersLeft":0.8787878751754761,"deaths":0.0010000000474974513,"teamNetWorth":0.30142998695373535,"teamKills":0.014999999664723873},"lastItemPurchased":[0,0,0,0,0,0,0,0,0,1,0]},"npc_dota_hero_rubick":{"lastAbilityUpgraded":"","victory":false,"state":{"kills":0.0020000000949949026,"towersLeft":0.8787878751754761,"netWorth":0.01754000037908554,"xp":0.1343827098608017,"teamXp":0.23911727964878082,"teamDeaths":0.017000000923871994,"enemyTowersLeft":0.939393937587738,"deaths":0.007000000216066837,"teamNetWorth":0.2678300142288208,"teamKills":0.012000000104308128},"lastItemPurchased":[0,0,0,0,0,0,0,0,0,0,0]},"npc_dota_hero_invoker":{"lastAbilityUpgraded":"","victory":false,"state":{"kills":0.0020000000949949026,"towersLeft":0.8787878751754761,"netWorth":0.1009100005030632,"xp":0.4212654232978821,"teamXp":0.23911727964878082,"teamDeaths":0.017000000923871994,"enemyTowersLeft":0.939393937587738,"deaths":0.0010000000474974513,"teamNetWorth":0.2678300142288208,"teamKills":0.012000000104308128},"lastItemPurchased":[0,1,0,0,0,0,0,0,0,0,0]},"npc_dota_hero_lion":{"lastAbilityUpgraded":"","victory":false,"state":{"kills":0.0010000000474974513,"towersLeft":0.8787878751754761,"netWorth":0.028720000758767128,"xp":0.13820987939834595,"teamXp":0.23911727964878082,"teamDeaths":0.017000000923871994,"enemyTowersLeft":0.939393937587738,"deaths":0.0020000000949949026,"teamNetWorth":0.2678300142288208,"teamKills":0.012000000104308128},"lastItemPurchased":[1,0,0,0,0,0,0,0,0,0,0]},"npc_dota_hero_slardar":{"lastAbilityUpgraded":"","victory":true,"state":{"kills":0.0010000000474974513,"towersLeft":0.939393937587738,"netWorth":0.04253999888896942,"xp":0.2253086417913437,"teamXp":0.24425925314426422,"teamDeaths":0.013000000268220901,"enemyTowersLeft":0.8787878751754761,"deaths":0.004000000189989805,"teamNetWorth":0.30142998695373535,"teamKills":0.014999999664723873},"lastItemPurchased":[0,0,0,0,0,0,0,0,0,0,0]},"npc_dota_hero_razor":{"lastAbilityUpgraded":"","victory":true,"state":{"kills":0.00800000037997961,"towersLeft":0.939393937587738,"netWorth":0.10708999633789062,"xp":0.3710493743419647,"teamXp":0.24425925314426422,"teamDeaths":0.013000000268220901,"enemyTowersLeft":0.8787878751754761,"deaths":0,"teamNetWorth":0.30142998695373535,"teamKills":0.014999999664723873},"lastItemPurchased":[0,0,0,0,0,0,0,0,0,0,0]},"npc_dota_hero_doom_bringer":{"lastAbilityUpgraded":"","victory":true,"state":{"kills":0.0020000000949949026,"towersLeft":0.939393937587738,"netWorth":0.029370000585913658,"xp":0.14861111342906952,"teamXp":0.24425925314426422,"teamDeaths":0.013000000268220901,"enemyTowersLeft":0.8787878751754761,"deaths":0.004999999888241291,"teamNetWorth":0.30142998695373535,"teamKills":0.014999999664723873},"lastItemPurchased":[0,0,0,0,0,0,0,0,0,0,0]},"npc_dota_hero_omniknight":{"lastAbilityUpgraded":"","victory":false,"state":{"kills":0.0020000000949949026,"towersLeft":0.8787878751754761,"netWorth":0.042890001088380814,"xp":0.17302468419075012,"teamXp":0.23911727964878082,"teamDeaths":0.017000000923871994,"enemyTowersLeft":0.939393937587738,"deaths":0.004000000189989805,"teamNetWorth":0.2678300142288208,"teamKills":0.012000000104308128},"lastItemPurchased":[1,0,0,0,0,0,0,0,0,0,0]}}}