{"gameTime":28,"state":{"npc_dota_hero_ursa":{"lastAbilityUpgraded":"","victory":false,"state":{"kills":0.004000000189989805,"towersLeft":0.939393937587738,"netWorth":0.08907999843358994,"xp":0.3505864143371582,"teamXp":0.27353087067604065,"teamDeaths":0.017000000923871994,"enemyTowersLeft":1,"deaths":0.003000000026077032,"teamNetWorth":0.2923299968242645,"teamKills":0.014999999664723873},"lastItemPurchased":[0,0,0,0,0,0,0,0,0,0,0]},"npc_dota_hero_riki":{"lastAbilityUpgraded":"","victory":false,"state":{"kills":0.004000000189989805,"towersLeft":0.939393937587738,"netWorth":0.041200000792741776,"xp":0.24114197492599487,"teamXp":0.27353087067604065,"teamDeaths":0.017000000923871994,"enemyTowersLeft":1,"deaths":0.003000000026077032,"teamNetWorth":0.2923299968242645,"teamKills":0.014999999664723873},"lastItemPurchased":[0,0,0,0,0,0,0,0,0,0,0]},"npc_dota_hero_life_stealer":{"lastAbilityUpgraded":"","victory":true,"state":{"kills":0.006000000052154064,"towersLeft":0.939393937587738,"netWorth":0.07926999777555466,"xp":0.3419135808944702,"teamXp":0.251537024974823,"teamDeaths":0.020999999716877937,"enemyTowersLeft":0.8787878751754761,"deaths":0.0020000000949949026,"teamNetWorth":0.2696300148963928,"teamKills":0.01600000075995922},"lastItemPurchased":[0,0,0,0,0,0,0,0,0,1,0]},"npc_dota_hero_venomancer":{"lastAbilityUpgraded":"","victory":true,"state":{"kills":0.0010000000474974513,"towersLeft":0.939393937587738,"netWorth":0.029810000211000443,"xp":0.17197531461715698,"teamXp":0.251537024974823,"teamDeaths":0.020999999716877937,"enemyTowersLeft":0.8787878751754761,"deaths":0.004000000189989805,"teamNetWorth":0.2696300148963928,"teamKills":0.01600000075995922},"lastItemPurchased":[0,0,0,0,0,0,0,0,0,0,0]},"npc_dota_hero_mirana":{"lastAbilityUpgraded":"","victory":false,"state":{"kills":0.004000000189989805,"towersLeft":0.939393937587738,"netWorth":0.08570999652147293,"xp":0.3704938292503357,"teamXp":0.27353087067604065,"teamDeaths":0.017000000923871994,"enemyTowersLeft":1,"deaths":0.0020000000949949026,"teamNetWorth":0.2923299968242645,"teamKills":0.014999999664723873},"lastItemPurchased":[0,0,0,1,0,0,0,0,0,0,0]},"npc_dota_hero_lion":{"lastAbilityUpgraded":"","victory":false,"state":{"kills":0.0010000000474974513,"towersLeft":0.939393937587738,"netWorth":0.01558000035583973,"xp":0.1254938244819641,"teamXp":0.27353087067604065,"teamDeaths":0.017000000923871994,"enemyTowersLeft":1,"deaths":0.006000000052154064,"teamNetWorth":0.2923299968242645,"teamKills":0.014999999664723873},"lastItemPurchased":[0,0,0,0,0,0,0,0,0,0,0]},"npc_dota_hero_slardar":{"lastAbilityUpgraded":"","victory":true,"state":{"kills":0.0020000000949949026,"towersLeft":0.939393937587738,"netWorth":0.05570000037550926,"xp":0.2862345576286316,"teamXp":0.251537024974823,"teamDeaths":0.020999999716877937,"enemyTowersLeft":0.8787878751754761,"deaths":0.003000000026077032,"teamNetWorth":0.2696300148963928,"teamKills":0.01600000075995922},"lastItemPurchased":[0,0,0,0,0,0,1,0,0,0,0]},"npc_dota_hero_bounty_hunter":{"lastAbilityUpgraded":"","victory":true,"state":{"kills":0.004999999888241291,"towersLeft":0.939393937587738,"netWorth":0.040380001068115234,"xp":0.15126542747020721,"teamXp":0.251537024974823,"teamDeaths":0.020999999716877937,"enemyTowersLeft":0.8787878751754761,"deaths":0.007000000216066837,"teamNetWorth":0.2696300148963928,"teamKills":0.01600000075995922},"lastItemPurchased":[0,0,0,0,0,0,0,0,0,0,0]},"npc_dota_hero_rattletrap":{"lastAbilityUpgraded":"","victory":false,"state":{"kills":0.0020000000949949026,"towersLeft":0.939393937587738,"netWorth":0.060759998857975006,"xp":0.279938280582428,"teamXp":0.27353087067604065,"teamDeaths":0.017000000923871994,"enemyTowersLeft":1,"deaths":0.003000000026077032,"teamNetWorth":0.2923299968242645,"teamKills":0.014999999664723873},"lastItemPurchased":[0,1,0,0,0,0,0,0,0,0,0]},"npc_dota_hero_juggernaut":{"lastAbilityUpgraded":"","victory":true,"state":{"kills":0.0020000000949949026,"towersLeft":0.939393937587738,"netWorth":0.06447000056505203,"xp":0.30629628896713257,"teamXp":0.251537024974823,"teamDeaths":0.020999999716877937,"enemyTowersLeft":0.8787878751754761,"deaths":0.004999999888241291,"teamNetWorth":0.2696300148963928,"teamKills":0.01600000075995922},"lastItemPurchased":[0,0,0,0,0,0,0,0,0,0,0]}}}