{"gameTime":22,"state":{"npc_dota_hero_riki":{"lastAbilityUpgraded":"","victory":false,"state":{"kills":0.004999999888241291,"towersLeft":1,"netWorth":0.030649999156594276,"xp":0.13811728358268738,"teamXp":0.16099382936954498,"teamDeaths":0.008999999612569809,"enemyTowersLeft":0.9696969985961914,"deaths":0.004000000189989805,"teamNetWorth":0.18979999423027039,"teamKills":0.014000000432133675},"lastItemPurchased":[0,0,0,0,0,0,0,0,0,0,0]},"npc_dota_hero_phoenix":{"lastAbilityUpgraded":"","victory":false,"state":{"kills":0.003000000026077032,"towersLeft":1,"netWorth":0.030050000175833702,"xp":0.13969135284423828,"teamXp":0.16099382936954498,"teamDeaths":0.008999999612569809,"enemyTowersLeft":0.9696969985961914,"deaths":0,"teamNetWorth":0.18979999423027039,"teamKills":0.014000000432133675},"lastItemPurchased":[0,0,0,0,0,0,1,0,0,0,0]},"npc_dota_hero_alchemist":{"lastAbilityUpgraded":"","victory":true,"state":{"kills":0.0020000000949949026,"towersLeft":0.939393937587738,"netWorth":0.09268999844789505,"xp":0.26728394627571106,"teamXp":0.1630370318889618,"teamDeaths":0.019999999552965164,"enemyTowersLeft":0.9696969985961914,"deaths":0.0010000000474974513,"teamNetWorth":0.19649000465869904,"teamKills":0.012000000104308128},"lastItemPurchased":[0,0,0,0,0,0,0,1,0,0,0]},"npc_dota_hero_axe":{"lastAbilityUpgraded":"","victory":true,"state":{"kills":0.0010000000474974513,"towersLeft":0.939393937587738,"netWorth":0.02484999969601631,"xp":0.1514814794063568,"teamXp":0.1630370318889618,"teamDeaths":0.019999999552965164,"enemyTowersLeft":0.9696969985961914,"deaths":0.004000000189989805,"teamNetWorth":0.19649000465869904,"teamKills":0.012000000104308128},"lastItemPurchased":[0,0,0,0,0,0,0,0,0,0,0]},"npc_dota_hero_pudge":{"lastAbilityUpgraded":"","victory":true,"state":{"kills":0.006000000052154064,"towersLeft":0.939393937587738,"netWorth":0.009840000420808792,"xp":0.098086416721344,"teamXp":0.1630370318889618,"teamDeaths":0.019999999552965164,"enemyTowersLeft":0.9696969985961914,"deaths":0.007000000216066837,"teamNetWorth":0.19649000465869904,"teamKills":0.012000000104308128},"lastItemPurchased":[0,0,0,0,0,0,0,0,0,0,0]},"npc_dota_hero_venomancer":{"lastAbilityUpgraded":"","victory":true,"state":{"kills":0.0010000000474974513,"towersLeft":0.939393937587738,"netWorth":0.02783999964594841,"xp":0.12716048955917358,"teamXp":0.1630370318889618,"teamDeaths":0.019999999552965164,"enemyTowersLeft":0.9696969985961914,"deaths":0.004999999888241291,"teamNetWorth":0.19649000465869904,"teamKills":0.012000000104308128},"lastItemPurchased":[1,0,0,0,0,0,0,0,0,0,0]},"npc_dota_hero_ogre_magi":{"lastAbilityUpgraded":"","victory":false,"state":{"kills":0,"towersLeft":1,"netWorth":0.01803000085055828,"xp":0.07922839373350143,"teamXp":0.16099382936954498,"teamDeaths":0.008999999612569809,"enemyTowersLeft":0.9696969985961914,"deaths":0.0010000000474974513,"teamNetWorth":0.18979999423027039,"teamKills":0.014000000432133675},"lastItemPurchased":[0,0,0,0,0,0,0,0,0,0,0]},"npc_dota_hero_morphling":{"lastAbilityUpgraded":"","victory":true,"state":{"kills":0.0020000000949949026,"towersLeft":0.939393937587738,"netWorth":0.041269998997449875,"xp":0.1711728423833847,"teamXp":0.1630370318889618,"teamDeaths":0.019999999552965164,"enemyTowersLeft":0.9696969985961914,"deaths":0.003000000026077032,"teamNetWorth":0.19649000465869904,"teamKills":0.012000000104308128},"lastItemPurchased":[0,1,0,0,0,0,0,0,0,0,0]},"npc_dota_hero_jakiro":{"lastAbilityUpgraded":"","victory":false,"state":{"kills":0.0020000000949949026,"towersLeft":1,"netWorth":0.045490000396966934,"xp":0.18608024716377258,"teamXp":0.16099382936954498,"teamDeaths":0.008999999612569809,"enemyTowersLeft":0.9696969985961914,"deaths":0.004000000189989805,"teamNetWorth":0.18979999423027039,"teamKills":0.014000000432133675},"lastItemPurchased":[0,1,0,0,0,0,0,0,0,0,0]},"npc_dota_hero_weaver":{"lastAbilityUpgraded":"","victory":false,"state":{"kills":0.004000000189989805,"towersLeft":1,"netWorth":0.06558000296354294,"xp":0.26185184717178345,"teamXp":0.16099382936954498,"teamDeaths":0.008999999612569809,"enemyTowersLeft":0.9696969985961914,"deaths":0,"teamNetWorth":0.18979999423027039,"teamKills":0.014000000432133675},"lastItemPurchased":[0,0,0,0,0,0,0,0,0,0,0]}}}