{"gameTime":22,"state":{"npc_dota_hero_crystal_maiden":{"lastAbilityUpgraded":"","victory":true,"state":{"kills":0.003000000026077032,"towersLeft":0.9090909361839294,"netWorth":0.020589999854564667,"xp":0.09981481730937958,"teamXp":0.16564814746379852,"teamDeaths":0.01899999938905239,"enemyTowersLeft":1,"deaths":0.004000000189989805,"teamNetWorth":0.17223000526428223,"teamKills":0.012000000104308128},"lastItemPurchased":[0,0,0,0,0,0,0,0,0,0,0]},"npc_dota_hero_storm_spirit":{"lastAbilityUpgraded":"","victory":true,"state":{"kills":0.004999999888241291,"towersLeft":0.9090909361839294,"netWorth":0.06241000071167946,"xp":0.2722839415073395,"teamXp":0.16564814746379852,"teamDeaths":0.01899999938905239,"enemyTowersLeft":1,"deaths":0.003000000026077032,"teamNetWorth":0.17223000526428223,"teamKills":0.012000000104308128},"lastItemPurchased":[0,0,0,0,0,0,0,0,0,0,0]},"npc_dota_hero_undying":{"lastAbilityUpgraded":"","victory":true,"state":{"kills":0,"towersLeft":0.9090909361839294,"netWorth":0.02727999910712242,"xp":0.13160493969917297,"teamXp":0.16564814746379852,"teamDeaths":0.01899999938905239,"enemyTowersLeft":1,"deaths":0.006000000052154064,"teamNetWorth":0.17223000526428223,"teamKills":0.012000000104308128},"lastItemPurchased":[0,0,0,0,0,0,0,0,0,0,0]},"npc_dota_hero_pudge":{"lastAbilityUpgraded":"","victory":false,"state":{"kills":0.004000000189989805,"towersLeft":1,"netWorth":0.0203000009059906,"xp":0.1169135794043541,"teamXp":0.17289505898952484,"teamDeaths":0.017000000923871994,"enemyTowersLeft":0.9090909361839294,"deaths":0.007000000216066837,"teamNetWorth":0.228860005736351,"teamKills":0.020999999716877937},"lastItemPurchased":[0,0,0,0,0,0,0,0,0,0,1]},"npc_dota_hero_phantom_assassin":{"lastAbilityUpgraded":"","victory":true,"state":{"kills":0.0010000000474974513,"towersLeft":0.9090909361839294,"netWorth":0.04848000034689903,"xp":0.22876542806625366,"teamXp":0.16564814746379852,"teamDeaths":0.01899999938905239,"enemyTowersLeft":1,"deaths":0.0010000000474974513,"teamNetWorth":0.17223000526428223,"teamKills":0.012000000104308128},"lastItemPurchased":[0,0,0,0,0,0,0,0,0,0,0]},"npc_dota_hero_arc_warden":{"lastAbilityUpgraded":"","victory":false,"state":{"kills":0.0020000000949949026,"towersLeft":1,"netWorth":0.05011000111699104,"xp":0.2227160483598709,"teamXp":0.17289505898952484,"teamDeaths":0.017000000923871994,"enemyTowersLeft":0.9090909361839294,"deaths":0.003000000026077032,"teamNetWorth":0.228860005736351,"teamKills":0.020999999716877937},"lastItemPurchased":[0,0,0,0,0,0,0,0,0,1,0]},"npc_dota_hero_spirit_breaker":{"lastAbilityUpgraded":"","victory":false,"state":{"kills":0.004999999888241291,"towersLeft":1,"netWorth":0.046480000019073486,"xp":0.177623450756073,"teamXp":0.17289505898952484,"teamDeaths":0.017000000923871994,"enemyTowersLeft":0.9090909361839294,"deaths":0,"teamNetWorth":0.228860005736351,"teamKills":0.020999999716877937},"lastItemPurchased":[0,0,1,0,0,0,0,0,0,0,0]},"npc_dota_hero_sniper":{"lastAbilityUpgraded":"","victory":false,"state":{"kills":0.007000000216066837,"towersLeft":1,"netWorth":0.06518000364303589,"xp":0.18586419522762299,"teamXp":0.17289505898952484,"teamDeaths":0.017000000923871994,"enemyTowersLeft":0.9090909361839294,"deaths":0.003000000026077032,"teamNetWorth":0.228860005736351,"teamKills":0.020999999716877937},"lastItemPurchased":[0,0,0,0,0,0,0,0,0,0,0]},"npc_dota_hero_chaos_knight":{"lastAbilityUpgraded":"","victory":false,"state":{"kills":0.003000000026077032,"towersLeft":1,"netWorth":0.046790000051259995,"xp":0.1613580286502838,"teamXp":0.17289505898952484,"teamDeaths":0.017000000923871994,"enemyTowersLeft":0.9090909361839294,"deaths":0.004000000189989805,"teamNetWorth":0.228860005736351,"teamKills":0.020999999716877937},"lastItemPurchased":[0,1,0,0,0,0,0,0,0,0,0]},"npc_dota_hero_omniknight":{"lastAbilityUpgraded":"","victory":true,"state":{"kills":0.003000000026077032,"towersLeft":0.9090909361839294,"netWorth":0.0134699996560812,"xp":0.09577160328626633,"teamXp":0.16564814746379852,"teamDeaths":0.01899999938905239,"enemyTowersLeft":1,"deaths":0.004999999888241291,"teamNetWorth":0.17223000526428223,"teamKills":0.012000000104308128},"lastItemPurchased":[1,0,0,0,0,0,0,0,0,0,0]}}}