{"gameTime":24,"state":{"npc_dota_hero_faceless_void":{"lastAbilityUpgraded":"","victory":false,"state":{"kills":0,"towersLeft":0.9090909361839294,"netWorth":0.04152999818325043,"xp":0.19123457372188568,"teamXp":0.18271605670452118,"teamDeaths":0.012000000104308128,"enemyTowersLeft":1,"deaths":0,"teamNetWorth":0.19575999677181244,"teamKills":0.008999999612569809},"lastItemPurchased":[0,0,0,0,0,0,0,0,0,0,0]},"npc_dota_hero_ursa":{"lastAbilityUpgraded":"","victory":false,"state":{"kills":0.003000000026077032,"towersLeft":0.9090909361839294,"netWorth":0.06768999993801117,"xp":0.25999999046325684,"teamXp":0.18271605670452118,"teamDeaths":0.012000000104308128,"enemyTowersLeft":1,"deaths":0,"teamNetWorth":0.19575999677181244,"teamKills":0.008999999612569809},"lastItemPurchased":[0,1,0,0,0,0,0,0,0,0,0]},"npc_dota_hero_pudge":{"lastAbilityUpgraded":"","victory":false,"state":{"kills":0.0020000000949949026,"towersLeft":0.9090909361839294,"netWorth":0.01169000007212162,"xp":0.0936419740319252,"teamXp":0.18271605670452118,"teamDeaths":0.012000000104308128,"enemyTowersLeft":1,"deaths":0.004000000189989805,"teamNetWorth":0.19575999677181244,"teamKills":0.008999999612569809},"lastItemPurchased":[0,0,0,0,0,0,0,0,0,0,0]},"npc_dota_hero_phantom_assassin":{"lastAbilityUpgraded":"","victory":false,"state":{"kills":0.0020000000949949026,"towersLeft":0.9090909361839294,"netWorth":0.05033000186085701,"xp":0.2207098752260208,"teamXp":0.18271605670452118,"teamDeaths":0.012000000104308128,"enemyTowersLeft":1,"deaths":0.003000000026077032,"teamNetWorth":0.19575999677181244,"teamKills":0.008999999612569809},"lastItemPurchased":[0,0,1,0,0,0,0,0,0,0,0]},"npc_dota_hero_keeper_of_the_light":{"lastAbilityUpgraded":"","victory":true,"state":{"kills":0.0010000000474974513,"towersLeft":1,"netWorth":0.03668000176548958,"xp":0.18861110508441925,"teamXp":0.17987653613090515,"teamDeaths":0.008999999612569809,"enemyTowersLeft":0.9090909361839294,"deaths":0.0010000000474974513,"teamNetWorth":0.2221599966287613,"teamKills":0.010999999940395355},"lastItemPurchased":[0,0,0,0,0,0,0,0,0,0,1]},"npc_dota_hero_lion":{"lastAbilityUpgraded":"","victory":false,"state":{"kills":0.0020000000949949026,"towersLeft":0.9090909361839294,"netWorth":0.02452000044286251,"xp":0.14799383282661438,"teamXp":0.18271605670452118,"teamDeaths":0.012000000104308128,"enemyTowersLeft":1,"deaths":0.004999999888241291,"teamNetWorth":0.19575999677181244,"teamKills":0.008999999612569809},"lastItemPurchased":[0,0,0,0,0,0,0,0,0,0,0]},"npc_dota_hero_morphling":{"lastAbilityUpgraded":"","victory":true,"state":{"kills":0.006000000052154064,"towersLeft":1,"netWorth":0.07909999787807465,"xp":0.21611110866069794,"teamXp":0.17987653613090515,"teamDeaths":0.008999999612569809,"enemyTowersLeft":0.9090909361839294,"deaths":0,"teamNetWorth":0.2221599966287613,"teamKills":0.010999999940395355},"lastItemPurchased":[0,0,0,0,0,0,0,0,0,0,0]},"npc_dota_hero_obsidian_destroyer":{"lastAbilityUpgraded":"","victory":true,"state":{"kills":0.0010000000474974513,"towersLeft":1,"netWorth":0.03960999846458435,"xp":0.20364198088645935,"teamXp":0.17987653613090515,"teamDeaths":0.008999999612569809,"enemyTowersLeft":0.9090909361839294,"deaths":0.004999999888241291,"teamNetWorth":0.2221599966287613,"teamKills":0.010999999940395355},"lastItemPurchased":[0,0,0,1,0,0,0,0,0,0,0]},"npc_dota_hero_omniknight":{"lastAbilityUpgraded":"","victory":true,"state":{"kills":0.0020000000949949026,"towersLeft":1,"netWorth":0.01696000061929226,"xp":0.08104938268661499,"teamXp":0.17987653613090515,"teamDeaths":0.008999999612569809,"enemyTowersLeft":0.9090909361839294,"deaths":0.003000000026077032,"teamNetWorth":0.2221599966287613,"teamKills":0.010999999940395355},"lastItemPurchased":[0,0,0,0,1,0,0,0,0,0,0]},"npc_dota_hero_batrider":{"lastAbilityUpgraded":"","victory":true,"state":{"kills":0.0010000000474974513,"towersLeft":1,"netWorth":0.04980999976396561,"xp":0.20996913313865662,"teamXp":0.17987653613090515,"teamDeaths":0.008999999612569809,"enemyTowersLeft":0.9090909361839294,"deaths":0,"teamNetWorth":0.2221599966287613,"teamKills":0.010999999940395355},"lastItemPurchased":[0,0,0,0,0,0,0,0,0,0,0]}}}