{"gameTime":28,"state":{"npc_dota_hero_dark_seer":{"lastAbilityUpgraded":"","victory":false,"state":{"kills":0.004000000189989805,"towersLeft":0.3030303120613098,"netWorth":0.06690999865531921,"xp":0.282561719417572,"teamXp":0.28207406401634216,"teamDeaths":0.03099999949336052,"enemyTowersLeft":0.7272727489471436,"deaths":0.007000000216066837,"teamNetWorth":0.3113099932670593,"teamKills":0.01600000075995922},"lastItemPurchased":[0,0,0,0,0,0,0,0,0,0,0]},"npc_dota_hero_antimage":{"lastAbilityUpgraded":"","victory":false,"state":{"kills":0.004999999888241291,"towersLeft":0.3030303120613098,"netWorth":0.11836999654769897,"xp":0.49796295166015625,"teamXp":0.28207406401634216,"teamDeaths":0.03099999949336052,"enemyTowersLeft":0.7272727489471436,"deaths":0.004000000189989805,"teamNetWorth":0.3113099932670593,"teamKills":0.01600000075995922},"lastItemPurchased":[0,0,0,0,0,0,0,0,0,0,0]},"npc_dota_hero_storm_spirit":{"lastAbilityUpgraded":"","victory":false,"state":{"kills":0.003000000026077032,"towersLeft":0.3030303120613098,"netWorth":0.06403999775648117,"xp":0.30817902088165283,"teamXp":0.28207406401634216,"teamDeaths":0.03099999949336052,"enemyTowersLeft":0.7272727489471436,"deaths":0.007000000216066837,"teamNetWorth":0.3113099932670593,"teamKills":0.01600000075995922},"lastItemPurchased":[0,0,0,0,0,0,0,0,0,0,0]},"npc_dota_hero_axe":{"lastAbilityUpgraded":"","victory":true,"state":{"kills":0.004999999888241291,"towersLeft":0.7272727489471436,"netWorth":0.10881000012159348,"xp":0.35577160120010376,"teamXp":0.34616050124168396,"teamDeaths":0.017999999225139618,"enemyTowersLeft":0.3030303120613098,"deaths":0.004000000189989805,"teamNetWorth":0.5498999953269958,"teamKills":0.028999999165534973},"lastItemPurchased":[0,0,0,0,0,0,1,0,0,0,0]},"npc_dota_hero_huskar":{"lastAbilityUpgraded":"","victory":true,"state":{"kills":0.014999999664723873,"towersLeft":0.7272727489471436,"netWorth":0.19086000323295593,"xp":0.4496604800224304,"teamXp":0.34616050124168396,"teamDeaths":0.017999999225139618,"enemyTowersLeft":0.3030303120613098,"deaths":0.004000000189989805,"teamNetWorth":0.5498999953269958,"teamKills":0.028999999165534973},"lastItemPurchased":[0,0,0,0,0,0,0,0,0,0,1]},"npc_dota_hero_spirit_breaker":{"lastAbilityUpgraded":"","victory":false,"state":{"kills":0.0020000000949949026,"towersLeft":0.3030303120613098,"netWorth":0.026510000228881836,"xp":0.17166666686534882,"teamXp":0.28207406401634216,"teamDeaths":0.03099999949336052,"enemyTowersLeft":0.7272727489471436,"deaths":0.008999999612569809,"teamNetWorth":0.3113099932670593,"teamKills":0.01600000075995922},"lastItemPurchased":[0,0,0,0,0,0,0,0,0,0,0]},"npc_dota_hero_oracle":{"lastAbilityUpgraded":"","victory":false,"state":{"kills":0.0020000000949949026,"towersLeft":0.3030303120613098,"netWorth":0.03548000007867813,"xp":0.15000000596046448,"teamXp":0.28207406401634216,"teamDeaths":0.03099999949336052,"enemyTowersLeft":0.7272727489471436,"deaths":0.004000000189989805,"teamNetWorth":0.3113099932670593,"teamKills":0.01600000075995922},"lastItemPurchased":[0,0,0,0,0,0,0,0,0,0,0]},"npc_dota_hero_bounty_hunter":{"lastAbilityUpgraded":"","victory":true,"state":{"kills":0.0020000000949949026,"towersLeft":0.7272727489471436,"netWorth":0.08513999730348587,"xp":0.23950617015361786,"teamXp":0.34616050124168396,"teamDeaths":0.017999999225139618,"enemyTowersLeft":0.3030303120613098,"deaths":0.004999999888241291,"teamNetWorth":0.5498999953269958,"teamKills":0.028999999165534973},"lastItemPurchased":[0,0,0,1,0,0,0,0,0,0,0]},"npc_dota_hero_ogre_magi":{"lastAbilityUpgraded":"","victory":true,"state":{"kills":0.0020000000949949026,"towersLeft":0.7272727489471436,"netWorth":0.06516999751329422,"xp":0.26040124893188477,"teamXp":0.34616050124168396,"teamDeaths":0.017999999225139618,"enemyTowersLeft":0.3030303120613098,"deaths":0.0020000000949949026,"teamNetWorth":0.5498999953269958,"teamKills":0.028999999165534973},"lastItemPurchased":[0,0,0,0,0,0,0,0,0,0,0]},"npc_dota_hero_queenofpain":{"lastAbilityUpgraded":"","victory":true,"state":{"kills":0.004999999888241291,"towersLeft":0.7272727489471436,"netWorth":0.09991999715566635,"xp":0.4254629611968994,"teamXp":0.34616050124168396,"teamDeaths":0.017999999225139618,"enemyTowersLeft":0.3030303120613098,"deaths":0.003000000026077032,"teamNetWorth":0.5498999953269958,"teamKills":0.028999999165534973},"lastItemPurchased":[0,0,0,0,0,1,0,0,0,0,0]}}}