{"gameTime":19,"state":{"npc_dota_hero_crystal_maiden":{"lastAbilityUpgraded":"","victory":false,"state":{"kills":0,"towersLeft":0.939393937587738,"netWorth":0.015279999934136868,"xp":0.06811728328466415,"teamXp":0.11198148131370544,"teamDeaths":0.008999999612569809,"enemyTowersLeft":1,"deaths":0.0010000000474974513,"teamNetWorth":0.12967999279499054,"teamKills":0.003000000026077032},"lastItemPurchased":[0,0,0,0,0,0,0,0,0,0,0]},"npc_dota_hero_nyx_assassin":{"lastAbilityUpgraded":"","victory":false,"state":{"kills":0.0010000000474974513,"towersLeft":0.939393937587738,"netWorth":0.01792999915778637,"xp":0.0851234570145607,"teamXp":0.11198148131370544,"teamDeaths":0.008999999612569809,"enemyTowersLeft":1,"deaths":0.003000000026077032,"teamNetWorth":0.12967999279499054,"teamKills":0.003000000026077032},"lastItemPurchased":[0,0,0,0,0,0,0,0,0,0,0]},"npc_dota_hero_rubick":{"lastAbilityUpgraded":"","victory":false,"state":{"kills":0.0010000000474974513,"towersLeft":0.939393937587738,"netWorth":0.008220000192523003,"xp":0.0660802498459816,"teamXp":0.11198148131370544,"teamDeaths":0.008999999612569809,"enemyTowersLeft":1,"deaths":0.003000000026077032,"teamNetWorth":0.12967999279499054,"teamKills":0.003000000026077032},"lastItemPurchased":[0,0,0,0,0,0,0,0,0,0,0]},"npc_dota_hero_leshrac":{"lastAbilityUpgraded":"","victory":true,"state":{"kills":0.0010000000474974513,"towersLeft":1,"netWorth":0.01508999988436699,"xp":0.07901234924793243,"teamXp":0.12814196944236755,"teamDeaths":0.004000000189989805,"enemyTowersLeft":0.939393937587738,"deaths":0.0020000000949949026,"teamNetWorth":0.1746000051498413,"teamKills":0.00800000037997961},"lastItemPurchased":[0,0,0,0,0,0,0,0,0,0,0]},"npc_dota_hero_spirit_breaker":{"lastAbilityUpgraded":"","victory":true,"state":{"kills":0.0020000000949949026,"towersLeft":1,"netWorth":0.02630000002682209,"xp":0.07666666805744171,"teamXp":0.12814196944236755,"teamDeaths":0.004000000189989805,"enemyTowersLeft":0.939393937587738,"deaths":0,"teamNetWorth":0.1746000051498413,"teamKills":0.00800000037997961},"lastItemPurchased":[0,0,0,0,0,0,0,0,0,0,0]},"npc_dota_hero_sven":{"lastAbilityUpgraded":"","victory":false,"state":{"kills":0,"towersLeft":0.939393937587738,"netWorth":0.061420001089572906,"xp":0.19206790626049042,"teamXp":0.11198148131370544,"teamDeaths":0.008999999612569809,"enemyTowersLeft":1,"deaths":0,"teamNetWorth":0.12967999279499054,"teamKills":0.003000000026077032},"lastItemPurchased":[0,0,0,0,0,0,0,0,0,0,0]},"npc_dota_hero_obsidian_destroyer":{"lastAbilityUpgraded":"","victory":true,"state":{"kills":0.004000000189989805,"towersLeft":1,"netWorth":0.05280999839305878,"xp":0.1731172800064087,"teamXp":0.12814196944236755,"teamDeaths":0.004000000189989805,"enemyTowersLeft":0.939393937587738,"deaths":0,"teamNetWorth":0.1746000051498413,"teamKills":0.00800000037997961},"lastItemPurchased":[0,1,0,0,0,0,0,0,0,0,0]},"npc_dota_hero_omniknight":{"lastAbilityUpgraded":"","victory":true,"state":{"kills":0,"towersLeft":1,"netWorth":0.025259999558329582,"xp":0.12370370328426361,"teamXp":0.12814196944236755,"teamDeaths":0.004000000189989805,"enemyTowersLeft":0.939393937587738,"deaths":0.0020000000949949026,"teamNetWorth":0.1746000051498413,"teamKills":0.00800000037997961},"lastItemPurchased":[0,0,0,0,0,0,0,0,0,0,0]},"npc_dota_hero_slark":{"lastAbilityUpgraded":"","victory":true,"state":{"kills":0.0010000000474974513,"towersLeft":1,"netWorth":0.05513999983668327,"xp":0.1882098764181137,"teamXp":0.12814196944236755,"teamDeaths":0.004000000189989805,"enemyTowersLeft":0.939393937587738,"deaths":0,"teamNetWorth":0.1746000051498413,"teamKills":0.00800000037997961},"lastItemPurchased":[0,0,0,0,0,0,0,0,0,0,0]},"npc_dota_hero_juggernaut":{"lastAbilityUpgraded":"","victory":false,"state":{"kills":0.0010000000474974513,"towersLeft":0.939393937587738,"netWorth":0.026830000802874565,"xp":0.14851851761341095,"teamXp":0.11198148131370544,"teamDeaths":0.008999999612569809,"enemyTowersLeft":1,"deaths":0.0020000000949949026,"teamNetWorth":0.12967999279499054,"teamKills":0.003000000026077032},"lastItemPurchased":[0,0,0,0,0,0,0,0,0,0,0]}}}