{"gameTime":38,"state":{"npc_dota_hero_arc_warden":{"lastAbilityUpgraded":"","victory":false,"state":{"kills":0.00800000037997961,"towersLeft":0.42424243688583374,"netWorth":0.11552999913692474,"xp":0.4740740656852722,"teamXp":0.44062963128089905,"teamDeaths":0.039000000804662704,"enemyTowersLeft":0.9090909361839294,"deaths":0.004999999888241291,"teamNetWorth":0.41460999846458435,"teamKills":0.02500000037252903},"lastItemPurchased":[0,0,0,0,0,0,0,0,0,0,0]},"npc_dota_hero_invoker":{"lastAbilityUpgraded":"","victory":true,"state":{"kills":0.006000000052154064,"towersLeft":0.8787878751754761,"netWorth":0.1365099996328354,"xp":0.6256790161132812,"teamXp":0.5657901167869568,"teamDeaths":0.024000000208616257,"enemyTowersLeft":0.39393940567970276,"deaths":0.006000000052154064,"teamNetWorth":0.7277500033378601,"teamKills":0.03400000184774399},"lastItemPurchased":[0,0,0,0,0,0,0,0,0,0,0]},"npc_dota_hero_bristleback":{"lastAbilityUpgraded":"","victory":false,"state":{"kills":0.0020000000949949026,"towersLeft":0.42424243688583374,"netWorth":0.06558000296354294,"xp":0.41635802388191223,"teamXp":0.44062963128089905,"teamDeaths":0.039000000804662704,"enemyTowersLeft":0.9090909361839294,"deaths":0.013000000268220901,"teamNetWorth":0.41460999846458435,"teamKills":0.02500000037252903},"lastItemPurchased":[0,0,0,0,0,0,0,0,0,0,0]},"npc_dota_hero_luna":{"lastAbilityUpgraded":"","victory":true,"state":{"kills":0.014999999664723873,"towersLeft":0.8787878751754761,"netWorth":0.27118998765945435,"xp":0.7775617241859436,"teamXp":0.5657901167869568,"teamDeaths":0.024000000208616257,"enemyTowersLeft":0.39393940567970276,"deaths":0.003000000026077032,"teamNetWorth":0.7277500033378601,"teamKills":0.03400000184774399},"lastItemPurchased":[0,0,0,0,0,0,0,1,0,0,0]},"npc_dota_hero_ogre_magi":{"lastAbilityUpgraded":"","victory":true,"state":{"kills":0.0020000000949949026,"towersLeft":0.8787878751754761,"netWorth":0.05601000040769577,"xp":0.36996912956237793,"teamXp":0.5657901167869568,"teamDeaths":0.024000000208616257,"enemyTowersLeft":0.39393940567970276,"deaths":0.006000000052154064,"teamNetWorth":0.7277500033378601,"teamKills":0.03400000184774399},"lastItemPurchased":[0,0,0,0,0,0,0,0,0,0,0]},"npc_dota_hero_morphling":{"lastAbilityUpgraded":"","victory":false,"state":{"kills":0.00800000037997961,"towersLeft":0.42424243688583374,"netWorth":0.16524000465869904,"xp":0.764012336730957,"teamXp":0.44062963128089905,"teamDeaths":0.039000000804662704,"enemyTowersLeft":0.9090909361839294,"deaths":0.003000000026077032,"teamNetWorth":0.41460999846458435,"teamKills":0.02500000037252903},"lastItemPurchased":[0,0,0,0,0,0,0,0,1,0,0]},"npc_dota_hero_shredder":{"lastAbilityUpgraded":"","victory":true,"state":{"kills":0.009999999776482582,"towersLeft":0.8787878751754761,"netWorth":0.18930000066757202,"xp":0.742746889591217,"teamXp":0.5657901167869568,"teamDeaths":0.024000000208616257,"enemyTowersLeft":0.39393940567970276,"deaths":0.0010000000474974513,"teamNetWorth":0.7277500033378601,"teamKills":0.03400000184774399},"lastItemPurchased":[0,0,0,0,0,0,0,0,0,0,0]},"npc_dota_hero_shadow_demon":{"lastAbilityUpgraded":"","victory":true,"state":{"kills":0.0010000000474974513,"towersLeft":0.8787878751754761,"netWorth":0.07474000006914139,"xp":0.3129938244819641,"teamXp":0.5657901167869568,"teamDeaths":0.024000000208616257,"enemyTowersLeft":0.39393940567970276,"deaths":0.00800000037997961,"teamNetWorth":0.7277500033378601,"teamKills":0.03400000184774399},"lastItemPurchased":[0,0,0,0,0,0,0,0,0,0,0]},"npc_dota_hero_wisp":{"lastAbilityUpgraded":"","victory":false,"state":{"kills":0.0020000000949949026,"towersLeft":0.42424243688583374,"netWorth":0.03212999925017357,"xp":0.28095680475234985,"teamXp":0.44062963128089905,"teamDeaths":0.039000000804662704,"enemyTowersLeft":0.9090909361839294,"deaths":0.009999999776482582,"teamNetWorth":0.41460999846458435,"teamKills":0.02500000037252903},"lastItemPurchased":[0,0,0,0,0,0,0,0,0,0,0]},"npc_dota_hero_shadow_shaman":{"lastAbilityUpgraded":"","victory":false,"state":{"kills":0.004999999888241291,"towersLeft":0.42424243688583374,"netWorth":0.03612999990582466,"xp":0.2677469253540039,"teamXp":0.44062963128089905,"teamDeaths":0.039000000804662704,"enemyTowersLeft":0.9090909361839294,"deaths":0.00800000037997961,"teamNetWorth":0.41460999846458435,"teamKills":0.02500000037252903},"lastItemPurchased":[0,0,0,1,0,0,0,0,0,0,0]}}}