{"gameTime":34,"state":{"npc_dota_hero_ursa":{"lastAbilityUpgraded":"","victory":false,"state":{"kills":0.004999999888241291,"towersLeft":0.8181818127632141,"netWorth":0.058649998158216476,"xp":0.24824073910713196,"teamXp":0.19898147881031036,"teamDeaths":0.02500000037252903,"enemyTowersLeft":0.9696969985961914,"deaths":0.004000000189989805,"teamNetWorth":0.18704000115394592,"teamKills":0.012000000104308128},"lastItemPurchased":[0,0,0,0,0,0,0,0,0,0,0]},"npc_dota_hero_meepo":{"lastAbilityUpgraded":"","victory":true,"state":{"kills":0.014999999664723873,"towersLeft":0.9696969985961914,"netWorth":0.161080002784729,"xp":0.798086404800415,"teamXp":0.3242962956428528,"teamDeaths":0.012000000104308128,"enemyTowersLeft":0.8484848737716675,"deaths":0,"teamNetWorth":0.39836999773979187,"teamKills":0.023000000044703484},"lastItemPurchased":[0,0,0,0,0,0,0,0,0,0,0]},"npc_dota_hero_winter_wyvern":{"lastAbilityUpgraded":"","victory":true,"state":{"kills":0.004000000189989805,"towersLeft":0.9696969985961914,"netWorth":0.030990000814199448,"xp":0.12947531044483185,"teamXp":0.3242962956428528,"teamDeaths":0.012000000104308128,"enemyTowersLeft":0.8484848737716675,"deaths":0.004999999888241291,"teamNetWorth":0.39836999773979187,"teamKills":0.023000000044703484},"lastItemPurchased":[0,0,0,0,0,0,0,0,0,0,0]},"npc_dota_hero_alchemist":{"lastAbilityUpgraded":"","victory":true,"state":{"kills":0,"towersLeft":0.9696969985961914,"netWorth":0.11610999703407288,"xp":0.2936111092567444,"teamXp":0.3242962956428528,"teamDeaths":0.012000000104308128,"enemyTowersLeft":0.8484848737716675,"deaths":0.0020000000949949026,"teamNetWorth":0.39836999773979187,"teamKills":0.023000000044703484},"lastItemPurchased":[0,0,0,0,0,0,0,0,0,0,0]},"npc_dota_hero_silencer":{"lastAbilityUpgraded":"","victory":true,"state":{"kills":0.0020000000949949026,"towersLeft":0.9696969985961914,"netWorth":0.03562000021338463,"xp":0.14836420118808746,"teamXp":0.3242962956428528,"teamDeaths":0.012000000104308128,"enemyTowersLeft":0.8484848737716675,"deaths":0.004000000189989805,"teamNetWorth":0.39836999773979187,"teamKills":0.023000000044703484},"lastItemPurchased":[0,0,0,0,0,0,1,0,0,0,0]},"npc_dota_hero_oracle":{"lastAbilityUpgraded":"","victory":false,"state":{"kills":0.0020000000949949026,"towersLeft":0.8181818127632141,"netWorth":0.017580000683665276,"xp":0.1023765429854393,"teamXp":0.19898147881031036,"teamDeaths":0.02500000037252903,"enemyTowersLeft":0.9696969985961914,"deaths":0.003000000026077032,"teamNetWorth":0.18704000115394592,"teamKills":0.012000000104308128},"lastItemPurchased":[0,0,0,0,0,0,0,0,0,0,0]},"npc_dota_hero_luna":{"lastAbilityUpgraded":"","victory":false,"state":{"kills":0.0020000000949949026,"towersLeft":0.8181818127632141,"netWorth":0.05407999828457832,"xp":0.2716049253940582,"teamXp":0.19898147881031036,"teamDeaths":0.02500000037252903,"enemyTowersLeft":0.9696969985961914,"deaths":0.004000000189989805,"teamNetWorth":0.18704000115394592,"teamKills":0.012000000104308128},"lastItemPurchased":[0,0,0,0,0,0,0,0,0,0,0]},"npc_dota_hero_slardar":{"lastAbilityUpgraded":"","victory":false,"state":{"kills":0.0010000000474974513,"towersLeft":0.8181818127632141,"netWorth":0.0400100015103817,"xp":0.26336419582366943,"teamXp":0.19898147881031036,"teamDeaths":0.02500000037252903,"enemyTowersLeft":0.9696969985961914,"deaths":0.007000000216066837,"teamNetWorth":0.18704000115394592,"teamKills":0.012000000104308128},"lastItemPurchased":[0,0,0,0,0,0,0,0,0,0,0]},"npc_dota_hero_tidehunter":{"lastAbilityUpgraded":"","victory":true,"state":{"kills":0.0020000000949949026,"towersLeft":0.9696969985961914,"netWorth":0.05457000061869621,"xp":0.2519444525241852,"teamXp":0.3242962956428528,"teamDeaths":0.012000000104308128,"enemyTowersLeft":0.8484848737716675,"deaths":0.0010000000474974513,"teamNetWorth":0.39836999773979187,"teamKills":0.023000000044703484},"lastItemPurchased":[0,0,0,0,0,0,0,0,0,0,0]},"npc_dota_hero_shadow_demon":{"lastAbilityUpgraded":"","victory":false,"state":{"kills":0.0020000000949949026,"towersLeft":0.8181818127632141,"netWorth":0.016720000654459,"xp":0.1093209907412529,"teamXp":0.19898147881031036,"teamDeaths":0.02500000037252903,"enemyTowersLeft":0.9696969985961914,"deaths":0.007000000216066837,"teamNetWorth":0.18704000115394592,"teamKills":0.012000000104308128},"lastItemPurchased":[0,0,0,0,0,0,0,0,0,0,0]}}}