{"gameTime":40,"state":{"npc_dota_hero_antimage":{"lastAbilityUpgraded":"","victory":true,"state":{"kills":0.01600000075995922,"towersLeft":0.7878788113594055,"netWorth":0.2937600016593933,"xp":1.000617265701294,"teamXp":0.5932469367980957,"teamDeaths":0.017999999225139618,"enemyTowersLeft":0.5454545617103577,"deaths":0,"teamNetWorth":0.7122600078582764,"teamKills":0.03500000014901161},"lastItemPurchased":[0,0,0,0,0,0,0,1,0,0,0]},"npc_dota_hero_rubick":{"lastAbilityUpgraded":"","victory":false,"state":{"kills":0.0020000000949949026,"towersLeft":0.5151515007019043,"netWorth":0.04108000174164772,"xp":0.3290432095527649,"teamXp":0.50727778673172,"teamDeaths":0.03799999877810478,"enemyTowersLeft":0.7575757503509521,"deaths":0.009999999776482582,"teamNetWorth":0.4978399872779846,"teamKills":0.01600000075995922},"lastItemPurchased":[0,0,0,0,0,0,0,0,0,0,0]},"npc_dota_hero_pudge":{"lastAbilityUpgraded":"","victory":true,"state":{"kills":0.0010000000474974513,"towersLeft":0.7878788113594055,"netWorth":0.07113000005483627,"xp":0.3652777671813965,"teamXp":0.5932469367980957,"teamDeaths":0.017999999225139618,"enemyTowersLeft":0.5454545617103577,"deaths":0.006000000052154064,"teamNetWorth":0.7122600078582764,"teamKills":0.03500000014901161},"lastItemPurchased":[0,0,0,1,0,0,0,0,0,0,0]},"npc_dota_hero_sand_king":{"lastAbilityUpgraded":"","victory":true,"state":{"kills":0.007000000216066837,"towersLeft":0.7878788113594055,"netWorth":0.15102000534534454,"xp":0.6775308847427368,"teamXp":0.5932469367980957,"teamDeaths":0.017999999225139618,"enemyTowersLeft":0.5454545617103577,"deaths":0.004000000189989805,"teamNetWorth":0.7122600078582764,"teamKills":0.03500000014901161},"lastItemPurchased":[0,0,0,0,0,0,0,0,0,0,0]},"npc_dota_hero_invoker":{"lastAbilityUpgraded":"","victory":false,"state":{"kills":0.0020000000949949026,"towersLeft":0.5151515007019043,"netWorth":0.10763999819755554,"xp":0.5249999761581421,"teamXp":0.50727778673172,"teamDeaths":0.03799999877810478,"enemyTowersLeft":0.7575757503509521,"deaths":0.003000000026077032,"teamNetWorth":0.4978399872779846,"teamKills":0.01600000075995922},"lastItemPurchased":[0,0,0,0,0,0,0,0,0,0,0]},"npc_dota_hero_terrorblade":{"lastAbilityUpgraded":"","victory":false,"state":{"kills":0.0020000000949949026,"towersLeft":0.5151515007019043,"netWorth":0.10970000177621841,"xp":0.4816666543483734,"teamXp":0.50727778673172,"teamDeaths":0.03799999877810478,"enemyTowersLeft":0.7575757503509521,"deaths":0.006000000052154064,"teamNetWorth":0.4978399872779846,"teamKills":0.01600000075995922},"lastItemPurchased":[0,0,0,0,0,0,0,0,0,0,0]},"npc_dota_hero_luna":{"lastAbilityUpgraded":"","victory":false,"state":{"kills":0.004999999888241291,"towersLeft":0.5151515007019043,"netWorth":0.12043000012636185,"xp":0.5818209648132324,"teamXp":0.50727778673172,"teamDeaths":0.03799999877810478,"enemyTowersLeft":0.7575757503509521,"deaths":0.006000000052154064,"teamNetWorth":0.4978399872779846,"teamKills":0.01600000075995922},"lastItemPurchased":[0,0,0,0,0,0,0,0,0,0,0]},"npc_dota_hero_skeleton_king":{"lastAbilityUpgraded":"","victory":false,"state":{"kills":0.004999999888241291,"towersLeft":0.5151515007019043,"netWorth":0.11898999661207199,"xp":0.6188580393791199,"teamXp":0.50727778673172,"teamDeaths":0.03799999877810478,"enemyTowersLeft":0.7575757503509521,"deaths":0.013000000268220901,"teamNetWorth":0.4978399872779846,"teamKills":0.01600000075995922},"lastItemPurchased":[0,0,0,0,0,0,0,0,1,0,0]},"npc_dota_hero_magnataur":{"lastAbilityUpgraded":"","victory":true,"state":{"kills":0.010999999940395355,"towersLeft":0.7878788113594055,"netWorth":0.1455100029706955,"xp":0.585493803024292,"teamXp":0.5932469367980957,"teamDeaths":0.017999999225139618,"enemyTowersLeft":0.5454545617103577,"deaths":0.004000000189989805,"teamNetWorth":0.7122600078582764,"teamKills":0.03500000014901161},"lastItemPurchased":[0,0,0,0,0,0,0,1,0,0,0]},"npc_dota_hero_disruptor":{"lastAbilityUpgraded":"","victory":true,"state":{"kills":0,"towersLeft":0.7878788113594055,"netWorth":0.05084000155329704,"xp":0.33731481432914734,"teamXp":0.5932469367980957,"teamDeaths":0.017999999225139618,"enemyTowersLeft":0.5454545617103577,"deaths":0.004000000189989805,"teamNetWorth":0.7122600078582764,"teamKills":0.03500000014901161},"lastItemPurchased":[0,0,1,0,0,0,0,0,0,0,0]}}}