{"gameTime":20,"state":{"npc_dota_hero_storm_spirit":{"lastAbilityUpgraded":"","victory":false,"state":{"kills":0.0010000000474974513,"towersLeft":1,"netWorth":0.04140999913215637,"xp":0.18617284297943115,"teamXp":0.13341975212097168,"teamDeaths":0.010999999940395355,"enemyTowersLeft":0.9696969985961914,"deaths":0.003000000026077032,"teamNetWorth":0.1664000004529953,"teamKills":0.006000000052154064},"lastItemPurchased":[0,0,0,0,0,0,0,0,0,0,0]},"npc_dota_hero_ursa":{"lastAbilityUpgraded":"","victory":false,"state":{"kills":0.0010000000474974513,"towersLeft":1,"netWorth":0.05660000070929527,"xp":0.16746912896633148,"teamXp":0.13341975212097168,"teamDeaths":0.010999999940395355,"enemyTowersLeft":0.9696969985961914,"deaths":0.0010000000474974513,"teamNetWorth":0.1664000004529953,"teamKills":0.006000000052154064},"lastItemPurchased":[0,0,0,0,0,0,0,0,0,0,0]},"npc_dota_hero_life_stealer":{"lastAbilityUpgraded":"","victory":true,"state":{"kills":0,"towersLeft":0.9696969985961914,"netWorth":0.039489999413490295,"xp":0.1564197540283203,"teamXp":0.14220987260341644,"teamDeaths":0.006000000052154064,"enemyTowersLeft":1,"deaths":0,"teamNetWorth":0.16197000443935394,"teamKills":0.008999999612569809},"lastItemPurchased":[0,0,0,0,0,0,0,0,0,0,0]},"npc_dota_hero_centaur":{"lastAbilityUpgraded":"","victory":true,"state":{"kills":0.004000000189989805,"towersLeft":0.9696969985961914,"netWorth":0.0362900011241436,"xp":0.16277778148651123,"teamXp":0.14220987260341644,"teamDeaths":0.006000000052154064,"enemyTowersLeft":1,"deaths":0.0020000000949949026,"teamNetWorth":0.16197000443935394,"teamKills":0.008999999612569809},"lastItemPurchased":[0,0,0,0,0,0,0,0,0,0,0]},"npc_dota_hero_pudge":{"lastAbilityUpgraded":"","victory":false,"state":{"kills":0.004000000189989805,"towersLeft":1,"netWorth":0.025520000606775284,"xp":0.1187037006020546,"teamXp":0.13341975212097168,"teamDeaths":0.010999999940395355,"enemyTowersLeft":0.9696969985961914,"deaths":0.0020000000949949026,"teamNetWorth":0.1664000004529953,"teamKills":0.006000000052154064},"lastItemPurchased":[0,0,0,0,0,0,0,0,0,0,1]},"npc_dota_hero_legion_commander":{"lastAbilityUpgraded":"","victory":true,"state":{"kills":0.0010000000474974513,"towersLeft":0.9696969985961914,"netWorth":0.03818000108003616,"xp":0.1870061755180359,"teamXp":0.14220987260341644,"teamDeaths":0.006000000052154064,"enemyTowersLeft":1,"deaths":0,"teamNetWorth":0.16197000443935394,"teamKills":0.008999999612569809},"lastItemPurchased":[0,0,0,0,0,0,0,0,0,0,0]},"npc_dota_hero_arc_warden":{"lastAbilityUpgraded":"","victory":true,"state":{"kills":0.0020000000949949026,"towersLeft":0.9696969985961914,"netWorth":0.034129999577999115,"xp":0.1364506185054779,"teamXp":0.14220987260341644,"teamDeaths":0.006000000052154064,"enemyTowersLeft":1,"deaths":0.0020000000949949026,"teamNetWorth":0.16197000443935394,"teamKills":0.008999999612569809},"lastItemPurchased":[1,0,0,0,0,0,0,0,0,0,0]},"npc_dota_hero_keeper_of_the_light":{"lastAbilityUpgraded":"","victory":false,"state":{"kills":0,"towersLeft":1,"netWorth":0.01802000030875206,"xp":0.06333333253860474,"teamXp":0.13341975212097168,"teamDeaths":0.010999999940395355,"enemyTowersLeft":0.9696969985961914,"deaths":0.0020000000949949026,"teamNetWorth":0.1664000004529953,"teamKills":0.006000000052154064},"lastItemPurchased":[0,0,0,0,0,0,0,0,0,0,0]},"npc_dota_hero_oracle":{"lastAbilityUpgraded":"","victory":true,"state":{"kills":0.0020000000949949026,"towersLeft":0.9696969985961914,"netWorth":0.013880000449717045,"xp":0.06839506328105927,"teamXp":0.14220987260341644,"teamDeaths":0.006000000052154064,"enemyTowersLeft":1,"deaths":0.0020000000949949026,"teamNetWorth":0.16197000443935394,"teamKills":0.008999999612569809},"lastItemPurchased":[0,0,0,0,0,0,0,0,0,0,0]},"npc_dota_hero_shredder":{"lastAbilityUpgraded":"","victory":false,"state":{"kills":0,"towersLeft":1,"netWorth":0.02484999969601631,"xp":0.13141974806785583,"teamXp":0.13341975212097168,"teamDeaths":0.010999999940395355,"enemyTowersLeft":0.9696969985961914,"deaths":0.003000000026077032,"teamNetWorth":0.1664000004529953,"teamKills":0.006000000052154064},"lastItemPurchased":[0,0,0,0,0,0,0,0,0,0,0]}}}