{"gameTime":6,"state":{"npc_dota_hero_naga_siren":{"lastAbilityUpgraded":"","victory":true,"state":{"kills":0,"towersLeft":1,"netWorth":0.008030000142753124,"xp":9.876543190330267E-4,"teamXp":0.001716049388051033,"teamDeaths":0,"enemyTowersLeft":1,"deaths":0,"teamNetWorth":0.04072999954223633,"teamKills":0.0020000000949949026},"lastItemPurchased":[1,0,0,0,0,0,0,0,0,0,0]},"npc_dota_hero_ursa":{"lastAbilityUpgraded":"","victory":false,"state":{"kills":0,"towersLeft":1,"netWorth":0.008249999955296516,"xp":0,"teamXp":0.0011111111380159855,"teamDeaths":0.0020000000949949026,"enemyTowersLeft":1,"deaths":0,"teamNetWorth":0.040119998157024384,"teamKills":0},"lastItemPurchased":[0,0,0,0,0,0,0,0,0,0,0]},"npc_dota_hero_alchemist":{"lastAbilityUpgraded":"","victory":false,"state":{"kills":0,"towersLeft":1,"netWorth":0.0066999997943639755,"xp":0.004166666883975267,"teamXp":0.0011111111380159855,"teamDeaths":0.0020000000949949026,"enemyTowersLeft":1,"deaths":0.0010000000474974513,"teamNetWorth":0.040119998157024384,"teamKills":0},"lastItemPurchased":[0,0,0,0,0,0,0,0,0,0,0]},"npc_dota_hero_axe":{"lastAbilityUpgraded":"","victory":true,"state":{"kills":0.0010000000474974513,"towersLeft":1,"netWorth":0.009329999797046185,"xp":0.0019753086380660534,"teamXp":0.001716049388051033,"teamDeaths":0,"enemyTowersLeft":1,"deaths":0,"teamNetWorth":0.04072999954223633,"teamKills":0.0020000000949949026},"lastItemPurchased":[0,0,0,0,0,0,0,0,0,0,0]},"npc_dota_hero_spirit_breaker":{"lastAbilityUpgraded":"","victory":false,"state":{"kills":0,"towersLeft":1,"netWorth":0.0062500000931322575,"xp":0,"teamXp":0.0011111111380159855,"teamDeaths":0.0020000000949949026,"enemyTowersLeft":1,"deaths":0,"teamNetWorth":0.040119998157024384,"teamKills":0},"lastItemPurchased":[0,0,0,0,0,0,0,0,0,0,0]},"npc_dota_hero_mirana":{"lastAbilityUpgraded":"","victory":true,"state":{"kills":0,"towersLeft":1,"netWorth":0.006779999937862158,"xp":0.002654321026057005,"teamXp":0.001716049388051033,"teamDeaths":0,"enemyTowersLeft":1,"deaths":0,"teamNetWorth":0.04072999954223633,"teamKills":0.0020000000949949026},"lastItemPurchased":[0,0,0,0,0,0,0,0,0,0,0]},"npc_dota_hero_beastmaster":{"lastAbilityUpgraded":"","victory":false,"state":{"kills":0,"towersLeft":1,"netWorth":0.012959999963641167,"xp":0.0013888889225199819,"teamXp":0.0011111111380159855,"teamDeaths":0.0020000000949949026,"enemyTowersLeft":1,"deaths":0,"teamNetWorth":0.040119998157024384,"teamKills":0},"lastItemPurchased":[0,0,0,0,0,0,0,0,0,0,0]},"npc_dota_hero_oracle":{"lastAbilityUpgraded":"","victory":false,"state":{"kills":0,"towersLeft":1,"netWorth":0.005960000213235617,"xp":0,"teamXp":0.0011111111380159855,"teamDeaths":0.0020000000949949026,"enemyTowersLeft":1,"deaths":0.0010000000474974513,"teamNetWorth":0.040119998157024384,"teamKills":0},"lastItemPurchased":[0,0,0,0,0,0,0,0,0,0,0]},"npc_dota_hero_lion":{"lastAbilityUpgraded":"","victory":true,"state":{"kills":0.0010000000474974513,"towersLeft":1,"netWorth":0.008059999905526638,"xp":0.0019753086380660534,"teamXp":0.001716049388051033,"teamDeaths":0,"enemyTowersLeft":1,"deaths":0,"teamNetWorth":0.04072999954223633,"teamKills":0.0020000000949949026},"lastItemPurchased":[0,0,0,0,0,0,0,0,0,0,0]},"npc_dota_hero_omniknight":{"lastAbilityUpgraded":"","victory":true,"state":{"kills":0,"towersLeft":1,"netWorth":0.00853000022470951,"xp":9.876543190330267E-4,"teamXp":0.001716049388051033,"teamDeaths":0,"enemyTowersLeft":1,"deaths":0,"teamNetWorth":0.04072999954223633,"teamKills":0.0020000000949949026},"lastItemPurchased":[0,0,0,0,0,0,0,0,0,0,0]}}}