{"gameTime":22,"state":{"npc_dota_hero_antimage":{"lastAbilityUpgraded":"","victory":false,"state":{"kills":0,"towersLeft":0.9696969985961914,"netWorth":0.07682999968528748,"xp":0.28648146986961365,"teamXp":0.1648888885974884,"teamDeaths":0.009999999776482582,"enemyTowersLeft":0.939393937587738,"deaths":0,"teamNetWorth":0.19806000590324402,"teamKills":0.007000000216066837},"lastItemPurchased":[0,0,1,0,0,0,0,0,0,0,0]},"npc_dota_hero_faceless_void":{"lastAbilityUpgraded":"","victory":true,"state":{"kills":0.003000000026077032,"towersLeft":0.9696969985961914,"netWorth":0.05688999965786934,"xp":0.192592591047287,"teamXp":0.15183334052562714,"teamDeaths":0.008999999612569809,"enemyTowersLeft":1,"deaths":0,"teamNetWorth":0.18027999997138977,"teamKills":0.009999999776482582},"lastItemPurchased":[0,0,0,0,0,0,0,0,0,1,0]},"npc_dota_hero_earth_spirit":{"lastAbilityUpgraded":"","victory":true,"state":{"kills":0.0020000000949949026,"towersLeft":0.9696969985961914,"netWorth":0.026079999282956123,"xp":0.11987654119729996,"teamXp":0.15183334052562714,"teamDeaths":0.008999999612569809,"enemyTowersLeft":1,"deaths":0.003000000026077032,"teamNetWorth":0.18027999997138977,"teamKills":0.009999999776482582},"lastItemPurchased":[0,0,0,0,0,0,1,0,0,0,0]},"npc_dota_hero_silencer":{"lastAbilityUpgraded":"","victory":false,"state":{"kills":0.0020000000949949026,"towersLeft":0.9696969985961914,"netWorth":0.025380000472068787,"xp":0.1232098788022995,"teamXp":0.1648888885974884,"teamDeaths":0.009999999776482582,"enemyTowersLeft":0.939393937587738,"deaths":0.0010000000474974513,"teamNetWorth":0.19806000590324402,"teamKills":0.007000000216066837},"lastItemPurchased":[0,1,0,0,0,0,0,0,0,0,0]},"npc_dota_hero_tiny":{"lastAbilityUpgraded":"","victory":false,"state":{"kills":0.0010000000474974513,"towersLeft":0.9696969985961914,"netWorth":0.051430001854896545,"xp":0.20148147642612457,"teamXp":0.1648888885974884,"teamDeaths":0.009999999776482582,"enemyTowersLeft":0.939393937587738,"deaths":0.0020000000949949026,"teamNetWorth":0.19806000590324402,"teamKills":0.007000000216066837},"lastItemPurchased":[0,0,0,0,0,0,0,0,0,0,0]},"npc_dota_hero_rattletrap":{"lastAbilityUpgraded":"","victory":false,"state":{"kills":0.003000000026077032,"towersLeft":0.9696969985961914,"netWorth":0.032269999384880066,"xp":0.14219136536121368,"teamXp":0.1648888885974884,"teamDeaths":0.009999999776482582,"enemyTowersLeft":0.939393937587738,"deaths":0.003000000026077032,"teamNetWorth":0.19806000590324402,"teamKills":0.007000000216066837},"lastItemPurchased":[0,0,1,0,0,0,0,0,0,0,0]},"npc_dota_hero_shredder":{"lastAbilityUpgraded":"","victory":true,"state":{"kills":0.004999999888241291,"towersLeft":0.9696969985961914,"netWorth":0.0436599999666214,"xp":0.17759259045124054,"teamXp":0.15183334052562714,"teamDeaths":0.008999999612569809,"enemyTowersLeft":1,"deaths":0.003000000026077032,"teamNetWorth":0.18027999997138977,"teamKills":0.009999999776482582},"lastItemPurchased":[0,1,0,0,0,0,0,0,0,0,0]},"npc_dota_hero_wisp":{"lastAbilityUpgraded":"","victory":false,"state":{"kills":0.0010000000474974513,"towersLeft":0.9696969985961914,"netWorth":0.012149999849498272,"xp":0.07108024507761002,"teamXp":0.1648888885974884,"teamDeaths":0.009999999776482582,"enemyTowersLeft":0.939393937587738,"deaths":0.004000000189989805,"teamNetWorth":0.19806000590324402,"teamKills":0.007000000216066837},"lastItemPurchased":[0,0,0,0,0,0,0,0,0,0,0]},"npc_dota_hero_omniknight":{"lastAbilityUpgraded":"","victory":true,"state":{"kills":0,"towersLeft":0.9696969985961914,"netWorth":0.03533000126481056,"xp":0.17206789553165436,"teamXp":0.15183334052562714,"teamDeaths":0.008999999612569809,"enemyTowersLeft":1,"deaths":0.0010000000474974513,"teamNetWorth":0.18027999997138977,"teamKills":0.009999999776482582},"lastItemPurchased":[0,0,0,0,0,0,0,0,0,0,0]},"npc_dota_hero_disruptor":{"lastAbilityUpgraded":"","victory":true,"state":{"kills":0,"towersLeft":0.9696969985961914,"netWorth":0.018319999799132347,"xp":0.09703703969717026,"teamXp":0.15183334052562714,"teamDeaths":0.008999999612569809,"enemyTowersLeft":1,"deaths":0.0020000000949949026,"teamNetWorth":0.18027999997138977,"teamKills":0.009999999776482582},"lastItemPurchased":[0,0,0,0,0,0,0,0,0,0,0]}}}