{"gameTime":31,"state":{"npc_dota_hero_antimage":{"lastAbilityUpgraded":"","victory":true,"state":{"kills":0,"towersLeft":0.8484848737716675,"netWorth":0.12086000293493271,"xp":0.5032715797424316,"teamXp":0.334487646818161,"teamDeaths":0.035999998450279236,"enemyTowersLeft":0.9090909361839294,"deaths":0.0020000000949949026,"teamNetWorth":0.32510998845100403,"teamKills":0.013000000268220901},"lastItemPurchased":[0,0,0,0,0,0,0,0,1,0,0]},"npc_dota_hero_templar_assassin":{"lastAbilityUpgraded":"","victory":true,"state":{"kills":0.006000000052154064,"towersLeft":0.8484848737716675,"netWorth":0.08336000144481659,"xp":0.4096604883670807,"teamXp":0.334487646818161,"teamDeaths":0.035999998450279236,"enemyTowersLeft":0.9090909361839294,"deaths":0.00800000037997961,"teamNetWorth":0.32510998845100403,"teamKills":0.013000000268220901},"lastItemPurchased":[0,0,0,0,0,0,0,0,0,0,0]},"npc_dota_hero_rubick":{"lastAbilityUpgraded":"","victory":false,"state":{"kills":0.0020000000949949026,"towersLeft":0.9090909361839294,"netWorth":0.04812999814748764,"xp":0.26830247044563293,"teamXp":0.3513333201408386,"teamDeaths":0.014999999664723873,"enemyTowersLeft":0.8484848737716675,"deaths":0.0020000000949949026,"teamNetWorth":0.3806700110435486,"teamKills":0.03400000184774399},"lastItemPurchased":[0,0,0,1,0,0,0,0,0,0,0]},"npc_dota_hero_axe":{"lastAbilityUpgraded":"","victory":false,"state":{"kills":0.009999999776482582,"towersLeft":0.9090909361839294,"netWorth":0.08427000045776367,"xp":0.41499999165534973,"teamXp":0.3513333201408386,"teamDeaths":0.014999999664723873,"enemyTowersLeft":0.8484848737716675,"deaths":0.003000000026077032,"teamNetWorth":0.3806700110435486,"teamKills":0.03400000184774399},"lastItemPurchased":[0,0,0,1,0,0,0,0,0,0,0]},"npc_dota_hero_pudge":{"lastAbilityUpgraded":"","victory":false,"state":{"kills":0.00800000037997961,"towersLeft":0.9090909361839294,"netWorth":0.05793000012636185,"xp":0.2968209981918335,"teamXp":0.3513333201408386,"teamDeaths":0.014999999664723873,"enemyTowersLeft":0.8484848737716675,"deaths":0.004000000189989805,"teamNetWorth":0.3806700110435486,"teamKills":0.03400000184774399},"lastItemPurchased":[0,0,0,0,0,0,0,0,0,0,0]},"npc_dota_hero_tiny":{"lastAbilityUpgraded":"","victory":false,"state":{"kills":0.007000000216066837,"towersLeft":0.9090909361839294,"netWorth":0.08482000231742859,"xp":0.34947529435157776,"teamXp":0.3513333201408386,"teamDeaths":0.014999999664723873,"enemyTowersLeft":0.8484848737716675,"deaths":0.004000000189989805,"teamNetWorth":0.3806700110435486,"teamKills":0.03400000184774399},"lastItemPurchased":[0,0,0,0,0,0,0,0,0,0,0]},"npc_dota_hero_lion":{"lastAbilityUpgraded":"","victory":true,"state":{"kills":0.004999999888241291,"towersLeft":0.8484848737716675,"netWorth":0.020029999315738678,"xp":0.150277778506279,"teamXp":0.334487646818161,"teamDeaths":0.035999998450279236,"enemyTowersLeft":0.9090909361839294,"deaths":0.012000000104308128,"teamNetWorth":0.32510998845100403,"teamKills":0.013000000268220901},"lastItemPurchased":[1,0,0,0,0,0,0,0,0,0,0]},"npc_dota_hero_brewmaster":{"lastAbilityUpgraded":"","victory":true,"state":{"kills":0,"towersLeft":0.8484848737716675,"netWorth":0.07654000073671341,"xp":0.37567901611328125,"teamXp":0.334487646818161,"teamDeaths":0.035999998450279236,"enemyTowersLeft":0.9090909361839294,"deaths":0.003000000026077032,"teamNetWorth":0.32510998845100403,"teamKills":0.013000000268220901},"lastItemPurchased":[0,0,0,0,0,1,0,0,0,0,0]},"npc_dota_hero_spectre":{"lastAbilityUpgraded":"","victory":false,"state":{"kills":0.007000000216066837,"towersLeft":0.9090909361839294,"netWorth":0.10552000254392624,"xp":0.42706790566444397,"teamXp":0.3513333201408386,"teamDeaths":0.014999999664723873,"enemyTowersLeft":0.8484848737716675,"deaths":0.0020000000949949026,"teamNetWorth":0.3806700110435486,"teamKills":0.03400000184774399},"lastItemPurchased":[0,0,0,0,0,0,0,0,0,0,0]},"npc_dota_hero_magnataur":{"lastAbilityUpgraded":"","victory":true,"state":{"kills":0.0020000000949949026,"towersLeft":0.8484848737716675,"netWorth":0.024320000782608986,"xp":0.23354938626289368,"teamXp":0.334487646818161,"teamDeaths":0.035999998450279236,"enemyTowersLeft":0.9090909361839294,"deaths":0.010999999940395355,"teamNetWorth":0.32510998845100403,"teamKills":0.013000000268220901},"lastItemPurchased":[0,0,0,0,1,0,0,0,0,0,0]}}}