{"gameTime":57,"state":{"npc_dota_hero_antimage":{"lastAbilityUpgraded":"","victory":true,"state":{"kills":0.003000000026077032,"towersLeft":0.7878788113594055,"netWorth":0.3389100134372711,"xp":1.0011727809906006,"teamXp":0.8024938106536865,"teamDeaths":0.052000001072883606,"enemyTowersLeft":0.6363636255264282,"deaths":0.004999999888241291,"teamNetWorth":0.952489972114563,"teamKills":0.027000000700354576},"lastItemPurchased":[0,0,0,0,0,0,0,0,0,0,0]},"npc_dota_hero_templar_assassin":{"lastAbilityUpgraded":"","victory":true,"state":{"kills":0.013000000268220901,"towersLeft":0.7878788113594055,"netWorth":0.2545900046825409,"xp":1,"teamXp":0.8024938106536865,"teamDeaths":0.052000001072883606,"enemyTowersLeft":0.6363636255264282,"deaths":0.012000000104308128,"teamNetWorth":0.952489972114563,"teamKills":0.027000000700354576},"lastItemPurchased":[0,0,0,0,0,0,0,0,0,0,0]},"npc_dota_hero_rubick":{"lastAbilityUpgraded":"","victory":false,"state":{"kills":0.003000000026077032,"towersLeft":0.6363636255264282,"netWorth":0.10344000160694122,"xp":0.6926234364509583,"teamXp":0.7684691548347473,"teamDeaths":0.03400000184774399,"enemyTowersLeft":0.7878788113594055,"deaths":0.007000000216066837,"teamNetWorth":0.7651399970054626,"teamKills":0.050999999046325684},"lastItemPurchased":[1,0,0,0,0,0,0,0,0,0,0]},"npc_dota_hero_axe":{"lastAbilityUpgraded":"","victory":false,"state":{"kills":0.014000000432133675,"towersLeft":0.6363636255264282,"netWorth":0.12827999889850616,"xp":0.7273457050323486,"teamXp":0.7684691548347473,"teamDeaths":0.03400000184774399,"enemyTowersLeft":0.7878788113594055,"deaths":0.007000000216066837,"teamNetWorth":0.7651399970054626,"teamKills":0.050999999046325684},"lastItemPurchased":[0,0,0,0,0,0,0,0,0,0,0]},"npc_dota_hero_pudge":{"lastAbilityUpgraded":"","victory":false,"state":{"kills":0.012000000104308128,"towersLeft":0.6363636255264282,"netWorth":0.08269000053405762,"xp":0.5812345743179321,"teamXp":0.7684691548347473,"teamDeaths":0.03400000184774399,"enemyTowersLeft":0.7878788113594055,"deaths":0.00800000037997961,"teamNetWorth":0.7651399970054626,"teamKills":0.050999999046325684},"lastItemPurchased":[0,0,0,0,0,0,0,0,0,0,0]},"npc_dota_hero_tiny":{"lastAbilityUpgraded":"","victory":false,"state":{"kills":0.010999999940395355,"towersLeft":0.6363636255264282,"netWorth":0.18250000476837158,"xp":0.840925931930542,"teamXp":0.7684691548347473,"teamDeaths":0.03400000184774399,"enemyTowersLeft":0.7878788113594055,"deaths":0.008999999612569809,"teamNetWorth":0.7651399970054626,"teamKills":0.050999999046325684},"lastItemPurchased":[0,0,0,0,0,0,0,0,0,0,0]},"npc_dota_hero_lion":{"lastAbilityUpgraded":"","victory":true,"state":{"kills":0.006000000052154064,"towersLeft":0.7878788113594055,"netWorth":0.05956999957561493,"xp":0.3818827271461487,"teamXp":0.8024938106536865,"teamDeaths":0.052000001072883606,"enemyTowersLeft":0.6363636255264282,"deaths":0.01600000075995922,"teamNetWorth":0.952489972114563,"teamKills":0.027000000700354576},"lastItemPurchased":[1,0,0,0,0,0,0,0,0,0,0]},"npc_dota_hero_brewmaster":{"lastAbilityUpgraded":"","victory":true,"state":{"kills":0.0020000000949949026,"towersLeft":0.7878788113594055,"netWorth":0.22224999964237213,"xp":1.000617265701294,"teamXp":0.8024938106536865,"teamDeaths":0.052000001072883606,"enemyTowersLeft":0.6363636255264282,"deaths":0.004000000189989805,"teamNetWorth":0.952489972114563,"teamKills":0.027000000700354576},"lastItemPurchased":[0,0,0,0,0,0,0,0,0,0,0]},"npc_dota_hero_spectre":{"lastAbilityUpgraded":"","victory":false,"state":{"kills":0.010999999940395355,"towersLeft":0.6363636255264282,"netWorth":0.26822999119758606,"xp":1.000216007232666,"teamXp":0.7684691548347473,"teamDeaths":0.03400000184774399,"enemyTowersLeft":0.7878788113594055,"deaths":0.003000000026077032,"teamNetWorth":0.7651399970054626,"teamKills":0.050999999046325684},"lastItemPurchased":[0,0,0,0,0,0,0,1,0,0,0]},"npc_dota_hero_magnataur":{"lastAbilityUpgraded":"","victory":true,"state":{"kills":0.003000000026077032,"towersLeft":0.7878788113594055,"netWorth":0.0771699994802475,"xp":0.6287962794303894,"teamXp":0.8024938106536865,"teamDeaths":0.052000001072883606,"enemyTowersLeft":0.6363636255264282,"deaths":0.014999999664723873,"teamNetWorth":0.952489972114563,"teamKills":0.027000000700354576},"lastItemPurchased":[0,0,0,0,0,0,0,0,0,0,0]}}}