{"gameTime":32,"state":{"npc_dota_hero_bloodseeker":{"lastAbilityUpgraded":"","victory":true,"state":{"kills":0.004000000189989805,"towersLeft":0.939393937587738,"netWorth":0.08309999853372574,"xp":0.4141049385070801,"teamXp":0.37976542115211487,"teamDeaths":0.013000000268220901,"enemyTowersLeft":0.8484848737716675,"deaths":0.004000000189989805,"teamNetWorth":0.40327998995780945,"teamKills":0.026000000536441803},"lastItemPurchased":[0,0,0,0,0,0,0,0,0,0,0]},"npc_dota_hero_life_stealer":{"lastAbilityUpgraded":"","victory":false,"state":{"kills":0.0020000000949949026,"towersLeft":0.8484848737716675,"netWorth":0.06120000034570694,"xp":0.3746296167373657,"teamXp":0.3227345645427704,"teamDeaths":0.026000000536441803,"enemyTowersLeft":0.939393937587738,"deaths":0.004999999888241291,"teamNetWorth":0.2966800034046173,"teamKills":0.012000000104308128},"lastItemPurchased":[0,0,0,0,0,0,0,0,0,0,0]},"npc_dota_hero_phantom_assassin":{"lastAbilityUpgraded":"","victory":true,"state":{"kills":0.017999999225139618,"towersLeft":0.939393937587738,"netWorth":0.12425000220537186,"xp":0.5336111187934875,"teamXp":0.37976542115211487,"teamDeaths":0.013000000268220901,"enemyTowersLeft":0.8484848737716675,"deaths":0.003000000026077032,"teamNetWorth":0.40327998995780945,"teamKills":0.026000000536441803},"lastItemPurchased":[0,0,0,0,0,0,0,0,0,0,0]},"npc_dota_hero_invoker":{"lastAbilityUpgraded":"","victory":false,"state":{"kills":0.003000000026077032,"towersLeft":0.8484848737716675,"netWorth":0.05138999968767166,"xp":0.3031790256500244,"teamXp":0.3227345645427704,"teamDeaths":0.026000000536441803,"enemyTowersLeft":0.939393937587738,"deaths":0.00800000037997961,"teamNetWorth":0.2966800034046173,"teamKills":0.012000000104308128},"lastItemPurchased":[0,0,0,0,0,0,0,0,0,0,0]},"npc_dota_hero_abyssal_underlord":{"lastAbilityUpgraded":"","victory":true,"state":{"kills":0.0010000000474974513,"towersLeft":0.939393937587738,"netWorth":0.07320000231266022,"xp":0.33996912837028503,"teamXp":0.37976542115211487,"teamDeaths":0.013000000268220901,"enemyTowersLeft":0.8484848737716675,"deaths":0.0020000000949949026,"teamNetWorth":0.40327998995780945,"teamKills":0.026000000536441803},"lastItemPurchased":[0,0,0,0,0,0,0,0,0,0,0]},"npc_dota_hero_ember_spirit":{"lastAbilityUpgraded":"","victory":false,"state":{"kills":0.003000000026077032,"towersLeft":0.8484848737716675,"netWorth":0.10038000345230103,"xp":0.4378395080566406,"teamXp":0.3227345645427704,"teamDeaths":0.026000000536441803,"enemyTowersLeft":0.939393937587738,"deaths":0.0020000000949949026,"teamNetWorth":0.2966800034046173,"teamKills":0.012000000104308128},"lastItemPurchased":[0,0,0,0,0,0,0,0,0,0,0]},"npc_dota_hero_ogre_magi":{"lastAbilityUpgraded":"","victory":true,"state":{"kills":0.0010000000474974513,"towersLeft":0.939393937587738,"netWorth":0.03838000074028969,"xp":0.2491358071565628,"teamXp":0.37976542115211487,"teamDeaths":0.013000000268220901,"enemyTowersLeft":0.8484848737716675,"deaths":0.003000000026077032,"teamNetWorth":0.40327998995780945,"teamKills":0.026000000536441803},"lastItemPurchased":[0,0,0,0,0,0,0,0,0,0,0]},"npc_dota_hero_shredder":{"lastAbilityUpgraded":"","victory":false,"state":{"kills":0.0020000000949949026,"towersLeft":0.8484848737716675,"netWorth":0.05756000056862831,"xp":0.2961111068725586,"teamXp":0.3227345645427704,"teamDeaths":0.026000000536441803,"enemyTowersLeft":0.939393937587738,"deaths":0.003000000026077032,"teamNetWorth":0.2966800034046173,"teamKills":0.012000000104308128},"lastItemPurchased":[0,0,0,0,0,0,0,0,0,0,0]},"npc_dota_hero_slark":{"lastAbilityUpgraded":"","victory":true,"state":{"kills":0.0020000000949949026,"towersLeft":0.939393937587738,"netWorth":0.08434999734163284,"xp":0.36200618743896484,"teamXp":0.37976542115211487,"teamDeaths":0.013000000268220901,"enemyTowersLeft":0.8484848737716675,"deaths":0.0010000000474974513,"teamNetWorth":0.40327998995780945,"teamKills":0.026000000536441803},"lastItemPurchased":[0,0,0,0,0,0,0,0,0,0,0]},"npc_dota_hero_disruptor":{"lastAbilityUpgraded":"","victory":false,"state":{"kills":0.0020000000949949026,"towersLeft":0.8484848737716675,"netWorth":0.026149999350309372,"xp":0.20191358029842377,"teamXp":0.3227345645427704,"teamDeaths":0.026000000536441803,"enemyTowersLeft":0.939393937587738,"deaths":0.00800000037997961,"teamNetWorth":0.2966800034046173,"teamKills":0.012000000104308128},"lastItemPurchased":[0,0,0,0,0,0,0,0,0,0,0]}}}