{"gameTime":40,"state":{"npc_dota_hero_bloodseeker":{"lastAbilityUpgraded":"","victory":true,"state":{"kills":0.004999999888241291,"towersLeft":0.9090909361839294,"netWorth":0.13242000341415405,"xp":0.5408641695976257,"teamXp":0.5616666674613953,"teamDeaths":0.01600000075995922,"enemyTowersLeft":0.1818181872367859,"deaths":0.004999999888241291,"teamNetWorth":0.6928600072860718,"teamKills":0.03999999910593033},"lastItemPurchased":[0,0,0,0,0,0,0,0,0,0,0]},"npc_dota_hero_life_stealer":{"lastAbilityUpgraded":"","victory":false,"state":{"kills":0.0020000000949949026,"towersLeft":0.1818181872367859,"netWorth":0.054579999297857285,"xp":0.39651235938072205,"teamXp":0.38354939222335815,"teamDeaths":0.03999999910593033,"enemyTowersLeft":0.9090909361839294,"deaths":0.00800000037997961,"teamNetWorth":0.291020005941391,"teamKills":0.014999999664723873},"lastItemPurchased":[0,0,0,0,0,0,0,0,0,0,0]},"npc_dota_hero_phantom_assassin":{"lastAbilityUpgraded":"","victory":true,"state":{"kills":0.028999999165534973,"towersLeft":0.9090909361839294,"netWorth":0.21844999492168427,"xp":0.8679320812225342,"teamXp":0.5616666674613953,"teamDeaths":0.01600000075995922,"enemyTowersLeft":0.1818181872367859,"deaths":0.004000000189989805,"teamNetWorth":0.6928600072860718,"teamKills":0.03999999910593033},"lastItemPurchased":[0,0,0,0,0,0,0,0,0,0,0]},"npc_dota_hero_invoker":{"lastAbilityUpgraded":"","victory":false,"state":{"kills":0.004999999888241291,"towersLeft":0.1818181872367859,"netWorth":0.04575999826192856,"xp":0.38999998569488525,"teamXp":0.38354939222335815,"teamDeaths":0.03999999910593033,"enemyTowersLeft":0.9090909361839294,"deaths":0.012000000104308128,"teamNetWorth":0.291020005941391,"teamKills":0.014999999664723873},"lastItemPurchased":[0,0,0,0,0,0,0,0,0,0,0]},"npc_dota_hero_abyssal_underlord":{"lastAbilityUpgraded":"","victory":true,"state":{"kills":0.0020000000949949026,"towersLeft":0.9090909361839294,"netWorth":0.11840999871492386,"xp":0.4595370292663574,"teamXp":0.5616666674613953,"teamDeaths":0.01600000075995922,"enemyTowersLeft":0.1818181872367859,"deaths":0.003000000026077032,"teamNetWorth":0.6928600072860718,"teamKills":0.03999999910593033},"lastItemPurchased":[0,0,0,0,0,0,0,0,0,0,0]},"npc_dota_hero_ember_spirit":{"lastAbilityUpgraded":"","victory":false,"state":{"kills":0.004000000189989805,"towersLeft":0.1818181872367859,"netWorth":0.10666999965906143,"xp":0.5545061826705933,"teamXp":0.38354939222335815,"teamDeaths":0.03999999910593033,"enemyTowersLeft":0.9090909361839294,"deaths":0.004999999888241291,"teamNetWorth":0.291020005941391,"teamKills":0.014999999664723873},"lastItemPurchased":[0,0,0,0,0,0,0,0,0,0,0]},"npc_dota_hero_ogre_magi":{"lastAbilityUpgraded":"","victory":true,"state":{"kills":0.0010000000474974513,"towersLeft":0.9090909361839294,"netWorth":0.08629000186920166,"xp":0.45879629254341125,"teamXp":0.5616666674613953,"teamDeaths":0.01600000075995922,"enemyTowersLeft":0.1818181872367859,"deaths":0.003000000026077032,"teamNetWorth":0.6928600072860718,"teamKills":0.03999999910593033},"lastItemPurchased":[0,0,0,0,0,0,0,0,0,0,0]},"npc_dota_hero_shredder":{"lastAbilityUpgraded":"","victory":false,"state":{"kills":0.0020000000949949026,"towersLeft":0.1818181872367859,"netWorth":0.05948000028729439,"xp":0.3475925922393799,"teamXp":0.38354939222335815,"teamDeaths":0.03999999910593033,"enemyTowersLeft":0.9090909361839294,"deaths":0.004999999888241291,"teamNetWorth":0.291020005941391,"teamKills":0.014999999664723873},"lastItemPurchased":[0,0,0,0,0,0,0,0,0,0,0]},"npc_dota_hero_slark":{"lastAbilityUpgraded":"","victory":true,"state":{"kills":0.003000000026077032,"towersLeft":0.9090909361839294,"netWorth":0.13729000091552734,"xp":0.48120370507240295,"teamXp":0.5616666674613953,"teamDeaths":0.01600000075995922,"enemyTowersLeft":0.1818181872367859,"deaths":0.0010000000474974513,"teamNetWorth":0.6928600072860718,"teamKills":0.03999999910593033},"lastItemPurchased":[0,0,0,0,0,0,0,0,0,0,0]},"npc_dota_hero_disruptor":{"lastAbilityUpgraded":"","victory":false,"state":{"kills":0.0020000000949949026,"towersLeft":0.1818181872367859,"netWorth":0.024529999122023582,"xp":0.22913579642772675,"teamXp":0.38354939222335815,"teamDeaths":0.03999999910593033,"enemyTowersLeft":0.9090909361839294,"deaths":0.009999999776482582,"teamNetWorth":0.291020005941391,"teamKills":0.014999999664723873},"lastItemPurchased":[0,0,0,0,0,0,0,0,0,0,0]}}}