{"gameTime":18,"state":{"npc_dota_hero_warlock":{"lastAbilityUpgraded":"","victory":true,"state":{"kills":0.004999999888241291,"towersLeft":1,"netWorth":0.03751000016927719,"xp":0.13626542687416077,"teamXp":0.18532098829746246,"teamDeaths":0.008999999612569809,"enemyTowersLeft":0.939393937587738,"deaths":0.0020000000949949026,"teamNetWorth":0.2428700029850006,"teamKills":0.023000000044703484},"lastItemPurchased":[0,0,0,0,0,0,0,0,0,0,0]},"npc_dota_hero_earth_spirit":{"lastAbilityUpgraded":"","victory":false,"state":{"kills":0,"towersLeft":0.939393937587738,"netWorth":0.006680000107735395,"xp":0.06240740790963173,"teamXp":0.14152468740940094,"teamDeaths":0.028999999165534973,"enemyTowersLeft":1,"deaths":0.007000000216066837,"teamNetWorth":0.14104999601840973,"teamKills":0.012000000104308128},"lastItemPurchased":[0,0,0,0,0,0,0,0,0,0,0]},"npc_dota_hero_meepo":{"lastAbilityUpgraded":"","victory":false,"state":{"kills":0.00800000037997961,"towersLeft":0.939393937587738,"netWorth":0.04442000016570091,"xp":0.22574074566364288,"teamXp":0.14152468740940094,"teamDeaths":0.028999999165534973,"enemyTowersLeft":1,"deaths":0.010999999940395355,"teamNetWorth":0.14104999601840973,"teamKills":0.012000000104308128},"lastItemPurchased":[0,1,0,0,0,0,0,0,0,0,0]},"npc_dota_hero_silencer":{"lastAbilityUpgraded":"","victory":false,"state":{"kills":0.004000000189989805,"towersLeft":0.939393937587738,"netWorth":0.02387000061571598,"xp":0.10885802656412125,"teamXp":0.14152468740940094,"teamDeaths":0.028999999165534973,"enemyTowersLeft":1,"deaths":0.007000000216066837,"teamNetWorth":0.14104999601840973,"teamKills":0.012000000104308128},"lastItemPurchased":[0,0,0,0,0,0,0,0,0,0,0]},"npc_dota_hero_pudge":{"lastAbilityUpgraded":"","victory":true,"state":{"kills":0.006000000052154064,"towersLeft":1,"netWorth":0.031980000436306,"xp":0.13635802268981934,"teamXp":0.18532098829746246,"teamDeaths":0.008999999612569809,"enemyTowersLeft":0.939393937587738,"deaths":0.004000000189989805,"teamNetWorth":0.2428700029850006,"teamKills":0.023000000044703484},"lastItemPurchased":[0,0,0,0,0,0,0,0,0,0,0]},"npc_dota_hero_venomancer":{"lastAbilityUpgraded":"","victory":false,"state":{"kills":0,"towersLeft":0.939393937587738,"netWorth":0.03415000066161156,"xp":0.16567900776863098,"teamXp":0.14152468740940094,"teamDeaths":0.028999999165534973,"enemyTowersLeft":1,"deaths":0.0020000000949949026,"teamNetWorth":0.14104999601840973,"teamKills":0.012000000104308128},"lastItemPurchased":[0,0,0,0,0,0,0,0,0,0,0]},"npc_dota_hero_mirana":{"lastAbilityUpgraded":"","victory":true,"state":{"kills":0.00800000037997961,"towersLeft":1,"netWorth":0.05569000169634819,"xp":0.21515432000160217,"teamXp":0.18532098829746246,"teamDeaths":0.008999999612569809,"enemyTowersLeft":0.939393937587738,"deaths":0.0010000000474974513,"teamNetWorth":0.2428700029850006,"teamKills":0.023000000044703484},"lastItemPurchased":[0,0,0,0,0,0,0,0,0,0,0]},"npc_dota_hero_sniper":{"lastAbilityUpgraded":"","victory":true,"state":{"kills":0.003000000026077032,"towersLeft":1,"netWorth":0.055470000952482224,"xp":0.21811728179454803,"teamXp":0.18532098829746246,"teamDeaths":0.008999999612569809,"enemyTowersLeft":0.939393937587738,"deaths":0.0020000000949949026,"teamNetWorth":0.2428700029850006,"teamKills":0.023000000044703484},"lastItemPurchased":[0,0,0,0,0,0,0,0,0,0,0]},"npc_dota_hero_shredder":{"lastAbilityUpgraded":"","victory":true,"state":{"kills":0.0010000000474974513,"towersLeft":1,"netWorth":0.062219999730587006,"xp":0.2207098752260208,"teamXp":0.18532098829746246,"teamDeaths":0.008999999612569809,"enemyTowersLeft":0.939393937587738,"deaths":0,"teamNetWorth":0.2428700029850006,"teamKills":0.023000000044703484},"lastItemPurchased":[0,0,0,0,0,0,0,0,1,0,0]},"npc_dota_hero_sven":{"lastAbilityUpgraded":"","victory":false,"state":{"kills":0,"towersLeft":0.939393937587738,"netWorth":0.031929999589920044,"xp":0.14493827521800995,"teamXp":0.14152468740940094,"teamDeaths":0.028999999165534973,"enemyTowersLeft":1,"deaths":0.0020000000949949026,"teamNetWorth":0.14104999601840973,"teamKills":0.012000000104308128},"lastItemPurchased":[0,0,0,1,0,0,0,0,0,0,0]}}}