{"gameTime":23,"state":{"npc_dota_hero_warlock":{"lastAbilityUpgraded":"","victory":true,"state":{"kills":0.004999999888241291,"towersLeft":1,"netWorth":0.04977000132203102,"xp":0.20070987939834595,"teamXp":0.28536421060562134,"teamDeaths":0.013000000268220901,"enemyTowersLeft":0.8787878751754761,"deaths":0.004000000189989805,"teamNetWorth":0.35743001103401184,"teamKills":0.03400000184774399},"lastItemPurchased":[0,0,0,0,0,0,0,0,0,0,0]},"npc_dota_hero_earth_spirit":{"lastAbilityUpgraded":"","victory":false,"state":{"kills":0,"towersLeft":0.8787878751754761,"netWorth":0.006289999932050705,"xp":0.09709876775741577,"teamXp":0.21179012954235077,"teamDeaths":0.0430000014603138,"enemyTowersLeft":1,"deaths":0.009999999776482582,"teamNetWorth":0.18719999492168427,"teamKills":0.017999999225139618},"lastItemPurchased":[0,0,0,0,0,0,0,0,0,0,0]},"npc_dota_hero_meepo":{"lastAbilityUpgraded":"","victory":false,"state":{"kills":0.012000000104308128,"towersLeft":0.8787878751754761,"netWorth":0.06575000286102295,"xp":0.3847530782222748,"teamXp":0.21179012954235077,"teamDeaths":0.0430000014603138,"enemyTowersLeft":1,"deaths":0.014999999664723873,"teamNetWorth":0.18719999492168427,"teamKills":0.017999999225139618},"lastItemPurchased":[0,0,0,0,0,0,0,0,0,0,0]},"npc_dota_hero_silencer":{"lastAbilityUpgraded":"","victory":false,"state":{"kills":0.004000000189989805,"towersLeft":0.8787878751754761,"netWorth":0.03369000181555748,"xp":0.1744753122329712,"teamXp":0.21179012954235077,"teamDeaths":0.0430000014603138,"enemyTowersLeft":1,"deaths":0.009999999776482582,"teamNetWorth":0.18719999492168427,"teamKills":0.017999999225139618},"lastItemPurchased":[0,0,0,0,0,0,0,0,0,0,0]},"npc_dota_hero_pudge":{"lastAbilityUpgraded":"","victory":true,"state":{"kills":0.008999999612569809,"towersLeft":1,"netWorth":0.04222000017762184,"xp":0.18092592060565948,"teamXp":0.28536421060562134,"teamDeaths":0.013000000268220901,"enemyTowersLeft":0.8787878751754761,"deaths":0.004999999888241291,"teamNetWorth":0.35743001103401184,"teamKills":0.03400000184774399},"lastItemPurchased":[0,0,0,0,0,0,0,0,0,0,0]},"npc_dota_hero_venomancer":{"lastAbilityUpgraded":"","victory":false,"state":{"kills":0,"towersLeft":0.8787878751754761,"netWorth":0.04129000008106232,"xp":0.21074074506759644,"teamXp":0.21179012954235077,"teamDeaths":0.0430000014603138,"enemyTowersLeft":1,"deaths":0.004000000189989805,"teamNetWorth":0.18719999492168427,"teamKills":0.017999999225139618},"lastItemPurchased":[0,0,0,0,0,0,0,0,0,0,0]},"npc_dota_hero_mirana":{"lastAbilityUpgraded":"","victory":true,"state":{"kills":0.013000000268220901,"towersLeft":1,"netWorth":0.09351000189781189,"xp":0.4019753038883209,"teamXp":0.28536421060562134,"teamDeaths":0.013000000268220901,"enemyTowersLeft":0.8787878751754761,"deaths":0.0010000000474974513,"teamNetWorth":0.35743001103401184,"teamKills":0.03400000184774399},"lastItemPurchased":[0,0,0,0,0,0,0,0,0,1,0]},"npc_dota_hero_sniper":{"lastAbilityUpgraded":"","victory":true,"state":{"kills":0.003000000026077032,"towersLeft":1,"netWorth":0.06921999901533127,"xp":0.2564506232738495,"teamXp":0.28536421060562134,"teamDeaths":0.013000000268220901,"enemyTowersLeft":0.8787878751754761,"deaths":0.003000000026077032,"teamNetWorth":0.35743001103401184,"teamKills":0.03400000184774399},"lastItemPurchased":[0,1,0,0,0,0,0,0,0,0,0]},"npc_dota_hero_shredder":{"lastAbilityUpgraded":"","victory":true,"state":{"kills":0.004000000189989805,"towersLeft":1,"netWorth":0.10271000117063522,"xp":0.3867592513561249,"teamXp":0.28536421060562134,"teamDeaths":0.013000000268220901,"enemyTowersLeft":0.8787878751754761,"deaths":0,"teamNetWorth":0.35743001103401184,"teamKills":0.03400000184774399},"lastItemPurchased":[0,0,0,1,0,0,0,0,0,0,0]},"npc_dota_hero_sven":{"lastAbilityUpgraded":"","victory":false,"state":{"kills":0.0020000000949949026,"towersLeft":0.8787878751754761,"netWorth":0.04018000140786171,"xp":0.19188271462917328,"teamXp":0.21179012954235077,"teamDeaths":0.0430000014603138,"enemyTowersLeft":1,"deaths":0.004000000189989805,"teamNetWorth":0.18719999492168427,"teamKills":0.017999999225139618},"lastItemPurchased":[0,0,0,0,0,0,0,0,0,0,0]}}}