{"gameTime":21,"state":{"npc_dota_hero_antimage":{"lastAbilityUpgraded":"","victory":false,"state":{"kills":0,"towersLeft":0.9696969985961914,"netWorth":0.0719899982213974,"xp":0.24515432119369507,"teamXp":0.17024074494838715,"teamDeaths":0.00800000037997961,"enemyTowersLeft":0.939393937587738,"deaths":0,"teamNetWorth":0.2420399934053421,"teamKills":0.008999999612569809},"lastItemPurchased":[0,0,0,0,0,0,0,0,0,0,0]},"npc_dota_hero_earth_spirit":{"lastAbilityUpgraded":"","victory":true,"state":{"kills":0.003000000026077032,"towersLeft":0.939393937587738,"netWorth":0.017340000718832016,"xp":0.0904938280582428,"teamXp":0.1566234529018402,"teamDeaths":0.012000000104308128,"enemyTowersLeft":0.9696969985961914,"deaths":0.004000000189989805,"teamNetWorth":0.18004000186920166,"teamKills":0.00800000037997961},"lastItemPurchased":[0,0,0,0,0,0,0,0,0,0,0]},"npc_dota_hero_phantom_assassin":{"lastAbilityUpgraded":"","victory":true,"state":{"kills":0.0020000000949949026,"towersLeft":0.939393937587738,"netWorth":0.06049000099301338,"xp":0.22123457491397858,"teamXp":0.1566234529018402,"teamDeaths":0.012000000104308128,"enemyTowersLeft":0.9696969985961914,"deaths":0,"teamNetWorth":0.18004000186920166,"teamKills":0.00800000037997961},"lastItemPurchased":[0,0,0,0,0,0,0,0,0,0,0]},"npc_dota_hero_invoker":{"lastAbilityUpgraded":"","victory":false,"state":{"kills":0.003000000026077032,"towersLeft":0.9696969985961914,"netWorth":0.0611799992620945,"xp":0.22083333134651184,"teamXp":0.17024074494838715,"teamDeaths":0.00800000037997961,"enemyTowersLeft":0.939393937587738,"deaths":0,"teamNetWorth":0.2420399934053421,"teamKills":0.008999999612569809},"lastItemPurchased":[0,0,0,0,1,0,0,0,0,0,0]},"npc_dota_hero_leshrac":{"lastAbilityUpgraded":"","victory":false,"state":{"kills":0.004000000189989805,"towersLeft":0.9696969985961914,"netWorth":0.03959000110626221,"xp":0.11888889223337173,"teamXp":0.17024074494838715,"teamDeaths":0.00800000037997961,"enemyTowersLeft":0.939393937587738,"deaths":0.0020000000949949026,"teamNetWorth":0.2420399934053421,"teamKills":0.008999999612569809},"lastItemPurchased":[0,0,0,0,0,0,1,0,0,0,0]},"npc_dota_hero_tidehunter":{"lastAbilityUpgraded":"","victory":false,"state":{"kills":0.0020000000949949026,"towersLeft":0.9696969985961914,"netWorth":0.049619998782873154,"xp":0.18561728298664093,"teamXp":0.17024074494838715,"teamDeaths":0.00800000037997961,"enemyTowersLeft":0.939393937587738,"deaths":0.003000000026077032,"teamNetWorth":0.2420399934053421,"teamKills":0.008999999612569809},"lastItemPurchased":[0,0,0,0,0,0,0,0,0,0,0]},"npc_dota_hero_ancient_apparition":{"lastAbilityUpgraded":"","victory":true,"state":{"kills":0.0020000000949949026,"towersLeft":0.939393937587738,"netWorth":0.019680000841617584,"xp":0.07033950835466385,"teamXp":0.1566234529018402,"teamDeaths":0.012000000104308128,"enemyTowersLeft":0.9696969985961914,"deaths":0.004000000189989805,"teamNetWorth":0.18004000186920166,"teamKills":0.00800000037997961},"lastItemPurchased":[0,0,0,0,0,0,0,0,0,0,0]},"npc_dota_hero_wisp":{"lastAbilityUpgraded":"","victory":false,"state":{"kills":0,"towersLeft":0.9696969985961914,"netWorth":0.019659999758005142,"xp":0.08070987462997437,"teamXp":0.17024074494838715,"teamDeaths":0.00800000037997961,"enemyTowersLeft":0.939393937587738,"deaths":0.003000000026077032,"teamNetWorth":0.2420399934053421,"teamKills":0.008999999612569809},"lastItemPurchased":[0,0,0,0,0,0,0,0,0,0,0]},"npc_dota_hero_slark":{"lastAbilityUpgraded":"","victory":true,"state":{"kills":0.0010000000474974513,"towersLeft":0.939393937587738,"netWorth":0.047860000282526016,"xp":0.2220679074525833,"teamXp":0.1566234529018402,"teamDeaths":0.012000000104308128,"enemyTowersLeft":0.9696969985961914,"deaths":0.0020000000949949026,"teamNetWorth":0.18004000186920166,"teamKills":0.00800000037997961},"lastItemPurchased":[0,0,0,0,0,0,0,0,0,0,0]},"npc_dota_hero_magnataur":{"lastAbilityUpgraded":"","victory":true,"state":{"kills":0,"towersLeft":0.939393937587738,"netWorth":0.03466999903321266,"xp":0.1789814829826355,"teamXp":0.1566234529018402,"teamDeaths":0.012000000104308128,"enemyTowersLeft":0.9696969985961914,"deaths":0.0020000000949949026,"teamNetWorth":0.18004000186920166,"teamKills":0.00800000037997961},"lastItemPurchased":[0,0,0,0,0,0,0,0,0,0,0]}}}