{"gameTime":19,"state":{"npc_dota_hero_skywrath_mage":{"lastAbilityUpgraded":"","victory":false,"state":{"kills":0.0020000000949949026,"towersLeft":0.9696969985961914,"netWorth":0.0356299988925457,"xp":0.11024691164493561,"teamXp":0.1666296273469925,"teamDeaths":0.004000000189989805,"enemyTowersLeft":0.8787878751754761,"deaths":0.0020000000949949026,"teamNetWorth":0.27360999584198,"teamKills":0.01600000075995922},"lastItemPurchased":[0,0,0,0,0,0,0,0,0,0,0]},"npc_dota_hero_templar_assassin":{"lastAbilityUpgraded":"","victory":false,"state":{"kills":0.0020000000949949026,"towersLeft":0.9696969985961914,"netWorth":0.08021999895572662,"xp":0.23527777194976807,"teamXp":0.1666296273469925,"teamDeaths":0.004000000189989805,"enemyTowersLeft":0.8787878751754761,"deaths":0.0010000000474974513,"teamNetWorth":0.27360999584198,"teamKills":0.01600000075995922},"lastItemPurchased":[0,0,0,0,0,0,0,0,0,1,0]},"npc_dota_hero_axe":{"lastAbilityUpgraded":"","victory":false,"state":{"kills":0.007000000216066837,"towersLeft":0.9696969985961914,"netWorth":0.07209999859333038,"xp":0.2157098799943924,"teamXp":0.1666296273469925,"teamDeaths":0.004000000189989805,"enemyTowersLeft":0.8787878751754761,"deaths":0.0010000000474974513,"teamNetWorth":0.27360999584198,"teamKills":0.01600000075995922},"lastItemPurchased":[0,0,0,0,0,0,0,0,0,0,0]},"npc_dota_hero_mirana":{"lastAbilityUpgraded":"","victory":false,"state":{"kills":0.004999999888241291,"towersLeft":0.9696969985961914,"netWorth":0.05609999969601631,"xp":0.1413271576166153,"teamXp":0.1666296273469925,"teamDeaths":0.004000000189989805,"enemyTowersLeft":0.8787878751754761,"deaths":0,"teamNetWorth":0.27360999584198,"teamKills":0.01600000075995922},"lastItemPurchased":[0,0,0,0,0,0,0,0,0,0,0]},"npc_dota_hero_beastmaster":{"lastAbilityUpgraded":"","victory":true,"state":{"kills":0,"towersLeft":0.8787878751754761,"netWorth":0.030640000477433205,"xp":0.13740740716457367,"teamXp":0.10770987719297409,"teamDeaths":0.017999999225139618,"enemyTowersLeft":0.9696969985961914,"deaths":0.003000000026077032,"teamNetWorth":0.126010000705719,"teamKills":0.0020000000949949026},"lastItemPurchased":[0,0,0,0,0,0,0,0,0,0,0]},"npc_dota_hero_luna":{"lastAbilityUpgraded":"","victory":true,"state":{"kills":0,"towersLeft":0.8787878751754761,"netWorth":0.04583999887108803,"xp":0.1540740728378296,"teamXp":0.10770987719297409,"teamDeaths":0.017999999225139618,"enemyTowersLeft":0.9696969985961914,"deaths":0.003000000026077032,"teamNetWorth":0.126010000705719,"teamKills":0.0020000000949949026},"lastItemPurchased":[0,1,0,0,0,0,0,0,0,0,0]},"npc_dota_hero_lycan":{"lastAbilityUpgraded":"","victory":true,"state":{"kills":0,"towersLeft":0.8787878751754761,"netWorth":0.027739999815821648,"xp":0.1095370352268219,"teamXp":0.10770987719297409,"teamDeaths":0.017999999225139618,"enemyTowersLeft":0.9696969985961914,"deaths":0.003000000026077032,"teamNetWorth":0.126010000705719,"teamKills":0.0020000000949949026},"lastItemPurchased":[0,0,0,0,0,0,0,0,0,0,0]},"npc_dota_hero_shadow_demon":{"lastAbilityUpgraded":"","victory":true,"state":{"kills":0,"towersLeft":0.8787878751754761,"netWorth":0.0088900001719594,"xp":0.06311728060245514,"teamXp":0.10770987719297409,"teamDeaths":0.017999999225139618,"enemyTowersLeft":0.9696969985961914,"deaths":0.006000000052154064,"teamNetWorth":0.126010000705719,"teamKills":0.0020000000949949026},"lastItemPurchased":[1,0,0,0,0,0,0,0,0,0,0]},"npc_dota_hero_wisp":{"lastAbilityUpgraded":"","victory":false,"state":{"kills":0,"towersLeft":0.9696969985961914,"netWorth":0.029559999704360962,"xp":0.1305864155292511,"teamXp":0.1666296273469925,"teamDeaths":0.004000000189989805,"enemyTowersLeft":0.8787878751754761,"deaths":0,"teamNetWorth":0.27360999584198,"teamKills":0.01600000075995922},"lastItemPurchased":[0,0,0,0,0,0,0,0,0,0,0]},"npc_dota_hero_disruptor":{"lastAbilityUpgraded":"","victory":true,"state":{"kills":0.0020000000949949026,"towersLeft":0.8787878751754761,"netWorth":0.012900000438094139,"xp":0.07441358268260956,"teamXp":0.10770987719297409,"teamDeaths":0.017999999225139618,"enemyTowersLeft":0.9696969985961914,"deaths":0.003000000026077032,"teamNetWorth":0.126010000705719,"teamKills":0.0020000000949949026},"lastItemPurchased":[0,0,0,0,0,0,0,0,0,0,0]}}}