{"gameTime":48,"state":{"npc_dota_hero_faceless_void":{"lastAbilityUpgraded":"","victory":false,"state":{"kills":0.004999999888241291,"towersLeft":0.8181818127632141,"netWorth":0.13068999350070953,"xp":0.7937963008880615,"teamXp":0.7319938540458679,"teamDeaths":0.04699999839067459,"enemyTowersLeft":0.8484848737716675,"deaths":0.006000000052154064,"teamNetWorth":0.5744400024414062,"teamKills":0.032999999821186066},"lastItemPurchased":[0,0,0,0,0,0,0,0,0,0,0]},"npc_dota_hero_storm_spirit":{"lastAbilityUpgraded":"","victory":false,"state":{"kills":0.00800000037997961,"towersLeft":0.8181818127632141,"netWorth":0.1409599930047989,"xp":1.00200617313385,"teamXp":0.7319938540458679,"teamDeaths":0.04699999839067459,"enemyTowersLeft":0.8484848737716675,"deaths":0.008999999612569809,"teamNetWorth":0.5744400024414062,"teamKills":0.032999999821186066},"lastItemPurchased":[0,0,0,0,0,0,0,0,0,0,0]},"npc_dota_hero_pudge":{"lastAbilityUpgraded":"","victory":false,"state":{"kills":0.012000000104308128,"towersLeft":0.8181818127632141,"netWorth":0.058479998260736465,"xp":0.5028703808784485,"teamXp":0.7319938540458679,"teamDeaths":0.04699999839067459,"enemyTowersLeft":0.8484848737716675,"deaths":0.014999999664723873,"teamNetWorth":0.5744400024414062,"teamKills":0.032999999821186066},"lastItemPurchased":[0,0,0,0,0,0,0,0,0,0,0]},"npc_dota_hero_legion_commander":{"lastAbilityUpgraded":"","victory":true,"state":{"kills":0.006000000052154064,"towersLeft":0.8787878751754761,"netWorth":0.10984999686479568,"xp":0.7708950638771057,"teamXp":0.7499814629554749,"teamDeaths":0.032999999821186066,"enemyTowersLeft":0.8484848737716675,"deaths":0.006000000052154064,"teamNetWorth":0.5986300110816956,"teamKills":0.0430000014603138},"lastItemPurchased":[0,0,0,0,0,0,0,0,0,0,0]},"npc_dota_hero_sand_king":{"lastAbilityUpgraded":"","victory":true,"state":{"kills":0.014000000432133675,"towersLeft":0.8787878751754761,"netWorth":0.12071000039577484,"xp":0.8371296525001526,"teamXp":0.7499814629554749,"teamDeaths":0.032999999821186066,"enemyTowersLeft":0.8484848737716675,"deaths":0.004999999888241291,"teamNetWorth":0.5986300110816956,"teamKills":0.0430000014603138},"lastItemPurchased":[0,0,1,0,0,0,0,0,0,0,0]},"npc_dota_hero_invoker":{"lastAbilityUpgraded":"","victory":false,"state":{"kills":0.004999999888241291,"towersLeft":0.8181818127632141,"netWorth":0.12257999926805496,"xp":0.6790740489959717,"teamXp":0.7319938540458679,"teamDeaths":0.04699999839067459,"enemyTowersLeft":0.8484848737716675,"deaths":0.009999999776482582,"teamNetWorth":0.5744400024414062,"teamKills":0.032999999821186066},"lastItemPurchased":[0,0,0,0,0,0,1,0,0,0,0]},"npc_dota_hero_tinker":{"lastAbilityUpgraded":"","victory":true,"state":{"kills":0.013000000268220901,"towersLeft":0.8787878751754761,"netWorth":0.13985000550746918,"xp":0.7734876275062561,"teamXp":0.7499814629554749,"teamDeaths":0.032999999821186066,"enemyTowersLeft":0.8484848737716675,"deaths":0.006000000052154064,"teamNetWorth":0.5986300110816956,"teamKills":0.0430000014603138},"lastItemPurchased":[0,0,0,0,0,0,1,0,0,0,0]},"npc_dota_hero_mirana":{"lastAbilityUpgraded":"","victory":true,"state":{"kills":0.004999999888241291,"towersLeft":0.8787878751754761,"netWorth":0.11166000366210938,"xp":0.6340740919113159,"teamXp":0.7499814629554749,"teamDeaths":0.032999999821186066,"enemyTowersLeft":0.8484848737716675,"deaths":0.00800000037997961,"teamNetWorth":0.5986300110816956,"teamKills":0.0430000014603138},"lastItemPurchased":[0,0,0,0,0,0,0,0,0,0,0]},"npc_dota_hero_kunkka":{"lastAbilityUpgraded":"","victory":false,"state":{"kills":0.003000000026077032,"towersLeft":0.8181818127632141,"netWorth":0.12172999978065491,"xp":0.6822222471237183,"teamXp":0.7319938540458679,"teamDeaths":0.04699999839067459,"enemyTowersLeft":0.8484848737716675,"deaths":0.007000000216066837,"teamNetWorth":0.5744400024414062,"teamKills":0.032999999821186066},"lastItemPurchased":[0,0,0,0,0,0,0,0,0,0,0]},"npc_dota_hero_sven":{"lastAbilityUpgraded":"","victory":true,"state":{"kills":0.004999999888241291,"towersLeft":0.8787878751754761,"netWorth":0.11655999720096588,"xp":0.7343209981918335,"teamXp":0.7499814629554749,"teamDeaths":0.032999999821186066,"enemyTowersLeft":0.8484848737716675,"deaths":0.00800000037997961,"teamNetWorth":0.5986300110816956,"teamKills":0.0430000014603138},"lastItemPurchased":[0,0,0,0,0,0,0,0,0,0,0]}}}