{"gameTime":51,"state":{"npc_dota_hero_faceless_void":{"lastAbilityUpgraded":"","victory":false,"state":{"kills":0.006000000052154064,"towersLeft":0.8181818127632141,"netWorth":0.14168000221252441,"xp":0.903425931930542,"teamXp":0.7921419739723206,"teamDeaths":0.05000000074505806,"enemyTowersLeft":0.8181818127632141,"deaths":0.007000000216066837,"teamNetWorth":0.634190022945404,"teamKills":0.035999998450279236},"lastItemPurchased":[0,0,0,0,0,0,0,0,0,0,0]},"npc_dota_hero_storm_spirit":{"lastAbilityUpgraded":"","victory":false,"state":{"kills":0.008999999612569809,"towersLeft":0.8181818127632141,"netWorth":0.15448999404907227,"xp":1.00200617313385,"teamXp":0.7921419739723206,"teamDeaths":0.05000000074505806,"enemyTowersLeft":0.8181818127632141,"deaths":0.009999999776482582,"teamNetWorth":0.634190022945404,"teamKills":0.035999998450279236},"lastItemPurchased":[0,0,0,0,0,0,0,0,0,0,0]},"npc_dota_hero_pudge":{"lastAbilityUpgraded":"","victory":false,"state":{"kills":0.012000000104308128,"towersLeft":0.8181818127632141,"netWorth":0.05998999997973442,"xp":0.5706790089607239,"teamXp":0.7921419739723206,"teamDeaths":0.05000000074505806,"enemyTowersLeft":0.8181818127632141,"deaths":0.01600000075995922,"teamNetWorth":0.634190022945404,"teamKills":0.035999998450279236},"lastItemPurchased":[0,0,0,0,0,0,0,0,0,0,0]},"npc_dota_hero_legion_commander":{"lastAbilityUpgraded":"","victory":true,"state":{"kills":0.006000000052154064,"towersLeft":0.8484848737716675,"netWorth":0.12386000156402588,"xp":0.8930246829986572,"teamXp":0.8392901420593262,"teamDeaths":0.035999998450279236,"enemyTowersLeft":0.8484848737716675,"deaths":0.006000000052154064,"teamNetWorth":0.647570013999939,"teamKills":0.04600000008940697},"lastItemPurchased":[0,0,0,0,0,0,0,0,0,0,0]},"npc_dota_hero_sand_king":{"lastAbilityUpgraded":"","victory":true,"state":{"kills":0.01600000075995922,"towersLeft":0.8484848737716675,"netWorth":0.12831999361515045,"xp":0.9201852083206177,"teamXp":0.8392901420593262,"teamDeaths":0.035999998450279236,"enemyTowersLeft":0.8484848737716675,"deaths":0.006000000052154064,"teamNetWorth":0.647570013999939,"teamKills":0.04600000008940697},"lastItemPurchased":[0,0,0,0,0,0,0,0,0,0,0]},"npc_dota_hero_invoker":{"lastAbilityUpgraded":"","victory":false,"state":{"kills":0.006000000052154064,"towersLeft":0.8181818127632141,"netWorth":0.14219999313354492,"xp":0.7550308704376221,"teamXp":0.7921419739723206,"teamDeaths":0.05000000074505806,"enemyTowersLeft":0.8181818127632141,"deaths":0.009999999776482582,"teamNetWorth":0.634190022945404,"teamKills":0.035999998450279236},"lastItemPurchased":[0,0,0,1,0,0,0,0,0,0,0]},"npc_dota_hero_tinker":{"lastAbilityUpgraded":"","victory":true,"state":{"kills":0.013000000268220901,"towersLeft":0.8484848737716675,"netWorth":0.14520999789237976,"xp":0.8255246877670288,"teamXp":0.8392901420593262,"teamDeaths":0.035999998450279236,"enemyTowersLeft":0.8484848737716675,"deaths":0.007000000216066837,"teamNetWorth":0.647570013999939,"teamKills":0.04600000008940697},"lastItemPurchased":[0,0,0,1,0,0,0,0,0,0,0]},"npc_dota_hero_mirana":{"lastAbilityUpgraded":"","victory":true,"state":{"kills":0.004999999888241291,"towersLeft":0.8484848737716675,"netWorth":0.11309000104665756,"xp":0.7097839713096619,"teamXp":0.8392901420593262,"teamDeaths":0.035999998450279236,"enemyTowersLeft":0.8484848737716675,"deaths":0.008999999612569809,"teamNetWorth":0.647570013999939,"teamKills":0.04600000008940697},"lastItemPurchased":[0,1,0,0,0,0,0,0,0,0,0]},"npc_dota_hero_kunkka":{"lastAbilityUpgraded":"","victory":false,"state":{"kills":0.003000000026077032,"towersLeft":0.8181818127632141,"netWorth":0.13583000004291534,"xp":0.7295678853988647,"teamXp":0.7921419739723206,"teamDeaths":0.05000000074505806,"enemyTowersLeft":0.8181818127632141,"deaths":0.007000000216066837,"teamNetWorth":0.634190022945404,"teamKills":0.035999998450279236},"lastItemPurchased":[0,1,0,0,0,0,0,0,0,0,0]},"npc_dota_hero_sven":{"lastAbilityUpgraded":"","victory":true,"state":{"kills":0.006000000052154064,"towersLeft":0.8484848737716675,"netWorth":0.13708999752998352,"xp":0.8479321002960205,"teamXp":0.8392901420593262,"teamDeaths":0.035999998450279236,"enemyTowersLeft":0.8484848737716675,"deaths":0.00800000037997961,"teamNetWorth":0.647570013999939,"teamKills":0.04600000008940697},"lastItemPurchased":[0,0,0,0,0,0,0,0,1,0,0]}}}