{"gameTime":52,"state":{"npc_dota_hero_faceless_void":{"lastAbilityUpgraded":"","victory":false,"state":{"kills":0.006000000052154064,"towersLeft":0.8181818127632141,"netWorth":0.14168000221252441,"xp":0.903425931930542,"teamXp":0.7921419739723206,"teamDeaths":0.05299999937415123,"enemyTowersLeft":0.8181818127632141,"deaths":0.007000000216066837,"teamNetWorth":0.6150100231170654,"teamKills":0.035999998450279236},"lastItemPurchased":[0,0,0,0,0,0,0,0,0,0,0]},"npc_dota_hero_storm_spirit":{"lastAbilityUpgraded":"","victory":false,"state":{"kills":0.008999999612569809,"towersLeft":0.8181818127632141,"netWorth":0.14699000120162964,"xp":1.00200617313385,"teamXp":0.7921419739723206,"teamDeaths":0.05299999937415123,"enemyTowersLeft":0.8181818127632141,"deaths":0.010999999940395355,"teamNetWorth":0.6150100231170654,"teamKills":0.035999998450279236},"lastItemPurchased":[0,0,0,0,0,0,0,0,0,0,0]},"npc_dota_hero_pudge":{"lastAbilityUpgraded":"","victory":false,"state":{"kills":0.012000000104308128,"towersLeft":0.8181818127632141,"netWorth":0.05460000038146973,"xp":0.5706790089607239,"teamXp":0.7921419739723206,"teamDeaths":0.05299999937415123,"enemyTowersLeft":0.8181818127632141,"deaths":0.017000000923871994,"teamNetWorth":0.6150100231170654,"teamKills":0.035999998450279236},"lastItemPurchased":[0,0,0,0,0,0,0,0,0,0,0]},"npc_dota_hero_legion_commander":{"lastAbilityUpgraded":"","victory":true,"state":{"kills":0.007000000216066837,"towersLeft":0.8484848737716675,"netWorth":0.13112999498844147,"xp":0.9651543498039246,"teamXp":0.9001604914665222,"teamDeaths":0.035999998450279236,"enemyTowersLeft":0.8484848737716675,"deaths":0.006000000052154064,"teamNetWorth":0.6865800023078918,"teamKills":0.04899999871850014},"lastItemPurchased":[0,0,0,0,0,0,0,0,0,0,0]},"npc_dota_hero_sand_king":{"lastAbilityUpgraded":"","victory":true,"state":{"kills":0.01600000075995922,"towersLeft":0.8484848737716675,"netWorth":0.1309400051832199,"xp":0.9326851963996887,"teamXp":0.9001604914665222,"teamDeaths":0.035999998450279236,"enemyTowersLeft":0.8484848737716675,"deaths":0.006000000052154064,"teamNetWorth":0.6865800023078918,"teamKills":0.04899999871850014},"lastItemPurchased":[0,0,0,0,0,0,0,0,1,0,0]},"npc_dota_hero_invoker":{"lastAbilityUpgraded":"","victory":false,"state":{"kills":0.006000000052154064,"towersLeft":0.8181818127632141,"netWorth":0.14219999313354492,"xp":0.7550308704376221,"teamXp":0.7921419739723206,"teamDeaths":0.05299999937415123,"enemyTowersLeft":0.8181818127632141,"deaths":0.009999999776482582,"teamNetWorth":0.6150100231170654,"teamKills":0.035999998450279236},"lastItemPurchased":[0,0,0,0,0,0,0,0,0,0,0]},"npc_dota_hero_tinker":{"lastAbilityUpgraded":"","victory":true,"state":{"kills":0.014000000432133675,"towersLeft":0.8484848737716675,"netWorth":0.15569999814033508,"xp":0.8803703784942627,"teamXp":0.9001604914665222,"teamDeaths":0.035999998450279236,"enemyTowersLeft":0.8484848737716675,"deaths":0.007000000216066837,"teamNetWorth":0.6865800023078918,"teamKills":0.04899999871850014},"lastItemPurchased":[0,0,0,0,0,0,0,0,0,0,0]},"npc_dota_hero_mirana":{"lastAbilityUpgraded":"","victory":true,"state":{"kills":0.004999999888241291,"towersLeft":0.8484848737716675,"netWorth":0.11991000175476074,"xp":0.7740123271942139,"teamXp":0.9001604914665222,"teamDeaths":0.035999998450279236,"enemyTowersLeft":0.8484848737716675,"deaths":0.008999999612569809,"teamNetWorth":0.6865800023078918,"teamKills":0.04899999871850014},"lastItemPurchased":[0,0,0,0,0,0,0,0,0,0,0]},"npc_dota_hero_kunkka":{"lastAbilityUpgraded":"","victory":false,"state":{"kills":0.003000000026077032,"towersLeft":0.8181818127632141,"netWorth":0.12953999638557434,"xp":0.7295678853988647,"teamXp":0.7921419739723206,"teamDeaths":0.05299999937415123,"enemyTowersLeft":0.8181818127632141,"deaths":0.00800000037997961,"teamNetWorth":0.6150100231170654,"teamKills":0.035999998450279236},"lastItemPurchased":[0,0,0,0,0,0,0,0,0,0,0]},"npc_dota_hero_sven":{"lastAbilityUpgraded":"","victory":true,"state":{"kills":0.007000000216066837,"towersLeft":0.8484848737716675,"netWorth":0.14890000224113464,"xp":0.948580265045166,"teamXp":0.9001604914665222,"teamDeaths":0.035999998450279236,"enemyTowersLeft":0.8484848737716675,"deaths":0.00800000037997961,"teamNetWorth":0.6865800023078918,"teamKills":0.04899999871850014},"lastItemPurchased":[0,0,0,0,0,0,0,0,0,0,0]}}}