{"gameTime":14,"state":{"npc_dota_hero_nyx_assassin":{"lastAbilityUpgraded":"","victory":true,"state":{"kills":0.0010000000474974513,"towersLeft":1,"netWorth":0.020390000194311142,"xp":0.08385802805423737,"teamXp":0.07806789875030518,"teamDeaths":0.004000000189989805,"enemyTowersLeft":1,"deaths":0.0010000000474974513,"teamNetWorth":0.10453999787569046,"teamKills":0.007000000216066837},"lastItemPurchased":[0,0,0,0,0,0,0,0,0,0,0]},"npc_dota_hero_life_stealer":{"lastAbilityUpgraded":"","victory":false,"state":{"kills":0.0010000000474974513,"towersLeft":1,"netWorth":0.024620000272989273,"xp":0.11601851880550385,"teamXp":0.08158642053604126,"teamDeaths":0.007000000216066837,"enemyTowersLeft":1,"deaths":0.0010000000474974513,"teamNetWorth":0.1043500006198883,"teamKills":0.004000000189989805},"lastItemPurchased":[0,0,0,0,0,0,0,0,0,0,0]},"npc_dota_hero_rubick":{"lastAbilityUpgraded":"","victory":true,"state":{"kills":0.0010000000474974513,"towersLeft":1,"netWorth":0.015690000727772713,"xp":0.057777777314186096,"teamXp":0.07806789875030518,"teamDeaths":0.004000000189989805,"enemyTowersLeft":1,"deaths":0,"teamNetWorth":0.10453999787569046,"teamKills":0.007000000216066837},"lastItemPurchased":[0,0,0,0,0,0,0,0,0,0,0]},"npc_dota_hero_pudge":{"lastAbilityUpgraded":"","victory":true,"state":{"kills":0.0020000000949949026,"towersLeft":1,"netWorth":0.017079999670386314,"xp":0.05478395149111748,"teamXp":0.07806789875030518,"teamDeaths":0.004000000189989805,"enemyTowersLeft":1,"deaths":0,"teamNetWorth":0.10453999787569046,"teamKills":0.007000000216066837},"lastItemPurchased":[0,0,0,0,0,0,0,0,0,0,0]},"npc_dota_hero_mirana":{"lastAbilityUpgraded":"","victory":false,"state":{"kills":0,"towersLeft":1,"netWorth":0.014940000139176846,"xp":0.03981481492519379,"teamXp":0.08158642053604126,"teamDeaths":0.007000000216066837,"enemyTowersLeft":1,"deaths":0.0010000000474974513,"teamNetWorth":0.1043500006198883,"teamKills":0.004000000189989805},"lastItemPurchased":[1,0,0,0,0,0,0,0,0,0,0]},"npc_dota_hero_sniper":{"lastAbilityUpgraded":"","victory":true,"state":{"kills":0.0010000000474974513,"towersLeft":1,"netWorth":0.028020000085234642,"xp":0.12101852148771286,"teamXp":0.07806789875030518,"teamDeaths":0.004000000189989805,"enemyTowersLeft":1,"deaths":0.0010000000474974513,"teamNetWorth":0.10453999787569046,"teamKills":0.007000000216066837},"lastItemPurchased":[0,0,0,0,1,0,0,0,0,0,0]},"npc_dota_hero_morphling":{"lastAbilityUpgraded":"","victory":true,"state":{"kills":0.0020000000949949026,"towersLeft":1,"netWorth":0.023360000923275948,"xp":0.07290123403072357,"teamXp":0.07806789875030518,"teamDeaths":0.004000000189989805,"enemyTowersLeft":1,"deaths":0.0020000000949949026,"teamNetWorth":0.10453999787569046,"teamKills":0.007000000216066837},"lastItemPurchased":[0,0,0,0,0,0,0,0,0,0,0]},"npc_dota_hero_shredder":{"lastAbilityUpgraded":"","victory":false,"state":{"kills":0.0010000000474974513,"towersLeft":1,"netWorth":0.016950000077486038,"xp":0.07765432447195053,"teamXp":0.08158642053604126,"teamDeaths":0.007000000216066837,"enemyTowersLeft":1,"deaths":0.0020000000949949026,"teamNetWorth":0.1043500006198883,"teamKills":0.004000000189989805},"lastItemPurchased":[0,0,0,0,0,0,0,0,0,0,0]},"npc_dota_hero_obsidian_destroyer":{"lastAbilityUpgraded":"","victory":false,"state":{"kills":0.0010000000474974513,"towersLeft":1,"netWorth":0.028680000454187393,"xp":0.1142592579126358,"teamXp":0.08158642053604126,"teamDeaths":0.007000000216066837,"enemyTowersLeft":1,"deaths":0.0010000000474974513,"teamNetWorth":0.1043500006198883,"teamKills":0.004000000189989805},"lastItemPurchased":[0,0,0,0,0,0,0,0,0,0,0]},"npc_dota_hero_omniknight":{"lastAbilityUpgraded":"","victory":false,"state":{"kills":0.0010000000474974513,"towersLeft":1,"netWorth":0.01916000060737133,"xp":0.06018518656492233,"teamXp":0.08158642053604126,"teamDeaths":0.007000000216066837,"enemyTowersLeft":1,"deaths":0.0020000000949949026,"teamNetWorth":0.1043500006198883,"teamKills":0.004000000189989805},"lastItemPurchased":[0,0,0,0,0,0,0,0,0,0,0]}}}