{"gameTime":15,"state":{"npc_dota_hero_skywrath_mage":{"lastAbilityUpgraded":"","victory":false,"state":{"kills":0.0010000000474974513,"towersLeft":1,"netWorth":0.011900000274181366,"xp":0.039845678955316544,"teamXp":0.07219753414392471,"teamDeaths":0.00800000037997961,"enemyTowersLeft":1,"deaths":0.0020000000949949026,"teamNetWorth":0.11846999824047089,"teamKills":0.012000000104308128},"lastItemPurchased":[0,0,0,0,0,0,0,0,0,0,0]},"npc_dota_hero_templar_assassin":{"lastAbilityUpgraded":"","victory":false,"state":{"kills":0.003000000026077032,"towersLeft":1,"netWorth":0.03376000002026558,"xp":0.11509259045124054,"teamXp":0.07219753414392471,"teamDeaths":0.00800000037997961,"enemyTowersLeft":1,"deaths":0.0010000000474974513,"teamNetWorth":0.11846999824047089,"teamKills":0.012000000104308128},"lastItemPurchased":[0,0,0,0,0,0,0,0,0,0,0]},"npc_dota_hero_rubick":{"lastAbilityUpgraded":"","victory":false,"state":{"kills":0,"towersLeft":1,"netWorth":0.015540000051259995,"xp":0.025925925001502037,"teamXp":0.07219753414392471,"teamDeaths":0.00800000037997961,"enemyTowersLeft":1,"deaths":0.0010000000474974513,"teamNetWorth":0.11846999824047089,"teamKills":0.012000000104308128},"lastItemPurchased":[1,0,0,0,0,0,0,0,0,0,0]},"npc_dota_hero_alchemist":{"lastAbilityUpgraded":"","victory":true,"state":{"kills":0,"towersLeft":1,"netWorth":0.028540000319480896,"xp":0.0732407420873642,"teamXp":0.06926543265581131,"teamDeaths":0.012000000104308128,"enemyTowersLeft":1,"deaths":0.0020000000949949026,"teamNetWorth":0.10459999740123749,"teamKills":0.007000000216066837},"lastItemPurchased":[0,0,0,0,0,0,0,0,0,0,0]},"npc_dota_hero_slardar":{"lastAbilityUpgraded":"","victory":false,"state":{"kills":0.0020000000949949026,"towersLeft":1,"netWorth":0.01892000064253807,"xp":0.06861110776662827,"teamXp":0.07219753414392471,"teamDeaths":0.00800000037997961,"enemyTowersLeft":1,"deaths":0.0020000000949949026,"teamNetWorth":0.11846999824047089,"teamKills":0.012000000104308128},"lastItemPurchased":[0,0,0,0,0,0,0,0,0,0,0]},"npc_dota_hero_oracle":{"lastAbilityUpgraded":"","victory":true,"state":{"kills":0.003000000026077032,"towersLeft":1,"netWorth":0.020819999277591705,"xp":0.05098765343427658,"teamXp":0.06926543265581131,"teamDeaths":0.012000000104308128,"enemyTowersLeft":1,"deaths":0.0010000000474974513,"teamNetWorth":0.10459999740123749,"teamKills":0.007000000216066837},"lastItemPurchased":[1,0,0,0,0,0,0,0,0,0,0]},"npc_dota_hero_ogre_magi":{"lastAbilityUpgraded":"","victory":true,"state":{"kills":0,"towersLeft":1,"netWorth":0.009150000289082527,"xp":0.053611110895872116,"teamXp":0.06926543265581131,"teamDeaths":0.012000000104308128,"enemyTowersLeft":1,"deaths":0.003000000026077032,"teamNetWorth":0.10459999740123749,"teamKills":0.007000000216066837},"lastItemPurchased":[0,0,0,0,0,0,0,0,0,0,0]},"npc_dota_hero_slark":{"lastAbilityUpgraded":"","victory":false,"state":{"kills":0.006000000052154064,"towersLeft":1,"netWorth":0.038350000977516174,"xp":0.11151234805583954,"teamXp":0.07219753414392471,"teamDeaths":0.00800000037997961,"enemyTowersLeft":1,"deaths":0.0020000000949949026,"teamNetWorth":0.11846999824047089,"teamKills":0.012000000104308128},"lastItemPurchased":[0,0,0,0,0,0,0,0,0,0,0]},"npc_dota_hero_batrider":{"lastAbilityUpgraded":"","victory":true,"state":{"kills":0,"towersLeft":1,"netWorth":0.006180000025779009,"xp":0.059382714331150055,"teamXp":0.06926543265581131,"teamDeaths":0.012000000104308128,"enemyTowersLeft":1,"deaths":0.006000000052154064,"teamNetWorth":0.10459999740123749,"teamKills":0.007000000216066837},"lastItemPurchased":[0,0,0,0,0,0,0,0,0,0,0]},"npc_dota_hero_juggernaut":{"lastAbilityUpgraded":"","victory":true,"state":{"kills":0.004000000189989805,"towersLeft":1,"netWorth":0.03990999981760979,"xp":0.1091049388051033,"teamXp":0.06926543265581131,"teamDeaths":0.012000000104308128,"enemyTowersLeft":1,"deaths":0,"teamNetWorth":0.10459999740123749,"teamKills":0.007000000216066837},"lastItemPurchased":[0,0,0,0,0,0,0,0,0,0,0]}}}