{"gameTime":8,"state":{"npc_dota_hero_skywrath_mage":{"lastAbilityUpgraded":"","victory":false,"state":{"kills":0,"towersLeft":1,"netWorth":0.006800000090152025,"xp":0.0038580247201025486,"teamXp":0.011413579806685448,"teamDeaths":0.0010000000474974513,"enemyTowersLeft":1,"deaths":0,"teamNetWorth":0.05090999975800514,"teamKills":0.003000000026077032},"lastItemPurchased":[0,1,0,0,0,0,0,0,0,0,0]},"npc_dota_hero_templar_assassin":{"lastAbilityUpgraded":"","victory":false,"state":{"kills":0,"towersLeft":1,"netWorth":0.010060000233352184,"xp":0.018703702837228775,"teamXp":0.011413579806685448,"teamDeaths":0.0010000000474974513,"enemyTowersLeft":1,"deaths":0,"teamNetWorth":0.05090999975800514,"teamKills":0.003000000026077032},"lastItemPurchased":[0,0,0,0,0,0,0,0,0,0,0]},"npc_dota_hero_rubick":{"lastAbilityUpgraded":"","victory":false,"state":{"kills":0,"towersLeft":1,"netWorth":0.01018999982625246,"xp":0.004197530914098024,"teamXp":0.011413579806685448,"teamDeaths":0.0010000000474974513,"enemyTowersLeft":1,"deaths":0.0010000000474974513,"teamNetWorth":0.05090999975800514,"teamKills":0.003000000026077032},"lastItemPurchased":[1,0,0,0,0,0,0,0,0,0,0]},"npc_dota_hero_alchemist":{"lastAbilityUpgraded":"","victory":true,"state":{"kills":0,"towersLeft":1,"netWorth":0.012360000051558018,"xp":0.02012345753610134,"teamXp":0.010623456910252571,"teamDeaths":0.003000000026077032,"enemyTowersLeft":1,"deaths":0,"teamNetWorth":0.04275999963283539,"teamKills":0.0010000000474974513},"lastItemPurchased":[0,0,0,1,0,0,0,0,0,0,0]},"npc_dota_hero_slardar":{"lastAbilityUpgraded":"","victory":false,"state":{"kills":0.0020000000949949026,"towersLeft":1,"netWorth":0.012149999849498272,"xp":0.012716049328446388,"teamXp":0.011413579806685448,"teamDeaths":0.0010000000474974513,"enemyTowersLeft":1,"deaths":0,"teamNetWorth":0.05090999975800514,"teamKills":0.003000000026077032},"lastItemPurchased":[0,0,0,1,0,0,0,0,0,0,0]},"npc_dota_hero_oracle":{"lastAbilityUpgraded":"","victory":true,"state":{"kills":0,"towersLeft":1,"netWorth":0.007350000087171793,"xp":0.007499999832361937,"teamXp":0.010623456910252571,"teamDeaths":0.003000000026077032,"enemyTowersLeft":1,"deaths":0,"teamNetWorth":0.04275999963283539,"teamKills":0.0010000000474974513},"lastItemPurchased":[0,0,0,0,0,0,0,0,0,0,0]},"npc_dota_hero_ogre_magi":{"lastAbilityUpgraded":"","victory":true,"state":{"kills":0,"towersLeft":1,"netWorth":0.006459999829530716,"xp":0.005524691194295883,"teamXp":0.010623456910252571,"teamDeaths":0.003000000026077032,"enemyTowersLeft":1,"deaths":0.0010000000474974513,"teamNetWorth":0.04275999963283539,"teamKills":0.0010000000474974513},"lastItemPurchased":[0,0,0,0,0,0,0,0,0,0,0]},"npc_dota_hero_slark":{"lastAbilityUpgraded":"","victory":false,"state":{"kills":0.0010000000474974513,"towersLeft":1,"netWorth":0.011710000224411488,"xp":0.017592592164874077,"teamXp":0.011413579806685448,"teamDeaths":0.0010000000474974513,"enemyTowersLeft":1,"deaths":0,"teamNetWorth":0.05090999975800514,"teamKills":0.003000000026077032},"lastItemPurchased":[0,0,0,1,0,0,0,0,0,0,0]},"npc_dota_hero_batrider":{"lastAbilityUpgraded":"","victory":true,"state":{"kills":0,"towersLeft":1,"netWorth":0.005669999867677689,"xp":0.0034567902330309153,"teamXp":0.010623456910252571,"teamDeaths":0.003000000026077032,"enemyTowersLeft":1,"deaths":0.0020000000949949026,"teamNetWorth":0.04275999963283539,"teamKills":0.0010000000474974513},"lastItemPurchased":[0,0,0,0,0,0,0,0,0,0,0]},"npc_dota_hero_juggernaut":{"lastAbilityUpgraded":"","victory":true,"state":{"kills":0.0010000000474974513,"towersLeft":1,"netWorth":0.01092000026255846,"xp":0.016512345522642136,"teamXp":0.010623456910252571,"teamDeaths":0.003000000026077032,"enemyTowersLeft":1,"deaths":0,"teamNetWorth":0.04275999963283539,"teamKills":0.0010000000474974513},"lastItemPurchased":[0,0,0,1,0,0,0,0,0,0,0]}}}