{"gameTime":32,"state":{"npc_dota_hero_ursa":{"lastAbilityUpgraded":"","victory":true,"state":{"kills":0.012000000104308128,"towersLeft":0.939393937587738,"netWorth":0.13154999911785126,"xp":0.6335802674293518,"teamXp":0.47823455929756165,"teamDeaths":0.02199999988079071,"enemyTowersLeft":0.7272727489471436,"deaths":0.004000000189989805,"teamNetWorth":0.5430399775505066,"teamKills":0.05000000074505806},"lastItemPurchased":[0,0,0,0,0,0,0,0,0,0,0]},"npc_dota_hero_axe":{"lastAbilityUpgraded":"","victory":true,"state":{"kills":0.017000000923871994,"towersLeft":0.939393937587738,"netWorth":0.14071999490261078,"xp":0.5941358208656311,"teamXp":0.47823455929756165,"teamDeaths":0.02199999988079071,"enemyTowersLeft":0.7272727489471436,"deaths":0.0020000000949949026,"teamNetWorth":0.5430399775505066,"teamKills":0.05000000074505806},"lastItemPurchased":[0,0,0,0,1,0,0,0,0,0,0]},"npc_dota_hero_silencer":{"lastAbilityUpgraded":"","victory":true,"state":{"kills":0.0020000000949949026,"towersLeft":0.939393937587738,"netWorth":0.04974000155925751,"xp":0.26793208718299866,"teamXp":0.47823455929756165,"teamDeaths":0.02199999988079071,"enemyTowersLeft":0.7272727489471436,"deaths":0.004000000189989805,"teamNetWorth":0.5430399775505066,"teamKills":0.05000000074505806},"lastItemPurchased":[0,0,0,0,0,0,0,0,0,0,0]},"npc_dota_hero_pudge":{"lastAbilityUpgraded":"","victory":true,"state":{"kills":0.009999999776482582,"towersLeft":0.939393937587738,"netWorth":0.07763999700546265,"xp":0.3338888883590698,"teamXp":0.47823455929756165,"teamDeaths":0.02199999988079071,"enemyTowersLeft":0.7272727489471436,"deaths":0.00800000037997961,"teamNetWorth":0.5430399775505066,"teamKills":0.05000000074505806},"lastItemPurchased":[0,0,0,0,0,0,0,0,0,0,0]},"npc_dota_hero_legion_commander":{"lastAbilityUpgraded":"","victory":false,"state":{"kills":0.012000000104308128,"towersLeft":0.7272727489471436,"netWorth":0.0763000026345253,"xp":0.3930246829986572,"teamXp":0.30969753861427307,"teamDeaths":0.052000001072883606,"enemyTowersLeft":0.939393937587738,"deaths":0.008999999612569809,"teamNetWorth":0.2529599964618683,"teamKills":0.023000000044703484},"lastItemPurchased":[0,0,0,0,0,0,0,0,0,0,0]},"npc_dota_hero_mirana":{"lastAbilityUpgraded":"","victory":false,"state":{"kills":0.0010000000474974513,"towersLeft":0.7272727489471436,"netWorth":0.021649999544024467,"xp":0.19561728835105896,"teamXp":0.30969753861427307,"teamDeaths":0.052000001072883606,"enemyTowersLeft":0.939393937587738,"deaths":0.010999999940395355,"teamNetWorth":0.2529599964618683,"teamKills":0.023000000044703484},"lastItemPurchased":[0,0,0,0,0,0,0,0,0,0,0]},"npc_dota_hero_shredder":{"lastAbilityUpgraded":"","victory":false,"state":{"kills":0.006000000052154064,"towersLeft":0.7272727489471436,"netWorth":0.040800001472234726,"xp":0.3127160370349884,"teamXp":0.30969753861427307,"teamDeaths":0.052000001072883606,"enemyTowersLeft":0.939393937587738,"deaths":0.013000000268220901,"teamNetWorth":0.2529599964618683,"teamKills":0.023000000044703484},"lastItemPurchased":[0,0,0,0,0,0,0,0,0,0,0]},"npc_dota_hero_wisp":{"lastAbilityUpgraded":"","victory":false,"state":{"kills":0.0020000000949949026,"towersLeft":0.7272727489471436,"netWorth":0.030069999396800995,"xp":0.25839507579803467,"teamXp":0.30969753861427307,"teamDeaths":0.052000001072883606,"enemyTowersLeft":0.939393937587738,"deaths":0.010999999940395355,"teamNetWorth":0.2529599964618683,"teamKills":0.023000000044703484},"lastItemPurchased":[0,0,0,0,0,0,0,0,0,0,0]},"npc_dota_hero_slark":{"lastAbilityUpgraded":"","victory":true,"state":{"kills":0.008999999612569809,"towersLeft":0.939393937587738,"netWorth":0.1433899998664856,"xp":0.5616357922554016,"teamXp":0.47823455929756165,"teamDeaths":0.02199999988079071,"enemyTowersLeft":0.7272727489471436,"deaths":0.004000000189989805,"teamNetWorth":0.5430399775505066,"teamKills":0.05000000074505806},"lastItemPurchased":[0,0,0,0,0,0,0,0,0,0,0]},"npc_dota_hero_juggernaut":{"lastAbilityUpgraded":"","victory":false,"state":{"kills":0.0020000000949949026,"towersLeft":0.7272727489471436,"netWorth":0.08414000272750854,"xp":0.3887345790863037,"teamXp":0.30969753861427307,"teamDeaths":0.052000001072883606,"enemyTowersLeft":0.939393937587738,"deaths":0.00800000037997961,"teamNetWorth":0.2529599964618683,"teamKills":0.023000000044703484},"lastItemPurchased":[1,0,0,0,0,0,0,0,0,0,0]}}}