{"gameTime":34,"state":{"npc_dota_hero_faceless_void":{"lastAbilityUpgraded":"","victory":false,"state":{"kills":0.004999999888241291,"towersLeft":0.8787878751754761,"netWorth":0.06978999823331833,"xp":0.357962965965271,"teamXp":0.325981467962265,"teamDeaths":0.032999999821186066,"enemyTowersLeft":0.8484848737716675,"deaths":0.007000000216066837,"teamNetWorth":0.3365600109100342,"teamKills":0.019999999552965164},"lastItemPurchased":[0,0,0,0,0,0,0,0,0,0,0]},"npc_dota_hero_bloodseeker":{"lastAbilityUpgraded":"","victory":true,"state":{"kills":0.004999999888241291,"towersLeft":0.8787878751754761,"netWorth":0.11322999745607376,"xp":0.5000308752059937,"teamXp":0.3964691460132599,"teamDeaths":0.020999999716877937,"enemyTowersLeft":0.9090909361839294,"deaths":0.0010000000474974513,"teamNetWorth":0.4350599944591522,"teamKills":0.03200000151991844},"lastItemPurchased":[0,0,0,0,0,0,0,0,0,0,0]},"npc_dota_hero_ursa":{"lastAbilityUpgraded":"","victory":true,"state":{"kills":0.007000000216066837,"towersLeft":0.8787878751754761,"netWorth":0.09391999989748001,"xp":0.3837345540523529,"teamXp":0.3964691460132599,"teamDeaths":0.020999999716877937,"enemyTowersLeft":0.9090909361839294,"deaths":0.008999999612569809,"teamNetWorth":0.4350599944591522,"teamKills":0.03200000151991844},"lastItemPurchased":[0,0,0,0,0,0,0,0,0,0,0]},"npc_dota_hero_rubick":{"lastAbilityUpgraded":"","victory":false,"state":{"kills":0.0010000000474974513,"towersLeft":0.8787878751754761,"netWorth":0.03272999823093414,"xp":0.25117284059524536,"teamXp":0.325981467962265,"teamDeaths":0.032999999821186066,"enemyTowersLeft":0.8484848737716675,"deaths":0.006000000052154064,"teamNetWorth":0.3365600109100342,"teamKills":0.019999999552965164},"lastItemPurchased":[0,0,0,0,0,0,0,0,0,0,0]},"npc_dota_hero_drow_ranger":{"lastAbilityUpgraded":"","victory":false,"state":{"kills":0.0020000000949949026,"towersLeft":0.8787878751754761,"netWorth":0.10907000303268433,"xp":0.4299074113368988,"teamXp":0.325981467962265,"teamDeaths":0.032999999821186066,"enemyTowersLeft":0.8484848737716675,"deaths":0.0020000000949949026,"teamNetWorth":0.3365600109100342,"teamKills":0.019999999552965164},"lastItemPurchased":[0,0,0,0,0,0,0,0,0,0,0]},"npc_dota_hero_lion":{"lastAbilityUpgraded":"","victory":false,"state":{"kills":0.003000000026077032,"towersLeft":0.8787878751754761,"netWorth":0.02369000017642975,"xp":0.17981481552124023,"teamXp":0.325981467962265,"teamDeaths":0.032999999821186066,"enemyTowersLeft":0.8484848737716675,"deaths":0.009999999776482582,"teamNetWorth":0.3365600109100342,"teamKills":0.019999999552965164},"lastItemPurchased":[0,0,0,0,0,0,0,0,0,0,0]},"npc_dota_hero_puck":{"lastAbilityUpgraded":"","victory":true,"state":{"kills":0.01600000075995922,"towersLeft":0.8787878751754761,"netWorth":0.13243000209331512,"xp":0.5342283844947815,"teamXp":0.3964691460132599,"teamDeaths":0.020999999716877937,"enemyTowersLeft":0.9090909361839294,"deaths":0.0010000000474974513,"teamNetWorth":0.4350599944591522,"teamKills":0.03200000151991844},"lastItemPurchased":[0,0,0,0,0,0,0,0,0,0,0]},"npc_dota_hero_obsidian_destroyer":{"lastAbilityUpgraded":"","victory":false,"state":{"kills":0.008999999612569809,"towersLeft":0.8787878751754761,"netWorth":0.10127999633550644,"xp":0.41104939579963684,"teamXp":0.325981467962265,"teamDeaths":0.032999999821186066,"enemyTowersLeft":0.8484848737716675,"deaths":0.00800000037997961,"teamNetWorth":0.3365600109100342,"teamKills":0.019999999552965164},"lastItemPurchased":[0,0,0,0,0,0,0,0,0,0,0]},"npc_dota_hero_omniknight":{"lastAbilityUpgraded":"","victory":true,"state":{"kills":0.0020000000949949026,"towersLeft":0.8787878751754761,"netWorth":0.05149000138044357,"xp":0.3032715916633606,"teamXp":0.3964691460132599,"teamDeaths":0.020999999716877937,"enemyTowersLeft":0.9090909361839294,"deaths":0.004999999888241291,"teamNetWorth":0.4350599944591522,"teamKills":0.03200000151991844},"lastItemPurchased":[0,0,0,0,0,0,0,0,0,0,0]},"npc_dota_hero_disruptor":{"lastAbilityUpgraded":"","victory":true,"state":{"kills":0.0020000000949949026,"towersLeft":0.8787878751754761,"netWorth":0.04399000108242035,"xp":0.26108023524284363,"teamXp":0.3964691460132599,"teamDeaths":0.020999999716877937,"enemyTowersLeft":0.9090909361839294,"deaths":0.004999999888241291,"teamNetWorth":0.4350599944591522,"teamKills":0.03200000151991844},"lastItemPurchased":[0,0,0,0,0,0,0,0,0,0,0]}}}