{"gameTime":9,"state":{"npc_dota_hero_silencer":{"lastAbilityUpgraded":"","victory":true,"state":{"kills":0,"towersLeft":1,"netWorth":0.0074800001457333565,"xp":0.018487654626369476,"teamXp":0.02540740743279457,"teamDeaths":0,"enemyTowersLeft":1,"deaths":0,"teamNetWorth":0.05623000115156174,"teamKills":0.003000000026077032},"lastItemPurchased":[0,0,0,1,0,0,0,0,0,0,0]},"npc_dota_hero_luna":{"lastAbilityUpgraded":"","victory":true,"state":{"kills":0.0010000000474974513,"towersLeft":1,"netWorth":0.014870000071823597,"xp":0.023333333432674408,"teamXp":0.02540740743279457,"teamDeaths":0,"enemyTowersLeft":1,"deaths":0,"teamNetWorth":0.05623000115156174,"teamKills":0.003000000026077032},"lastItemPurchased":[0,0,0,1,0,0,0,0,0,0,0]},"npc_dota_hero_sniper":{"lastAbilityUpgraded":"","victory":true,"state":{"kills":0,"towersLeft":1,"netWorth":0.011970000341534615,"xp":0.0360802486538887,"teamXp":0.02540740743279457,"teamDeaths":0,"enemyTowersLeft":1,"deaths":0,"teamNetWorth":0.05623000115156174,"teamKills":0.003000000026077032},"lastItemPurchased":[0,0,0,0,0,0,0,0,0,0,0]},"npc_dota_hero_ogre_magi":{"lastAbilityUpgraded":"","victory":false,"state":{"kills":0,"towersLeft":1,"netWorth":0.0062500000931322575,"xp":0.004783950746059418,"teamXp":0.01971604861319065,"teamDeaths":0.003000000026077032,"enemyTowersLeft":1,"deaths":0,"teamNetWorth":0.04506999999284744,"teamKills":0},"lastItemPurchased":[1,0,0,0,0,0,0,0,0,0,0]},"npc_dota_hero_shredder":{"lastAbilityUpgraded":"","victory":false,"state":{"kills":0,"towersLeft":1,"netWorth":0.0063599999994039536,"xp":0.005987654440104961,"teamXp":0.01971604861319065,"teamDeaths":0.003000000026077032,"enemyTowersLeft":1,"deaths":0.0020000000949949026,"teamNetWorth":0.04506999999284744,"teamKills":0},"lastItemPurchased":[0,0,0,0,0,0,0,0,0,0,0]},"npc_dota_hero_rattletrap":{"lastAbilityUpgraded":"","victory":true,"state":{"kills":0.0010000000474974513,"towersLeft":1,"netWorth":0.013489999808371067,"xp":0.03746913745999336,"teamXp":0.02540740743279457,"teamDeaths":0,"enemyTowersLeft":1,"deaths":0,"teamNetWorth":0.05623000115156174,"teamKills":0.003000000026077032},"lastItemPurchased":[1,0,0,0,0,0,0,0,0,0,0]},"npc_dota_hero_shadow_demon":{"lastAbilityUpgraded":"","victory":false,"state":{"kills":0,"towersLeft":1,"netWorth":0.007040000054985285,"xp":0.017932098358869553,"teamXp":0.01971604861319065,"teamDeaths":0.003000000026077032,"enemyTowersLeft":1,"deaths":0.0010000000474974513,"teamNetWorth":0.04506999999284744,"teamKills":0},"lastItemPurchased":[0,0,0,0,0,0,0,0,0,0,0]},"npc_dota_hero_obsidian_destroyer":{"lastAbilityUpgraded":"","victory":false,"state":{"kills":0,"towersLeft":1,"netWorth":0.012910000048577785,"xp":0.04154320806264877,"teamXp":0.01971604861319065,"teamDeaths":0.003000000026077032,"enemyTowersLeft":1,"deaths":0,"teamNetWorth":0.04506999999284744,"teamKills":0},"lastItemPurchased":[0,0,0,0,0,0,0,0,0,0,0]},"npc_dota_hero_omniknight":{"lastAbilityUpgraded":"","victory":true,"state":{"kills":0.0010000000474974513,"towersLeft":1,"netWorth":0.008419999852776527,"xp":0.011666666716337204,"teamXp":0.02540740743279457,"teamDeaths":0,"enemyTowersLeft":1,"deaths":0,"teamNetWorth":0.05623000115156174,"teamKills":0.003000000026077032},"lastItemPurchased":[1,0,0,0,0,0,0,0,0,0,0]},"npc_dota_hero_juggernaut":{"lastAbilityUpgraded":"","victory":false,"state":{"kills":0,"towersLeft":1,"netWorth":0.012509999796748161,"xp":0.028333334252238274,"teamXp":0.01971604861319065,"teamDeaths":0.003000000026077032,"enemyTowersLeft":1,"deaths":0,"teamNetWorth":0.04506999999284744,"teamKills":0},"lastItemPurchased":[0,0,0,1,0,0,0,0,0,0,0]}}}