{"gameTime":36,"state":{"npc_dota_hero_storm_spirit":{"lastAbilityUpgraded":"","victory":true,"state":{"kills":0.00800000037997961,"towersLeft":0.9090909361839294,"netWorth":0.13926999270915985,"xp":0.7053703665733337,"teamXp":0.39656174182891846,"teamDeaths":0.03400000184774399,"enemyTowersLeft":0.9090909361839294,"deaths":0.007000000216066837,"teamNetWorth":0.37591999769210815,"teamKills":0.02199999988079071},"lastItemPurchased":[0,0,0,0,0,0,0,0,0,0,0]},"npc_dota_hero_nyx_assassin":{"lastAbilityUpgraded":"","victory":false,"state":{"kills":0.00800000037997961,"towersLeft":0.8484848737716675,"netWorth":0.05110999941825867,"xp":0.361234575510025,"teamXp":0.43333950638771057,"teamDeaths":0.02199999988079071,"enemyTowersLeft":0.8484848737716675,"deaths":0.007000000216066837,"teamNetWorth":0.41738998889923096,"teamKills":0.029999999329447746},"lastItemPurchased":[0,1,0,0,0,0,0,0,0,0,0]},"npc_dota_hero_witch_doctor":{"lastAbilityUpgraded":"","victory":false,"state":{"kills":0.007000000216066837,"towersLeft":0.8484848737716675,"netWorth":0.08855000138282776,"xp":0.39700618386268616,"teamXp":0.43333950638771057,"teamDeaths":0.02199999988079071,"enemyTowersLeft":0.8484848737716675,"deaths":0.0020000000949949026,"teamNetWorth":0.41738998889923096,"teamKills":0.029999999329447746},"lastItemPurchased":[0,0,0,0,0,0,0,0,0,0,0]},"npc_dota_hero_rubick":{"lastAbilityUpgraded":"","victory":true,"state":{"kills":0.004000000189989805,"towersLeft":0.9090909361839294,"netWorth":0.040699999779462814,"xp":0.27021604776382446,"teamXp":0.39656174182891846,"teamDeaths":0.03400000184774399,"enemyTowersLeft":0.9090909361839294,"deaths":0.00800000037997961,"teamNetWorth":0.37591999769210815,"teamKills":0.02199999988079071},"lastItemPurchased":[0,0,0,0,0,0,0,0,0,0,0]},"npc_dota_hero_drow_ranger":{"lastAbilityUpgraded":"","victory":true,"state":{"kills":0.003000000026077032,"towersLeft":0.9090909361839294,"netWorth":0.09781999886035919,"xp":0.4272530972957611,"teamXp":0.39656174182891846,"teamDeaths":0.03400000184774399,"enemyTowersLeft":0.9090909361839294,"deaths":0.006000000052154064,"teamNetWorth":0.37591999769210815,"teamKills":0.02199999988079071},"lastItemPurchased":[0,0,0,0,0,0,0,0,1,0,0]},"npc_dota_hero_pudge":{"lastAbilityUpgraded":"","victory":true,"state":{"kills":0.0020000000949949026,"towersLeft":0.9090909361839294,"netWorth":0.049059998244047165,"xp":0.3062654435634613,"teamXp":0.39656174182891846,"teamDeaths":0.03400000184774399,"enemyTowersLeft":0.9090909361839294,"deaths":0.004999999888241291,"teamNetWorth":0.37591999769210815,"teamKills":0.02199999988079071},"lastItemPurchased":[0,0,0,0,0,0,0,0,0,0,0]},"npc_dota_hero_silencer":{"lastAbilityUpgraded":"","victory":true,"state":{"kills":0.004999999888241291,"towersLeft":0.9090909361839294,"netWorth":0.049070000648498535,"xp":0.2737036943435669,"teamXp":0.39656174182891846,"teamDeaths":0.03400000184774399,"enemyTowersLeft":0.9090909361839294,"deaths":0.00800000037997961,"teamNetWorth":0.37591999769210815,"teamKills":0.02199999988079071},"lastItemPurchased":[0,0,0,0,0,0,0,0,0,0,1]},"npc_dota_hero_enigma":{"lastAbilityUpgraded":"","victory":false,"state":{"kills":0.004999999888241291,"towersLeft":0.8484848737716675,"netWorth":0.10694000124931335,"xp":0.4217284023761749,"teamXp":0.43333950638771057,"teamDeaths":0.02199999988079071,"enemyTowersLeft":0.8484848737716675,"deaths":0.003000000026077032,"teamNetWorth":0.41738998889923096,"teamKills":0.029999999329447746},"lastItemPurchased":[0,0,0,0,0,0,0,0,0,0,0]},"npc_dota_hero_omniknight":{"lastAbilityUpgraded":"","victory":false,"state":{"kills":0.003000000026077032,"towersLeft":0.8484848737716675,"netWorth":0.06403999775648117,"xp":0.42487654089927673,"teamXp":0.43333950638771057,"teamDeaths":0.02199999988079071,"enemyTowersLeft":0.8484848737716675,"deaths":0.003000000026077032,"teamNetWorth":0.41738998889923096,"teamKills":0.029999999329447746},"lastItemPurchased":[0,0,0,0,0,0,0,0,0,0,0]},"npc_dota_hero_slark":{"lastAbilityUpgraded":"","victory":false,"state":{"kills":0.007000000216066837,"towersLeft":0.8484848737716675,"netWorth":0.1067499965429306,"xp":0.5618518590927124,"teamXp":0.43333950638771057,"teamDeaths":0.02199999988079071,"enemyTowersLeft":0.8484848737716675,"deaths":0.007000000216066837,"teamNetWorth":0.41738998889923096,"teamKills":0.029999999329447746},"lastItemPurchased":[0,0,0,0,0,0,0,0,0,0,0]}}}