{"gameTime":44,"state":{"npc_dota_hero_drow_ranger":{"lastAbilityUpgraded":"","victory":true,"state":{"kills":0.003000000026077032,"towersLeft":0.8484848737716675,"netWorth":0.17072999477386475,"xp":0.7993826866149902,"teamXp":0.6100679039955139,"teamDeaths":0.03500000014901161,"enemyTowersLeft":0.8787878751754761,"deaths":0.004999999888241291,"teamNetWorth":0.6324800252914429,"teamKills":0.03700000047683716},"lastItemPurchased":[0,0,0,0,0,0,0,0,0,0,0]},"npc_dota_hero_earthshaker":{"lastAbilityUpgraded":"","victory":false,"state":{"kills":0.004000000189989805,"towersLeft":0.8787878751754761,"netWorth":0.10854999721050262,"xp":0.549907386302948,"teamXp":0.5460925698280334,"teamDeaths":0.03999999910593033,"enemyTowersLeft":0.8484848737716675,"deaths":0.007000000216066837,"teamNetWorth":0.533490002155304,"teamKills":0.032999999821186066},"lastItemPurchased":[0,0,0,0,0,0,0,0,0,0,0]},"npc_dota_hero_arc_warden":{"lastAbilityUpgraded":"","victory":true,"state":{"kills":0.013000000268220901,"towersLeft":0.8484848737716675,"netWorth":0.20403000712394714,"xp":0.8049382567405701,"teamXp":0.6100679039955139,"teamDeaths":0.03500000014901161,"enemyTowersLeft":0.8787878751754761,"deaths":0.004999999888241291,"teamNetWorth":0.6324800252914429,"teamKills":0.03700000047683716},"lastItemPurchased":[0,0,0,0,0,0,0,0,0,0,0]},"npc_dota_hero_leshrac":{"lastAbilityUpgraded":"","victory":false,"state":{"kills":0.012000000104308128,"towersLeft":0.8787878751754761,"netWorth":0.1595200002193451,"xp":0.8369135856628418,"teamXp":0.5460925698280334,"teamDeaths":0.03999999910593033,"enemyTowersLeft":0.8484848737716675,"deaths":0.010999999940395355,"teamNetWorth":0.533490002155304,"teamKills":0.032999999821186066},"lastItemPurchased":[0,0,0,0,0,0,0,0,0,0,0]},"npc_dota_hero_spirit_breaker":{"lastAbilityUpgraded":"","victory":false,"state":{"kills":0.00800000037997961,"towersLeft":0.8787878751754761,"netWorth":0.06617999821901321,"xp":0.4207407534122467,"teamXp":0.5460925698280334,"teamDeaths":0.03999999910593033,"enemyTowersLeft":0.8484848737716675,"deaths":0.010999999940395355,"teamNetWorth":0.533490002155304,"teamKills":0.032999999821186066},"lastItemPurchased":[0,0,1,0,0,0,0,0,0,0,0]},"npc_dota_hero_tinker":{"lastAbilityUpgraded":"","victory":false,"state":{"kills":0.00800000037997961,"towersLeft":0.8787878751754761,"netWorth":0.15828000009059906,"xp":0.6523765325546265,"teamXp":0.5460925698280334,"teamDeaths":0.03999999910593033,"enemyTowersLeft":0.8484848737716675,"deaths":0.004000000189989805,"teamNetWorth":0.533490002155304,"teamKills":0.032999999821186066},"lastItemPurchased":[0,0,0,0,1,0,0,0,0,0,0]},"npc_dota_hero_bounty_hunter":{"lastAbilityUpgraded":"","victory":true,"state":{"kills":0.004999999888241291,"towersLeft":0.8484848737716675,"netWorth":0.06639999896287918,"xp":0.3504320979118347,"teamXp":0.6100679039955139,"teamDeaths":0.03500000014901161,"enemyTowersLeft":0.8787878751754761,"deaths":0.012000000104308128,"teamNetWorth":0.6324800252914429,"teamKills":0.03700000047683716},"lastItemPurchased":[0,0,0,0,0,0,0,0,0,0,0]},"npc_dota_hero_windrunner":{"lastAbilityUpgraded":"","victory":true,"state":{"kills":0.004000000189989805,"towersLeft":0.8484848737716675,"netWorth":0.059849999845027924,"xp":0.43095678091049194,"teamXp":0.6100679039955139,"teamDeaths":0.03500000014901161,"enemyTowersLeft":0.8787878751754761,"deaths":0.006000000052154064,"teamNetWorth":0.6324800252914429,"teamKills":0.03700000047683716},"lastItemPurchased":[0,0,0,0,0,0,0,0,0,0,0]},"npc_dota_hero_weaver":{"lastAbilityUpgraded":"","victory":true,"state":{"kills":0.012000000104308128,"towersLeft":0.8484848737716675,"netWorth":0.1314699947834015,"xp":0.6646296381950378,"teamXp":0.6100679039955139,"teamDeaths":0.03500000014901161,"enemyTowersLeft":0.8787878751754761,"deaths":0.007000000216066837,"teamNetWorth":0.6324800252914429,"teamKills":0.03700000047683716},"lastItemPurchased":[0,0,0,0,0,0,0,0,0,0,0]},"npc_dota_hero_disruptor":{"lastAbilityUpgraded":"","victory":false,"state":{"kills":0.0010000000474974513,"towersLeft":0.8787878751754761,"netWorth":0.04095999896526337,"xp":0.27052468061447144,"teamXp":0.5460925698280334,"teamDeaths":0.03999999910593033,"enemyTowersLeft":0.8484848737716675,"deaths":0.007000000216066837,"teamNetWorth":0.533490002155304,"teamKills":0.032999999821186066},"lastItemPurchased":[1,0,0,0,0,0,0,0,0,0,0]}}}