{"gameTime":22,"state":{"npc_dota_hero_crystal_maiden":{"lastAbilityUpgraded":"","victory":false,"state":{"kills":0,"towersLeft":0.9696969985961914,"netWorth":0.011180000379681587,"xp":0.11734567582607269,"teamXp":0.17616049945354462,"teamDeaths":0.01899999938905239,"enemyTowersLeft":1,"deaths":0.004999999888241291,"teamNetWorth":0.18057000637054443,"teamKills":0.008999999612569809},"lastItemPurchased":[0,0,0,0,0,0,0,0,0,0,0]},"npc_dota_hero_warlock":{"lastAbilityUpgraded":"","victory":true,"state":{"kills":0.0020000000949949026,"towersLeft":1,"netWorth":0.028459999710321426,"xp":0.15268518030643463,"teamXp":0.1884135752916336,"teamDeaths":0.009999999776482582,"enemyTowersLeft":0.9696969985961914,"deaths":0.003000000026077032,"teamNetWorth":0.22856000065803528,"teamKills":0.01600000075995922},"lastItemPurchased":[0,0,0,0,0,0,0,0,0,0,0]},"npc_dota_hero_alchemist":{"lastAbilityUpgraded":"","victory":true,"state":{"kills":0,"towersLeft":1,"netWorth":0.08337000012397766,"xp":0.25669753551483154,"teamXp":0.1884135752916336,"teamDeaths":0.009999999776482582,"enemyTowersLeft":0.9696969985961914,"deaths":0,"teamNetWorth":0.22856000065803528,"teamKills":0.01600000075995922},"lastItemPurchased":[0,0,0,0,0,0,0,0,0,0,1]},"npc_dota_hero_phantom_lancer":{"lastAbilityUpgraded":"","victory":false,"state":{"kills":0.003000000026077032,"towersLeft":0.9696969985961914,"netWorth":0.04515000060200691,"xp":0.16904321312904358,"teamXp":0.17616049945354462,"teamDeaths":0.01899999938905239,"enemyTowersLeft":1,"deaths":0.003000000026077032,"teamNetWorth":0.18057000637054443,"teamKills":0.008999999612569809},"lastItemPurchased":[0,0,0,0,0,1,0,0,0,0,0]},"npc_dota_hero_sand_king":{"lastAbilityUpgraded":"","victory":false,"state":{"kills":0.0010000000474974513,"towersLeft":0.9696969985961914,"netWorth":0.023520000278949738,"xp":0.12351851910352707,"teamXp":0.17616049945354462,"teamDeaths":0.01899999938905239,"enemyTowersLeft":1,"deaths":0.004999999888241291,"teamNetWorth":0.18057000637054443,"teamKills":0.008999999612569809},"lastItemPurchased":[0,0,0,0,0,0,0,0,0,0,0]},"npc_dota_hero_arc_warden":{"lastAbilityUpgraded":"","victory":false,"state":{"kills":0.004000000189989805,"towersLeft":0.9696969985961914,"netWorth":0.07058999687433243,"xp":0.27672839164733887,"teamXp":0.17616049945354462,"teamDeaths":0.01899999938905239,"enemyTowersLeft":1,"deaths":0.0010000000474974513,"teamNetWorth":0.18057000637054443,"teamKills":0.008999999612569809},"lastItemPurchased":[0,0,0,0,0,0,0,0,0,0,0]},"npc_dota_hero_spirit_breaker":{"lastAbilityUpgraded":"","victory":true,"state":{"kills":0.0020000000949949026,"towersLeft":1,"netWorth":0.02937999926507473,"xp":0.15030863881111145,"teamXp":0.1884135752916336,"teamDeaths":0.009999999776482582,"enemyTowersLeft":0.9696969985961914,"deaths":0.0020000000949949026,"teamNetWorth":0.22856000065803528,"teamKills":0.01600000075995922},"lastItemPurchased":[0,0,0,0,0,0,0,0,0,0,0]},"npc_dota_hero_shredder":{"lastAbilityUpgraded":"","victory":false,"state":{"kills":0.0010000000474974513,"towersLeft":0.9696969985961914,"netWorth":0.03013000078499317,"xp":0.1941666603088379,"teamXp":0.17616049945354462,"teamDeaths":0.01899999938905239,"enemyTowersLeft":1,"deaths":0.004999999888241291,"teamNetWorth":0.18057000637054443,"teamKills":0.008999999612569809},"lastItemPurchased":[0,0,0,0,0,0,0,0,0,0,0]},"npc_dota_hero_morphling":{"lastAbilityUpgraded":"","victory":true,"state":{"kills":0.004999999888241291,"towersLeft":1,"netWorth":0.051089998334646225,"xp":0.22885802388191223,"teamXp":0.1884135752916336,"teamDeaths":0.009999999776482582,"enemyTowersLeft":0.9696969985961914,"deaths":0.0020000000949949026,"teamNetWorth":0.22856000065803528,"teamKills":0.01600000075995922},"lastItemPurchased":[0,0,0,0,0,0,0,0,1,0,0]},"npc_dota_hero_omniknight":{"lastAbilityUpgraded":"","victory":true,"state":{"kills":0.007000000216066837,"towersLeft":1,"netWorth":0.03626000136137009,"xp":0.15351851284503937,"teamXp":0.1884135752916336,"teamDeaths":0.009999999776482582,"enemyTowersLeft":0.9696969985961914,"deaths":0.003000000026077032,"teamNetWorth":0.22856000065803528,"teamKills":0.01600000075995922},"lastItemPurchased":[0,0,0,0,0,0,0,0,0,0,0]}}}