{"gameTime":28,"state":{"npc_dota_hero_faceless_void":{"lastAbilityUpgraded":"","victory":false,"state":{"kills":0,"towersLeft":0.939393937587738,"netWorth":0.053300000727176666,"xp":0.2007407397031784,"teamXp":0.22164814174175262,"teamDeaths":0.013000000268220901,"enemyTowersLeft":0.8181818127632141,"deaths":0.0020000000949949026,"teamNetWorth":0.2782900035381317,"teamKills":0.014000000432133675},"lastItemPurchased":[0,0,0,0,0,0,0,0,0,1,0]},"npc_dota_hero_antimage":{"lastAbilityUpgraded":"","victory":true,"state":{"kills":0.003000000026077032,"towersLeft":0.8181818127632141,"netWorth":0.11270999908447266,"xp":0.46660494804382324,"teamXp":0.2515987753868103,"teamDeaths":0.017999999225139618,"enemyTowersLeft":0.939393937587738,"deaths":0.0010000000474974513,"teamNetWorth":0.2763400077819824,"teamKills":0.01600000075995922},"lastItemPurchased":[0,0,0,0,0,0,0,0,0,0,0]},"npc_dota_hero_rubick":{"lastAbilityUpgraded":"","victory":false,"state":{"kills":0.0020000000949949026,"towersLeft":0.939393937587738,"netWorth":0.031539998948574066,"xp":0.13469135761260986,"teamXp":0.22164814174175262,"teamDeaths":0.013000000268220901,"enemyTowersLeft":0.8181818127632141,"deaths":0.003000000026077032,"teamNetWorth":0.2782900035381317,"teamKills":0.014000000432133675},"lastItemPurchased":[0,0,0,0,0,0,0,0,0,0,0]},"npc_dota_hero_earth_spirit":{"lastAbilityUpgraded":"","victory":true,"state":{"kills":0.0020000000949949026,"towersLeft":0.8181818127632141,"netWorth":0.027130000293254852,"xp":0.12604938447475433,"teamXp":0.2515987753868103,"teamDeaths":0.017999999225139618,"enemyTowersLeft":0.939393937587738,"deaths":0.004000000189989805,"teamNetWorth":0.2763400077819824,"teamKills":0.01600000075995922},"lastItemPurchased":[0,0,0,0,0,0,0,0,0,0,0]},"npc_dota_hero_pudge":{"lastAbilityUpgraded":"","victory":true,"state":{"kills":0.007000000216066837,"towersLeft":0.8181818127632141,"netWorth":0.026690000668168068,"xp":0.16092592477798462,"teamXp":0.2515987753868103,"teamDeaths":0.017999999225139618,"enemyTowersLeft":0.939393937587738,"deaths":0.00800000037997961,"teamNetWorth":0.2763400077819824,"teamKills":0.01600000075995922},"lastItemPurchased":[1,0,0,0,0,0,0,0,0,0,0]},"npc_dota_hero_mirana":{"lastAbilityUpgraded":"","victory":true,"state":{"kills":0,"towersLeft":0.8181818127632141,"netWorth":0.04766000062227249,"xp":0.25675925612449646,"teamXp":0.2515987753868103,"teamDeaths":0.017999999225139618,"enemyTowersLeft":0.939393937587738,"deaths":0.003000000026077032,"teamNetWorth":0.2763400077819824,"teamKills":0.01600000075995922},"lastItemPurchased":[0,0,0,0,0,0,0,0,0,0,0]},"npc_dota_hero_lion":{"lastAbilityUpgraded":"","victory":false,"state":{"kills":0.003000000026077032,"towersLeft":0.939393937587738,"netWorth":0.031050000339746475,"xp":0.1174074038863182,"teamXp":0.22164814174175262,"teamDeaths":0.013000000268220901,"enemyTowersLeft":0.8181818127632141,"deaths":0.003000000026077032,"teamNetWorth":0.2782900035381317,"teamKills":0.014000000432133675},"lastItemPurchased":[1,0,0,0,0,0,0,0,0,0,0]},"npc_dota_hero_dragon_knight":{"lastAbilityUpgraded":"","victory":false,"state":{"kills":0.004999999888241291,"towersLeft":0.939393937587738,"netWorth":0.07069999724626541,"xp":0.3133024573326111,"teamXp":0.22164814174175262,"teamDeaths":0.013000000268220901,"enemyTowersLeft":0.8181818127632141,"deaths":0.004000000189989805,"teamNetWorth":0.2782900035381317,"teamKills":0.014000000432133675},"lastItemPurchased":[0,0,0,0,0,0,0,0,0,0,0]},"npc_dota_hero_juggernaut":{"lastAbilityUpgraded":"","victory":false,"state":{"kills":0.004000000189989805,"towersLeft":0.939393937587738,"netWorth":0.0917000025510788,"xp":0.34209877252578735,"teamXp":0.22164814174175262,"teamDeaths":0.013000000268220901,"enemyTowersLeft":0.8181818127632141,"deaths":0.0010000000474974513,"teamNetWorth":0.2782900035381317,"teamKills":0.014000000432133675},"lastItemPurchased":[0,0,0,0,0,0,0,0,0,0,0]},"npc_dota_hero_batrider":{"lastAbilityUpgraded":"","victory":true,"state":{"kills":0.004000000189989805,"towersLeft":0.8181818127632141,"netWorth":0.062150001525878906,"xp":0.24765431880950928,"teamXp":0.2515987753868103,"teamDeaths":0.017999999225139618,"enemyTowersLeft":0.939393937587738,"deaths":0.0020000000949949026,"teamNetWorth":0.2763400077819824,"teamKills":0.01600000075995922},"lastItemPurchased":[0,0,0,1,0,0,0,0,0,0,0]}}}