{"gameTime":22,"state":{"npc_dota_hero_antimage":{"lastAbilityUpgraded":"","victory":false,"state":{"kills":0.0020000000949949026,"towersLeft":0.8484848737716675,"netWorth":0.04895000159740448,"xp":0.1681790053844452,"teamXp":0.13021604716777802,"teamDeaths":0.019999999552965164,"enemyTowersLeft":1,"deaths":0.0020000000949949026,"teamNetWorth":0.12740999460220337,"teamKills":0.006000000052154064},"lastItemPurchased":[0,0,0,0,0,0,0,0,0,0,0]},"npc_dota_hero_skywrath_mage":{"lastAbilityUpgraded":"","victory":false,"state":{"kills":0.0020000000949949026,"towersLeft":0.8484848737716675,"netWorth":0.014279999770224094,"xp":0.05845678970217705,"teamXp":0.13021604716777802,"teamDeaths":0.019999999552965164,"enemyTowersLeft":1,"deaths":0.004000000189989805,"teamNetWorth":0.12740999460220337,"teamKills":0.006000000052154064},"lastItemPurchased":[1,0,0,0,0,0,0,0,0,0,0]},"npc_dota_hero_templar_assassin":{"lastAbilityUpgraded":"","victory":false,"state":{"kills":0,"towersLeft":0.8484848737716675,"netWorth":0.020959999412298203,"xp":0.13626542687416077,"teamXp":0.13021604716777802,"teamDeaths":0.019999999552965164,"enemyTowersLeft":1,"deaths":0.00800000037997961,"teamNetWorth":0.12740999460220337,"teamKills":0.006000000052154064},"lastItemPurchased":[0,0,0,0,0,0,0,0,0,0,0]},"npc_dota_hero_earth_spirit":{"lastAbilityUpgraded":"","victory":true,"state":{"kills":0.003000000026077032,"towersLeft":1,"netWorth":0.03957999870181084,"xp":0.1532098799943924,"teamXp":0.21979013085365295,"teamDeaths":0.004999999888241291,"enemyTowersLeft":0.8484848737716675,"deaths":0.003000000026077032,"teamNetWorth":0.326339989900589,"teamKills":0.017000000923871994},"lastItemPurchased":[1,0,0,0,0,0,0,0,0,0,0]},"npc_dota_hero_venomancer":{"lastAbilityUpgraded":"","victory":true,"state":{"kills":0.0010000000474974513,"towersLeft":1,"netWorth":0.06792999804019928,"xp":0.21339505910873413,"teamXp":0.21979013085365295,"teamDeaths":0.004999999888241291,"enemyTowersLeft":0.8484848737716675,"deaths":0,"teamNetWorth":0.326339989900589,"teamKills":0.017000000923871994},"lastItemPurchased":[0,0,0,0,0,0,0,0,0,0,0]},"npc_dota_hero_sand_king":{"lastAbilityUpgraded":"","victory":false,"state":{"kills":0.0020000000949949026,"towersLeft":0.8484848737716675,"netWorth":0.024129999801516533,"xp":0.13561728596687317,"teamXp":0.13021604716777802,"teamDeaths":0.019999999552965164,"enemyTowersLeft":1,"deaths":0.0010000000474974513,"teamNetWorth":0.12740999460220337,"teamKills":0.006000000052154064},"lastItemPurchased":[0,0,0,0,0,0,0,0,0,0,0]},"npc_dota_hero_tidehunter":{"lastAbilityUpgraded":"","victory":false,"state":{"kills":0,"towersLeft":0.8484848737716675,"netWorth":0.01909000054001808,"xp":0.1525617241859436,"teamXp":0.13021604716777802,"teamDeaths":0.019999999552965164,"enemyTowersLeft":1,"deaths":0.004999999888241291,"teamNetWorth":0.12740999460220337,"teamKills":0.006000000052154064},"lastItemPurchased":[0,0,0,0,0,0,0,0,0,0,0]},"npc_dota_hero_obsidian_destroyer":{"lastAbilityUpgraded":"","victory":true,"state":{"kills":0.003000000026077032,"towersLeft":1,"netWorth":0.0821399986743927,"xp":0.2228703647851944,"teamXp":0.21979013085365295,"teamDeaths":0.004999999888241291,"enemyTowersLeft":0.8484848737716675,"deaths":0,"teamNetWorth":0.326339989900589,"teamKills":0.017000000923871994},"lastItemPurchased":[0,1,0,0,0,0,0,0,0,0,0]},"npc_dota_hero_slark":{"lastAbilityUpgraded":"","victory":true,"state":{"kills":0.008999999612569809,"towersLeft":1,"netWorth":0.10066000372171402,"xp":0.31817901134490967,"teamXp":0.21979013085365295,"teamDeaths":0.004999999888241291,"enemyTowersLeft":0.8484848737716675,"deaths":0,"teamNetWorth":0.326339989900589,"teamKills":0.017000000923871994},"lastItemPurchased":[0,0,0,0,0,0,0,1,0,0,0]},"npc_dota_hero_batrider":{"lastAbilityUpgraded":"","victory":true,"state":{"kills":0.0010000000474974513,"towersLeft":1,"netWorth":0.03602999821305275,"xp":0.1912962943315506,"teamXp":0.21979013085365295,"teamDeaths":0.004999999888241291,"enemyTowersLeft":0.8484848737716675,"deaths":0.0020000000949949026,"teamNetWorth":0.326339989900589,"teamKills":0.017000000923871994},"lastItemPurchased":[0,1,0,0,0,0,0,0,0,0,0]}}}