{"gameTime":20,"state":{"npc_dota_hero_antimage":{"lastAbilityUpgraded":"","victory":true,"state":{"kills":0.00800000037997961,"towersLeft":0.9696969985961914,"netWorth":0.10752999782562256,"xp":0.3684259355068207,"teamXp":0.20036420226097107,"teamDeaths":0.012000000104308128,"enemyTowersLeft":0.9090909361839294,"deaths":0,"teamNetWorth":0.26203998923301697,"teamKills":0.02500000037252903},"lastItemPurchased":[0,0,0,0,0,0,0,0,0,0,0]},"npc_dota_hero_treant":{"lastAbilityUpgraded":"","victory":false,"state":{"kills":0.0020000000949949026,"towersLeft":0.9090909361839294,"netWorth":0.029179999604821205,"xp":0.11277777701616287,"teamXp":0.1509259194135666,"teamDeaths":0.02500000037252903,"enemyTowersLeft":0.9696969985961914,"deaths":0.004000000189989805,"teamNetWorth":0.16264000535011292,"teamKills":0.009999999776482582},"lastItemPurchased":[0,0,0,0,0,0,0,0,0,0,0]},"npc_dota_hero_nyx_assassin":{"lastAbilityUpgraded":"","victory":false,"state":{"kills":0,"towersLeft":0.9090909361839294,"netWorth":0.01355000026524067,"xp":0.08817901462316513,"teamXp":0.1509259194135666,"teamDeaths":0.02500000037252903,"enemyTowersLeft":0.9696969985961914,"deaths":0.010999999940395355,"teamNetWorth":0.16264000535011292,"teamKills":0.009999999776482582},"lastItemPurchased":[0,0,0,1,0,0,0,0,0,0,0]},"npc_dota_hero_templar_assassin":{"lastAbilityUpgraded":"","victory":false,"state":{"kills":0.004000000189989805,"towersLeft":0.9090909361839294,"netWorth":0.061319999396800995,"xp":0.2877160608768463,"teamXp":0.1509259194135666,"teamDeaths":0.02500000037252903,"enemyTowersLeft":0.9696969985961914,"deaths":0.0010000000474974513,"teamNetWorth":0.16264000535011292,"teamKills":0.009999999776482582},"lastItemPurchased":[0,0,0,0,0,0,0,0,0,0,0]},"npc_dota_hero_pudge":{"lastAbilityUpgraded":"","victory":true,"state":{"kills":0.0020000000949949026,"towersLeft":0.9696969985961914,"netWorth":0.026909999549388885,"xp":0.12604938447475433,"teamXp":0.20036420226097107,"teamDeaths":0.012000000104308128,"enemyTowersLeft":0.9090909361839294,"deaths":0.004000000189989805,"teamNetWorth":0.26203998923301697,"teamKills":0.02500000037252903},"lastItemPurchased":[0,0,0,0,0,0,0,0,0,0,0]},"npc_dota_hero_dazzle":{"lastAbilityUpgraded":"","victory":false,"state":{"kills":0.0010000000474974513,"towersLeft":0.9090909361839294,"netWorth":0.014510000124573708,"xp":0.09580247104167938,"teamXp":0.1509259194135666,"teamDeaths":0.02500000037252903,"enemyTowersLeft":0.9696969985961914,"deaths":0.004999999888241291,"teamNetWorth":0.16264000535011292,"teamKills":0.009999999776482582},"lastItemPurchased":[1,0,0,0,0,0,0,0,0,0,0]},"npc_dota_hero_ancient_apparition":{"lastAbilityUpgraded":"","victory":true,"state":{"kills":0.007000000216066837,"towersLeft":0.9696969985961914,"netWorth":0.04772999882698059,"xp":0.17901234328746796,"teamXp":0.20036420226097107,"teamDeaths":0.012000000104308128,"enemyTowersLeft":0.9090909361839294,"deaths":0.0010000000474974513,"teamNetWorth":0.26203998923301697,"teamKills":0.02500000037252903},"lastItemPurchased":[0,0,0,0,0,0,0,0,0,0,0]},"npc_dota_hero_rattletrap":{"lastAbilityUpgraded":"","victory":true,"state":{"kills":0.004999999888241291,"towersLeft":0.9696969985961914,"netWorth":0.037129998207092285,"xp":0.1729629635810852,"teamXp":0.20036420226097107,"teamDeaths":0.012000000104308128,"enemyTowersLeft":0.9090909361839294,"deaths":0.004999999888241291,"teamNetWorth":0.26203998923301697,"teamKills":0.02500000037252903},"lastItemPurchased":[0,0,0,0,0,0,0,0,0,0,0]},"npc_dota_hero_morphling":{"lastAbilityUpgraded":"","victory":false,"state":{"kills":0.003000000026077032,"towersLeft":0.9090909361839294,"netWorth":0.04408000037074089,"xp":0.17015431821346283,"teamXp":0.1509259194135666,"teamDeaths":0.02500000037252903,"enemyTowersLeft":0.9696969985961914,"deaths":0.004000000189989805,"teamNetWorth":0.16264000535011292,"teamKills":0.009999999776482582},"lastItemPurchased":[0,0,0,0,0,0,0,0,0,0,0]},"npc_dota_hero_obsidian_destroyer":{"lastAbilityUpgraded":"","victory":true,"state":{"kills":0.003000000026077032,"towersLeft":0.9696969985961914,"netWorth":0.042739998549222946,"xp":0.15537036955356598,"teamXp":0.20036420226097107,"teamDeaths":0.012000000104308128,"enemyTowersLeft":0.9090909361839294,"deaths":0.0020000000949949026,"teamNetWorth":0.26203998923301697,"teamKills":0.02500000037252903},"lastItemPurchased":[0,0,0,0,0,0,0,0,0,0,0]}}}