{"gameTime":11,"state":{"npc_dota_hero_warlock":{"lastAbilityUpgraded":"","victory":true,"state":{"kills":0,"towersLeft":1,"netWorth":0.006260000169277191,"xp":0.011080247350037098,"teamXp":0.03508024662733078,"teamDeaths":0.0010000000474974513,"enemyTowersLeft":1,"deaths":0.0010000000474974513,"teamNetWorth":0.05516999959945679,"teamKills":0},"lastItemPurchased":[0,0,0,0,0,0,0,0,0,0,0]},"npc_dota_hero_ursa":{"lastAbilityUpgraded":"","victory":false,"state":{"kills":0,"towersLeft":1,"netWorth":0.024299999698996544,"xp":0.07077160477638245,"teamXp":0.04022222384810448,"teamDeaths":0,"enemyTowersLeft":1,"deaths":0,"teamNetWorth":0.0770300030708313,"teamKills":0},"lastItemPurchased":[0,0,1,0,0,0,0,0,0,0,0]},"npc_dota_hero_rubick":{"lastAbilityUpgraded":"","victory":true,"state":{"kills":0,"towersLeft":1,"netWorth":0.006829999852925539,"xp":0.018919752910733223,"teamXp":0.03508024662733078,"teamDeaths":0.0010000000474974513,"enemyTowersLeft":1,"deaths":0,"teamNetWorth":0.05516999959945679,"teamKills":0},"lastItemPurchased":[0,0,0,0,0,0,0,0,0,0,0]},"npc_dota_hero_pudge":{"lastAbilityUpgraded":"","victory":false,"state":{"kills":0,"towersLeft":1,"netWorth":0.00791999977082014,"xp":0.019722221419215202,"teamXp":0.04022222384810448,"teamDeaths":0,"enemyTowersLeft":1,"deaths":0,"teamNetWorth":0.0770300030708313,"teamKills":0},"lastItemPurchased":[0,0,0,1,0,0,0,0,0,0,0]},"npc_dota_hero_huskar":{"lastAbilityUpgraded":"","victory":false,"state":{"kills":0,"towersLeft":1,"netWorth":0.01655000075697899,"xp":0.04814814776182175,"teamXp":0.04022222384810448,"teamDeaths":0,"enemyTowersLeft":1,"deaths":0,"teamNetWorth":0.0770300030708313,"teamKills":0},"lastItemPurchased":[0,0,0,0,0,0,0,0,0,0,0]},"npc_dota_hero_slardar":{"lastAbilityUpgraded":"","victory":false,"state":{"kills":0,"towersLeft":1,"netWorth":0.016519999131560326,"xp":0.04533950611948967,"teamXp":0.04022222384810448,"teamDeaths":0,"enemyTowersLeft":1,"deaths":0,"teamNetWorth":0.0770300030708313,"teamKills":0},"lastItemPurchased":[0,0,0,0,0,0,0,0,0,0,0]},"npc_dota_hero_keeper_of_the_light":{"lastAbilityUpgraded":"","victory":false,"state":{"kills":0,"towersLeft":1,"netWorth":0.011739999987185001,"xp":0.017129629850387573,"teamXp":0.04022222384810448,"teamDeaths":0,"enemyTowersLeft":1,"deaths":0,"teamNetWorth":0.0770300030708313,"teamKills":0},"lastItemPurchased":[0,0,0,0,0,0,0,0,0,0,0]},"npc_dota_hero_shredder":{"lastAbilityUpgraded":"","victory":true,"state":{"kills":0,"towersLeft":1,"netWorth":0.013249999843537807,"xp":0.04055555537343025,"teamXp":0.03508024662733078,"teamDeaths":0.0010000000474974513,"enemyTowersLeft":1,"deaths":0,"teamNetWorth":0.05516999959945679,"teamKills":0},"lastItemPurchased":[0,0,0,0,0,1,0,0,0,0,0]},"npc_dota_hero_slark":{"lastAbilityUpgraded":"","victory":true,"state":{"kills":0,"towersLeft":1,"netWorth":0.01537999976426363,"xp":0.04098765552043915,"teamXp":0.03508024662733078,"teamDeaths":0.0010000000474974513,"enemyTowersLeft":1,"deaths":0,"teamNetWorth":0.05516999959945679,"teamKills":0},"lastItemPurchased":[0,0,0,0,0,0,0,0,0,0,0]},"npc_dota_hero_magnataur":{"lastAbilityUpgraded":"","victory":true,"state":{"kills":0,"towersLeft":1,"netWorth":0.013450000435113907,"xp":0.0638580247759819,"teamXp":0.03508024662733078,"teamDeaths":0.0010000000474974513,"enemyTowersLeft":1,"deaths":0,"teamNetWorth":0.05516999959945679,"teamKills":0},"lastItemPurchased":[0,0,0,1,0,0,0,0,0,0,0]}}}