{"gameTime":21,"state":{"npc_dota_hero_storm_spirit":{"lastAbilityUpgraded":"","victory":true,"state":{"kills":0.0020000000949949026,"towersLeft":0.9696969985961914,"netWorth":0.06431999802589417,"xp":0.2276543229818344,"teamXp":0.15109875798225403,"teamDeaths":0.006000000052154064,"enemyTowersLeft":0.939393937587738,"deaths":0,"teamNetWorth":0.19329999387264252,"teamKills":0.00800000037997961},"lastItemPurchased":[0,1,0,0,0,0,0,0,0,0,0]},"npc_dota_hero_rubick":{"lastAbilityUpgraded":"","victory":true,"state":{"kills":0.0010000000474974513,"towersLeft":0.9696969985961914,"netWorth":0.018130000680685043,"xp":0.10842592269182205,"teamXp":0.15109875798225403,"teamDeaths":0.006000000052154064,"enemyTowersLeft":0.939393937587738,"deaths":0.0010000000474974513,"teamNetWorth":0.19329999387264252,"teamKills":0.00800000037997961},"lastItemPurchased":[0,0,0,0,0,0,0,0,0,0,0]},"npc_dota_hero_alchemist":{"lastAbilityUpgraded":"","victory":false,"state":{"kills":0.0010000000474974513,"towersLeft":0.939393937587738,"netWorth":0.10137999802827835,"xp":0.2354012280702591,"teamXp":0.16901852190494537,"teamDeaths":0.008999999612569809,"enemyTowersLeft":0.9696969985961914,"deaths":0.0010000000474974513,"teamNetWorth":0.22675000131130219,"teamKills":0.004000000189989805},"lastItemPurchased":[0,0,0,0,1,0,0,0,0,0,0]},"npc_dota_hero_slardar":{"lastAbilityUpgraded":"","victory":true,"state":{"kills":0.0020000000949949026,"towersLeft":0.9696969985961914,"netWorth":0.03009999915957451,"xp":0.150277778506279,"teamXp":0.15109875798225403,"teamDeaths":0.006000000052154064,"enemyTowersLeft":0.939393937587738,"deaths":0.0010000000474974513,"teamNetWorth":0.19329999387264252,"teamKills":0.00800000037997961},"lastItemPurchased":[0,0,0,0,0,0,0,0,0,0,0]},"npc_dota_hero_lion":{"lastAbilityUpgraded":"","victory":false,"state":{"kills":0.0010000000474974513,"towersLeft":0.939393937587738,"netWorth":0.015309999696910381,"xp":0.1117592602968216,"teamXp":0.16901852190494537,"teamDeaths":0.008999999612569809,"enemyTowersLeft":0.9696969985961914,"deaths":0.003000000026077032,"teamNetWorth":0.22675000131130219,"teamKills":0.004000000189989805},"lastItemPurchased":[0,0,0,0,0,0,0,0,0,0,0]},"npc_dota_hero_ogre_magi":{"lastAbilityUpgraded":"","victory":true,"state":{"kills":0.0020000000949949026,"towersLeft":0.9696969985961914,"netWorth":0.026440000161528587,"xp":0.08524691313505173,"teamXp":0.15109875798225403,"teamDeaths":0.006000000052154064,"enemyTowersLeft":0.939393937587738,"deaths":0.003000000026077032,"teamNetWorth":0.19329999387264252,"teamKills":0.00800000037997961},"lastItemPurchased":[0,0,0,0,0,1,0,0,0,0,0]},"npc_dota_hero_shredder":{"lastAbilityUpgraded":"","victory":false,"state":{"kills":0.0020000000949949026,"towersLeft":0.939393937587738,"netWorth":0.05203000083565712,"xp":0.2121913582086563,"teamXp":0.16901852190494537,"teamDeaths":0.008999999612569809,"enemyTowersLeft":0.9696969985961914,"deaths":0.003000000026077032,"teamNetWorth":0.22675000131130219,"teamKills":0.004000000189989805},"lastItemPurchased":[0,0,0,0,0,0,0,0,0,0,0]},"npc_dota_hero_sven":{"lastAbilityUpgraded":"","victory":true,"state":{"kills":0.0010000000474974513,"towersLeft":0.9696969985961914,"netWorth":0.05431000143289566,"xp":0.18388888239860535,"teamXp":0.15109875798225403,"teamDeaths":0.006000000052154064,"enemyTowersLeft":0.939393937587738,"deaths":0.0010000000474974513,"teamNetWorth":0.19329999387264252,"teamKills":0.00800000037997961},"lastItemPurchased":[0,0,0,0,0,0,0,0,0,0,0]},"npc_dota_hero_shadow_demon":{"lastAbilityUpgraded":"","victory":false,"state":{"kills":0,"towersLeft":0.939393937587738,"netWorth":0.01882000081241131,"xp":0.08746913820505142,"teamXp":0.16901852190494537,"teamDeaths":0.008999999612569809,"enemyTowersLeft":0.9696969985961914,"deaths":0.0020000000949949026,"teamNetWorth":0.22675000131130219,"teamKills":0.004000000189989805},"lastItemPurchased":[1,0,0,0,0,0,0,0,0,0,0]},"npc_dota_hero_obsidian_destroyer":{"lastAbilityUpgraded":"","victory":false,"state":{"kills":0,"towersLeft":0.939393937587738,"netWorth":0.0392099991440773,"xp":0.19827160239219666,"teamXp":0.16901852190494537,"teamDeaths":0.008999999612569809,"enemyTowersLeft":0.9696969985961914,"deaths":0,"teamNetWorth":0.22675000131130219,"teamKills":0.004000000189989805},"lastItemPurchased":[0,0,0,0,0,0,0,0,0,0,0]}}}