{"gameTime":28,"state":{"npc_dota_hero_bloodseeker":{"lastAbilityUpgraded":"","victory":false,"state":{"kills":0.0010000000474974513,"towersLeft":0.8484848737716675,"netWorth":0.05195000022649765,"xp":0.2407716065645218,"teamXp":0.2469012290239334,"teamDeaths":0.014999999664723873,"enemyTowersLeft":0.8787878751754761,"deaths":0.003000000026077032,"teamNetWorth":0.30059999227523804,"teamKills":0.010999999940395355},"lastItemPurchased":[0,0,0,0,0,0,0,0,0,0,0]},"npc_dota_hero_storm_spirit":{"lastAbilityUpgraded":"","victory":false,"state":{"kills":0.003000000026077032,"towersLeft":0.8484848737716675,"netWorth":0.11148999631404877,"xp":0.3796604871749878,"teamXp":0.2469012290239334,"teamDeaths":0.014999999664723873,"enemyTowersLeft":0.8787878751754761,"deaths":0.0020000000949949026,"teamNetWorth":0.30059999227523804,"teamKills":0.010999999940395355},"lastItemPurchased":[0,0,0,0,0,0,0,0,0,0,0]},"npc_dota_hero_life_stealer":{"lastAbilityUpgraded":"","victory":true,"state":{"kills":0.004000000189989805,"towersLeft":0.8787878751754761,"netWorth":0.08801999688148499,"xp":0.31524690985679626,"teamXp":0.26403704285621643,"teamDeaths":0.009999999776482582,"enemyTowersLeft":0.8484848737716675,"deaths":0.0020000000949949026,"teamNetWorth":0.3927899897098541,"teamKills":0.012000000104308128},"lastItemPurchased":[0,0,0,0,1,0,0,0,0,0,0]},"npc_dota_hero_alchemist":{"lastAbilityUpgraded":"","victory":true,"state":{"kills":0.0020000000949949026,"towersLeft":0.8787878751754761,"netWorth":0.15191000699996948,"xp":0.3855864107608795,"teamXp":0.26403704285621643,"teamDeaths":0.009999999776482582,"enemyTowersLeft":0.8484848737716675,"deaths":0.0010000000474974513,"teamNetWorth":0.3927899897098541,"teamKills":0.012000000104308128},"lastItemPurchased":[0,0,0,0,0,0,0,0,1,0,0]},"npc_dota_hero_mirana":{"lastAbilityUpgraded":"","victory":true,"state":{"kills":0.0020000000949949026,"towersLeft":0.8787878751754761,"netWorth":0.048889998346567154,"xp":0.16012345254421234,"teamXp":0.26403704285621643,"teamDeaths":0.009999999776482582,"enemyTowersLeft":0.8484848737716675,"deaths":0.0010000000474974513,"teamNetWorth":0.3927899897098541,"teamKills":0.012000000104308128},"lastItemPurchased":[1,0,0,0,0,0,0,0,0,0,0]},"npc_dota_hero_slardar":{"lastAbilityUpgraded":"","victory":true,"state":{"kills":0.003000000026077032,"towersLeft":0.8787878751754761,"netWorth":0.07267999649047852,"xp":0.2790123522281647,"teamXp":0.26403704285621643,"teamDeaths":0.009999999776482582,"enemyTowersLeft":0.8484848737716675,"deaths":0.003000000026077032,"teamNetWorth":0.3927899897098541,"teamKills":0.012000000104308128},"lastItemPurchased":[0,0,0,0,0,0,0,0,0,0,0]},"npc_dota_hero_ogre_magi":{"lastAbilityUpgraded":"","victory":false,"state":{"kills":0,"towersLeft":0.8484848737716675,"netWorth":0.024089999496936798,"xp":0.16604937613010406,"teamXp":0.2469012290239334,"teamDeaths":0.014999999664723873,"enemyTowersLeft":0.8787878751754761,"deaths":0.003000000026077032,"teamNetWorth":0.30059999227523804,"teamKills":0.010999999940395355},"lastItemPurchased":[0,0,0,0,0,0,0,0,0,0,0]},"npc_dota_hero_shadow_demon":{"lastAbilityUpgraded":"","victory":true,"state":{"kills":0.0010000000474974513,"towersLeft":0.8787878751754761,"netWorth":0.031289998441934586,"xp":0.18021604418754578,"teamXp":0.26403704285621643,"teamDeaths":0.009999999776482582,"enemyTowersLeft":0.8484848737716675,"deaths":0.003000000026077032,"teamNetWorth":0.3927899897098541,"teamKills":0.012000000104308128},"lastItemPurchased":[0,0,0,0,0,0,0,0,0,0,0]},"npc_dota_hero_obsidian_destroyer":{"lastAbilityUpgraded":"","victory":false,"state":{"kills":0.007000000216066837,"towersLeft":0.8484848737716675,"netWorth":0.066430002450943,"xp":0.24379628896713257,"teamXp":0.2469012290239334,"teamDeaths":0.014999999664723873,"enemyTowersLeft":0.8787878751754761,"deaths":0.003000000026077032,"teamNetWorth":0.30059999227523804,"teamKills":0.010999999940395355},"lastItemPurchased":[1,0,0,0,0,0,0,0,0,0,0]},"npc_dota_hero_juggernaut":{"lastAbilityUpgraded":"","victory":false,"state":{"kills":0,"towersLeft":0.8484848737716675,"netWorth":0.046640001237392426,"xp":0.20422840118408203,"teamXp":0.2469012290239334,"teamDeaths":0.014999999664723873,"enemyTowersLeft":0.8787878751754761,"deaths":0.004000000189989805,"teamNetWorth":0.30059999227523804,"teamKills":0.010999999940395355},"lastItemPurchased":[0,0,0,0,0,0,0,0,0,0,0]}}}