{"gameTime":24,"state":{"npc_dota_hero_nyx_assassin":{"lastAbilityUpgraded":"","victory":true,"state":{"kills":0.0020000000949949026,"towersLeft":0.8787878751754761,"netWorth":0.0291300006210804,"xp":0.1572839468717575,"teamXp":0.16855555772781372,"teamDeaths":0.019999999552965164,"enemyTowersLeft":1,"deaths":0.004999999888241291,"teamNetWorth":0.17595000565052032,"teamKills":0.004999999888241291},"lastItemPurchased":[0,0,0,0,0,0,0,0,0,0,0]},"npc_dota_hero_undying":{"lastAbilityUpgraded":"","victory":false,"state":{"kills":0.0020000000949949026,"towersLeft":1,"netWorth":0.03466000035405159,"xp":0.13524691760540009,"teamXp":0.19516049325466156,"teamDeaths":0.006000000052154064,"enemyTowersLeft":0.8787878751754761,"deaths":0.0010000000474974513,"teamNetWorth":0.2503899931907654,"teamKills":0.019999999552965164},"lastItemPurchased":[0,0,0,0,0,1,0,0,0,0,0]},"npc_dota_hero_alchemist":{"lastAbilityUpgraded":"","victory":true,"state":{"kills":0,"towersLeft":0.8787878751754761,"netWorth":0.06736999750137329,"xp":0.22012345492839813,"teamXp":0.16855555772781372,"teamDeaths":0.019999999552965164,"enemyTowersLeft":1,"deaths":0.003000000026077032,"teamNetWorth":0.17595000565052032,"teamKills":0.004999999888241291},"lastItemPurchased":[0,0,0,0,0,0,0,0,0,0,0]},"npc_dota_hero_axe":{"lastAbilityUpgraded":"","victory":true,"state":{"kills":0.0010000000474974513,"towersLeft":0.8787878751754761,"netWorth":0.03296000137925148,"xp":0.1873456835746765,"teamXp":0.16855555772781372,"teamDeaths":0.019999999552965164,"enemyTowersLeft":1,"deaths":0.004999999888241291,"teamNetWorth":0.17595000565052032,"teamKills":0.004999999888241291},"lastItemPurchased":[0,0,0,0,0,0,0,0,0,0,0]},"npc_dota_hero_legion_commander":{"lastAbilityUpgraded":"","victory":false,"state":{"kills":0.004999999888241291,"towersLeft":1,"netWorth":0.05961000174283981,"xp":0.20666666328907013,"teamXp":0.19516049325466156,"teamDeaths":0.006000000052154064,"enemyTowersLeft":0.8787878751754761,"deaths":0.0020000000949949026,"teamNetWorth":0.2503899931907654,"teamKills":0.019999999552965164},"lastItemPurchased":[0,0,0,0,0,0,0,0,0,0,0]},"npc_dota_hero_oracle":{"lastAbilityUpgraded":"","victory":false,"state":{"kills":0.004000000189989805,"towersLeft":1,"netWorth":0.03485000133514404,"xp":0.15367284417152405,"teamXp":0.19516049325466156,"teamDeaths":0.006000000052154064,"enemyTowersLeft":0.8787878751754761,"deaths":0.0020000000949949026,"teamNetWorth":0.2503899931907654,"teamKills":0.019999999552965164},"lastItemPurchased":[0,0,0,0,0,0,0,0,0,0,1]},"npc_dota_hero_ogre_magi":{"lastAbilityUpgraded":"","victory":true,"state":{"kills":0,"towersLeft":0.8787878751754761,"netWorth":0.005810000002384186,"xp":0.09191358089447021,"teamXp":0.16855555772781372,"teamDeaths":0.019999999552965164,"enemyTowersLeft":1,"deaths":0.006000000052154064,"teamNetWorth":0.17595000565052032,"teamKills":0.004999999888241291},"lastItemPurchased":[0,0,0,0,0,0,0,0,0,0,0]},"npc_dota_hero_rattletrap":{"lastAbilityUpgraded":"","victory":false,"state":{"kills":0.006000000052154064,"towersLeft":1,"netWorth":0.05270000174641609,"xp":0.22191357612609863,"teamXp":0.19516049325466156,"teamDeaths":0.006000000052154064,"enemyTowersLeft":0.8787878751754761,"deaths":0.0010000000474974513,"teamNetWorth":0.2503899931907654,"teamKills":0.019999999552965164},"lastItemPurchased":[0,0,0,0,0,0,0,0,0,0,1]},"npc_dota_hero_morphling":{"lastAbilityUpgraded":"","victory":false,"state":{"kills":0.003000000026077032,"towersLeft":1,"netWorth":0.06857000291347504,"xp":0.2583024799823761,"teamXp":0.19516049325466156,"teamDeaths":0.006000000052154064,"enemyTowersLeft":0.8787878751754761,"deaths":0,"teamNetWorth":0.2503899931907654,"teamKills":0.019999999552965164},"lastItemPurchased":[0,0,0,0,0,0,0,0,0,0,0]},"npc_dota_hero_shredder":{"lastAbilityUpgraded":"","victory":true,"state":{"kills":0.0020000000949949026,"towersLeft":0.8787878751754761,"netWorth":0.04067999869585037,"xp":0.18611110746860504,"teamXp":0.16855555772781372,"teamDeaths":0.019999999552965164,"enemyTowersLeft":1,"deaths":0.0010000000474974513,"teamNetWorth":0.17595000565052032,"teamKills":0.004999999888241291},"lastItemPurchased":[0,0,0,0,0,0,0,0,0,0,1]}}}