{"gameTime":26,"state":{"npc_dota_hero_riki":{"lastAbilityUpgraded":"","victory":true,"state":{"kills":0.0010000000474974513,"towersLeft":1,"netWorth":0.029529999941587448,"xp":0.17459876835346222,"teamXp":0.20272839069366455,"teamDeaths":0.013000000268220901,"enemyTowersLeft":1,"deaths":0.003000000026077032,"teamNetWorth":0.21398000419139862,"teamKills":0.014000000432133675},"lastItemPurchased":[0,0,0,0,0,0,0,0,0,0,0]},"npc_dota_hero_life_stealer":{"lastAbilityUpgraded":"","victory":true,"state":{"kills":0.00800000037997961,"towersLeft":1,"netWorth":0.09649000316858292,"xp":0.32929012179374695,"teamXp":0.20272839069366455,"teamDeaths":0.013000000268220901,"enemyTowersLeft":1,"deaths":0,"teamNetWorth":0.21398000419139862,"teamKills":0.014000000432133675},"lastItemPurchased":[0,0,0,0,0,0,0,0,0,0,0]},"npc_dota_hero_axe":{"lastAbilityUpgraded":"","victory":false,"state":{"kills":0.0010000000474974513,"towersLeft":1,"netWorth":0.02710000053048134,"xp":0.15845678746700287,"teamXp":0.17590123414993286,"teamDeaths":0.014999999664723873,"enemyTowersLeft":1,"deaths":0.003000000026077032,"teamNetWorth":0.17159999907016754,"teamKills":0.009999999776482582},"lastItemPurchased":[0,0,1,0,0,0,0,0,0,0,0]},"npc_dota_hero_earthshaker":{"lastAbilityUpgraded":"","victory":false,"state":{"kills":0.0020000000949949026,"towersLeft":1,"netWorth":0.02305000089108944,"xp":0.12910494208335876,"teamXp":0.17590123414993286,"teamDeaths":0.014999999664723873,"enemyTowersLeft":1,"deaths":0.003000000026077032,"teamNetWorth":0.17159999907016754,"teamKills":0.009999999776482582},"lastItemPurchased":[0,0,0,0,0,0,0,0,0,0,0]},"npc_dota_hero_tinker":{"lastAbilityUpgraded":"","victory":true,"state":{"kills":0.0010000000474974513,"towersLeft":1,"netWorth":0.04834999889135361,"xp":0.2318827211856842,"teamXp":0.20272839069366455,"teamDeaths":0.013000000268220901,"enemyTowersLeft":1,"deaths":0.004000000189989805,"teamNetWorth":0.21398000419139862,"teamKills":0.014000000432133675},"lastItemPurchased":[0,0,0,0,0,0,0,0,0,0,0]},"npc_dota_hero_spirit_breaker":{"lastAbilityUpgraded":"","victory":true,"state":{"kills":0.0020000000949949026,"towersLeft":1,"netWorth":0.0200399998575449,"xp":0.15604938566684723,"teamXp":0.20272839069366455,"teamDeaths":0.013000000268220901,"enemyTowersLeft":1,"deaths":0.0020000000949949026,"teamNetWorth":0.21398000419139862,"teamKills":0.014000000432133675},"lastItemPurchased":[0,0,0,0,0,0,0,0,0,0,0]},"npc_dota_hero_tiny":{"lastAbilityUpgraded":"","victory":false,"state":{"kills":0.004999999888241291,"towersLeft":1,"netWorth":0.0514100007712841,"xp":0.24382716417312622,"teamXp":0.17590123414993286,"teamDeaths":0.014999999664723873,"enemyTowersLeft":1,"deaths":0.003000000026077032,"teamNetWorth":0.17159999907016754,"teamKills":0.009999999776482582},"lastItemPurchased":[0,0,0,0,0,0,0,0,0,0,0]},"npc_dota_hero_luna":{"lastAbilityUpgraded":"","victory":false,"state":{"kills":0.0020000000949949026,"towersLeft":1,"netWorth":0.059870000928640366,"xp":0.2592284083366394,"teamXp":0.17590123414993286,"teamDeaths":0.014999999664723873,"enemyTowersLeft":1,"deaths":0.003000000026077032,"teamNetWorth":0.17159999907016754,"teamKills":0.009999999776482582},"lastItemPurchased":[0,0,0,0,0,0,0,0,0,0,0]},"npc_dota_hero_ogre_magi":{"lastAbilityUpgraded":"","victory":false,"state":{"kills":0,"towersLeft":1,"netWorth":0.010169999673962593,"xp":0.08888889104127884,"teamXp":0.17590123414993286,"teamDeaths":0.014999999664723873,"enemyTowersLeft":1,"deaths":0.003000000026077032,"teamNetWorth":0.17159999907016754,"teamKills":0.009999999776482582},"lastItemPurchased":[0,0,0,0,0,0,0,0,0,0,0]},"npc_dota_hero_shadow_demon":{"lastAbilityUpgraded":"","victory":true,"state":{"kills":0.0020000000949949026,"towersLeft":1,"netWorth":0.0195700004696846,"xp":0.12182098627090454,"teamXp":0.20272839069366455,"teamDeaths":0.013000000268220901,"enemyTowersLeft":1,"deaths":0.004000000189989805,"teamNetWorth":0.21398000419139862,"teamKills":0.014000000432133675},"lastItemPurchased":[0,0,0,0,0,0,0,0,0,0,0]}}}