{"gameTime":29,"state":{"npc_dota_hero_warlock":{"lastAbilityUpgraded":"","victory":false,"state":{"kills":0,"towersLeft":0.8787878751754761,"netWorth":0.004100000020116568,"xp":0.1222839504480362,"teamXp":0.22985802590847015,"teamDeaths":0.03400000184774399,"enemyTowersLeft":0.9696969985961914,"deaths":0.00800000037997961,"teamNetWorth":0.18750999867916107,"teamKills":0.013000000268220901},"lastItemPurchased":[1,0,0,0,0,0,0,0,0,0,0]},"npc_dota_hero_skywrath_mage":{"lastAbilityUpgraded":"","victory":true,"state":{"kills":0.013000000268220901,"towersLeft":0.9696969985961914,"netWorth":0.07683999836444855,"xp":0.3177160620689392,"teamXp":0.28202468156814575,"teamDeaths":0.01600000075995922,"enemyTowersLeft":0.8787878751754761,"deaths":0.0010000000474974513,"teamNetWorth":0.3312700092792511,"teamKills":0.032999999821186066},"lastItemPurchased":[0,0,0,0,0,0,0,0,0,0,1]},"npc_dota_hero_ursa":{"lastAbilityUpgraded":"","victory":false,"state":{"kills":0.00800000037997961,"towersLeft":0.8787878751754761,"netWorth":0.06460999697446823,"xp":0.3079012334346771,"teamXp":0.22985802590847015,"teamDeaths":0.03400000184774399,"enemyTowersLeft":0.9696969985961914,"deaths":0.00800000037997961,"teamNetWorth":0.18750999867916107,"teamKills":0.013000000268220901},"lastItemPurchased":[0,0,0,0,0,0,0,1,0,0,0]},"npc_dota_hero_rubick":{"lastAbilityUpgraded":"","victory":true,"state":{"kills":0,"towersLeft":0.9696969985961914,"netWorth":0.0261400006711483,"xp":0.19225308299064636,"teamXp":0.28202468156814575,"teamDeaths":0.01600000075995922,"enemyTowersLeft":0.8787878751754761,"deaths":0.006000000052154064,"teamNetWorth":0.3312700092792511,"teamKills":0.032999999821186066},"lastItemPurchased":[0,0,0,0,0,0,0,0,0,0,0]},"npc_dota_hero_legion_commander":{"lastAbilityUpgraded":"","victory":true,"state":{"kills":0.006000000052154064,"towersLeft":0.9696969985961914,"netWorth":0.06623999774456024,"xp":0.26515433192253113,"teamXp":0.28202468156814575,"teamDeaths":0.01600000075995922,"enemyTowersLeft":0.8787878751754761,"deaths":0.0020000000949949026,"teamNetWorth":0.3312700092792511,"teamKills":0.032999999821186066},"lastItemPurchased":[0,0,1,0,0,0,0,0,0,0,0]},"npc_dota_hero_bounty_hunter":{"lastAbilityUpgraded":"","victory":true,"state":{"kills":0.004000000189989805,"towersLeft":0.9696969985961914,"netWorth":0.06086000055074692,"xp":0.22879630327224731,"teamXp":0.28202468156814575,"teamDeaths":0.01600000075995922,"enemyTowersLeft":0.8787878751754761,"deaths":0.0020000000949949026,"teamNetWorth":0.3312700092792511,"teamKills":0.032999999821186066},"lastItemPurchased":[0,0,0,0,0,1,0,0,0,0,0]},"npc_dota_hero_ogre_magi":{"lastAbilityUpgraded":"","victory":false,"state":{"kills":0,"towersLeft":0.8787878751754761,"netWorth":0.009809999726712704,"xp":0.12734568119049072,"teamXp":0.22985802590847015,"teamDeaths":0.03400000184774399,"enemyTowersLeft":0.9696969985961914,"deaths":0.008999999612569809,"teamNetWorth":0.18750999867916107,"teamKills":0.013000000268220901},"lastItemPurchased":[1,0,0,0,0,0,0,0,0,0,0]},"npc_dota_hero_shredder":{"lastAbilityUpgraded":"","victory":true,"state":{"kills":0.009999999776482582,"towersLeft":0.9696969985961914,"netWorth":0.1011900007724762,"xp":0.4062037169933319,"teamXp":0.28202468156814575,"teamDeaths":0.01600000075995922,"enemyTowersLeft":0.8787878751754761,"deaths":0.004999999888241291,"teamNetWorth":0.3312700092792511,"teamKills":0.032999999821186066},"lastItemPurchased":[0,0,0,0,0,0,0,0,0,0,0]},"npc_dota_hero_abaddon":{"lastAbilityUpgraded":"","victory":false,"state":{"kills":0.0020000000949949026,"towersLeft":0.8787878751754761,"netWorth":0.04521999880671501,"xp":0.24638888239860535,"teamXp":0.22985802590847015,"teamDeaths":0.03400000184774399,"enemyTowersLeft":0.9696969985961914,"deaths":0.003000000026077032,"teamNetWorth":0.18750999867916107,"teamKills":0.013000000268220901},"lastItemPurchased":[0,0,0,0,0,0,0,0,0,0,0]},"npc_dota_hero_obsidian_destroyer":{"lastAbilityUpgraded":"","victory":false,"state":{"kills":0.003000000026077032,"towersLeft":0.8787878751754761,"netWorth":0.06377000361680984,"xp":0.3453703820705414,"teamXp":0.22985802590847015,"teamDeaths":0.03400000184774399,"enemyTowersLeft":0.9696969985961914,"deaths":0.006000000052154064,"teamNetWorth":0.18750999867916107,"teamKills":0.013000000268220901},"lastItemPurchased":[0,0,0,0,0,0,0,0,0,0,0]}}}