{"gameTime":32,"state":{"npc_dota_hero_skywrath_mage":{"lastAbilityUpgraded":"","victory":false,"state":{"kills":0.00800000037997961,"towersLeft":0.7272727489471436,"netWorth":0.06903000175952911,"xp":0.3777777850627899,"teamXp":0.4404197633266449,"teamDeaths":0.02800000086426735,"enemyTowersLeft":0.9696969985961914,"deaths":0.003000000026077032,"teamNetWorth":0.4264799952507019,"teamKills":0.023000000044703484},"lastItemPurchased":[0,0,0,0,0,0,0,0,0,0,0]},"npc_dota_hero_clinkz":{"lastAbilityUpgraded":"","victory":true,"state":{"kills":0.012000000104308128,"towersLeft":0.9696969985961914,"netWorth":0.18445000052452087,"xp":0.7308333516120911,"teamXp":0.5100864171981812,"teamDeaths":0.02500000037252903,"enemyTowersLeft":0.7272727489471436,"deaths":0.003000000026077032,"teamNetWorth":0.5773900151252747,"teamKills":0.027000000700354576},"lastItemPurchased":[0,0,0,0,0,0,0,0,0,0,0]},"npc_dota_hero_alchemist":{"lastAbilityUpgraded":"","victory":false,"state":{"kills":0.003000000026077032,"towersLeft":0.7272727489471436,"netWorth":0.17199000716209412,"xp":0.5894753336906433,"teamXp":0.4404197633266449,"teamDeaths":0.02800000086426735,"enemyTowersLeft":0.9696969985961914,"deaths":0.004000000189989805,"teamNetWorth":0.4264799952507019,"teamKills":0.023000000044703484},"lastItemPurchased":[0,0,0,0,0,0,0,0,0,0,0]},"npc_dota_hero_axe":{"lastAbilityUpgraded":"","victory":true,"state":{"kills":0.007000000216066837,"towersLeft":0.9696969985961914,"netWorth":0.1025800034403801,"xp":0.49459877610206604,"teamXp":0.5100864171981812,"teamDeaths":0.02500000037252903,"enemyTowersLeft":0.7272727489471436,"deaths":0.004999999888241291,"teamNetWorth":0.5773900151252747,"teamKills":0.027000000700354576},"lastItemPurchased":[0,0,0,0,0,0,0,0,0,0,0]},"npc_dota_hero_legion_commander":{"lastAbilityUpgraded":"","victory":false,"state":{"kills":0.0020000000949949026,"towersLeft":0.7272727489471436,"netWorth":0.05837000161409378,"xp":0.3740740716457367,"teamXp":0.4404197633266449,"teamDeaths":0.02800000086426735,"enemyTowersLeft":0.9696969985961914,"deaths":0.007000000216066837,"teamNetWorth":0.4264799952507019,"teamKills":0.023000000044703484},"lastItemPurchased":[0,0,0,0,0,0,0,0,0,0,0]},"npc_dota_hero_nevermore":{"lastAbilityUpgraded":"","victory":true,"state":{"kills":0.006000000052154064,"towersLeft":0.9696969985961914,"netWorth":0.15459999442100525,"xp":0.5895370244979858,"teamXp":0.5100864171981812,"teamDeaths":0.02500000037252903,"enemyTowersLeft":0.7272727489471436,"deaths":0.008999999612569809,"teamNetWorth":0.5773900151252747,"teamKills":0.027000000700354576},"lastItemPurchased":[0,0,0,0,0,0,0,0,0,0,0]},"npc_dota_hero_beastmaster":{"lastAbilityUpgraded":"","victory":true,"state":{"kills":0,"towersLeft":0.9696969985961914,"netWorth":0.07569999992847443,"xp":0.4647839367389679,"teamXp":0.5100864171981812,"teamDeaths":0.02500000037252903,"enemyTowersLeft":0.7272727489471436,"deaths":0.004999999888241291,"teamNetWorth":0.5773900151252747,"teamKills":0.027000000700354576},"lastItemPurchased":[0,0,0,0,0,0,0,0,0,0,0]},"npc_dota_hero_ancient_apparition":{"lastAbilityUpgraded":"","victory":true,"state":{"kills":0.0020000000949949026,"towersLeft":0.9696969985961914,"netWorth":0.06005999818444252,"xp":0.2706790268421173,"teamXp":0.5100864171981812,"teamDeaths":0.02500000037252903,"enemyTowersLeft":0.7272727489471436,"deaths":0.003000000026077032,"teamNetWorth":0.5773900151252747,"teamKills":0.027000000700354576},"lastItemPurchased":[0,1,0,0,0,0,0,0,0,0,0]},"npc_dota_hero_slark":{"lastAbilityUpgraded":"","victory":false,"state":{"kills":0.006000000052154064,"towersLeft":0.7272727489471436,"netWorth":0.07793000340461731,"xp":0.511388897895813,"teamXp":0.4404197633266449,"teamDeaths":0.02800000086426735,"enemyTowersLeft":0.9696969985961914,"deaths":0.004999999888241291,"teamNetWorth":0.4264799952507019,"teamKills":0.023000000044703484},"lastItemPurchased":[0,0,0,0,0,0,0,1,0,0,0]},"npc_dota_hero_weaver":{"lastAbilityUpgraded":"","victory":false,"state":{"kills":0.004000000189989805,"towersLeft":0.7272727489471436,"netWorth":0.04915999993681908,"xp":0.3493827283382416,"teamXp":0.4404197633266449,"teamDeaths":0.02800000086426735,"enemyTowersLeft":0.9696969985961914,"deaths":0.008999999612569809,"teamNetWorth":0.4264799952507019,"teamKills":0.023000000044703484},"lastItemPurchased":[0,0,0,1,0,0,0,0,0,0,0]}}}