{"gameTime":24,"state":{"npc_dota_hero_nyx_assassin":{"lastAbilityUpgraded":"","victory":true,"state":{"kills":0.0010000000474974513,"towersLeft":0.9090909361839294,"netWorth":0.027289999648928642,"xp":0.17830246686935425,"teamXp":0.22220370173454285,"teamDeaths":0.009999999776482582,"enemyTowersLeft":0.9696969985961914,"deaths":0,"teamNetWorth":0.2254599928855896,"teamKills":0.010999999940395355},"lastItemPurchased":[0,0,0,0,0,0,0,0,0,0,0]},"npc_dota_hero_ursa":{"lastAbilityUpgraded":"","victory":false,"state":{"kills":0.004000000189989805,"towersLeft":0.9696969985961914,"netWorth":0.05553999915719032,"xp":0.2349691390991211,"teamXp":0.21195678412914276,"teamDeaths":0.012000000104308128,"enemyTowersLeft":0.9090909361839294,"deaths":0.0020000000949949026,"teamNetWorth":0.24584999680519104,"teamKills":0.008999999612569809},"lastItemPurchased":[0,0,0,0,0,0,0,0,0,0,0]},"npc_dota_hero_drow_ranger":{"lastAbilityUpgraded":"","victory":false,"state":{"kills":0.0010000000474974513,"towersLeft":0.9696969985961914,"netWorth":0.047210000455379486,"xp":0.18925926089286804,"teamXp":0.21195678412914276,"teamDeaths":0.012000000104308128,"enemyTowersLeft":0.9090909361839294,"deaths":0.0020000000949949026,"teamNetWorth":0.24584999680519104,"teamKills":0.008999999612569809},"lastItemPurchased":[0,1,0,0,0,0,0,0,0,0,0]},"npc_dota_hero_legion_commander":{"lastAbilityUpgraded":"","victory":true,"state":{"kills":0.003000000026077032,"towersLeft":0.9090909361839294,"netWorth":0.04357000067830086,"xp":0.20586419105529785,"teamXp":0.22220370173454285,"teamDeaths":0.009999999776482582,"enemyTowersLeft":0.9696969985961914,"deaths":0.003000000026077032,"teamNetWorth":0.2254599928855896,"teamKills":0.010999999940395355},"lastItemPurchased":[0,0,0,0,0,0,0,0,0,0,0]},"npc_dota_hero_invoker":{"lastAbilityUpgraded":"","victory":false,"state":{"kills":0.0020000000949949026,"towersLeft":0.9696969985961914,"netWorth":0.08445999771356583,"xp":0.3379938304424286,"teamXp":0.21195678412914276,"teamDeaths":0.012000000104308128,"enemyTowersLeft":0.9090909361839294,"deaths":0.0020000000949949026,"teamNetWorth":0.24584999680519104,"teamKills":0.008999999612569809},"lastItemPurchased":[0,0,0,0,0,0,0,0,0,0,0]},"npc_dota_hero_mirana":{"lastAbilityUpgraded":"","victory":true,"state":{"kills":0.004000000189989805,"towersLeft":0.9090909361839294,"netWorth":0.04165999963879585,"xp":0.23098765313625336,"teamXp":0.22220370173454285,"teamDeaths":0.009999999776482582,"enemyTowersLeft":0.9696969985961914,"deaths":0.003000000026077032,"teamNetWorth":0.2254599928855896,"teamKills":0.010999999940395355},"lastItemPurchased":[0,0,0,0,0,0,0,0,0,0,0]},"npc_dota_hero_luna":{"lastAbilityUpgraded":"","victory":true,"state":{"kills":0.0010000000474974513,"towersLeft":0.9090909361839294,"netWorth":0.08550000190734863,"xp":0.3359259366989136,"teamXp":0.22220370173454285,"teamDeaths":0.009999999776482582,"enemyTowersLeft":0.9696969985961914,"deaths":0.0010000000474974513,"teamNetWorth":0.2254599928855896,"teamKills":0.010999999940395355},"lastItemPurchased":[0,0,0,0,0,0,0,0,0,0,0]},"npc_dota_hero_shadow_demon":{"lastAbilityUpgraded":"","victory":true,"state":{"kills":0.0020000000949949026,"towersLeft":0.9090909361839294,"netWorth":0.02744000032544136,"xp":0.1599382758140564,"teamXp":0.22220370173454285,"teamDeaths":0.009999999776482582,"enemyTowersLeft":0.9696969985961914,"deaths":0.003000000026077032,"teamNetWorth":0.2254599928855896,"teamKills":0.010999999940395355},"lastItemPurchased":[1,0,0,0,0,0,0,0,0,0,0]},"npc_dota_hero_omniknight":{"lastAbilityUpgraded":"","victory":false,"state":{"kills":0,"towersLeft":0.9696969985961914,"netWorth":0.008559999987483025,"xp":0.10577160865068436,"teamXp":0.21195678412914276,"teamDeaths":0.012000000104308128,"enemyTowersLeft":0.9090909361839294,"deaths":0.004999999888241291,"teamNetWorth":0.24584999680519104,"teamKills":0.008999999612569809},"lastItemPurchased":[0,0,0,0,0,0,0,0,0,0,0]},"npc_dota_hero_magnataur":{"lastAbilityUpgraded":"","victory":false,"state":{"kills":0.0020000000949949026,"towersLeft":0.9696969985961914,"netWorth":0.05008000135421753,"xp":0.1917901188135147,"teamXp":0.21195678412914276,"teamDeaths":0.012000000104308128,"enemyTowersLeft":0.9090909361839294,"deaths":0.0010000000474974513,"teamNetWorth":0.24584999680519104,"teamKills":0.008999999612569809},"lastItemPurchased":[0,0,0,0,0,0,0,0,0,0,0]}}}