{"gameTime":24,"state":{"npc_dota_hero_tusk":{"lastAbilityUpgraded":"","victory":true,"state":{"kills":0.004000000189989805,"towersLeft":0.939393937587738,"netWorth":0.040869999676942825,"xp":0.1604321002960205,"teamXp":0.1962469071149826,"teamDeaths":0.01600000075995922,"enemyTowersLeft":0.9090909361839294,"deaths":0.004000000189989805,"teamNetWorth":0.2388399988412857,"teamKills":0.023000000044703484},"lastItemPurchased":[0,0,0,0,0,0,0,0,0,0,0]},"npc_dota_hero_witch_doctor":{"lastAbilityUpgraded":"","victory":false,"state":{"kills":0.004000000189989805,"towersLeft":0.9090909361839294,"netWorth":0.036079999059438705,"xp":0.14614197611808777,"teamXp":0.17092593014240265,"teamDeaths":0.02500000037252903,"enemyTowersLeft":0.939393937587738,"deaths":0.007000000216066837,"teamNetWorth":0.19372999668121338,"teamKills":0.012000000104308128},"lastItemPurchased":[0,0,0,0,0,0,0,0,0,0,0]},"npc_dota_hero_drow_ranger":{"lastAbilityUpgraded":"","victory":false,"state":{"kills":0.0020000000949949026,"towersLeft":0.9090909361839294,"netWorth":0.04673000052571297,"xp":0.20287036895751953,"teamXp":0.17092593014240265,"teamDeaths":0.02500000037252903,"enemyTowersLeft":0.939393937587738,"deaths":0.004000000189989805,"teamNetWorth":0.19372999668121338,"teamKills":0.012000000104308128},"lastItemPurchased":[0,0,0,1,0,0,0,0,0,0,0]},"npc_dota_hero_earthshaker":{"lastAbilityUpgraded":"","victory":true,"state":{"kills":0.003000000026077032,"towersLeft":0.939393937587738,"netWorth":0.029759999364614487,"xp":0.1250617355108261,"teamXp":0.1962469071149826,"teamDeaths":0.01600000075995922,"enemyTowersLeft":0.9090909361839294,"deaths":0.0010000000474974513,"teamNetWorth":0.2388399988412857,"teamKills":0.023000000044703484},"lastItemPurchased":[0,0,0,0,0,0,0,0,0,0,0]},"npc_dota_hero_legion_commander":{"lastAbilityUpgraded":"","victory":true,"state":{"kills":0.004999999888241291,"towersLeft":0.939393937587738,"netWorth":0.0537399984896183,"xp":0.22382715344429016,"teamXp":0.1962469071149826,"teamDeaths":0.01600000075995922,"enemyTowersLeft":0.9090909361839294,"deaths":0.003000000026077032,"teamNetWorth":0.2388399988412857,"teamKills":0.023000000044703484},"lastItemPurchased":[0,0,0,0,0,0,0,0,0,0,0]},"npc_dota_hero_windrunner":{"lastAbilityUpgraded":"","victory":false,"state":{"kills":0.0020000000949949026,"towersLeft":0.9090909361839294,"netWorth":0.04355999827384949,"xp":0.18824073672294617,"teamXp":0.17092593014240265,"teamDeaths":0.02500000037252903,"enemyTowersLeft":0.939393937587738,"deaths":0.00800000037997961,"teamNetWorth":0.19372999668121338,"teamKills":0.012000000104308128},"lastItemPurchased":[0,0,0,0,0,0,0,0,0,0,0]},"npc_dota_hero_sniper":{"lastAbilityUpgraded":"","victory":true,"state":{"kills":0.003000000026077032,"towersLeft":0.939393937587738,"netWorth":0.048190001398324966,"xp":0.24697530269622803,"teamXp":0.1962469071149826,"teamDeaths":0.01600000075995922,"enemyTowersLeft":0.9090909361839294,"deaths":0.004000000189989805,"teamNetWorth":0.2388399988412857,"teamKills":0.023000000044703484},"lastItemPurchased":[0,0,0,1,0,0,0,0,0,0,0]},"npc_dota_hero_ogre_magi":{"lastAbilityUpgraded":"","victory":false,"state":{"kills":0,"towersLeft":0.9090909361839294,"netWorth":0.019990000873804092,"xp":0.092993825674057,"teamXp":0.17092593014240265,"teamDeaths":0.02500000037252903,"enemyTowersLeft":0.939393937587738,"deaths":0.003000000026077032,"teamNetWorth":0.19372999668121338,"teamKills":0.012000000104308128},"lastItemPurchased":[0,0,0,0,0,0,0,0,0,0,0]},"npc_dota_hero_necrolyte":{"lastAbilityUpgraded":"","victory":true,"state":{"kills":0.00800000037997961,"towersLeft":0.939393937587738,"netWorth":0.06627999991178513,"xp":0.2249382734298706,"teamXp":0.1962469071149826,"teamDeaths":0.01600000075995922,"enemyTowersLeft":0.9090909361839294,"deaths":0.004000000189989805,"teamNetWorth":0.2388399988412857,"teamKills":0.023000000044703484},"lastItemPurchased":[0,0,0,0,1,0,0,0,0,0,0]},"npc_dota_hero_weaver":{"lastAbilityUpgraded":"","victory":false,"state":{"kills":0.004000000189989805,"towersLeft":0.9090909361839294,"netWorth":0.047370001673698425,"xp":0.22438271343708038,"teamXp":0.17092593014240265,"teamDeaths":0.02500000037252903,"enemyTowersLeft":0.939393937587738,"deaths":0.003000000026077032,"teamNetWorth":0.19372999668121338,"teamKills":0.012000000104308128},"lastItemPurchased":[0,0,0,0,0,0,0,0,0,0,0]}}}