{"gameTime":24,"state":{"npc_dota_hero_antimage":{"lastAbilityUpgraded":"","victory":true,"state":{"kills":0.0010000000474974513,"towersLeft":1,"netWorth":0.07829000055789948,"xp":0.30830246210098267,"teamXp":0.3004814684391022,"teamDeaths":0.004999999888241291,"enemyTowersLeft":0.9090909361839294,"deaths":0,"teamNetWorth":0.3512499928474426,"teamKills":0.01899999938905239},"lastItemPurchased":[0,1,0,0,0,0,0,0,0,0,0]},"npc_dota_hero_life_stealer":{"lastAbilityUpgraded":"","victory":false,"state":{"kills":0,"towersLeft":0.9090909361839294,"netWorth":0.041039999574422836,"xp":0.19962963461875916,"teamXp":0.17495061457157135,"teamDeaths":0.019999999552965164,"enemyTowersLeft":1,"deaths":0.0010000000474974513,"teamNetWorth":0.17098000645637512,"teamKills":0.004000000189989805},"lastItemPurchased":[0,0,0,0,0,0,0,0,0,0,0]},"npc_dota_hero_pudge":{"lastAbilityUpgraded":"","victory":true,"state":{"kills":0.004000000189989805,"towersLeft":1,"netWorth":0.03866000100970268,"xp":0.18086419999599457,"teamXp":0.3004814684391022,"teamDeaths":0.004999999888241291,"enemyTowersLeft":0.9090909361839294,"deaths":0.003000000026077032,"teamNetWorth":0.3512499928474426,"teamKills":0.01899999938905239},"lastItemPurchased":[0,0,0,0,0,0,1,0,0,0,0]},"npc_dota_hero_legion_commander":{"lastAbilityUpgraded":"","victory":true,"state":{"kills":0.004000000189989805,"towersLeft":1,"netWorth":0.07062999904155731,"xp":0.32234567403793335,"teamXp":0.3004814684391022,"teamDeaths":0.004999999888241291,"enemyTowersLeft":0.9090909361839294,"deaths":0.0010000000474974513,"teamNetWorth":0.3512499928474426,"teamKills":0.01899999938905239},"lastItemPurchased":[0,0,0,1,0,0,0,0,0,0,0]},"npc_dota_hero_nevermore":{"lastAbilityUpgraded":"","victory":true,"state":{"kills":0.006000000052154064,"towersLeft":1,"netWorth":0.07694999873638153,"xp":0.34280863404273987,"teamXp":0.3004814684391022,"teamDeaths":0.004999999888241291,"enemyTowersLeft":0.9090909361839294,"deaths":0.0010000000474974513,"teamNetWorth":0.3512499928474426,"teamKills":0.01899999938905239},"lastItemPurchased":[0,0,0,0,0,0,0,0,0,0,0]},"npc_dota_hero_windrunner":{"lastAbilityUpgraded":"","victory":false,"state":{"kills":0.004000000189989805,"towersLeft":0.9090909361839294,"netWorth":0.05496999993920326,"xp":0.18805555999279022,"teamXp":0.17495061457157135,"teamDeaths":0.019999999552965164,"enemyTowersLeft":1,"deaths":0.004000000189989805,"teamNetWorth":0.17098000645637512,"teamKills":0.004000000189989805},"lastItemPurchased":[0,0,0,0,0,0,0,0,0,0,0]},"npc_dota_hero_morphling":{"lastAbilityUpgraded":"","victory":true,"state":{"kills":0.004000000189989805,"towersLeft":1,"netWorth":0.08671999722719193,"xp":0.348086416721344,"teamXp":0.3004814684391022,"teamDeaths":0.004999999888241291,"enemyTowersLeft":0.9090909361839294,"deaths":0,"teamNetWorth":0.3512499928474426,"teamKills":0.01899999938905239},"lastItemPurchased":[0,0,0,0,0,0,0,0,0,0,0]},"npc_dota_hero_disruptor":{"lastAbilityUpgraded":"","victory":false,"state":{"kills":0,"towersLeft":0.9090909361839294,"netWorth":0.012299999594688416,"xp":0.1444753110408783,"teamXp":0.17495061457157135,"teamDeaths":0.019999999552965164,"enemyTowersLeft":1,"deaths":0.006000000052154064,"teamNetWorth":0.17098000645637512,"teamKills":0.004000000189989805},"lastItemPurchased":[0,0,0,0,0,0,0,0,0,0,0]},"npc_dota_hero_magnataur":{"lastAbilityUpgraded":"","victory":false,"state":{"kills":0,"towersLeft":0.9090909361839294,"netWorth":0.021730000153183937,"xp":0.1543518453836441,"teamXp":0.17495061457157135,"teamDeaths":0.019999999552965164,"enemyTowersLeft":1,"deaths":0.004000000189989805,"teamNetWorth":0.17098000645637512,"teamKills":0.004000000189989805},"lastItemPurchased":[0,0,0,0,0,0,0,0,0,0,0]},"npc_dota_hero_slark":{"lastAbilityUpgraded":"","victory":false,"state":{"kills":0,"towersLeft":0.9090909361839294,"netWorth":0.04094000160694122,"xp":0.18824073672294617,"teamXp":0.17495061457157135,"teamDeaths":0.019999999552965164,"enemyTowersLeft":1,"deaths":0.004999999888241291,"teamNetWorth":0.17098000645637512,"teamKills":0.004000000189989805},"lastItemPurchased":[0,1,0,0,0,0,0,0,0,0,0]}}}