{"gameTime":25,"state":{"npc_dota_hero_antimage":{"lastAbilityUpgraded":"","victory":true,"state":{"kills":0.0010000000474974513,"towersLeft":1,"netWorth":0.08604999631643295,"xp":0.33141976594924927,"teamXp":0.32429012656211853,"teamDeaths":0.006000000052154064,"enemyTowersLeft":0.8787878751754761,"deaths":0,"teamNetWorth":0.3827100098133087,"teamKills":0.019999999552965164},"lastItemPurchased":[0,0,0,0,0,0,0,0,0,1,0]},"npc_dota_hero_life_stealer":{"lastAbilityUpgraded":"","victory":false,"state":{"kills":0,"towersLeft":0.8787878751754761,"netWorth":0.0430000014603138,"xp":0.23351852595806122,"teamXp":0.19774073362350464,"teamDeaths":0.02199999988079071,"enemyTowersLeft":1,"deaths":0.0020000000949949026,"teamNetWorth":0.18400000035762787,"teamKills":0.004999999888241291},"lastItemPurchased":[0,0,0,0,0,0,0,0,0,0,0]},"npc_dota_hero_pudge":{"lastAbilityUpgraded":"","victory":true,"state":{"kills":0.004000000189989805,"towersLeft":1,"netWorth":0.043209999799728394,"xp":0.19462962448596954,"teamXp":0.32429012656211853,"teamDeaths":0.006000000052154064,"enemyTowersLeft":0.8787878751754761,"deaths":0.003000000026077032,"teamNetWorth":0.3827100098133087,"teamKills":0.019999999552965164},"lastItemPurchased":[0,0,0,0,0,0,0,0,0,0,0]},"npc_dota_hero_legion_commander":{"lastAbilityUpgraded":"","victory":true,"state":{"kills":0.004999999888241291,"towersLeft":1,"netWorth":0.07991000264883041,"xp":0.3654938340187073,"teamXp":0.32429012656211853,"teamDeaths":0.006000000052154064,"enemyTowersLeft":0.8787878751754761,"deaths":0.0010000000474974513,"teamNetWorth":0.3827100098133087,"teamKills":0.019999999552965164},"lastItemPurchased":[0,0,0,0,0,0,0,0,0,0,0]},"npc_dota_hero_nevermore":{"lastAbilityUpgraded":"","victory":true,"state":{"kills":0.006000000052154064,"towersLeft":1,"netWorth":0.07940000295639038,"xp":0.35385802388191223,"teamXp":0.32429012656211853,"teamDeaths":0.006000000052154064,"enemyTowersLeft":0.8787878751754761,"deaths":0.0020000000949949026,"teamNetWorth":0.3827100098133087,"teamKills":0.019999999552965164},"lastItemPurchased":[0,0,0,0,0,0,0,0,0,0,0]},"npc_dota_hero_windrunner":{"lastAbilityUpgraded":"","victory":false,"state":{"kills":0.004000000189989805,"towersLeft":0.8787878751754761,"netWorth":0.057739999145269394,"xp":0.20157407224178314,"teamXp":0.19774073362350464,"teamDeaths":0.02199999988079071,"enemyTowersLeft":1,"deaths":0.004000000189989805,"teamNetWorth":0.18400000035762787,"teamKills":0.004999999888241291},"lastItemPurchased":[0,0,0,1,0,0,0,0,0,0,0]},"npc_dota_hero_morphling":{"lastAbilityUpgraded":"","victory":true,"state":{"kills":0.004000000189989805,"towersLeft":1,"netWorth":0.09414000064134598,"xp":0.37604936957359314,"teamXp":0.32429012656211853,"teamDeaths":0.006000000052154064,"enemyTowersLeft":0.8787878751754761,"deaths":0,"teamNetWorth":0.3827100098133087,"teamKills":0.019999999552965164},"lastItemPurchased":[0,0,0,0,0,0,0,0,0,0,1]},"npc_dota_hero_disruptor":{"lastAbilityUpgraded":"","victory":false,"state":{"kills":0,"towersLeft":0.8787878751754761,"netWorth":0.01281999982893467,"xp":0.15419752895832062,"teamXp":0.19774073362350464,"teamDeaths":0.02199999988079071,"enemyTowersLeft":1,"deaths":0.006000000052154064,"teamNetWorth":0.18400000035762787,"teamKills":0.004999999888241291},"lastItemPurchased":[0,0,0,0,0,0,0,0,0,0,0]},"npc_dota_hero_magnataur":{"lastAbilityUpgraded":"","victory":false,"state":{"kills":0,"towersLeft":0.8787878751754761,"netWorth":0.026259999722242355,"xp":0.1841358095407486,"teamXp":0.19774073362350464,"teamDeaths":0.02199999988079071,"enemyTowersLeft":1,"deaths":0.004000000189989805,"teamNetWorth":0.18400000035762787,"teamKills":0.004999999888241291},"lastItemPurchased":[0,0,0,0,0,0,0,0,0,0,1]},"npc_dota_hero_slark":{"lastAbilityUpgraded":"","victory":false,"state":{"kills":0.0010000000474974513,"towersLeft":0.8787878751754761,"netWorth":0.044179998338222504,"xp":0.2152777761220932,"teamXp":0.19774073362350464,"teamDeaths":0.02199999988079071,"enemyTowersLeft":1,"deaths":0.006000000052154064,"teamNetWorth":0.18400000035762787,"teamKills":0.004999999888241291},"lastItemPurchased":[0,0,0,0,1,0,0,0,0,0,0]}}}