{"gameTime":33,"state":{"npc_dota_hero_antimage":{"lastAbilityUpgraded":"","victory":true,"state":{"kills":0.003000000026077032,"towersLeft":1,"netWorth":0.12993000447750092,"xp":0.5392901301383972,"teamXp":0.5088518261909485,"teamDeaths":0.012000000104308128,"enemyTowersLeft":0.8181818127632141,"deaths":0.0010000000474974513,"teamNetWorth":0.5553900003433228,"teamKills":0.02800000086426735},"lastItemPurchased":[0,0,0,0,0,0,0,0,0,0,0]},"npc_dota_hero_life_stealer":{"lastAbilityUpgraded":"","victory":false,"state":{"kills":0,"towersLeft":0.8181818127632141,"netWorth":0.07425999641418457,"xp":0.402222216129303,"teamXp":0.3515493869781494,"teamDeaths":0.03099999949336052,"enemyTowersLeft":1,"deaths":0.003000000026077032,"teamNetWorth":0.30915001034736633,"teamKills":0.010999999940395355},"lastItemPurchased":[0,0,0,0,0,0,0,0,0,0,0]},"npc_dota_hero_pudge":{"lastAbilityUpgraded":"","victory":true,"state":{"kills":0.004999999888241291,"towersLeft":1,"netWorth":0.06089000031352043,"xp":0.30080246925354004,"teamXp":0.5088518261909485,"teamDeaths":0.012000000104308128,"enemyTowersLeft":0.8181818127632141,"deaths":0.004999999888241291,"teamNetWorth":0.5553900003433228,"teamKills":0.02800000086426735},"lastItemPurchased":[0,0,0,0,0,0,0,0,0,0,0]},"npc_dota_hero_legion_commander":{"lastAbilityUpgraded":"","victory":true,"state":{"kills":0.007000000216066837,"towersLeft":1,"netWorth":0.12554000318050385,"xp":0.6571605205535889,"teamXp":0.5088518261909485,"teamDeaths":0.012000000104308128,"enemyTowersLeft":0.8181818127632141,"deaths":0.0020000000949949026,"teamNetWorth":0.5553900003433228,"teamKills":0.02800000086426735},"lastItemPurchased":[0,0,0,0,0,0,0,0,0,0,0]},"npc_dota_hero_nevermore":{"lastAbilityUpgraded":"","victory":true,"state":{"kills":0.007000000216066837,"towersLeft":1,"netWorth":0.11445999890565872,"xp":0.4960493743419647,"teamXp":0.5088518261909485,"teamDeaths":0.012000000104308128,"enemyTowersLeft":0.8181818127632141,"deaths":0.003000000026077032,"teamNetWorth":0.5553900003433228,"teamKills":0.02800000086426735},"lastItemPurchased":[0,0,0,0,0,0,0,0,0,0,0]},"npc_dota_hero_windrunner":{"lastAbilityUpgraded":"","victory":false,"state":{"kills":0.006000000052154064,"towersLeft":0.8181818127632141,"netWorth":0.06071000173687935,"xp":0.2849382758140564,"teamXp":0.3515493869781494,"teamDeaths":0.03099999949336052,"enemyTowersLeft":1,"deaths":0.00800000037997961,"teamNetWorth":0.30915001034736633,"teamKills":0.010999999940395355},"lastItemPurchased":[0,0,0,0,0,0,0,0,0,0,0]},"npc_dota_hero_morphling":{"lastAbilityUpgraded":"","victory":true,"state":{"kills":0.006000000052154064,"towersLeft":1,"netWorth":0.12456999719142914,"xp":0.5509567856788635,"teamXp":0.5088518261909485,"teamDeaths":0.012000000104308128,"enemyTowersLeft":0.8181818127632141,"deaths":0.0010000000474974513,"teamNetWorth":0.5553900003433228,"teamKills":0.02800000086426735},"lastItemPurchased":[0,0,0,0,0,0,0,0,0,1,0]},"npc_dota_hero_disruptor":{"lastAbilityUpgraded":"","victory":false,"state":{"kills":0.003000000026077032,"towersLeft":0.8181818127632141,"netWorth":0.05012999847531319,"xp":0.31827160716056824,"teamXp":0.3515493869781494,"teamDeaths":0.03099999949336052,"enemyTowersLeft":1,"deaths":0.007000000216066837,"teamNetWorth":0.30915001034736633,"teamKills":0.010999999940395355},"lastItemPurchased":[0,0,0,0,0,0,0,0,0,0,0]},"npc_dota_hero_magnataur":{"lastAbilityUpgraded":"","victory":false,"state":{"kills":0,"towersLeft":0.8181818127632141,"netWorth":0.05866999924182892,"xp":0.37867283821105957,"teamXp":0.3515493869781494,"teamDeaths":0.03099999949336052,"enemyTowersLeft":1,"deaths":0.004999999888241291,"teamNetWorth":0.30915001034736633,"teamKills":0.010999999940395355},"lastItemPurchased":[0,0,0,0,0,0,0,0,0,0,0]},"npc_dota_hero_slark":{"lastAbilityUpgraded":"","victory":false,"state":{"kills":0.0020000000949949026,"towersLeft":0.8181818127632141,"netWorth":0.06537999957799911,"xp":0.3736419677734375,"teamXp":0.3515493869781494,"teamDeaths":0.03099999949336052,"enemyTowersLeft":1,"deaths":0.00800000037997961,"teamNetWorth":0.30915001034736633,"teamKills":0.010999999940395355},"lastItemPurchased":[0,0,0,0,0,0,0,0,0,0,0]}}}