{"gameTime":38,"state":{"npc_dota_hero_antimage":{"lastAbilityUpgraded":"","victory":true,"state":{"kills":0.004000000189989805,"towersLeft":0.9696969985961914,"netWorth":0.14938999712467194,"xp":0.6592283844947815,"teamXp":0.6063827276229858,"teamDeaths":0.017000000923871994,"enemyTowersLeft":0.7878788113594055,"deaths":0.003000000026077032,"teamNetWorth":0.6464099884033203,"teamKills":0.03200000151991844},"lastItemPurchased":[0,0,0,0,0,0,0,0,0,0,0]},"npc_dota_hero_life_stealer":{"lastAbilityUpgraded":"","victory":false,"state":{"kills":0.0020000000949949026,"towersLeft":0.7878788113594055,"netWorth":0.10952000319957733,"xp":0.5581172704696655,"teamXp":0.4647037088871002,"teamDeaths":0.03500000014901161,"enemyTowersLeft":0.9696969985961914,"deaths":0.003000000026077032,"teamNetWorth":0.41543999314308167,"teamKills":0.01600000075995922},"lastItemPurchased":[0,0,1,0,0,0,0,0,0,0,0]},"npc_dota_hero_pudge":{"lastAbilityUpgraded":"","victory":true,"state":{"kills":0.006000000052154064,"towersLeft":0.9696969985961914,"netWorth":0.06735000014305115,"xp":0.33904320001602173,"teamXp":0.6063827276229858,"teamDeaths":0.017000000923871994,"enemyTowersLeft":0.7878788113594055,"deaths":0.006000000052154064,"teamNetWorth":0.6464099884033203,"teamKills":0.03200000151991844},"lastItemPurchased":[0,0,0,0,0,0,0,0,0,0,0]},"npc_dota_hero_legion_commander":{"lastAbilityUpgraded":"","victory":true,"state":{"kills":0.008999999612569809,"towersLeft":0.9696969985961914,"netWorth":0.14571000635623932,"xp":0.8078395128250122,"teamXp":0.6063827276229858,"teamDeaths":0.017000000923871994,"enemyTowersLeft":0.7878788113594055,"deaths":0.003000000026077032,"teamNetWorth":0.6464099884033203,"teamKills":0.03200000151991844},"lastItemPurchased":[1,0,0,0,0,0,0,0,0,0,0]},"npc_dota_hero_nevermore":{"lastAbilityUpgraded":"","victory":true,"state":{"kills":0.007000000216066837,"towersLeft":0.9696969985961914,"netWorth":0.14045999944210052,"xp":0.5820987820625305,"teamXp":0.6063827276229858,"teamDeaths":0.017000000923871994,"enemyTowersLeft":0.7878788113594055,"deaths":0.003000000026077032,"teamNetWorth":0.6464099884033203,"teamKills":0.03200000151991844},"lastItemPurchased":[0,0,0,0,0,0,0,0,0,0,0]},"npc_dota_hero_windrunner":{"lastAbilityUpgraded":"","victory":false,"state":{"kills":0.007000000216066837,"towersLeft":0.7878788113594055,"netWorth":0.0689999982714653,"xp":0.363611102104187,"teamXp":0.4647037088871002,"teamDeaths":0.03500000014901161,"enemyTowersLeft":0.9696969985961914,"deaths":0.009999999776482582,"teamNetWorth":0.41543999314308167,"teamKills":0.01600000075995922},"lastItemPurchased":[0,0,0,0,0,0,0,0,0,0,0]},"npc_dota_hero_morphling":{"lastAbilityUpgraded":"","victory":true,"state":{"kills":0.006000000052154064,"towersLeft":0.9696969985961914,"netWorth":0.14350000023841858,"xp":0.6437036991119385,"teamXp":0.6063827276229858,"teamDeaths":0.017000000923871994,"enemyTowersLeft":0.7878788113594055,"deaths":0.0020000000949949026,"teamNetWorth":0.6464099884033203,"teamKills":0.03200000151991844},"lastItemPurchased":[0,0,0,0,0,0,0,0,0,0,0]},"npc_dota_hero_disruptor":{"lastAbilityUpgraded":"","victory":false,"state":{"kills":0.004000000189989805,"towersLeft":0.7878788113594055,"netWorth":0.06548000127077103,"xp":0.42672839760780334,"teamXp":0.4647037088871002,"teamDeaths":0.03500000014901161,"enemyTowersLeft":0.9696969985961914,"deaths":0.00800000037997961,"teamNetWorth":0.41543999314308167,"teamKills":0.01600000075995922},"lastItemPurchased":[0,0,0,0,0,0,0,0,0,0,0]},"npc_dota_hero_magnataur":{"lastAbilityUpgraded":"","victory":false,"state":{"kills":0.0010000000474974513,"towersLeft":0.7878788113594055,"netWorth":0.08528000116348267,"xp":0.4956481456756592,"teamXp":0.4647037088871002,"teamDeaths":0.03500000014901161,"enemyTowersLeft":0.9696969985961914,"deaths":0.006000000052154064,"teamNetWorth":0.41543999314308167,"teamKills":0.01600000075995922},"lastItemPurchased":[0,0,0,0,0,0,0,0,0,0,0]},"npc_dota_hero_slark":{"lastAbilityUpgraded":"","victory":false,"state":{"kills":0.0020000000949949026,"towersLeft":0.7878788113594055,"netWorth":0.08615999668836594,"xp":0.47941356897354126,"teamXp":0.4647037088871002,"teamDeaths":0.03500000014901161,"enemyTowersLeft":0.9696969985961914,"deaths":0.00800000037997961,"teamNetWorth":0.41543999314308167,"teamKills":0.01600000075995922},"lastItemPurchased":[0,0,0,1,0,0,0,0,0,0,0]}}}