{"gameTime":43,"state":{"npc_dota_hero_dark_seer":{"lastAbilityUpgraded":"","victory":true,"state":{"kills":0.003000000026077032,"towersLeft":0.8787878751754761,"netWorth":0.10636000335216522,"xp":0.5544753074645996,"teamXp":0.6287407279014587,"teamDeaths":0.020999999716877937,"enemyTowersLeft":0.7575757503509521,"deaths":0.004000000189989805,"teamNetWorth":0.7653200030326843,"teamKills":0.039000000804662704},"lastItemPurchased":[0,0,0,0,0,0,0,0,0,0,0]},"npc_dota_hero_rubick":{"lastAbilityUpgraded":"","victory":true,"state":{"kills":0.003000000026077032,"towersLeft":0.8787878751754761,"netWorth":0.05071000009775162,"xp":0.35077160596847534,"teamXp":0.6287407279014587,"teamDeaths":0.020999999716877937,"enemyTowersLeft":0.7575757503509521,"deaths":0.006000000052154064,"teamNetWorth":0.7653200030326843,"teamKills":0.039000000804662704},"lastItemPurchased":[0,0,0,0,0,0,1,0,0,0,0]},"npc_dota_hero_drow_ranger":{"lastAbilityUpgraded":"","victory":false,"state":{"kills":0.006000000052154064,"towersLeft":0.6969696879386902,"netWorth":0.11413999646902084,"xp":0.6453086137771606,"teamXp":0.4795123338699341,"teamDeaths":0.039000000804662704,"enemyTowersLeft":0.8181818127632141,"deaths":0.009999999776482582,"teamNetWorth":0.46737000346183777,"teamKills":0.01899999938905239},"lastItemPurchased":[0,0,0,0,0,0,0,0,0,0,0]},"npc_dota_hero_lone_druid":{"lastAbilityUpgraded":"","victory":false,"state":{"kills":0,"towersLeft":0.6969696879386902,"netWorth":0.13987000286579132,"xp":0.5337963104248047,"teamXp":0.4795123338699341,"teamDeaths":0.039000000804662704,"enemyTowersLeft":0.8181818127632141,"deaths":0.006000000052154064,"teamNetWorth":0.46737000346183777,"teamKills":0.01899999938905239},"lastItemPurchased":[0,0,0,0,0,0,0,0,0,0,0]},"npc_dota_hero_visage":{"lastAbilityUpgraded":"","victory":false,"state":{"kills":0.004000000189989805,"towersLeft":0.6969696879386902,"netWorth":0.0530100017786026,"xp":0.3783642053604126,"teamXp":0.4795123338699341,"teamDeaths":0.039000000804662704,"enemyTowersLeft":0.8181818127632141,"deaths":0.006000000052154064,"teamNetWorth":0.46737000346183777,"teamKills":0.01899999938905239},"lastItemPurchased":[1,0,0,0,0,0,0,0,0,0,0]},"npc_dota_hero_alchemist":{"lastAbilityUpgraded":"","victory":true,"state":{"kills":0.00800000037997961,"towersLeft":0.8787878751754761,"netWorth":0.36937999725341797,"xp":0.9802777767181396,"teamXp":0.6287407279014587,"teamDeaths":0.020999999716877937,"enemyTowersLeft":0.7575757503509521,"deaths":0.0020000000949949026,"teamNetWorth":0.7653200030326843,"teamKills":0.039000000804662704},"lastItemPurchased":[0,0,0,0,0,0,1,0,0,0,0]},"npc_dota_hero_sniper":{"lastAbilityUpgraded":"","victory":false,"state":{"kills":0.006000000052154064,"towersLeft":0.6969696879386902,"netWorth":0.08096999675035477,"xp":0.4367283880710602,"teamXp":0.4795123338699341,"teamDeaths":0.039000000804662704,"enemyTowersLeft":0.8181818127632141,"deaths":0.00800000037997961,"teamNetWorth":0.46737000346183777,"teamKills":0.01899999938905239},"lastItemPurchased":[0,0,0,0,0,0,0,0,0,0,0]},"npc_dota_hero_ancient_apparition":{"lastAbilityUpgraded":"","victory":false,"state":{"kills":0.003000000026077032,"towersLeft":0.6969696879386902,"netWorth":0.07937999814748764,"xp":0.4033642113208771,"teamXp":0.4795123338699341,"teamDeaths":0.039000000804662704,"enemyTowersLeft":0.8181818127632141,"deaths":0.008999999612569809,"teamNetWorth":0.46737000346183777,"teamKills":0.01899999938905239},"lastItemPurchased":[1,0,0,0,0,0,0,0,0,0,0]},"npc_dota_hero_slark":{"lastAbilityUpgraded":"","victory":true,"state":{"kills":0.020999999716877937,"towersLeft":0.8787878751754761,"netWorth":0.18807999789714813,"xp":0.9736111164093018,"teamXp":0.6287407279014587,"teamDeaths":0.020999999716877937,"enemyTowersLeft":0.7575757503509521,"deaths":0.003000000026077032,"teamNetWorth":0.7653200030326843,"teamKills":0.039000000804662704},"lastItemPurchased":[0,0,0,0,0,0,0,0,0,0,0]},"npc_dota_hero_disruptor":{"lastAbilityUpgraded":"","victory":true,"state":{"kills":0.004000000189989805,"towersLeft":0.8787878751754761,"netWorth":0.05079000070691109,"xp":0.2845678925514221,"teamXp":0.6287407279014587,"teamDeaths":0.020999999716877937,"enemyTowersLeft":0.7575757503509521,"deaths":0.006000000052154064,"teamNetWorth":0.7653200030326843,"teamKills":0.039000000804662704},"lastItemPurchased":[1,0,0,0,0,0,0,0,0,0,0]}}}