{"gameTime":40,"state":{"npc_dota_hero_phantom_lancer":{"lastAbilityUpgraded":"","victory":false,"state":{"kills":0.007000000216066837,"towersLeft":0.8484848737716675,"netWorth":0.1602099984884262,"xp":0.6068518757820129,"teamXp":0.5362592339515686,"teamDeaths":0.03400000184774399,"enemyTowersLeft":0.8484848737716675,"deaths":0.004999999888241291,"teamNetWorth":0.5268999934196472,"teamKills":0.02500000037252903},"lastItemPurchased":[0,0,0,0,0,0,0,0,0,0,0]},"npc_dota_hero_lion":{"lastAbilityUpgraded":"","victory":true,"state":{"kills":0.007000000216066837,"towersLeft":0.9090909361839294,"netWorth":0.06268999725580215,"xp":0.47283950448036194,"teamXp":0.5964999794960022,"teamDeaths":0.028999999165534973,"enemyTowersLeft":0.9090909361839294,"deaths":0.006000000052154064,"teamNetWorth":0.6511300206184387,"teamKills":0.03099999949336052},"lastItemPurchased":[0,0,0,0,0,0,0,0,0,0,0]},"npc_dota_hero_slardar":{"lastAbilityUpgraded":"","victory":false,"state":{"kills":0.006000000052154064,"towersLeft":0.8484848737716675,"netWorth":0.09139999747276306,"xp":0.5681790113449097,"teamXp":0.5362592339515686,"teamDeaths":0.03400000184774399,"enemyTowersLeft":0.8484848737716675,"deaths":0.00800000037997961,"teamNetWorth":0.5268999934196472,"teamKills":0.02500000037252903},"lastItemPurchased":[0,0,0,0,0,0,0,0,0,0,0]},"npc_dota_hero_enigma":{"lastAbilityUpgraded":"","victory":false,"state":{"kills":0.004000000189989805,"towersLeft":0.8484848737716675,"netWorth":0.0828000009059906,"xp":0.44354939460754395,"teamXp":0.5362592339515686,"teamDeaths":0.03400000184774399,"enemyTowersLeft":0.8484848737716675,"deaths":0.00800000037997961,"teamNetWorth":0.5268999934196472,"teamKills":0.02500000037252903},"lastItemPurchased":[0,0,0,0,0,0,0,0,0,0,0]},"npc_dota_hero_ogre_magi":{"lastAbilityUpgraded":"","victory":false,"state":{"kills":0.0020000000949949026,"towersLeft":0.8484848737716675,"netWorth":0.03477000072598457,"xp":0.3116975426673889,"teamXp":0.5362592339515686,"teamDeaths":0.03400000184774399,"enemyTowersLeft":0.8484848737716675,"deaths":0.008999999612569809,"teamNetWorth":0.5268999934196472,"teamKills":0.02500000037252903},"lastItemPurchased":[0,0,0,0,0,0,0,0,0,0,0]},"npc_dota_hero_morphling":{"lastAbilityUpgraded":"","victory":true,"state":{"kills":0.007000000216066837,"towersLeft":0.9090909361839294,"netWorth":0.16192999482154846,"xp":0.7405247092247009,"teamXp":0.5964999794960022,"teamDeaths":0.028999999165534973,"enemyTowersLeft":0.9090909361839294,"deaths":0.004999999888241291,"teamNetWorth":0.6511300206184387,"teamKills":0.03099999949336052},"lastItemPurchased":[0,0,0,0,0,0,0,0,0,0,1]},"npc_dota_hero_furion":{"lastAbilityUpgraded":"","victory":true,"state":{"kills":0.004999999888241291,"towersLeft":0.9090909361839294,"netWorth":0.17298999428749084,"xp":0.5624691247940063,"teamXp":0.5964999794960022,"teamDeaths":0.028999999165534973,"enemyTowersLeft":0.9090909361839294,"deaths":0.007000000216066837,"teamNetWorth":0.6511300206184387,"teamKills":0.03099999949336052},"lastItemPurchased":[0,0,0,0,0,0,0,0,0,0,0]},"npc_dota_hero_sven":{"lastAbilityUpgraded":"","victory":false,"state":{"kills":0.006000000052154064,"towersLeft":0.8484848737716675,"netWorth":0.15771999955177307,"xp":0.7510185241699219,"teamXp":0.5362592339515686,"teamDeaths":0.03400000184774399,"enemyTowersLeft":0.8484848737716675,"deaths":0.004000000189989805,"teamNetWorth":0.5268999934196472,"teamKills":0.02500000037252903},"lastItemPurchased":[0,0,0,0,0,0,0,0,0,0,0]},"npc_dota_hero_obsidian_destroyer":{"lastAbilityUpgraded":"","victory":true,"state":{"kills":0.012000000104308128,"towersLeft":0.9090909361839294,"netWorth":0.08428999781608582,"xp":0.4797222316265106,"teamXp":0.5964999794960022,"teamDeaths":0.028999999165534973,"enemyTowersLeft":0.9090909361839294,"deaths":0.00800000037997961,"teamNetWorth":0.6511300206184387,"teamKills":0.03099999949336052},"lastItemPurchased":[0,0,0,0,0,0,0,0,0,0,0]},"npc_dota_hero_magnataur":{"lastAbilityUpgraded":"","victory":true,"state":{"kills":0,"towersLeft":0.9090909361839294,"netWorth":0.16922999918460846,"xp":0.7269444465637207,"teamXp":0.5964999794960022,"teamDeaths":0.028999999165534973,"enemyTowersLeft":0.9090909361839294,"deaths":0.003000000026077032,"teamNetWorth":0.6511300206184387,"teamKills":0.03099999949336052},"lastItemPurchased":[0,0,0,0,0,0,0,1,0,0,0]}}}