{"gameTime":41,"state":{"npc_dota_hero_winter_wyvern":{"lastAbilityUpgraded":"","victory":true,"state":{"kills":0.0020000000949949026,"towersLeft":0.8787878751754761,"netWorth":0.026419999077916145,"xp":0.43796294927597046,"teamXp":0.5437777638435364,"teamDeaths":0.04800000041723251,"enemyTowersLeft":0.8787878751754761,"deaths":0.013000000268220901,"teamNetWorth":0.3851799964904785,"teamKills":0.03099999949336052},"lastItemPurchased":[0,0,0,0,0,0,0,0,0,0,0]},"npc_dota_hero_axe":{"lastAbilityUpgraded":"","victory":true,"state":{"kills":0.004000000189989805,"towersLeft":0.8787878751754761,"netWorth":0.08252999931573868,"xp":0.4573148190975189,"teamXp":0.5437777638435364,"teamDeaths":0.04800000041723251,"enemyTowersLeft":0.8787878751754761,"deaths":0.00800000037997961,"teamNetWorth":0.3851799964904785,"teamKills":0.03099999949336052},"lastItemPurchased":[0,0,0,0,0,0,0,0,0,0,0]},"npc_dota_hero_drow_ranger":{"lastAbilityUpgraded":"","victory":true,"state":{"kills":0.003000000026077032,"towersLeft":0.8787878751754761,"netWorth":0.07501000165939331,"xp":0.49944445490837097,"teamXp":0.5437777638435364,"teamDeaths":0.04800000041723251,"enemyTowersLeft":0.8787878751754761,"deaths":0.008999999612569809,"teamNetWorth":0.3851799964904785,"teamKills":0.03099999949336052},"lastItemPurchased":[0,0,0,0,0,0,0,0,0,0,0]},"npc_dota_hero_pudge":{"lastAbilityUpgraded":"","victory":true,"state":{"kills":0.006000000052154064,"towersLeft":0.8787878751754761,"netWorth":0.054680000990629196,"xp":0.4044135808944702,"teamXp":0.5437777638435364,"teamDeaths":0.04800000041723251,"enemyTowersLeft":0.8787878751754761,"deaths":0.010999999940395355,"teamNetWorth":0.3851799964904785,"teamKills":0.03099999949336052},"lastItemPurchased":[0,0,0,0,0,0,0,0,0,0,0]},"npc_dota_hero_phantom_lancer":{"lastAbilityUpgraded":"","victory":false,"state":{"kills":0.003000000026077032,"towersLeft":0.8787878751754761,"netWorth":0.0982699990272522,"xp":0.5452468991279602,"teamXp":0.6190555691719055,"teamDeaths":0.029999999329447746,"enemyTowersLeft":0.8787878751754761,"deaths":0.004999999888241291,"teamNetWorth":0.5182399749755859,"teamKills":0.04500000178813934},"lastItemPurchased":[1,0,0,0,0,0,0,0,0,0,0]},"npc_dota_hero_legion_commander":{"lastAbilityUpgraded":"","victory":false,"state":{"kills":0.012000000104308128,"towersLeft":0.8787878751754761,"netWorth":0.1052900031208992,"xp":0.6654629707336426,"teamXp":0.6190555691719055,"teamDeaths":0.029999999329447746,"enemyTowersLeft":0.8787878751754761,"deaths":0.004999999888241291,"teamNetWorth":0.5182399749755859,"teamKills":0.04500000178813934},"lastItemPurchased":[0,0,0,0,0,0,0,0,0,0,0]},"npc_dota_hero_mirana":{"lastAbilityUpgraded":"","victory":false,"state":{"kills":0.0020000000949949026,"towersLeft":0.8787878751754761,"netWorth":0.041770000010728836,"xp":0.29277777671813965,"teamXp":0.6190555691719055,"teamDeaths":0.029999999329447746,"enemyTowersLeft":0.8787878751754761,"deaths":0.009999999776482582,"teamNetWorth":0.5182399749755859,"teamKills":0.04500000178813934},"lastItemPurchased":[0,0,0,0,0,0,0,0,0,0,0]},"npc_dota_hero_chaos_knight":{"lastAbilityUpgraded":"","victory":false,"state":{"kills":0.019999999552965164,"towersLeft":0.8787878751754761,"netWorth":0.1404699981212616,"xp":0.8449074029922485,"teamXp":0.6190555691719055,"teamDeaths":0.029999999329447746,"enemyTowersLeft":0.8787878751754761,"deaths":0.004999999888241291,"teamNetWorth":0.5182399749755859,"teamKills":0.04500000178813934},"lastItemPurchased":[0,0,0,0,0,0,0,0,0,0,0]},"npc_dota_hero_slark":{"lastAbilityUpgraded":"","victory":true,"state":{"kills":0.01600000075995922,"towersLeft":0.8787878751754761,"netWorth":0.14654000103473663,"xp":0.9197530746459961,"teamXp":0.5437777638435364,"teamDeaths":0.04800000041723251,"enemyTowersLeft":0.8787878751754761,"deaths":0.007000000216066837,"teamNetWorth":0.3851799964904785,"teamKills":0.03099999949336052},"lastItemPurchased":[0,0,0,0,0,0,0,0,0,0,0]},"npc_dota_hero_juggernaut":{"lastAbilityUpgraded":"","victory":false,"state":{"kills":0.00800000037997961,"towersLeft":0.8787878751754761,"netWorth":0.1324400007724762,"xp":0.7468827366828918,"teamXp":0.6190555691719055,"teamDeaths":0.029999999329447746,"enemyTowersLeft":0.8787878751754761,"deaths":0.004999999888241291,"teamNetWorth":0.5182399749755859,"teamKills":0.04500000178813934},"lastItemPurchased":[0,0,0,0,0,0,0,0,0,0,0]}}}