{"gameTime":30,"state":{"npc_dota_hero_faceless_void":{"lastAbilityUpgraded":"","victory":false,"state":{"kills":0,"towersLeft":0.9090909361839294,"netWorth":0.05834000185132027,"xp":0.264660507440567,"teamXp":0.2314629703760147,"teamDeaths":0.017000000923871994,"enemyTowersLeft":0.8484848737716675,"deaths":0.003000000026077032,"teamNetWorth":0.3040899932384491,"teamKills":0.008999999612569809},"lastItemPurchased":[0,0,0,0,0,1,0,0,0,0,0]},"npc_dota_hero_troll_warlord":{"lastAbilityUpgraded":"","victory":false,"state":{"kills":0.0010000000474974513,"towersLeft":0.9090909361839294,"netWorth":0.09933000057935715,"xp":0.3047839403152466,"teamXp":0.2314629703760147,"teamDeaths":0.017000000923871994,"enemyTowersLeft":0.8484848737716675,"deaths":0.0010000000474974513,"teamNetWorth":0.3040899932384491,"teamKills":0.008999999612569809},"lastItemPurchased":[0,0,0,0,0,0,0,0,0,0,1]},"npc_dota_hero_nevermore":{"lastAbilityUpgraded":"","victory":false,"state":{"kills":0.006000000052154064,"towersLeft":0.9090909361839294,"netWorth":0.10713999718427658,"xp":0.34839504957199097,"teamXp":0.2314629703760147,"teamDeaths":0.017000000923871994,"enemyTowersLeft":0.8484848737716675,"deaths":0.003000000026077032,"teamNetWorth":0.3040899932384491,"teamKills":0.008999999612569809},"lastItemPurchased":[0,0,0,0,0,0,0,0,0,0,0]},"npc_dota_hero_oracle":{"lastAbilityUpgraded":"","victory":false,"state":{"kills":0.0010000000474974513,"towersLeft":0.9090909361839294,"netWorth":0.014120000414550304,"xp":0.13160493969917297,"teamXp":0.2314629703760147,"teamDeaths":0.017000000923871994,"enemyTowersLeft":0.8484848737716675,"deaths":0.006000000052154064,"teamNetWorth":0.3040899932384491,"teamKills":0.008999999612569809},"lastItemPurchased":[0,0,0,0,0,0,0,0,0,0,0]},"npc_dota_hero_kunkka":{"lastAbilityUpgraded":"","victory":true,"state":{"kills":0.003000000026077032,"towersLeft":0.8484848737716675,"netWorth":0.08038999885320663,"xp":0.2988888919353485,"teamXp":0.25263580679893494,"teamDeaths":0.008999999612569809,"enemyTowersLeft":0.9090909361839294,"deaths":0.0020000000949949026,"teamNetWorth":0.3022899925708771,"teamKills":0.01600000075995922},"lastItemPurchased":[0,0,0,0,0,0,0,0,0,0,0]},"npc_dota_hero_slardar":{"lastAbilityUpgraded":"","victory":true,"state":{"kills":0,"towersLeft":0.8484848737716675,"netWorth":0.040800001472234726,"xp":0.20929011702537537,"teamXp":0.25263580679893494,"teamDeaths":0.008999999612569809,"enemyTowersLeft":0.9090909361839294,"deaths":0.004000000189989805,"teamNetWorth":0.3022899925708771,"teamKills":0.01600000075995922},"lastItemPurchased":[0,0,0,1,0,0,0,0,0,0,0]},"npc_dota_hero_ogre_magi":{"lastAbilityUpgraded":"","victory":false,"state":{"kills":0.0010000000474974513,"towersLeft":0.9090909361839294,"netWorth":0.02515999972820282,"xp":0.10787037014961243,"teamXp":0.2314629703760147,"teamDeaths":0.017000000923871994,"enemyTowersLeft":0.8484848737716675,"deaths":0.004000000189989805,"teamNetWorth":0.3040899932384491,"teamKills":0.008999999612569809},"lastItemPurchased":[0,0,0,0,0,0,0,0,0,0,0]},"npc_dota_hero_vengefulspirit":{"lastAbilityUpgraded":"","victory":true,"state":{"kills":0.0020000000949949026,"towersLeft":0.8484848737716675,"netWorth":0.03407999873161316,"xp":0.17981481552124023,"teamXp":0.25263580679893494,"teamDeaths":0.008999999612569809,"enemyTowersLeft":0.9090909361839294,"deaths":0.0020000000949949026,"teamNetWorth":0.3022899925708771,"teamKills":0.01600000075995922},"lastItemPurchased":[1,0,0,0,0,0,0,0,0,0,0]},"npc_dota_hero_omniknight":{"lastAbilityUpgraded":"","victory":true,"state":{"kills":0,"towersLeft":0.8484848737716675,"netWorth":0.0243500005453825,"xp":0.15425926446914673,"teamXp":0.25263580679893494,"teamDeaths":0.008999999612569809,"enemyTowersLeft":0.9090909361839294,"deaths":0.0010000000474974513,"teamNetWorth":0.3022899925708771,"teamKills":0.01600000075995922},"lastItemPurchased":[0,0,0,0,0,0,0,0,0,0,0]},"npc_dota_hero_slark":{"lastAbilityUpgraded":"","victory":true,"state":{"kills":0.010999999940395355,"towersLeft":0.8484848737716675,"netWorth":0.1226700022816658,"xp":0.42092591524124146,"teamXp":0.25263580679893494,"teamDeaths":0.008999999612569809,"enemyTowersLeft":0.9090909361839294,"deaths":0,"teamNetWorth":0.3022899925708771,"teamKills":0.01600000075995922},"lastItemPurchased":[0,0,0,0,0,0,0,0,0,0,0]}}}