{"gameTime":24,"state":{"npc_dota_hero_zuus":{"lastAbilityUpgraded":"","victory":false,"state":{"kills":0.0020000000949949026,"towersLeft":0.8181818127632141,"netWorth":0.03962999954819679,"xp":0.15475308895111084,"teamXp":0.17958024144172668,"teamDeaths":0.020999999716877937,"enemyTowersLeft":0.939393937587738,"deaths":0.004000000189989805,"teamNetWorth":0.18345999717712402,"teamKills":0.004999999888241291},"lastItemPurchased":[0,0,0,1,0,0,0,0,0,0,0]},"npc_dota_hero_drow_ranger":{"lastAbilityUpgraded":"","victory":true,"state":{"kills":0,"towersLeft":0.9696969985961914,"netWorth":0.07319000363349915,"xp":0.2488580197095871,"teamXp":0.2417345643043518,"teamDeaths":0.008999999612569809,"enemyTowersLeft":0.8484848737716675,"deaths":0.0010000000474974513,"teamNetWorth":0.3060399889945984,"teamKills":0.020999999716877937},"lastItemPurchased":[0,0,0,0,0,0,0,0,1,0,0]},"npc_dota_hero_legion_commander":{"lastAbilityUpgraded":"","victory":true,"state":{"kills":0.014000000432133675,"towersLeft":0.9696969985961914,"netWorth":0.09296000003814697,"xp":0.33259260654449463,"teamXp":0.2417345643043518,"teamDeaths":0.008999999612569809,"enemyTowersLeft":0.8484848737716675,"deaths":0.003000000026077032,"teamNetWorth":0.3060399889945984,"teamKills":0.020999999716877937},"lastItemPurchased":[0,0,1,0,0,0,0,0,0,0,0]},"npc_dota_hero_pudge":{"lastAbilityUpgraded":"","victory":true,"state":{"kills":0.006000000052154064,"towersLeft":0.9696969985961914,"netWorth":0.04642999917268753,"xp":0.23635803163051605,"teamXp":0.2417345643043518,"teamDeaths":0.008999999612569809,"enemyTowersLeft":0.8484848737716675,"deaths":0.004000000189989805,"teamNetWorth":0.3060399889945984,"teamKills":0.020999999716877937},"lastItemPurchased":[0,0,0,0,0,0,0,0,0,0,0]},"npc_dota_hero_mirana":{"lastAbilityUpgraded":"","victory":true,"state":{"kills":0.0010000000474974513,"towersLeft":0.9696969985961914,"netWorth":0.06582999974489212,"xp":0.24003086984157562,"teamXp":0.2417345643043518,"teamDeaths":0.008999999612569809,"enemyTowersLeft":0.8484848737716675,"deaths":0.0010000000474974513,"teamNetWorth":0.3060399889945984,"teamKills":0.020999999716877937},"lastItemPurchased":[0,0,0,0,0,1,0,0,0,0,0]},"npc_dota_hero_kunkka":{"lastAbilityUpgraded":"","victory":false,"state":{"kills":0,"towersLeft":0.8181818127632141,"netWorth":0.01107999961823225,"xp":0.07592592388391495,"teamXp":0.17958024144172668,"teamDeaths":0.020999999716877937,"enemyTowersLeft":0.939393937587738,"deaths":0.004000000189989805,"teamNetWorth":0.18345999717712402,"teamKills":0.004999999888241291},"lastItemPurchased":[0,0,0,0,0,0,0,0,0,0,0]},"npc_dota_hero_ember_spirit":{"lastAbilityUpgraded":"","victory":false,"state":{"kills":0.0010000000474974513,"towersLeft":0.8181818127632141,"netWorth":0.04441000148653984,"xp":0.23999999463558197,"teamXp":0.17958024144172668,"teamDeaths":0.020999999716877937,"enemyTowersLeft":0.939393937587738,"deaths":0.006000000052154064,"teamNetWorth":0.18345999717712402,"teamKills":0.004999999888241291},"lastItemPurchased":[0,0,0,0,1,0,0,0,0,0,0]},"npc_dota_hero_pugna":{"lastAbilityUpgraded":"","victory":false,"state":{"kills":0,"towersLeft":0.8181818127632141,"netWorth":0.013389999978244305,"xp":0.13450616598129272,"teamXp":0.17958024144172668,"teamDeaths":0.020999999716877937,"enemyTowersLeft":0.939393937587738,"deaths":0.004999999888241291,"teamNetWorth":0.18345999717712402,"teamKills":0.004999999888241291},"lastItemPurchased":[0,0,0,0,0,0,0,0,0,0,0]},"npc_dota_hero_omniknight":{"lastAbilityUpgraded":"","victory":true,"state":{"kills":0,"towersLeft":0.9696969985961914,"netWorth":0.027629999443888664,"xp":0.1508333384990692,"teamXp":0.2417345643043518,"teamDeaths":0.008999999612569809,"enemyTowersLeft":0.8484848737716675,"deaths":0,"teamNetWorth":0.3060399889945984,"teamKills":0.020999999716877937},"lastItemPurchased":[0,0,0,0,0,0,0,0,0,0,0]},"npc_dota_hero_juggernaut":{"lastAbilityUpgraded":"","victory":false,"state":{"kills":0.0020000000949949026,"towersLeft":0.8181818127632141,"netWorth":0.07495000213384628,"xp":0.29271605610847473,"teamXp":0.17958024144172668,"teamDeaths":0.020999999716877937,"enemyTowersLeft":0.939393937587738,"deaths":0.0020000000949949026,"teamNetWorth":0.18345999717712402,"teamKills":0.004999999888241291},"lastItemPurchased":[0,0,0,0,0,0,0,0,0,0,0]}}}