{"gameTime":42,"state":{"npc_dota_hero_antimage":{"lastAbilityUpgraded":"","victory":false,"state":{"kills":0.004000000189989805,"towersLeft":0.5151515007019043,"netWorth":0.21761000156402588,"xp":0.9257715940475464,"teamXp":0.462228387594223,"teamDeaths":0.03200000151991844,"enemyTowersLeft":0.7878788113594055,"deaths":0.003000000026077032,"teamNetWorth":0.4337800145149231,"teamKills":0.017999999225139618},"lastItemPurchased":[0,0,0,0,0,0,0,0,0,0,0]},"npc_dota_hero_earthshaker":{"lastAbilityUpgraded":"","victory":false,"state":{"kills":0.007000000216066837,"towersLeft":0.5151515007019043,"netWorth":0.0724399983882904,"xp":0.429135799407959,"teamXp":0.462228387594223,"teamDeaths":0.03200000151991844,"enemyTowersLeft":0.7878788113594055,"deaths":0.007000000216066837,"teamNetWorth":0.4337800145149231,"teamKills":0.017999999225139618},"lastItemPurchased":[0,0,0,0,0,0,0,0,0,0,0]},"npc_dota_hero_pudge":{"lastAbilityUpgraded":"","victory":false,"state":{"kills":0.004999999888241291,"towersLeft":0.5151515007019043,"netWorth":0.051419999450445175,"xp":0.25777778029441833,"teamXp":0.462228387594223,"teamDeaths":0.03200000151991844,"enemyTowersLeft":0.7878788113594055,"deaths":0.004000000189989805,"teamNetWorth":0.4337800145149231,"teamKills":0.017999999225139618},"lastItemPurchased":[0,0,0,0,0,0,0,0,0,0,0]},"npc_dota_hero_sand_king":{"lastAbilityUpgraded":"","victory":true,"state":{"kills":0.0020000000949949026,"towersLeft":0.7878788113594055,"netWorth":0.07980000227689743,"xp":0.4140740633010864,"teamXp":0.5877715945243835,"teamDeaths":0.017999999225139618,"enemyTowersLeft":0.5151515007019043,"deaths":0.006000000052154064,"teamNetWorth":0.6371200084686279,"teamKills":0.03099999949336052},"lastItemPurchased":[0,0,0,0,0,0,0,0,0,0,0]},"npc_dota_hero_oracle":{"lastAbilityUpgraded":"","victory":false,"state":{"kills":0.0010000000474974513,"towersLeft":0.5151515007019043,"netWorth":0.026100000366568565,"xp":0.23185184597969055,"teamXp":0.462228387594223,"teamDeaths":0.03200000151991844,"enemyTowersLeft":0.7878788113594055,"deaths":0.00800000037997961,"teamNetWorth":0.4337800145149231,"teamKills":0.017999999225139618},"lastItemPurchased":[0,0,0,0,0,0,0,0,0,0,0]},"npc_dota_hero_enigma":{"lastAbilityUpgraded":"","victory":true,"state":{"kills":0.0010000000474974513,"towersLeft":0.7878788113594055,"netWorth":0.1477700024843216,"xp":0.6750617027282715,"teamXp":0.5877715945243835,"teamDeaths":0.017999999225139618,"enemyTowersLeft":0.5151515007019043,"deaths":0.0010000000474974513,"teamNetWorth":0.6371200084686279,"teamKills":0.03099999949336052},"lastItemPurchased":[0,0,0,0,0,0,0,0,0,0,0]},"npc_dota_hero_sniper":{"lastAbilityUpgraded":"","victory":true,"state":{"kills":0.006000000052154064,"towersLeft":0.7878788113594055,"netWorth":0.10751999914646149,"xp":0.4965740740299225,"teamXp":0.5877715945243835,"teamDeaths":0.017999999225139618,"enemyTowersLeft":0.5151515007019043,"deaths":0.004999999888241291,"teamNetWorth":0.6371200084686279,"teamKills":0.03099999949336052},"lastItemPurchased":[0,0,0,0,0,0,0,0,0,0,0]},"npc_dota_hero_sven":{"lastAbilityUpgraded":"","victory":true,"state":{"kills":0.017999999225139618,"towersLeft":0.7878788113594055,"netWorth":0.23340000212192535,"xp":0.9573147892951965,"teamXp":0.5877715945243835,"teamDeaths":0.017999999225139618,"enemyTowersLeft":0.5151515007019043,"deaths":0.003000000026077032,"teamNetWorth":0.6371200084686279,"teamKills":0.03099999949336052},"lastItemPurchased":[0,0,0,0,0,0,0,0,0,0,0]},"npc_dota_hero_bane":{"lastAbilityUpgraded":"","victory":true,"state":{"kills":0.004000000189989805,"towersLeft":0.7878788113594055,"netWorth":0.06863000243902206,"xp":0.3958333432674408,"teamXp":0.5877715945243835,"teamDeaths":0.017999999225139618,"enemyTowersLeft":0.5151515007019043,"deaths":0.003000000026077032,"teamNetWorth":0.6371200084686279,"teamKills":0.03099999949336052},"lastItemPurchased":[0,0,0,0,0,0,0,0,0,0,0]},"npc_dota_hero_magnataur":{"lastAbilityUpgraded":"","victory":false,"state":{"kills":0.0010000000474974513,"towersLeft":0.5151515007019043,"netWorth":0.06621000170707703,"xp":0.46660494804382324,"teamXp":0.462228387594223,"teamDeaths":0.03200000151991844,"enemyTowersLeft":0.7878788113594055,"deaths":0.009999999776482582,"teamNetWorth":0.4337800145149231,"teamKills":0.017999999225139618},"lastItemPurchased":[0,0,0,0,0,0,0,0,0,0,0]}}}