{"gameTime":9,"state":{"npc_dota_hero_antimage":{"lastAbilityUpgraded":"","victory":false,"state":{"kills":0,"towersLeft":1,"netWorth":0.014919999986886978,"xp":0.02660493738949299,"teamXp":0.020358024165034294,"teamDeaths":0.0020000000949949026,"enemyTowersLeft":1,"deaths":0,"teamNetWorth":0.05548999831080437,"teamKills":0.0020000000949949026},"lastItemPurchased":[0,0,0,1,0,0,0,0,0,0,0]},"npc_dota_hero_earthshaker":{"lastAbilityUpgraded":"","victory":false,"state":{"kills":0.0010000000474974513,"towersLeft":1,"netWorth":0.01063000038266182,"xp":0.022098764777183533,"teamXp":0.020358024165034294,"teamDeaths":0.0020000000949949026,"enemyTowersLeft":1,"deaths":0.0010000000474974513,"teamNetWorth":0.05548999831080437,"teamKills":0.0020000000949949026},"lastItemPurchased":[0,1,0,0,0,0,0,0,0,0,0]},"npc_dota_hero_pudge":{"lastAbilityUpgraded":"","victory":false,"state":{"kills":0.0010000000474974513,"towersLeft":1,"netWorth":0.009970000013709068,"xp":0.010679012164473534,"teamXp":0.020358024165034294,"teamDeaths":0.0020000000949949026,"enemyTowersLeft":1,"deaths":0,"teamNetWorth":0.05548999831080437,"teamKills":0.0020000000949949026},"lastItemPurchased":[0,0,0,1,0,0,0,0,0,0,0]},"npc_dota_hero_sand_king":{"lastAbilityUpgraded":"","victory":true,"state":{"kills":0,"towersLeft":1,"netWorth":0.006829999852925539,"xp":0.015216049738228321,"teamXp":0.02558642067015171,"teamDeaths":0.0020000000949949026,"enemyTowersLeft":1,"deaths":0.0010000000474974513,"teamNetWorth":0.051589999347925186,"teamKills":0.0010000000474974513},"lastItemPurchased":[0,0,0,0,0,1,0,0,0,0,0]},"npc_dota_hero_oracle":{"lastAbilityUpgraded":"","victory":false,"state":{"kills":0,"towersLeft":1,"netWorth":0.007790000177919865,"xp":0.009783950634300709,"teamXp":0.020358024165034294,"teamDeaths":0.0020000000949949026,"enemyTowersLeft":1,"deaths":0,"teamNetWorth":0.05548999831080437,"teamKills":0.0020000000949949026},"lastItemPurchased":[0,0,0,0,0,0,0,0,0,0,0]},"npc_dota_hero_enigma":{"lastAbilityUpgraded":"","victory":true,"state":{"kills":0,"towersLeft":1,"netWorth":0.012799999676644802,"xp":0.03583333268761635,"teamXp":0.02558642067015171,"teamDeaths":0.0020000000949949026,"enemyTowersLeft":1,"deaths":0,"teamNetWorth":0.051589999347925186,"teamKills":0.0010000000474974513},"lastItemPurchased":[0,0,0,0,1,0,0,0,0,0,0]},"npc_dota_hero_sniper":{"lastAbilityUpgraded":"","victory":true,"state":{"kills":0,"towersLeft":1,"netWorth":0.009809999726712704,"xp":0.029814815148711205,"teamXp":0.02558642067015171,"teamDeaths":0.0020000000949949026,"enemyTowersLeft":1,"deaths":0.0010000000474974513,"teamNetWorth":0.051589999347925186,"teamKills":0.0010000000474974513},"lastItemPurchased":[0,0,0,0,0,1,0,0,0,0,0]},"npc_dota_hero_sven":{"lastAbilityUpgraded":"","victory":true,"state":{"kills":0,"towersLeft":1,"netWorth":0.012919999659061432,"xp":0.03469135984778404,"teamXp":0.02558642067015171,"teamDeaths":0.0020000000949949026,"enemyTowersLeft":1,"deaths":0,"teamNetWorth":0.051589999347925186,"teamKills":0.0010000000474974513},"lastItemPurchased":[0,0,0,0,0,0,0,0,0,0,0]},"npc_dota_hero_bane":{"lastAbilityUpgraded":"","victory":true,"state":{"kills":0.0010000000474974513,"towersLeft":1,"netWorth":0.009229999966919422,"xp":0.012376543134450912,"teamXp":0.02558642067015171,"teamDeaths":0.0020000000949949026,"enemyTowersLeft":1,"deaths":0,"teamNetWorth":0.051589999347925186,"teamKills":0.0010000000474974513},"lastItemPurchased":[1,0,0,0,0,0,0,0,0,0,0]},"npc_dota_hero_magnataur":{"lastAbilityUpgraded":"","victory":false,"state":{"kills":0,"towersLeft":1,"netWorth":0.012179999612271786,"xp":0.03262345492839813,"teamXp":0.020358024165034294,"teamDeaths":0.0020000000949949026,"enemyTowersLeft":1,"deaths":0.0010000000474974513,"teamNetWorth":0.05548999831080437,"teamKills":0.0020000000949949026},"lastItemPurchased":[0,0,0,1,0,0,0,0,0,0,0]}}}