{"gameTime":7,"state":{"npc_dota_hero_storm_spirit":{"lastAbilityUpgraded":"","victory":false,"state":{"kills":0,"towersLeft":1,"netWorth":0.009619999676942825,"xp":0.014506172388792038,"teamXp":0.01066049374639988,"teamDeaths":0,"enemyTowersLeft":1,"deaths":0,"teamNetWorth":0.037780001759529114,"teamKills":0},"lastItemPurchased":[0,0,0,0,0,0,0,0,0,0,0]},"npc_dota_hero_riki":{"lastAbilityUpgraded":"","victory":false,"state":{"kills":0,"towersLeft":1,"netWorth":0.0062500000931322575,"xp":0.00848765391856432,"teamXp":0.01066049374639988,"teamDeaths":0,"enemyTowersLeft":1,"deaths":0,"teamNetWorth":0.037780001759529114,"teamKills":0},"lastItemPurchased":[0,0,0,0,0,0,0,0,0,0,0]},"npc_dota_hero_rubick":{"lastAbilityUpgraded":"","victory":false,"state":{"kills":0,"towersLeft":1,"netWorth":0.0062500000931322575,"xp":0.011080247350037098,"teamXp":0.01066049374639988,"teamDeaths":0,"enemyTowersLeft":1,"deaths":0,"teamNetWorth":0.037780001759529114,"teamKills":0},"lastItemPurchased":[0,0,0,1,0,0,0,0,0,0,0]},"npc_dota_hero_pudge":{"lastAbilityUpgraded":"","victory":true,"state":{"kills":0,"towersLeft":1,"netWorth":0.006829999852925539,"xp":0.012561728246510029,"teamXp":0.015080247074365616,"teamDeaths":0,"enemyTowersLeft":1,"deaths":0,"teamNetWorth":0.046959999948740005,"teamKills":0},"lastItemPurchased":[0,0,0,0,0,0,0,0,0,0,0]},"npc_dota_hero_sand_king":{"lastAbilityUpgraded":"","victory":false,"state":{"kills":0,"towersLeft":1,"netWorth":0.007420000154525042,"xp":0.008148147724568844,"teamXp":0.01066049374639988,"teamDeaths":0,"enemyTowersLeft":1,"deaths":0,"teamNetWorth":0.037780001759529114,"teamKills":0},"lastItemPurchased":[0,0,0,0,0,0,0,0,0,0,0]},"npc_dota_hero_tinker":{"lastAbilityUpgraded":"","victory":true,"state":{"kills":0,"towersLeft":1,"netWorth":0.011169999837875366,"xp":0.02567901276051998,"teamXp":0.015080247074365616,"teamDeaths":0,"enemyTowersLeft":1,"deaths":0,"teamNetWorth":0.046959999948740005,"teamKills":0},"lastItemPurchased":[1,0,0,0,0,0,0,0,0,0,0]},"npc_dota_hero_lion":{"lastAbilityUpgraded":"","victory":true,"state":{"kills":0,"towersLeft":1,"netWorth":0.006750000175088644,"xp":0.00373456790111959,"teamXp":0.015080247074365616,"teamDeaths":0,"enemyTowersLeft":1,"deaths":0,"teamNetWorth":0.046959999948740005,"teamKills":0},"lastItemPurchased":[0,0,0,0,0,0,0,0,0,0,0]},"npc_dota_hero_slark":{"lastAbilityUpgraded":"","victory":false,"state":{"kills":0,"towersLeft":1,"netWorth":0.00824000034481287,"xp":0.011080247350037098,"teamXp":0.01066049374639988,"teamDeaths":0,"enemyTowersLeft":1,"deaths":0,"teamNetWorth":0.037780001759529114,"teamKills":0},"lastItemPurchased":[0,0,0,1,0,0,0,0,0,0,0]},"npc_dota_hero_magnataur":{"lastAbilityUpgraded":"","victory":true,"state":{"kills":0,"towersLeft":1,"netWorth":0.011680000461637974,"xp":0.01873456872999668,"teamXp":0.015080247074365616,"teamDeaths":0,"enemyTowersLeft":1,"deaths":0,"teamNetWorth":0.046959999948740005,"teamKills":0},"lastItemPurchased":[0,0,0,0,0,0,0,0,0,0,0]},"npc_dota_hero_juggernaut":{"lastAbilityUpgraded":"","victory":true,"state":{"kills":0,"towersLeft":1,"netWorth":0.010529999621212482,"xp":0.014691358432173729,"teamXp":0.015080247074365616,"teamDeaths":0,"enemyTowersLeft":1,"deaths":0,"teamNetWorth":0.046959999948740005,"teamKills":0},"lastItemPurchased":[0,0,0,0,0,0,0,0,0,0,0]}}}