{"gameTime":24,"state":{"npc_dota_hero_ursa":{"lastAbilityUpgraded":"","victory":true,"state":{"kills":0.003000000026077032,"towersLeft":1,"netWorth":0.06391000002622604,"xp":0.2466358095407486,"teamXp":0.17685802280902863,"teamDeaths":0.014000000432133675,"enemyTowersLeft":0.939393937587738,"deaths":0.0020000000949949026,"teamNetWorth":0.20191000401973724,"teamKills":0.010999999940395355},"lastItemPurchased":[0,0,0,0,0,0,0,0,0,0,0]},"npc_dota_hero_phoenix":{"lastAbilityUpgraded":"","victory":false,"state":{"kills":0,"towersLeft":0.939393937587738,"netWorth":0.013580000028014183,"xp":0.12077160179615021,"teamXp":0.17491358518600464,"teamDeaths":0.012000000104308128,"enemyTowersLeft":1,"deaths":0.003000000026077032,"teamNetWorth":0.18698999285697937,"teamKills":0.012000000104308128},"lastItemPurchased":[0,0,0,0,0,0,0,0,0,0,0]},"npc_dota_hero_axe":{"lastAbilityUpgraded":"","victory":true,"state":{"kills":0.0020000000949949026,"towersLeft":1,"netWorth":0.052480001002550125,"xp":0.2145678997039795,"teamXp":0.17685802280902863,"teamDeaths":0.014000000432133675,"enemyTowersLeft":0.939393937587738,"deaths":0.0020000000949949026,"teamNetWorth":0.20191000401973724,"teamKills":0.010999999940395355},"lastItemPurchased":[0,0,1,0,0,0,0,0,0,0,0]},"npc_dota_hero_silencer":{"lastAbilityUpgraded":"","victory":true,"state":{"kills":0.0020000000949949026,"towersLeft":1,"netWorth":0.01769999973475933,"xp":0.10049382597208023,"teamXp":0.17685802280902863,"teamDeaths":0.014000000432133675,"enemyTowersLeft":0.939393937587738,"deaths":0.004999999888241291,"teamNetWorth":0.20191000401973724,"teamKills":0.010999999940395355},"lastItemPurchased":[0,0,0,0,0,0,0,0,0,0,0]},"npc_dota_hero_enchantress":{"lastAbilityUpgraded":"","victory":true,"state":{"kills":0.0010000000474974513,"towersLeft":1,"netWorth":0.023660000413656235,"xp":0.11330246925354004,"teamXp":0.17685802280902863,"teamDeaths":0.014000000432133675,"enemyTowersLeft":0.939393937587738,"deaths":0.0020000000949949026,"teamNetWorth":0.20191000401973724,"teamKills":0.010999999940395355},"lastItemPurchased":[0,1,0,0,0,0,0,0,0,0,0]},"npc_dota_hero_mirana":{"lastAbilityUpgraded":"","victory":true,"state":{"kills":0.003000000026077032,"towersLeft":1,"netWorth":0.04416000097990036,"xp":0.20929011702537537,"teamXp":0.17685802280902863,"teamDeaths":0.014000000432133675,"enemyTowersLeft":0.939393937587738,"deaths":0.003000000026077032,"teamNetWorth":0.20191000401973724,"teamKills":0.010999999940395355},"lastItemPurchased":[0,0,0,0,0,0,0,0,0,0,0]},"npc_dota_hero_ogre_magi":{"lastAbilityUpgraded":"","victory":false,"state":{"kills":0,"towersLeft":0.939393937587738,"netWorth":0.009890000335872173,"xp":0.10009258985519409,"teamXp":0.17491358518600464,"teamDeaths":0.012000000104308128,"enemyTowersLeft":1,"deaths":0.004999999888241291,"teamNetWorth":0.18698999285697937,"teamKills":0.012000000104308128},"lastItemPurchased":[1,0,0,0,0,0,0,0,0,0,0]},"npc_dota_hero_rattletrap":{"lastAbilityUpgraded":"","victory":false,"state":{"kills":0.004999999888241291,"towersLeft":0.939393937587738,"netWorth":0.03914999961853027,"xp":0.1810493767261505,"teamXp":0.17491358518600464,"teamDeaths":0.012000000104308128,"enemyTowersLeft":1,"deaths":0.003000000026077032,"teamNetWorth":0.18698999285697937,"teamKills":0.012000000104308128},"lastItemPurchased":[0,0,0,1,0,0,0,0,0,0,0]},"npc_dota_hero_magnataur":{"lastAbilityUpgraded":"","victory":false,"state":{"kills":0.004999999888241291,"towersLeft":0.939393937587738,"netWorth":0.04992000013589859,"xp":0.22256173193454742,"teamXp":0.17491358518600464,"teamDeaths":0.012000000104308128,"enemyTowersLeft":1,"deaths":0.0010000000474974513,"teamNetWorth":0.18698999285697937,"teamKills":0.012000000104308128},"lastItemPurchased":[0,0,0,0,0,0,0,0,0,0,0]},"npc_dota_hero_slark":{"lastAbilityUpgraded":"","victory":false,"state":{"kills":0.0020000000949949026,"towersLeft":0.939393937587738,"netWorth":0.07445000112056732,"xp":0.25009259581565857,"teamXp":0.17491358518600464,"teamDeaths":0.012000000104308128,"enemyTowersLeft":1,"deaths":0,"teamNetWorth":0.18698999285697937,"teamKills":0.012000000104308128},"lastItemPurchased":[0,0,0,0,0,0,0,0,0,0,0]}}}