{"gameTime":24,"state":{"npc_dota_hero_life_stealer":{"lastAbilityUpgraded":"","victory":true,"state":{"kills":0.0010000000474974513,"towersLeft":0.9696969985961914,"netWorth":0.07466000318527222,"xp":0.2539197504520416,"teamXp":0.2034691423177719,"teamDeaths":0.008999999612569809,"enemyTowersLeft":0.9090909361839294,"deaths":0,"teamNetWorth":0.2402700036764145,"teamKills":0.012000000104308128},"lastItemPurchased":[0,0,1,0,0,0,0,0,0,0,0]},"npc_dota_hero_rubick":{"lastAbilityUpgraded":"","victory":true,"state":{"kills":0,"towersLeft":0.9696969985961914,"netWorth":0.0077599999494850636,"xp":0.13324074447155,"teamXp":0.2034691423177719,"teamDeaths":0.008999999612569809,"enemyTowersLeft":0.9090909361839294,"deaths":0.004999999888241291,"teamNetWorth":0.2402700036764145,"teamKills":0.012000000104308128},"lastItemPurchased":[0,0,0,0,0,0,0,0,0,0,0]},"npc_dota_hero_pudge":{"lastAbilityUpgraded":"","victory":false,"state":{"kills":0.003000000026077032,"towersLeft":0.939393937587738,"netWorth":0.012620000168681145,"xp":0.10287036746740341,"teamXp":0.18552468717098236,"teamDeaths":0.013000000268220901,"enemyTowersLeft":1,"deaths":0.004999999888241291,"teamNetWorth":0.1965000033378601,"teamKills":0.009999999776482582},"lastItemPurchased":[0,0,0,1,0,0,0,0,0,0,0]},"npc_dota_hero_legion_commander":{"lastAbilityUpgraded":"","victory":true,"state":{"kills":0.0020000000949949026,"towersLeft":0.9696969985961914,"netWorth":0.043310001492500305,"xp":0.20722222328186035,"teamXp":0.2034691423177719,"teamDeaths":0.008999999612569809,"enemyTowersLeft":0.9090909361839294,"deaths":0.003000000026077032,"teamNetWorth":0.2402700036764145,"teamKills":0.012000000104308128},"lastItemPurchased":[0,0,0,0,0,0,0,0,0,0,0]},"npc_dota_hero_night_stalker":{"lastAbilityUpgraded":"","victory":true,"state":{"kills":0.004999999888241291,"towersLeft":0.9696969985961914,"netWorth":0.047839999198913574,"xp":0.18524691462516785,"teamXp":0.2034691423177719,"teamDeaths":0.008999999612569809,"enemyTowersLeft":0.9090909361839294,"deaths":0.0010000000474974513,"teamNetWorth":0.2402700036764145,"teamKills":0.012000000104308128},"lastItemPurchased":[0,0,0,0,0,0,0,0,0,0,0]},"npc_dota_hero_mirana":{"lastAbilityUpgraded":"","victory":true,"state":{"kills":0.004000000189989805,"towersLeft":0.9696969985961914,"netWorth":0.06669999659061432,"xp":0.23771604895591736,"teamXp":0.2034691423177719,"teamDeaths":0.008999999612569809,"enemyTowersLeft":0.9090909361839294,"deaths":0,"teamNetWorth":0.2402700036764145,"teamKills":0.012000000104308128},"lastItemPurchased":[0,0,0,0,0,0,0,0,0,0,0]},"npc_dota_hero_shredder":{"lastAbilityUpgraded":"","victory":false,"state":{"kills":0.0020000000949949026,"towersLeft":0.939393937587738,"netWorth":0.05285999923944473,"xp":0.24243827164173126,"teamXp":0.18552468717098236,"teamDeaths":0.013000000268220901,"enemyTowersLeft":1,"deaths":0.003000000026077032,"teamNetWorth":0.1965000033378601,"teamKills":0.009999999776482582},"lastItemPurchased":[0,0,0,0,0,0,0,0,0,0,0]},"npc_dota_hero_shadow_demon":{"lastAbilityUpgraded":"","victory":false,"state":{"kills":0.0020000000949949026,"towersLeft":0.939393937587738,"netWorth":0.021889999508857727,"xp":0.09864197671413422,"teamXp":0.18552468717098236,"teamDeaths":0.013000000268220901,"enemyTowersLeft":1,"deaths":0.0020000000949949026,"teamNetWorth":0.1965000033378601,"teamKills":0.009999999776482582},"lastItemPurchased":[1,0,0,0,0,0,0,0,0,0,0]},"npc_dota_hero_obsidian_destroyer":{"lastAbilityUpgraded":"","victory":false,"state":{"kills":0.0010000000474974513,"towersLeft":0.939393937587738,"netWorth":0.059939999133348465,"xp":0.2674074172973633,"teamXp":0.18552468717098236,"teamDeaths":0.013000000268220901,"enemyTowersLeft":1,"deaths":0.0010000000474974513,"teamNetWorth":0.1965000033378601,"teamKills":0.009999999776482582},"lastItemPurchased":[0,0,0,0,1,0,0,0,0,0,0]},"npc_dota_hero_juggernaut":{"lastAbilityUpgraded":"","victory":false,"state":{"kills":0.0020000000949949026,"towersLeft":0.939393937587738,"netWorth":0.04918999969959259,"xp":0.21626542508602142,"teamXp":0.18552468717098236,"teamDeaths":0.013000000268220901,"enemyTowersLeft":1,"deaths":0.0020000000949949026,"teamNetWorth":0.1965000033378601,"teamKills":0.009999999776482582},"lastItemPurchased":[0,0,0,0,0,0,0,0,0,0,0]}}}