{"gameTime":47,"state":{"npc_dota_hero_life_stealer":{"lastAbilityUpgraded":"","victory":true,"state":{"kills":0.004999999888241291,"towersLeft":0.8787878751754761,"netWorth":0.19899000227451324,"xp":0.6695987582206726,"teamXp":0.6085864305496216,"teamDeaths":0.017000000923871994,"enemyTowersLeft":0.21212121844291687,"deaths":0.0020000000949949026,"teamNetWorth":0.7695500254631042,"teamKills":0.03400000184774399},"lastItemPurchased":[0,0,0,0,0,0,0,0,0,0,0]},"npc_dota_hero_rubick":{"lastAbilityUpgraded":"","victory":true,"state":{"kills":0.0010000000474974513,"towersLeft":0.8787878751754761,"netWorth":0.06599000096321106,"xp":0.4210493862628937,"teamXp":0.6085864305496216,"teamDeaths":0.017000000923871994,"enemyTowersLeft":0.21212121844291687,"deaths":0.007000000216066837,"teamNetWorth":0.7695500254631042,"teamKills":0.03400000184774399},"lastItemPurchased":[0,0,0,0,0,0,0,0,0,0,0]},"npc_dota_hero_pudge":{"lastAbilityUpgraded":"","victory":false,"state":{"kills":0.004000000189989805,"towersLeft":0.27272728085517883,"netWorth":0.03401000052690506,"xp":0.26913580298423767,"teamXp":0.4224814772605896,"teamDeaths":0.03500000014901161,"enemyTowersLeft":0.939393937587738,"deaths":0.00800000037997961,"teamNetWorth":0.36237001419067383,"teamKills":0.017999999225139618},"lastItemPurchased":[0,0,0,0,0,0,0,0,0,0,0]},"npc_dota_hero_legion_commander":{"lastAbilityUpgraded":"","victory":true,"state":{"kills":0.006000000052154064,"towersLeft":0.8787878751754761,"netWorth":0.14258000254631042,"xp":0.6102468967437744,"teamXp":0.6085864305496216,"teamDeaths":0.017000000923871994,"enemyTowersLeft":0.21212121844291687,"deaths":0.004000000189989805,"teamNetWorth":0.7695500254631042,"teamKills":0.03400000184774399},"lastItemPurchased":[0,0,0,0,0,0,0,0,0,0,0]},"npc_dota_hero_night_stalker":{"lastAbilityUpgraded":"","victory":true,"state":{"kills":0.008999999612569809,"towersLeft":0.8787878751754761,"netWorth":0.143669992685318,"xp":0.5869753360748291,"teamXp":0.6085864305496216,"teamDeaths":0.017000000923871994,"enemyTowersLeft":0.21212121844291687,"deaths":0.0010000000474974513,"teamNetWorth":0.7695500254631042,"teamKills":0.03400000184774399},"lastItemPurchased":[0,0,0,0,0,1,0,0,0,0,0]},"npc_dota_hero_mirana":{"lastAbilityUpgraded":"","victory":true,"state":{"kills":0.013000000268220901,"towersLeft":0.8787878751754761,"netWorth":0.21831999719142914,"xp":0.7550617456436157,"teamXp":0.6085864305496216,"teamDeaths":0.017000000923871994,"enemyTowersLeft":0.21212121844291687,"deaths":0.003000000026077032,"teamNetWorth":0.7695500254631042,"teamKills":0.03400000184774399},"lastItemPurchased":[0,0,0,0,0,0,0,0,0,0,0]},"npc_dota_hero_shredder":{"lastAbilityUpgraded":"","victory":false,"state":{"kills":0.006000000052154064,"towersLeft":0.27272728085517883,"netWorth":0.0825899988412857,"xp":0.48987653851509094,"teamXp":0.4224814772605896,"teamDeaths":0.03500000014901161,"enemyTowersLeft":0.939393937587738,"deaths":0.008999999612569809,"teamNetWorth":0.36237001419067383,"teamKills":0.017999999225139618},"lastItemPurchased":[0,0,0,0,0,0,0,0,0,0,0]},"npc_dota_hero_shadow_demon":{"lastAbilityUpgraded":"","victory":false,"state":{"kills":0.0020000000949949026,"towersLeft":0.27272728085517883,"netWorth":0.02850000001490116,"xp":0.25240740180015564,"teamXp":0.4224814772605896,"teamDeaths":0.03500000014901161,"enemyTowersLeft":0.939393937587738,"deaths":0.00800000037997961,"teamNetWorth":0.36237001419067383,"teamKills":0.017999999225139618},"lastItemPurchased":[0,0,0,0,0,0,0,0,0,0,0]},"npc_dota_hero_obsidian_destroyer":{"lastAbilityUpgraded":"","victory":false,"state":{"kills":0.003000000026077032,"towersLeft":0.27272728085517883,"netWorth":0.11263000220060349,"xp":0.6172530651092529,"teamXp":0.4224814772605896,"teamDeaths":0.03500000014901161,"enemyTowersLeft":0.939393937587738,"deaths":0.004999999888241291,"teamNetWorth":0.36237001419067383,"teamKills":0.017999999225139618},"lastItemPurchased":[0,0,0,0,0,0,0,0,0,0,0]},"npc_dota_hero_juggernaut":{"lastAbilityUpgraded":"","victory":false,"state":{"kills":0.003000000026077032,"towersLeft":0.27272728085517883,"netWorth":0.10463999956846237,"xp":0.4837345778942108,"teamXp":0.4224814772605896,"teamDeaths":0.03500000014901161,"enemyTowersLeft":0.939393937587738,"deaths":0.004999999888241291,"teamNetWorth":0.36237001419067383,"teamKills":0.017999999225139618},"lastItemPurchased":[0,0,0,0,0,0,0,0,0,0,0]}}}