{"gameTime":26,"state":{"npc_dota_hero_bloodseeker":{"lastAbilityUpgraded":"","victory":true,"state":{"kills":0.003000000026077032,"towersLeft":0.9696969985961914,"netWorth":0.06250999867916107,"xp":0.19929012656211853,"teamXp":0.22516049444675446,"teamDeaths":0.004000000189989805,"enemyTowersLeft":0.8484848737716675,"deaths":0,"teamNetWorth":0.296970009803772,"teamKills":0.017999999225139618},"lastItemPurchased":[0,0,0,0,0,0,0,0,0,0,0]},"npc_dota_hero_faceless_void":{"lastAbilityUpgraded":"","victory":false,"state":{"kills":0,"towersLeft":0.8787878751754761,"netWorth":0.03922000154852867,"xp":0.21503086388111115,"teamXp":0.174882709980011,"teamDeaths":0.017999999225139618,"enemyTowersLeft":1,"deaths":0.0020000000949949026,"teamNetWorth":0.15910999476909637,"teamKills":0.003000000026077032},"lastItemPurchased":[0,0,0,0,0,0,0,0,0,0,0]},"npc_dota_hero_storm_spirit":{"lastAbilityUpgraded":"","victory":true,"state":{"kills":0.0020000000949949026,"towersLeft":0.9696969985961914,"netWorth":0.06046000123023987,"xp":0.2407716065645218,"teamXp":0.22516049444675446,"teamDeaths":0.004000000189989805,"enemyTowersLeft":0.8484848737716675,"deaths":0,"teamNetWorth":0.296970009803772,"teamKills":0.017999999225139618},"lastItemPurchased":[0,0,0,0,0,0,0,0,0,0,1]},"npc_dota_hero_ursa":{"lastAbilityUpgraded":"","victory":true,"state":{"kills":0.007000000216066837,"towersLeft":0.9696969985961914,"netWorth":0.07694999873638153,"xp":0.3030555546283722,"teamXp":0.22516049444675446,"teamDeaths":0.004000000189989805,"enemyTowersLeft":0.8484848737716675,"deaths":0.0010000000474974513,"teamNetWorth":0.296970009803772,"teamKills":0.017999999225139618},"lastItemPurchased":[0,0,0,0,0,0,0,0,0,0,0]},"npc_dota_hero_rubick":{"lastAbilityUpgraded":"","victory":true,"state":{"kills":0.006000000052154064,"towersLeft":0.9696969985961914,"netWorth":0.04828999936580658,"xp":0.1991049349308014,"teamXp":0.22516049444675446,"teamDeaths":0.004000000189989805,"enemyTowersLeft":0.8484848737716675,"deaths":0,"teamNetWorth":0.296970009803772,"teamKills":0.017999999225139618},"lastItemPurchased":[0,0,0,0,0,0,0,0,0,0,0]},"npc_dota_hero_spirit_breaker":{"lastAbilityUpgraded":"","victory":false,"state":{"kills":0,"towersLeft":0.8787878751754761,"netWorth":0.004040000028908253,"xp":0.05543209984898567,"teamXp":0.174882709980011,"teamDeaths":0.017999999225139618,"enemyTowersLeft":1,"deaths":0.006000000052154064,"teamNetWorth":0.15910999476909637,"teamKills":0.003000000026077032},"lastItemPurchased":[0,0,0,0,0,1,0,0,0,0,0]},"npc_dota_hero_ember_spirit":{"lastAbilityUpgraded":"","victory":false,"state":{"kills":0,"towersLeft":0.8787878751754761,"netWorth":0.0451899990439415,"xp":0.2383950650691986,"teamXp":0.174882709980011,"teamDeaths":0.017999999225139618,"enemyTowersLeft":1,"deaths":0.003000000026077032,"teamNetWorth":0.15910999476909637,"teamKills":0.003000000026077032},"lastItemPurchased":[0,0,0,0,0,0,0,0,0,0,0]},"npc_dota_hero_morphling":{"lastAbilityUpgraded":"","victory":false,"state":{"kills":0.0020000000949949026,"towersLeft":0.8787878751754761,"netWorth":0.053530000150203705,"xp":0.24987654387950897,"teamXp":0.174882709980011,"teamDeaths":0.017999999225139618,"enemyTowersLeft":1,"deaths":0.0020000000949949026,"teamNetWorth":0.15910999476909637,"teamKills":0.003000000026077032},"lastItemPurchased":[0,0,0,0,0,0,0,0,0,0,0]},"npc_dota_hero_omniknight":{"lastAbilityUpgraded":"","victory":false,"state":{"kills":0.0010000000474974513,"towersLeft":0.8787878751754761,"netWorth":0.01713000051677227,"xp":0.11567901074886322,"teamXp":0.174882709980011,"teamDeaths":0.017999999225139618,"enemyTowersLeft":1,"deaths":0.004999999888241291,"teamNetWorth":0.15910999476909637,"teamKills":0.003000000026077032},"lastItemPurchased":[0,0,0,0,0,0,0,0,0,0,0]},"npc_dota_hero_magnataur":{"lastAbilityUpgraded":"","victory":true,"state":{"kills":0,"towersLeft":0.9696969985961914,"netWorth":0.04876000061631203,"xp":0.18358024954795837,"teamXp":0.22516049444675446,"teamDeaths":0.004000000189989805,"enemyTowersLeft":0.8484848737716675,"deaths":0.003000000026077032,"teamNetWorth":0.296970009803772,"teamKills":0.017999999225139618},"lastItemPurchased":[0,0,0,0,0,0,0,0,0,0,0]}}}