{"gameTime":8,"state":{"npc_dota_hero_bloodseeker":{"lastAbilityUpgraded":"","victory":false,"state":{"kills":0,"towersLeft":1,"netWorth":0.006479999981820583,"xp":0.0017283951165154576,"teamXp":0.015327160246670246,"teamDeaths":0,"enemyTowersLeft":1,"deaths":0,"teamNetWorth":0.046549998223781586,"teamKills":0},"lastItemPurchased":[0,0,0,0,0,0,0,0,0,0,0]},"npc_dota_hero_antimage":{"lastAbilityUpgraded":"","victory":true,"state":{"kills":0,"towersLeft":1,"netWorth":0.013729999773204327,"xp":0.0416666679084301,"teamXp":0.03194444626569748,"teamDeaths":0,"enemyTowersLeft":1,"deaths":0,"teamNetWorth":0.06241000071167946,"teamKills":0},"lastItemPurchased":[0,0,0,1,0,0,0,0,0,0,0]},"npc_dota_hero_warlock":{"lastAbilityUpgraded":"","victory":true,"state":{"kills":0,"towersLeft":1,"netWorth":0.0062500000931322575,"xp":0.009783950634300709,"teamXp":0.03194444626569748,"teamDeaths":0,"enemyTowersLeft":1,"deaths":0,"teamNetWorth":0.06241000071167946,"teamKills":0},"lastItemPurchased":[0,0,0,0,0,0,0,0,0,0,0]},"npc_dota_hero_storm_spirit":{"lastAbilityUpgraded":"","victory":false,"state":{"kills":0,"towersLeft":1,"netWorth":0.013100000098347664,"xp":0.037438273429870605,"teamXp":0.015327160246670246,"teamDeaths":0,"enemyTowersLeft":1,"deaths":0,"teamNetWorth":0.046549998223781586,"teamKills":0},"lastItemPurchased":[1,0,0,0,0,0,0,0,0,0,0]},"npc_dota_hero_treant":{"lastAbilityUpgraded":"","victory":true,"state":{"kills":0,"towersLeft":1,"netWorth":0.014109999872744083,"xp":0.0416666679084301,"teamXp":0.03194444626569748,"teamDeaths":0,"enemyTowersLeft":1,"deaths":0,"teamNetWorth":0.06241000071167946,"teamKills":0},"lastItemPurchased":[0,0,0,0,0,0,0,0,0,0,0]},"npc_dota_hero_axe":{"lastAbilityUpgraded":"","victory":true,"state":{"kills":0,"towersLeft":1,"netWorth":0.015270000323653221,"xp":0.03194444626569748,"teamXp":0.03194444626569748,"teamDeaths":0,"enemyTowersLeft":1,"deaths":0,"teamNetWorth":0.06241000071167946,"teamKills":0},"lastItemPurchased":[0,0,0,1,0,0,0,0,0,0,0]},"npc_dota_hero_phantom_assassin":{"lastAbilityUpgraded":"","victory":false,"state":{"kills":0,"towersLeft":1,"netWorth":0.007679999805986881,"xp":0.0024999999441206455,"teamXp":0.015327160246670246,"teamDeaths":0,"enemyTowersLeft":1,"deaths":0,"teamNetWorth":0.046549998223781586,"teamKills":0},"lastItemPurchased":[0,0,0,0,0,0,0,0,0,0,0]},"npc_dota_hero_luna":{"lastAbilityUpgraded":"","victory":false,"state":{"kills":0,"towersLeft":1,"netWorth":0.009750000201165676,"xp":0.027037037536501884,"teamXp":0.015327160246670246,"teamDeaths":0,"enemyTowersLeft":1,"deaths":0,"teamNetWorth":0.046549998223781586,"teamKills":0},"lastItemPurchased":[0,0,0,1,0,0,0,0,0,0,0]},"npc_dota_hero_ogre_magi":{"lastAbilityUpgraded":"","victory":false,"state":{"kills":0,"towersLeft":1,"netWorth":0.00953999999910593,"xp":0.00793209858238697,"teamXp":0.015327160246670246,"teamDeaths":0,"enemyTowersLeft":1,"deaths":0,"teamNetWorth":0.046549998223781586,"teamKills":0},"lastItemPurchased":[0,0,0,1,0,0,0,0,0,0,0]},"npc_dota_hero_pugna":{"lastAbilityUpgraded":"","victory":true,"state":{"kills":0,"towersLeft":1,"netWorth":0.013050000183284283,"xp":0.03466049209237099,"teamXp":0.03194444626569748,"teamDeaths":0,"enemyTowersLeft":1,"deaths":0,"teamNetWorth":0.06241000071167946,"teamKills":0},"lastItemPurchased":[0,0,0,1,0,0,0,0,0,0,0]}}}