{"gameTime":50,"state":{"npc_dota_hero_nyx_assassin":{"lastAbilityUpgraded":"","victory":false,"state":{"kills":0.00800000037997961,"towersLeft":0.6666666865348816,"netWorth":0.08972000330686569,"xp":0.5414506196975708,"teamXp":0.5277839303016663,"teamDeaths":0.03999999910593033,"enemyTowersLeft":0.6666666865348816,"deaths":0.006000000052154064,"teamNetWorth":0.5117200016975403,"teamKills":0.041999999433755875},"lastItemPurchased":[0,0,0,0,0,0,0,0,0,0,0]},"npc_dota_hero_life_stealer":{"lastAbilityUpgraded":"","victory":false,"state":{"kills":0.017999999225139618,"towersLeft":0.6666666865348816,"netWorth":0.15137000381946564,"xp":0.7123456597328186,"teamXp":0.5277839303016663,"teamDeaths":0.03999999910593033,"enemyTowersLeft":0.6666666865348816,"deaths":0.007000000216066837,"teamNetWorth":0.5117200016975403,"teamKills":0.041999999433755875},"lastItemPurchased":[0,0,0,0,0,0,0,0,0,0,0]},"npc_dota_hero_rubick":{"lastAbilityUpgraded":"","victory":false,"state":{"kills":0.0020000000949949026,"towersLeft":0.6666666865348816,"netWorth":0.05372000113129616,"xp":0.3683641850948334,"teamXp":0.5277839303016663,"teamDeaths":0.03999999910593033,"enemyTowersLeft":0.6666666865348816,"deaths":0.008999999612569809,"teamNetWorth":0.5117200016975403,"teamKills":0.041999999433755875},"lastItemPurchased":[0,0,0,0,0,0,0,0,0,0,0]},"npc_dota_hero_sand_king":{"lastAbilityUpgraded":"","victory":false,"state":{"kills":0.007000000216066837,"towersLeft":0.6666666865348816,"netWorth":0.09249000251293182,"xp":0.38290122151374817,"teamXp":0.5277839303016663,"teamDeaths":0.03999999910593033,"enemyTowersLeft":0.6666666865348816,"deaths":0.009999999776482582,"teamNetWorth":0.5117200016975403,"teamKills":0.041999999433755875},"lastItemPurchased":[1,0,0,0,0,0,0,0,0,0,0]},"npc_dota_hero_terrorblade":{"lastAbilityUpgraded":"","victory":true,"state":{"kills":0.014000000432133675,"towersLeft":0.6363636255264282,"netWorth":0.296889990568161,"xp":0.9101543426513672,"teamXp":0.6822222471237183,"teamDeaths":0.0430000014603138,"enemyTowersLeft":0.6363636255264282,"deaths":0.004999999888241291,"teamNetWorth":0.735040009021759,"teamKills":0.039000000804662704},"lastItemPurchased":[0,0,0,0,0,0,0,0,0,0,0]},"npc_dota_hero_mirana":{"lastAbilityUpgraded":"","victory":true,"state":{"kills":0.00800000037997961,"towersLeft":0.6363636255264282,"netWorth":0.1270499974489212,"xp":0.6425308585166931,"teamXp":0.6822222471237183,"teamDeaths":0.0430000014603138,"enemyTowersLeft":0.6363636255264282,"deaths":0.008999999612569809,"teamNetWorth":0.735040009021759,"teamKills":0.039000000804662704},"lastItemPurchased":[1,0,0,0,0,0,0,0,0,0,0]},"npc_dota_hero_slardar":{"lastAbilityUpgraded":"","victory":true,"state":{"kills":0.004999999888241291,"towersLeft":0.6363636255264282,"netWorth":0.09726999700069427,"xp":0.6128086447715759,"teamXp":0.6822222471237183,"teamDeaths":0.0430000014603138,"enemyTowersLeft":0.6363636255264282,"deaths":0.014000000432133675,"teamNetWorth":0.735040009021759,"teamKills":0.039000000804662704},"lastItemPurchased":[0,0,0,0,0,0,0,0,0,0,0]},"npc_dota_hero_lion":{"lastAbilityUpgraded":"","victory":true,"state":{"kills":0.004999999888241291,"towersLeft":0.6363636255264282,"netWorth":0.056370001286268234,"xp":0.48021605610847473,"teamXp":0.6822222471237183,"teamDeaths":0.0430000014603138,"enemyTowersLeft":0.6363636255264282,"deaths":0.012000000104308128,"teamNetWorth":0.735040009021759,"teamKills":0.039000000804662704},"lastItemPurchased":[0,0,0,0,0,0,1,0,0,0,0]},"npc_dota_hero_rattletrap":{"lastAbilityUpgraded":"","victory":true,"state":{"kills":0.007000000216066837,"towersLeft":0.6363636255264282,"netWorth":0.15746000409126282,"xp":0.7654012441635132,"teamXp":0.6822222471237183,"teamDeaths":0.0430000014603138,"enemyTowersLeft":0.6363636255264282,"deaths":0.003000000026077032,"teamNetWorth":0.735040009021759,"teamKills":0.039000000804662704},"lastItemPurchased":[0,0,0,0,0,0,0,0,0,0,1]},"npc_dota_hero_magnataur":{"lastAbilityUpgraded":"","victory":false,"state":{"kills":0.007000000216066837,"towersLeft":0.6666666865348816,"netWorth":0.12442000210285187,"xp":0.6338580250740051,"teamXp":0.5277839303016663,"teamDeaths":0.03999999910593033,"enemyTowersLeft":0.6666666865348816,"deaths":0.00800000037997961,"teamNetWorth":0.5117200016975403,"teamKills":0.041999999433755875},"lastItemPurchased":[0,0,0,0,0,0,0,0,0,0,0]}}}