{"gameTime":13,"state":{"npc_dota_hero_bloodseeker":{"lastAbilityUpgraded":"","victory":false,"state":{"kills":0,"towersLeft":0.9696969985961914,"netWorth":0.023329999297857285,"xp":0.09820987284183502,"teamXp":0.07414814829826355,"teamDeaths":0.007000000216066837,"enemyTowersLeft":1,"deaths":0.0010000000474974513,"teamNetWorth":0.10193999856710434,"teamKills":0.007000000216066837},"lastItemPurchased":[0,0,0,0,0,0,0,0,0,0,0]},"npc_dota_hero_storm_spirit":{"lastAbilityUpgraded":"","victory":true,"state":{"kills":0.0020000000949949026,"towersLeft":1,"netWorth":0.034279998391866684,"xp":0.12910494208335876,"teamXp":0.07271604984998703,"teamDeaths":0.00800000037997961,"enemyTowersLeft":0.9696969985961914,"deaths":0.0010000000474974513,"teamNetWorth":0.1043199971318245,"teamKills":0.004999999888241291},"lastItemPurchased":[0,0,0,0,1,0,0,0,0,0,0]},"npc_dota_hero_witch_doctor":{"lastAbilityUpgraded":"","victory":true,"state":{"kills":0.0010000000474974513,"towersLeft":1,"netWorth":0.013570000417530537,"xp":0.03382715955376625,"teamXp":0.07271604984998703,"teamDeaths":0.00800000037997961,"enemyTowersLeft":0.9696969985961914,"deaths":0.0010000000474974513,"teamNetWorth":0.1043199971318245,"teamKills":0.004999999888241291},"lastItemPurchased":[0,0,0,0,0,0,0,0,0,0,0]},"npc_dota_hero_drow_ranger":{"lastAbilityUpgraded":"","victory":true,"state":{"kills":0.0020000000949949026,"towersLeft":1,"netWorth":0.022859999909996986,"xp":0.05879629775881767,"teamXp":0.07271604984998703,"teamDeaths":0.00800000037997961,"enemyTowersLeft":0.9696969985961914,"deaths":0.0020000000949949026,"teamNetWorth":0.1043199971318245,"teamKills":0.004999999888241291},"lastItemPurchased":[0,0,0,0,0,0,0,0,0,0,0]},"npc_dota_hero_huskar":{"lastAbilityUpgraded":"","victory":false,"state":{"kills":0.003000000026077032,"towersLeft":0.9696969985961914,"netWorth":0.04041999951004982,"xp":0.14824074506759644,"teamXp":0.07414814829826355,"teamDeaths":0.007000000216066837,"enemyTowersLeft":1,"deaths":0.0010000000474974513,"teamNetWorth":0.10193999856710434,"teamKills":0.007000000216066837},"lastItemPurchased":[0,0,1,0,0,0,0,0,0,0,0]},"npc_dota_hero_oracle":{"lastAbilityUpgraded":"","victory":false,"state":{"kills":0,"towersLeft":0.9696969985961914,"netWorth":0.008070000447332859,"xp":0.022160494700074196,"teamXp":0.07414814829826355,"teamDeaths":0.007000000216066837,"enemyTowersLeft":1,"deaths":0.0020000000949949026,"teamNetWorth":0.10193999856710434,"teamKills":0.007000000216066837},"lastItemPurchased":[0,0,0,0,0,0,0,0,0,0,0]},"npc_dota_hero_ogre_magi":{"lastAbilityUpgraded":"","victory":true,"state":{"kills":0,"towersLeft":1,"netWorth":0.011610000394284725,"xp":0.03848765417933464,"teamXp":0.07271604984998703,"teamDeaths":0.00800000037997961,"enemyTowersLeft":0.9696969985961914,"deaths":0.0010000000474974513,"teamNetWorth":0.1043199971318245,"teamKills":0.004999999888241291},"lastItemPurchased":[0,0,0,1,0,0,0,0,0,0,0]},"npc_dota_hero_wisp":{"lastAbilityUpgraded":"","victory":false,"state":{"kills":0.0010000000474974513,"towersLeft":0.9696969985961914,"netWorth":0.013650000095367432,"xp":0.040432099252939224,"teamXp":0.07414814829826355,"teamDeaths":0.007000000216066837,"enemyTowersLeft":1,"deaths":0.0010000000474974513,"teamNetWorth":0.10193999856710434,"teamKills":0.007000000216066837},"lastItemPurchased":[0,0,0,0,0,0,0,0,0,0,0]},"npc_dota_hero_omniknight":{"lastAbilityUpgraded":"","victory":true,"state":{"kills":0,"towersLeft":1,"netWorth":0.02199999988079071,"xp":0.10336419939994812,"teamXp":0.07271604984998703,"teamDeaths":0.00800000037997961,"enemyTowersLeft":0.9696969985961914,"deaths":0.003000000026077032,"teamNetWorth":0.1043199971318245,"teamKills":0.004999999888241291},"lastItemPurchased":[0,0,0,0,1,0,0,0,0,0,0]},"npc_dota_hero_batrider":{"lastAbilityUpgraded":"","victory":false,"state":{"kills":0.003000000026077032,"towersLeft":0.9696969985961914,"netWorth":0.01647000014781952,"xp":0.06169753149151802,"teamXp":0.07414814829826355,"teamDeaths":0.007000000216066837,"enemyTowersLeft":1,"deaths":0.0020000000949949026,"teamNetWorth":0.10193999856710434,"teamKills":0.007000000216066837},"lastItemPurchased":[0,1,0,0,0,0,0,0,0,0,0]}}}