{"gameTime":44,"state":{"npc_dota_hero_sand_king":{"lastAbilityUpgraded":"","victory":false,"state":{"kills":0.003000000026077032,"towersLeft":0.6969696879386902,"netWorth":0.06486000120639801,"xp":0.4299074113368988,"teamXp":0.5238024592399597,"teamDeaths":0.032999999821186066,"enemyTowersLeft":0.8484848737716675,"deaths":0.006000000052154064,"teamNetWorth":0.47832000255584717,"teamKills":0.028999999165534973},"lastItemPurchased":[0,0,0,0,0,0,0,0,0,0,0]},"npc_dota_hero_nevermore":{"lastAbilityUpgraded":"","victory":false,"state":{"kills":0.009999999776482582,"towersLeft":0.6969696879386902,"netWorth":0.1455100029706955,"xp":0.686604917049408,"teamXp":0.5238024592399597,"teamDeaths":0.032999999821186066,"enemyTowersLeft":0.8484848737716675,"deaths":0.004999999888241291,"teamNetWorth":0.47832000255584717,"teamKills":0.028999999165534973},"lastItemPurchased":[0,0,0,0,0,0,0,0,0,0,0]},"npc_dota_hero_mirana":{"lastAbilityUpgraded":"","victory":true,"state":{"kills":0.009999999776482582,"towersLeft":0.8787878751754761,"netWorth":0.13867999613285065,"xp":0.7047839760780334,"teamXp":0.6654815077781677,"teamDeaths":0.029999999329447746,"enemyTowersLeft":0.7272727489471436,"deaths":0.004999999888241291,"teamNetWorth":0.7193599939346313,"teamKills":0.027000000700354576},"lastItemPurchased":[0,0,0,0,0,0,0,0,0,0,0]},"npc_dota_hero_luna":{"lastAbilityUpgraded":"","victory":false,"state":{"kills":0.00800000037997961,"towersLeft":0.6969696879386902,"netWorth":0.16329999268054962,"xp":0.6395061612129211,"teamXp":0.5238024592399597,"teamDeaths":0.032999999821186066,"enemyTowersLeft":0.8484848737716675,"deaths":0.004999999888241291,"teamNetWorth":0.47832000255584717,"teamKills":0.028999999165534973},"lastItemPurchased":[0,0,0,0,0,0,0,0,0,0,0]},"npc_dota_hero_keeper_of_the_light":{"lastAbilityUpgraded":"","victory":true,"state":{"kills":0.003000000026077032,"towersLeft":0.8787878751754761,"netWorth":0.08959999680519104,"xp":0.4218827188014984,"teamXp":0.6654815077781677,"teamDeaths":0.029999999329447746,"enemyTowersLeft":0.7272727489471436,"deaths":0.004999999888241291,"teamNetWorth":0.7193599939346313,"teamKills":0.027000000700354576},"lastItemPurchased":[1,0,0,0,0,0,0,0,0,0,0]},"npc_dota_hero_shredder":{"lastAbilityUpgraded":"","victory":false,"state":{"kills":0.003000000026077032,"towersLeft":0.6969696879386902,"netWorth":0.0895799994468689,"xp":0.536790132522583,"teamXp":0.5238024592399597,"teamDeaths":0.032999999821186066,"enemyTowersLeft":0.8484848737716675,"deaths":0.007000000216066837,"teamNetWorth":0.47832000255584717,"teamKills":0.028999999165534973},"lastItemPurchased":[0,0,0,0,0,0,0,0,0,0,0]},"npc_dota_hero_brewmaster":{"lastAbilityUpgraded":"","victory":true,"state":{"kills":0.003000000026077032,"towersLeft":0.8787878751754761,"netWorth":0.1241300031542778,"xp":0.6620370149612427,"teamXp":0.6654815077781677,"teamDeaths":0.029999999329447746,"enemyTowersLeft":0.7272727489471436,"deaths":0.007000000216066837,"teamNetWorth":0.7193599939346313,"teamKills":0.027000000700354576},"lastItemPurchased":[0,0,0,0,0,0,0,0,0,0,0]},"npc_dota_hero_shadow_demon":{"lastAbilityUpgraded":"","victory":false,"state":{"kills":0.004999999888241291,"towersLeft":0.6969696879386902,"netWorth":0.015069999732077122,"xp":0.32620370388031006,"teamXp":0.5238024592399597,"teamDeaths":0.032999999821186066,"enemyTowersLeft":0.8484848737716675,"deaths":0.009999999776482582,"teamNetWorth":0.47832000255584717,"teamKills":0.028999999165534973},"lastItemPurchased":[0,0,0,0,0,0,0,0,0,0,0]},"npc_dota_hero_sven":{"lastAbilityUpgraded":"","victory":true,"state":{"kills":0.004999999888241291,"towersLeft":0.8787878751754761,"netWorth":0.1861100047826767,"xp":0.8045987486839294,"teamXp":0.6654815077781677,"teamDeaths":0.029999999329447746,"enemyTowersLeft":0.7272727489471436,"deaths":0.004999999888241291,"teamNetWorth":0.7193599939346313,"teamKills":0.027000000700354576},"lastItemPurchased":[0,0,0,0,0,0,0,1,0,0,0]},"npc_dota_hero_obsidian_destroyer":{"lastAbilityUpgraded":"","victory":true,"state":{"kills":0.006000000052154064,"towersLeft":0.8787878751754761,"netWorth":0.18084000051021576,"xp":0.7341049313545227,"teamXp":0.6654815077781677,"teamDeaths":0.029999999329447746,"enemyTowersLeft":0.7272727489471436,"deaths":0.00800000037997961,"teamNetWorth":0.7193599939346313,"teamKills":0.027000000700354576},"lastItemPurchased":[0,0,0,0,0,0,0,0,0,0,0]}}}