{"gameTime":45,"state":{"npc_dota_hero_sand_king":{"lastAbilityUpgraded":"","victory":false,"state":{"kills":0.003000000026077032,"towersLeft":0.6060606241226196,"netWorth":0.07385999709367752,"xp":0.4944135844707489,"teamXp":0.568148136138916,"teamDeaths":0.035999998450279236,"enemyTowersLeft":0.8484848737716675,"deaths":0.006000000052154064,"teamNetWorth":0.5009400248527527,"teamKills":0.03200000151991844},"lastItemPurchased":[0,0,0,0,0,0,0,0,0,0,0]},"npc_dota_hero_nevermore":{"lastAbilityUpgraded":"","victory":false,"state":{"kills":0.012000000104308128,"towersLeft":0.6060606241226196,"netWorth":0.14969000220298767,"xp":0.7237654328346252,"teamXp":0.568148136138916,"teamDeaths":0.035999998450279236,"enemyTowersLeft":0.8484848737716675,"deaths":0.006000000052154064,"teamNetWorth":0.5009400248527527,"teamKills":0.03200000151991844},"lastItemPurchased":[0,0,0,0,0,0,0,0,0,0,0]},"npc_dota_hero_mirana":{"lastAbilityUpgraded":"","victory":true,"state":{"kills":0.009999999776482582,"towersLeft":0.8787878751754761,"netWorth":0.13268999755382538,"xp":0.7047839760780334,"teamXp":0.7080925703048706,"teamDeaths":0.032999999821186066,"enemyTowersLeft":0.6363636255264282,"deaths":0.006000000052154064,"teamNetWorth":0.7338299751281738,"teamKills":0.028999999165534973},"lastItemPurchased":[0,0,0,0,0,0,0,0,0,0,0]},"npc_dota_hero_luna":{"lastAbilityUpgraded":"","victory":false,"state":{"kills":0.008999999612569809,"towersLeft":0.6060606241226196,"netWorth":0.17047999799251556,"xp":0.7083333134651184,"teamXp":0.568148136138916,"teamDeaths":0.035999998450279236,"enemyTowersLeft":0.8484848737716675,"deaths":0.006000000052154064,"teamNetWorth":0.5009400248527527,"teamKills":0.03200000151991844},"lastItemPurchased":[0,0,0,0,0,0,0,1,0,0,0]},"npc_dota_hero_keeper_of_the_light":{"lastAbilityUpgraded":"","victory":true,"state":{"kills":0.003000000026077032,"towersLeft":0.8787878751754761,"netWorth":0.0967399999499321,"xp":0.49209877848625183,"teamXp":0.7080925703048706,"teamDeaths":0.032999999821186066,"enemyTowersLeft":0.6363636255264282,"deaths":0.004999999888241291,"teamNetWorth":0.7338299751281738,"teamKills":0.028999999165534973},"lastItemPurchased":[0,0,0,0,0,0,0,0,0,0,0]},"npc_dota_hero_shredder":{"lastAbilityUpgraded":"","victory":false,"state":{"kills":0.003000000026077032,"towersLeft":0.6060606241226196,"netWorth":0.09313999861478806,"xp":0.5636419653892517,"teamXp":0.568148136138916,"teamDeaths":0.035999998450279236,"enemyTowersLeft":0.8484848737716675,"deaths":0.007000000216066837,"teamNetWorth":0.5009400248527527,"teamKills":0.03200000151991844},"lastItemPurchased":[1,0,0,0,0,0,0,0,0,0,0]},"npc_dota_hero_brewmaster":{"lastAbilityUpgraded":"","victory":true,"state":{"kills":0.003000000026077032,"towersLeft":0.8787878751754761,"netWorth":0.12234999984502792,"xp":0.6826851963996887,"teamXp":0.7080925703048706,"teamDeaths":0.032999999821186066,"enemyTowersLeft":0.6363636255264282,"deaths":0.00800000037997961,"teamNetWorth":0.7338299751281738,"teamKills":0.028999999165534973},"lastItemPurchased":[0,0,0,0,0,0,0,0,0,0,0]},"npc_dota_hero_shadow_demon":{"lastAbilityUpgraded":"","victory":false,"state":{"kills":0.004999999888241291,"towersLeft":0.6060606241226196,"netWorth":0.013770000077784061,"xp":0.3505864143371582,"teamXp":0.568148136138916,"teamDeaths":0.035999998450279236,"enemyTowersLeft":0.8484848737716675,"deaths":0.010999999940395355,"teamNetWorth":0.5009400248527527,"teamKills":0.03200000151991844},"lastItemPurchased":[0,0,0,0,0,0,0,0,0,0,0]},"npc_dota_hero_sven":{"lastAbilityUpgraded":"","victory":true,"state":{"kills":0.006000000052154064,"towersLeft":0.8787878751754761,"netWorth":0.19158999621868134,"xp":0.8496296405792236,"teamXp":0.7080925703048706,"teamDeaths":0.032999999821186066,"enemyTowersLeft":0.6363636255264282,"deaths":0.004999999888241291,"teamNetWorth":0.7338299751281738,"teamKills":0.028999999165534973},"lastItemPurchased":[0,0,0,0,0,0,0,0,0,0,0]},"npc_dota_hero_obsidian_destroyer":{"lastAbilityUpgraded":"","victory":true,"state":{"kills":0.007000000216066837,"towersLeft":0.8787878751754761,"netWorth":0.1904599964618683,"xp":0.8112654089927673,"teamXp":0.7080925703048706,"teamDeaths":0.032999999821186066,"enemyTowersLeft":0.6363636255264282,"deaths":0.008999999612569809,"teamNetWorth":0.7338299751281738,"teamKills":0.028999999165534973},"lastItemPurchased":[0,0,0,0,0,0,0,0,0,0,0]}}}