{"gameTime":19,"state":{"npc_dota_hero_life_stealer":{"lastAbilityUpgraded":"","victory":false,"state":{"kills":0,"towersLeft":0.939393937587738,"netWorth":0.027310000732541084,"xp":0.13114197552204132,"teamXp":0.09961111098527908,"teamDeaths":0.007000000216066837,"enemyTowersLeft":1,"deaths":0.0020000000949949026,"teamNetWorth":0.13332000374794006,"teamKills":0.003000000026077032},"lastItemPurchased":[0,0,0,0,0,0,0,0,0,0,0]},"npc_dota_hero_riki":{"lastAbilityUpgraded":"","victory":false,"state":{"kills":0.0010000000474974513,"towersLeft":0.939393937587738,"netWorth":0.015180000104010105,"xp":0.057283949106931686,"teamXp":0.09961111098527908,"teamDeaths":0.007000000216066837,"enemyTowersLeft":1,"deaths":0.0010000000474974513,"teamNetWorth":0.13332000374794006,"teamKills":0.003000000026077032},"lastItemPurchased":[0,0,0,0,0,0,0,0,0,0,0]},"npc_dota_hero_alchemist":{"lastAbilityUpgraded":"","victory":false,"state":{"kills":0.0010000000474974513,"towersLeft":0.939393937587738,"netWorth":0.06775999814271927,"xp":0.17234568297863007,"teamXp":0.09961111098527908,"teamDeaths":0.007000000216066837,"enemyTowersLeft":1,"deaths":0.0010000000474974513,"teamNetWorth":0.13332000374794006,"teamKills":0.003000000026077032},"lastItemPurchased":[0,0,0,0,0,0,0,0,0,0,0]},"npc_dota_hero_sand_king":{"lastAbilityUpgraded":"","victory":false,"state":{"kills":0.0010000000474974513,"towersLeft":0.939393937587738,"netWorth":0.016939999535679817,"xp":0.07987654209136963,"teamXp":0.09961111098527908,"teamDeaths":0.007000000216066837,"enemyTowersLeft":1,"deaths":0,"teamNetWorth":0.13332000374794006,"teamKills":0.003000000026077032},"lastItemPurchased":[0,0,0,0,0,0,0,0,0,0,0]},"npc_dota_hero_phantom_assassin":{"lastAbilityUpgraded":"","victory":true,"state":{"kills":0.004999999888241291,"towersLeft":1,"netWorth":0.0419900007545948,"xp":0.1697530895471573,"teamXp":0.11637654155492783,"teamDeaths":0.003000000026077032,"enemyTowersLeft":0.939393937587738,"deaths":0.0010000000474974513,"teamNetWorth":0.15746000409126282,"teamKills":0.007000000216066837},"lastItemPurchased":[0,0,0,0,0,0,0,0,0,0,0]},"npc_dota_hero_mirana":{"lastAbilityUpgraded":"","victory":true,"state":{"kills":0,"towersLeft":1,"netWorth":0.01607999950647354,"xp":0.04651234671473503,"teamXp":0.11637654155492783,"teamDeaths":0.003000000026077032,"enemyTowersLeft":0.939393937587738,"deaths":0.0020000000949949026,"teamNetWorth":0.15746000409126282,"teamKills":0.007000000216066837},"lastItemPurchased":[1,0,0,0,0,0,0,0,0,0,0]},"npc_dota_hero_slardar":{"lastAbilityUpgraded":"","victory":true,"state":{"kills":0.0010000000474974513,"towersLeft":1,"netWorth":0.02962999977171421,"xp":0.11450617015361786,"teamXp":0.11637654155492783,"teamDeaths":0.003000000026077032,"enemyTowersLeft":0.939393937587738,"deaths":0,"teamNetWorth":0.15746000409126282,"teamKills":0.007000000216066837},"lastItemPurchased":[0,0,0,0,0,0,0,0,0,0,0]},"npc_dota_hero_shadow_demon":{"lastAbilityUpgraded":"","victory":false,"state":{"kills":0,"towersLeft":0.939393937587738,"netWorth":0.006130000110715628,"xp":0.05740740895271301,"teamXp":0.09961111098527908,"teamDeaths":0.007000000216066837,"enemyTowersLeft":1,"deaths":0.003000000026077032,"teamNetWorth":0.13332000374794006,"teamKills":0.003000000026077032},"lastItemPurchased":[0,0,0,0,0,0,0,0,0,0,0]},"npc_dota_hero_shadow_shaman":{"lastAbilityUpgraded":"","victory":true,"state":{"kills":0,"towersLeft":1,"netWorth":0.01501999981701374,"xp":0.08796296268701553,"teamXp":0.11637654155492783,"teamDeaths":0.003000000026077032,"enemyTowersLeft":0.939393937587738,"deaths":0,"teamNetWorth":0.15746000409126282,"teamKills":0.007000000216066837},"lastItemPurchased":[0,0,0,0,0,0,0,0,0,0,0]},"npc_dota_hero_juggernaut":{"lastAbilityUpgraded":"","victory":true,"state":{"kills":0.0010000000474974513,"towersLeft":1,"netWorth":0.054740000516176224,"xp":0.16314814984798431,"teamXp":0.11637654155492783,"teamDeaths":0.003000000026077032,"enemyTowersLeft":0.939393937587738,"deaths":0,"teamNetWorth":0.15746000409126282,"teamKills":0.007000000216066837},"lastItemPurchased":[0,0,0,0,0,0,0,0,0,0,0]}}}