{"gameTime":18,"state":{"npc_dota_hero_witch_doctor":{"lastAbilityUpgraded":"","victory":false,"state":{"kills":0,"towersLeft":0.939393937587738,"netWorth":0.008569999597966671,"xp":0.06373456865549088,"teamXp":0.11761728674173355,"teamDeaths":0.010999999940395355,"enemyTowersLeft":1,"deaths":0.0020000000949949026,"teamNetWorth":0.11934000253677368,"teamKills":0},"lastItemPurchased":[0,0,0,0,0,0,0,0,0,0,0]},"npc_dota_hero_life_stealer":{"lastAbilityUpgraded":"","victory":true,"state":{"kills":0,"towersLeft":1,"netWorth":0.05039000138640404,"xp":0.19203703105449677,"teamXp":0.1935679018497467,"teamDeaths":0.0010000000474974513,"enemyTowersLeft":0.939393937587738,"deaths":0,"teamNetWorth":0.25453999638557434,"teamKills":0.009999999776482582},"lastItemPurchased":[0,0,0,0,0,0,0,0,0,0,0]},"npc_dota_hero_riki":{"lastAbilityUpgraded":"","victory":true,"state":{"kills":0.0010000000474974513,"towersLeft":1,"netWorth":0.014430000446736813,"xp":0.049444444477558136,"teamXp":0.1935679018497467,"teamDeaths":0.0010000000474974513,"enemyTowersLeft":0.939393937587738,"deaths":0.0010000000474974513,"teamNetWorth":0.25453999638557434,"teamKills":0.009999999776482582},"lastItemPurchased":[0,0,0,0,0,0,0,0,0,0,0]},"npc_dota_hero_alchemist":{"lastAbilityUpgraded":"","victory":false,"state":{"kills":0,"towersLeft":0.939393937587738,"netWorth":0.05940999835729599,"xp":0.19675925374031067,"teamXp":0.11761728674173355,"teamDeaths":0.010999999940395355,"enemyTowersLeft":1,"deaths":0.0010000000474974513,"teamNetWorth":0.11934000253677368,"teamKills":0},"lastItemPurchased":[0,0,0,0,0,0,0,0,0,0,0]},"npc_dota_hero_techies":{"lastAbilityUpgraded":"","victory":false,"state":{"kills":0,"towersLeft":0.939393937587738,"netWorth":0.02565000019967556,"xp":0.14444445073604584,"teamXp":0.11761728674173355,"teamDeaths":0.010999999940395355,"enemyTowersLeft":1,"deaths":0.0010000000474974513,"teamNetWorth":0.11934000253677368,"teamKills":0},"lastItemPurchased":[0,0,0,0,0,0,0,0,0,0,0]},"npc_dota_hero_phantom_assassin":{"lastAbilityUpgraded":"","victory":false,"state":{"kills":0,"towersLeft":0.939393937587738,"netWorth":0.020150000229477882,"xp":0.12604938447475433,"teamXp":0.11761728674173355,"teamDeaths":0.010999999940395355,"enemyTowersLeft":1,"deaths":0.003000000026077032,"teamNetWorth":0.11934000253677368,"teamKills":0},"lastItemPurchased":[0,0,0,0,0,0,0,0,0,0,0]},"npc_dota_hero_bounty_hunter":{"lastAbilityUpgraded":"","victory":false,"state":{"kills":0,"towersLeft":0.939393937587738,"netWorth":0.0055599999614059925,"xp":0.057098764926195145,"teamXp":0.11761728674173355,"teamDeaths":0.010999999940395355,"enemyTowersLeft":1,"deaths":0.004000000189989805,"teamNetWorth":0.11934000253677368,"teamKills":0},"lastItemPurchased":[0,0,0,0,0,0,0,0,0,0,0]},"npc_dota_hero_razor":{"lastAbilityUpgraded":"","victory":true,"state":{"kills":0.003000000026077032,"towersLeft":1,"netWorth":0.06593000143766403,"xp":0.22768518328666687,"teamXp":0.1935679018497467,"teamDeaths":0.0010000000474974513,"enemyTowersLeft":0.939393937587738,"deaths":0,"teamNetWorth":0.25453999638557434,"teamKills":0.009999999776482582},"lastItemPurchased":[0,0,0,0,0,0,0,0,0,0,0]},"npc_dota_hero_shredder":{"lastAbilityUpgraded":"","victory":true,"state":{"kills":0.004999999888241291,"towersLeft":1,"netWorth":0.06996999680995941,"xp":0.282006174325943,"teamXp":0.1935679018497467,"teamDeaths":0.0010000000474974513,"enemyTowersLeft":0.939393937587738,"deaths":0,"teamNetWorth":0.25453999638557434,"teamKills":0.009999999776482582},"lastItemPurchased":[0,0,0,1,0,0,0,0,0,0,0]},"npc_dota_hero_slark":{"lastAbilityUpgraded":"","victory":true,"state":{"kills":0.0010000000474974513,"towersLeft":1,"netWorth":0.05381999909877777,"xp":0.21666666865348816,"teamXp":0.1935679018497467,"teamDeaths":0.0010000000474974513,"enemyTowersLeft":0.939393937587738,"deaths":0,"teamNetWorth":0.25453999638557434,"teamKills":0.009999999776482582},"lastItemPurchased":[0,0,0,0,0,0,0,0,0,0,0]}}}