{"gameTime":15,"state":{"npc_dota_hero_ursa":{"lastAbilityUpgraded":"","victory":true,"state":{"kills":0.0020000000949949026,"towersLeft":1,"netWorth":0.030859999358654022,"xp":0.13021604716777802,"teamXp":0.09482716023921967,"teamDeaths":0.004999999888241291,"enemyTowersLeft":1,"deaths":0.0020000000949949026,"teamNetWorth":0.1271599978208542,"teamKills":0.00800000037997961},"lastItemPurchased":[0,0,0,1,0,0,0,0,0,0,0]},"npc_dota_hero_life_stealer":{"lastAbilityUpgraded":"","victory":false,"state":{"kills":0,"towersLeft":1,"netWorth":0.033149998635053635,"xp":0.14351852238178253,"teamXp":0.0828765407204628,"teamDeaths":0.008999999612569809,"enemyTowersLeft":1,"deaths":0.0010000000474974513,"teamNetWorth":0.10033000260591507,"teamKills":0.003000000026077032},"lastItemPurchased":[0,0,0,0,0,0,0,0,0,0,0]},"npc_dota_hero_winter_wyvern":{"lastAbilityUpgraded":"","victory":true,"state":{"kills":0.0020000000949949026,"towersLeft":1,"netWorth":0.0236200001090765,"xp":0.0851234570145607,"teamXp":0.09482716023921967,"teamDeaths":0.004999999888241291,"enemyTowersLeft":1,"deaths":0.0010000000474974513,"teamNetWorth":0.1271599978208542,"teamKills":0.00800000037997961},"lastItemPurchased":[0,0,0,0,0,0,0,0,0,0,0]},"npc_dota_hero_rubick":{"lastAbilityUpgraded":"","victory":false,"state":{"kills":0.0010000000474974513,"towersLeft":1,"netWorth":0.011180000379681587,"xp":0.03737654164433479,"teamXp":0.0828765407204628,"teamDeaths":0.008999999612569809,"enemyTowersLeft":1,"deaths":0.0010000000474974513,"teamNetWorth":0.10033000260591507,"teamKills":0.003000000026077032},"lastItemPurchased":[0,0,0,0,0,0,0,0,0,0,0]},"npc_dota_hero_earthshaker":{"lastAbilityUpgraded":"","victory":true,"state":{"kills":0,"towersLeft":1,"netWorth":0.018209999427199364,"xp":0.05413580313324928,"teamXp":0.09482716023921967,"teamDeaths":0.004999999888241291,"enemyTowersLeft":1,"deaths":0.0010000000474974513,"teamNetWorth":0.1271599978208542,"teamKills":0.00800000037997961},"lastItemPurchased":[1,0,0,0,0,0,0,0,0,0,0]},"npc_dota_hero_mirana":{"lastAbilityUpgraded":"","victory":true,"state":{"kills":0.0020000000949949026,"towersLeft":1,"netWorth":0.019349999725818634,"xp":0.06861110776662827,"teamXp":0.09482716023921967,"teamDeaths":0.004999999888241291,"enemyTowersLeft":1,"deaths":0.0010000000474974513,"teamNetWorth":0.1271599978208542,"teamKills":0.00800000037997961},"lastItemPurchased":[0,0,0,0,0,0,0,0,0,0,0]},"npc_dota_hero_kunkka":{"lastAbilityUpgraded":"","victory":false,"state":{"kills":0,"towersLeft":1,"netWorth":0.00558000011369586,"xp":0.04530864208936691,"teamXp":0.0828765407204628,"teamDeaths":0.008999999612569809,"enemyTowersLeft":1,"deaths":0.004000000189989805,"teamNetWorth":0.10033000260591507,"teamKills":0.003000000026077032},"lastItemPurchased":[0,0,0,1,0,0,0,0,0,0,0]},"npc_dota_hero_sven":{"lastAbilityUpgraded":"","victory":false,"state":{"kills":0,"towersLeft":1,"netWorth":0.02410000003874302,"xp":0.07750000059604645,"teamXp":0.0828765407204628,"teamDeaths":0.008999999612569809,"enemyTowersLeft":1,"deaths":0.0020000000949949026,"teamNetWorth":0.10033000260591507,"teamKills":0.003000000026077032},"lastItemPurchased":[0,0,0,1,0,0,0,0,0,0,0]},"npc_dota_hero_omniknight":{"lastAbilityUpgraded":"","victory":false,"state":{"kills":0.0020000000949949026,"towersLeft":1,"netWorth":0.026319999247789383,"xp":0.1106790155172348,"teamXp":0.0828765407204628,"teamDeaths":0.008999999612569809,"enemyTowersLeft":1,"deaths":0.0010000000474974513,"teamNetWorth":0.10033000260591507,"teamKills":0.003000000026077032},"lastItemPurchased":[0,0,1,0,0,0,0,0,0,0,0]},"npc_dota_hero_magnataur":{"lastAbilityUpgraded":"","victory":true,"state":{"kills":0.0020000000949949026,"towersLeft":1,"netWorth":0.03511999920010567,"xp":0.13604938983917236,"teamXp":0.09482716023921967,"teamDeaths":0.004999999888241291,"enemyTowersLeft":1,"deaths":0,"teamNetWorth":0.1271599978208542,"teamKills":0.00800000037997961},"lastItemPurchased":[0,0,0,1,0,0,0,0,0,0,0]}}}