{"gameTime":24,"state":{"npc_dota_hero_bloodseeker":{"lastAbilityUpgraded":"","victory":false,"state":{"kills":0.004000000189989805,"towersLeft":0.8787878751754761,"netWorth":0.04407000169157982,"xp":0.2054629623889923,"teamXp":0.19236420094966888,"teamDeaths":0.02500000037252903,"enemyTowersLeft":1,"deaths":0.004999999888241291,"teamNetWorth":0.18127000331878662,"teamKills":0.014000000432133675},"lastItemPurchased":[0,0,0,0,0,0,0,0,0,0,0]},"npc_dota_hero_faceless_void":{"lastAbilityUpgraded":"","victory":true,"state":{"kills":0.0020000000949949026,"towersLeft":1,"netWorth":0.0473800003528595,"xp":0.25327160954475403,"teamXp":0.24590124189853668,"teamDeaths":0.014999999664723873,"enemyTowersLeft":0.8787878751754761,"deaths":0.006000000052154064,"teamNetWorth":0.29047998785972595,"teamKills":0.019999999552965164},"lastItemPurchased":[0,0,0,0,0,0,0,0,0,0,0]},"npc_dota_hero_phantom_assassin":{"lastAbilityUpgraded":"","victory":false,"state":{"kills":0.004999999888241291,"towersLeft":0.8787878751754761,"netWorth":0.048889998346567154,"xp":0.21194444596767426,"teamXp":0.19236420094966888,"teamDeaths":0.02500000037252903,"enemyTowersLeft":1,"deaths":0.004000000189989805,"teamNetWorth":0.18127000331878662,"teamKills":0.014000000432133675},"lastItemPurchased":[0,0,0,0,0,0,0,0,0,0,0]},"npc_dota_hero_tinker":{"lastAbilityUpgraded":"","victory":true,"state":{"kills":0.010999999940395355,"towersLeft":1,"netWorth":0.09759999811649323,"xp":0.3842284083366394,"teamXp":0.24590124189853668,"teamDeaths":0.014999999664723873,"enemyTowersLeft":0.8787878751754761,"deaths":0.0010000000474974513,"teamNetWorth":0.29047998785972595,"teamKills":0.019999999552965164},"lastItemPurchased":[0,0,0,0,0,0,0,0,0,0,0]},"npc_dota_hero_kunkka":{"lastAbilityUpgraded":"","victory":true,"state":{"kills":0.0010000000474974513,"towersLeft":1,"netWorth":0.023569999262690544,"xp":0.13462963700294495,"teamXp":0.24590124189853668,"teamDeaths":0.014999999664723873,"enemyTowersLeft":0.8787878751754761,"deaths":0.004000000189989805,"teamNetWorth":0.29047998785972595,"teamKills":0.019999999552965164},"lastItemPurchased":[1,0,0,0,0,0,0,0,0,0,0]},"npc_dota_hero_shredder":{"lastAbilityUpgraded":"","victory":false,"state":{"kills":0.0010000000474974513,"towersLeft":0.8787878751754761,"netWorth":0.03319999948143959,"xp":0.17929013073444366,"teamXp":0.19236420094966888,"teamDeaths":0.02500000037252903,"enemyTowersLeft":1,"deaths":0.004999999888241291,"teamNetWorth":0.18127000331878662,"teamKills":0.014000000432133675},"lastItemPurchased":[0,0,0,0,0,0,0,0,0,0,0]},"npc_dota_hero_vengefulspirit":{"lastAbilityUpgraded":"","victory":false,"state":{"kills":0,"towersLeft":0.8787878751754761,"netWorth":0.020360000431537628,"xp":0.15166667103767395,"teamXp":0.19236420094966888,"teamDeaths":0.02500000037252903,"enemyTowersLeft":1,"deaths":0.006000000052154064,"teamNetWorth":0.18127000331878662,"teamKills":0.014000000432133675},"lastItemPurchased":[0,0,0,0,0,0,0,0,0,0,0]},"npc_dota_hero_morphling":{"lastAbilityUpgraded":"","victory":true,"state":{"kills":0.004999999888241291,"towersLeft":1,"netWorth":0.10311999917030334,"xp":0.3316975235939026,"teamXp":0.24590124189853668,"teamDeaths":0.014999999664723873,"enemyTowersLeft":0.8787878751754761,"deaths":0,"teamNetWorth":0.29047998785972595,"teamKills":0.019999999552965164},"lastItemPurchased":[0,0,0,0,0,0,0,0,0,0,0]},"npc_dota_hero_shadow_demon":{"lastAbilityUpgraded":"","victory":true,"state":{"kills":0.0010000000474974513,"towersLeft":1,"netWorth":0.018810000270605087,"xp":0.12567901611328125,"teamXp":0.24590124189853668,"teamDeaths":0.014999999664723873,"enemyTowersLeft":0.8787878751754761,"deaths":0.004000000189989805,"teamNetWorth":0.29047998785972595,"teamKills":0.019999999552965164},"lastItemPurchased":[0,0,0,0,0,0,0,0,0,0,0]},"npc_dota_hero_obsidian_destroyer":{"lastAbilityUpgraded":"","victory":false,"state":{"kills":0.004000000189989805,"towersLeft":0.8787878751754761,"netWorth":0.03474999964237213,"xp":0.21345679461956024,"teamXp":0.19236420094966888,"teamDeaths":0.02500000037252903,"enemyTowersLeft":1,"deaths":0.004999999888241291,"teamNetWorth":0.18127000331878662,"teamKills":0.014000000432133675},"lastItemPurchased":[0,1,0,0,0,0,0,0,0,0,0]}}}