{"gameTime":19,"state":{"npc_dota_hero_nyx_assassin":{"lastAbilityUpgraded":"","victory":false,"state":{"kills":0.0010000000474974513,"towersLeft":0.9696969985961914,"netWorth":0.02085000090301037,"xp":0.12805555760860443,"teamXp":0.10306790471076965,"teamDeaths":0.014000000432133675,"enemyTowersLeft":1,"deaths":0.003000000026077032,"teamNetWorth":0.1120700016617775,"teamKills":0.006000000052154064},"lastItemPurchased":[0,0,0,0,0,0,0,0,0,0,0]},"npc_dota_hero_ursa":{"lastAbilityUpgraded":"","victory":false,"state":{"kills":0,"towersLeft":0.9696969985961914,"netWorth":0.027860000729560852,"xp":0.09882716089487076,"teamXp":0.10306790471076965,"teamDeaths":0.014000000432133675,"enemyTowersLeft":1,"deaths":0.003000000026077032,"teamNetWorth":0.1120700016617775,"teamKills":0.006000000052154064},"lastItemPurchased":[0,0,0,0,0,0,0,0,0,0,0]},"npc_dota_hero_rubick":{"lastAbilityUpgraded":"","victory":false,"state":{"kills":0,"towersLeft":0.9696969985961914,"netWorth":0.00791999977082014,"xp":0.06253086775541306,"teamXp":0.10306790471076965,"teamDeaths":0.014000000432133675,"enemyTowersLeft":1,"deaths":0.004999999888241291,"teamNetWorth":0.1120700016617775,"teamKills":0.006000000052154064},"lastItemPurchased":[0,0,0,0,0,0,0,0,0,0,0]},"npc_dota_hero_sand_king":{"lastAbilityUpgraded":"","victory":true,"state":{"kills":0,"towersLeft":1,"netWorth":0.030710000544786453,"xp":0.1346604973077774,"teamXp":0.14574074745178223,"teamDeaths":0.006000000052154064,"enemyTowersLeft":0.9696969985961914,"deaths":0,"teamNetWorth":0.18449999392032623,"teamKills":0.013000000268220901},"lastItemPurchased":[0,0,0,0,0,0,0,0,0,0,0]},"npc_dota_hero_phantom_assassin":{"lastAbilityUpgraded":"","victory":true,"state":{"kills":0.0010000000474974513,"towersLeft":1,"netWorth":0.027899999171495438,"xp":0.13694444298744202,"teamXp":0.14574074745178223,"teamDeaths":0.006000000052154064,"enemyTowersLeft":0.9696969985961914,"deaths":0.0020000000949949026,"teamNetWorth":0.18449999392032623,"teamKills":0.013000000268220901},"lastItemPurchased":[0,0,0,0,0,1,0,0,0,0,0]},"npc_dota_hero_morphling":{"lastAbilityUpgraded":"","victory":true,"state":{"kills":0.004999999888241291,"towersLeft":1,"netWorth":0.065870001912117,"xp":0.19435185194015503,"teamXp":0.14574074745178223,"teamDeaths":0.006000000052154064,"enemyTowersLeft":0.9696969985961914,"deaths":0,"teamNetWorth":0.18449999392032623,"teamKills":0.013000000268220901},"lastItemPurchased":[0,0,0,0,0,0,0,0,0,0,1]},"npc_dota_hero_wisp":{"lastAbilityUpgraded":"","victory":false,"state":{"kills":0,"towersLeft":0.9696969985961914,"netWorth":0.013570000417530537,"xp":0.07632716000080109,"teamXp":0.10306790471076965,"teamDeaths":0.014000000432133675,"enemyTowersLeft":1,"deaths":0.0010000000474974513,"teamNetWorth":0.1120700016617775,"teamKills":0.006000000052154064},"lastItemPurchased":[0,0,0,0,0,1,0,0,0,0,0]},"npc_dota_hero_bane":{"lastAbilityUpgraded":"","victory":true,"state":{"kills":0.0010000000474974513,"towersLeft":1,"netWorth":0.012319999746978283,"xp":0.08583333343267441,"teamXp":0.14574074745178223,"teamDeaths":0.006000000052154064,"enemyTowersLeft":0.9696969985961914,"deaths":0.0020000000949949026,"teamNetWorth":0.18449999392032623,"teamKills":0.013000000268220901},"lastItemPurchased":[0,0,0,0,0,0,0,0,0,0,0]},"npc_dota_hero_batrider":{"lastAbilityUpgraded":"","victory":true,"state":{"kills":0.006000000052154064,"towersLeft":1,"netWorth":0.04769999906420708,"xp":0.1769135743379593,"teamXp":0.14574074745178223,"teamDeaths":0.006000000052154064,"enemyTowersLeft":0.9696969985961914,"deaths":0.0020000000949949026,"teamNetWorth":0.18449999392032623,"teamKills":0.013000000268220901},"lastItemPurchased":[1,0,0,0,0,0,0,0,0,0,0]},"npc_dota_hero_juggernaut":{"lastAbilityUpgraded":"","victory":false,"state":{"kills":0.004999999888241291,"towersLeft":0.9696969985961914,"netWorth":0.04187000170350075,"xp":0.14959876239299774,"teamXp":0.10306790471076965,"teamDeaths":0.014000000432133675,"enemyTowersLeft":1,"deaths":0.0020000000949949026,"teamNetWorth":0.1120700016617775,"teamKills":0.006000000052154064},"lastItemPurchased":[0,0,0,0,0,0,0,0,0,0,0]}}}