{"gameTime":56,"state":{"npc_dota_hero_bloodseeker":{"lastAbilityUpgraded":"","victory":true,"state":{"kills":0.014999999664723873,"towersLeft":1,"netWorth":0.17544999718666077,"xp":0.8165740966796875,"teamXp":0.7960555553436279,"teamDeaths":0.023000000044703484,"enemyTowersLeft":0.42424243688583374,"deaths":0.003000000026077032,"teamNetWorth":0.9440799951553345,"teamKills":0.04600000008940697},"lastItemPurchased":[0,0,0,0,0,0,0,0,0,0,0]},"npc_dota_hero_storm_spirit":{"lastAbilityUpgraded":"","victory":true,"state":{"kills":0.010999999940395355,"towersLeft":1,"netWorth":0.24893000721931458,"xp":1.0072221755981445,"teamXp":0.7960555553436279,"teamDeaths":0.023000000044703484,"enemyTowersLeft":0.42424243688583374,"deaths":0.004999999888241291,"teamNetWorth":0.9440799951553345,"teamKills":0.04600000008940697},"lastItemPurchased":[0,0,0,0,0,0,0,0,0,0,0]},"npc_dota_hero_ursa":{"lastAbilityUpgraded":"","victory":false,"state":{"kills":0.004999999888241291,"towersLeft":0.42424243688583374,"netWorth":0.09939999878406525,"xp":0.4857715964317322,"teamXp":0.6167345643043518,"teamDeaths":0.04500000178813934,"enemyTowersLeft":1,"deaths":0.006000000052154064,"teamNetWorth":0.6987900137901306,"teamKills":0.019999999552965164},"lastItemPurchased":[0,0,0,0,0,0,0,0,0,0,0]},"npc_dota_hero_alchemist":{"lastAbilityUpgraded":"","victory":false,"state":{"kills":0.003000000026077032,"towersLeft":0.42424243688583374,"netWorth":0.3741300106048584,"xp":0.9181172847747803,"teamXp":0.6167345643043518,"teamDeaths":0.04500000178813934,"enemyTowersLeft":1,"deaths":0.006000000052154064,"teamNetWorth":0.6987900137901306,"teamKills":0.019999999552965164},"lastItemPurchased":[0,0,0,0,0,0,0,0,0,1,0]},"npc_dota_hero_nevermore":{"lastAbilityUpgraded":"","victory":true,"state":{"kills":0.012000000104308128,"towersLeft":1,"netWorth":0.269679993391037,"xp":0.9394136071205139,"teamXp":0.7960555553436279,"teamDeaths":0.023000000044703484,"enemyTowersLeft":0.42424243688583374,"deaths":0.004000000189989805,"teamNetWorth":0.9440799951553345,"teamKills":0.04600000008940697},"lastItemPurchased":[0,0,0,0,0,0,0,0,0,0,0]},"npc_dota_hero_ancient_apparition":{"lastAbilityUpgraded":"","victory":false,"state":{"kills":0.003000000026077032,"towersLeft":0.42424243688583374,"netWorth":0.029109999537467957,"xp":0.3430555462837219,"teamXp":0.6167345643043518,"teamDeaths":0.04500000178813934,"enemyTowersLeft":1,"deaths":0.009999999776482582,"teamNetWorth":0.6987900137901306,"teamKills":0.019999999552965164},"lastItemPurchased":[0,0,0,0,0,0,0,0,0,0,0]},"npc_dota_hero_skeleton_king":{"lastAbilityUpgraded":"","victory":false,"state":{"kills":0,"towersLeft":0.42424243688583374,"netWorth":0.03945999965071678,"xp":0.5240432024002075,"teamXp":0.6167345643043518,"teamDeaths":0.04500000178813934,"enemyTowersLeft":1,"deaths":0.014999999664723873,"teamNetWorth":0.6987900137901306,"teamKills":0.019999999552965164},"lastItemPurchased":[0,0,0,1,0,0,0,0,0,0,0]},"npc_dota_hero_obsidian_destroyer":{"lastAbilityUpgraded":"","victory":false,"state":{"kills":0.008999999612569809,"towersLeft":0.42424243688583374,"netWorth":0.15669000148773193,"xp":0.8126851916313171,"teamXp":0.6167345643043518,"teamDeaths":0.04500000178813934,"enemyTowersLeft":1,"deaths":0.00800000037997961,"teamNetWorth":0.6987900137901306,"teamKills":0.019999999552965164},"lastItemPurchased":[0,0,0,0,0,0,0,0,0,0,0]},"npc_dota_hero_bane":{"lastAbilityUpgraded":"","victory":true,"state":{"kills":0.003000000026077032,"towersLeft":1,"netWorth":0.08081000298261642,"xp":0.5168827176094055,"teamXp":0.7960555553436279,"teamDeaths":0.023000000044703484,"enemyTowersLeft":0.42424243688583374,"deaths":0.004000000189989805,"teamNetWorth":0.9440799951553345,"teamKills":0.04600000008940697},"lastItemPurchased":[0,0,0,0,0,0,0,0,0,0,0]},"npc_dota_hero_weaver":{"lastAbilityUpgraded":"","victory":true,"state":{"kills":0.004999999888241291,"towersLeft":1,"netWorth":0.16921000182628632,"xp":0.7001851797103882,"teamXp":0.7960555553436279,"teamDeaths":0.023000000044703484,"enemyTowersLeft":0.42424243688583374,"deaths":0.007000000216066837,"teamNetWorth":0.9440799951553345,"teamKills":0.04600000008940697},"lastItemPurchased":[0,0,0,0,0,0,0,0,0,0,0]}}}