{"gameTime":10,"state":{"npc_dota_hero_bloodseeker":{"lastAbilityUpgraded":"","victory":true,"state":{"kills":0,"towersLeft":1,"netWorth":0.012149999849498272,"xp":0.03256172686815262,"teamXp":0.02477777749300003,"teamDeaths":0.0010000000474974513,"enemyTowersLeft":1,"deaths":0,"teamNetWorth":0.052239999175071716,"teamKills":0},"lastItemPurchased":[0,0,0,0,0,0,0,0,0,0,0]},"npc_dota_hero_storm_spirit":{"lastAbilityUpgraded":"","victory":true,"state":{"kills":0,"towersLeft":1,"netWorth":0.014410000294446945,"xp":0.03462962806224823,"teamXp":0.02477777749300003,"teamDeaths":0.0010000000474974513,"enemyTowersLeft":1,"deaths":0,"teamNetWorth":0.052239999175071716,"teamKills":0},"lastItemPurchased":[0,0,0,0,0,0,0,0,0,0,0]},"npc_dota_hero_ursa":{"lastAbilityUpgraded":"","victory":false,"state":{"kills":0,"towersLeft":1,"netWorth":0.006680000107735395,"xp":0.01577160507440567,"teamXp":0.020148148760199547,"teamDeaths":0,"enemyTowersLeft":1,"deaths":0,"teamNetWorth":0.05795999988913536,"teamKills":0.0010000000474974513},"lastItemPurchased":[0,0,0,0,0,0,0,0,0,0,0]},"npc_dota_hero_alchemist":{"lastAbilityUpgraded":"","victory":false,"state":{"kills":0,"towersLeft":1,"netWorth":0.01728999987244606,"xp":0.03885802626609802,"teamXp":0.020148148760199547,"teamDeaths":0,"enemyTowersLeft":1,"deaths":0,"teamNetWorth":0.05795999988913536,"teamKills":0.0010000000474974513},"lastItemPurchased":[0,0,0,0,0,0,0,0,0,0,0]},"npc_dota_hero_nevermore":{"lastAbilityUpgraded":"","victory":true,"state":{"kills":0,"towersLeft":1,"netWorth":0.011620000004768372,"xp":0.038148149847984314,"teamXp":0.02477777749300003,"teamDeaths":0.0010000000474974513,"enemyTowersLeft":1,"deaths":0,"teamNetWorth":0.052239999175071716,"teamKills":0},"lastItemPurchased":[1,0,0,0,0,0,0,0,0,0,0]},"npc_dota_hero_ancient_apparition":{"lastAbilityUpgraded":"","victory":false,"state":{"kills":0.0010000000474974513,"towersLeft":1,"netWorth":0.011119999922811985,"xp":0.006666666828095913,"teamXp":0.020148148760199547,"teamDeaths":0,"enemyTowersLeft":1,"deaths":0,"teamNetWorth":0.05795999988913536,"teamKills":0.0010000000474974513},"lastItemPurchased":[1,0,0,0,0,0,0,0,0,0,0]},"npc_dota_hero_skeleton_king":{"lastAbilityUpgraded":"","victory":false,"state":{"kills":0,"towersLeft":1,"netWorth":0.007939999923110008,"xp":0.008518518880009651,"teamXp":0.020148148760199547,"teamDeaths":0,"enemyTowersLeft":1,"deaths":0,"teamNetWorth":0.05795999988913536,"teamKills":0.0010000000474974513},"lastItemPurchased":[0,0,0,1,0,0,0,0,0,0,0]},"npc_dota_hero_obsidian_destroyer":{"lastAbilityUpgraded":"","victory":false,"state":{"kills":0,"towersLeft":1,"netWorth":0.014929999597370625,"xp":0.030925925821065903,"teamXp":0.020148148760199547,"teamDeaths":0,"enemyTowersLeft":1,"deaths":0,"teamNetWorth":0.05795999988913536,"teamKills":0.0010000000474974513},"lastItemPurchased":[0,0,1,0,0,0,0,0,0,0,0]},"npc_dota_hero_bane":{"lastAbilityUpgraded":"","victory":true,"state":{"kills":0,"towersLeft":1,"netWorth":0.008100000210106373,"xp":0.015092592686414719,"teamXp":0.02477777749300003,"teamDeaths":0.0010000000474974513,"enemyTowersLeft":1,"deaths":0,"teamNetWorth":0.052239999175071716,"teamKills":0},"lastItemPurchased":[1,0,0,0,0,0,0,0,0,0,0]},"npc_dota_hero_weaver":{"lastAbilityUpgraded":"","victory":true,"state":{"kills":0,"towersLeft":1,"netWorth":0.005960000213235617,"xp":0.0034567902330309153,"teamXp":0.02477777749300003,"teamDeaths":0.0010000000474974513,"enemyTowersLeft":1,"deaths":0.0010000000474974513,"teamNetWorth":0.052239999175071716,"teamKills":0},"lastItemPurchased":[0,0,0,0,0,0,0,0,0,0,0]}}}