{"gameTime":21,"state":{"npc_dota_hero_crystal_maiden":{"lastAbilityUpgraded":"","victory":true,"state":{"kills":0.0010000000474974513,"towersLeft":1,"netWorth":0.033730000257492065,"xp":0.16145062446594238,"teamXp":0.19551852345466614,"teamDeaths":0.014000000432133675,"enemyTowersLeft":0.9090909361839294,"deaths":0.0010000000474974513,"teamNetWorth":0.24874000251293182,"teamKills":0.024000000208616257},"lastItemPurchased":[0,0,0,0,0,0,0,0,0,0,0]},"npc_dota_hero_skywrath_mage":{"lastAbilityUpgraded":"","victory":true,"state":{"kills":0.004000000189989805,"towersLeft":1,"netWorth":0.03407999873161316,"xp":0.16030864417552948,"teamXp":0.19551852345466614,"teamDeaths":0.014000000432133675,"enemyTowersLeft":0.9090909361839294,"deaths":0.004000000189989805,"teamNetWorth":0.24874000251293182,"teamKills":0.024000000208616257},"lastItemPurchased":[0,0,0,0,0,0,0,0,0,0,0]},"npc_dota_hero_storm_spirit":{"lastAbilityUpgraded":"","victory":true,"state":{"kills":0.007000000216066837,"towersLeft":1,"netWorth":0.0786999985575676,"xp":0.25132715702056885,"teamXp":0.19551852345466614,"teamDeaths":0.014000000432133675,"enemyTowersLeft":0.9090909361839294,"deaths":0,"teamNetWorth":0.24874000251293182,"teamKills":0.024000000208616257},"lastItemPurchased":[0,0,0,1,0,0,0,0,0,0,0]},"npc_dota_hero_ursa":{"lastAbilityUpgraded":"","victory":false,"state":{"kills":0.004999999888241291,"towersLeft":0.9090909361839294,"netWorth":0.047540001571178436,"xp":0.21895061433315277,"teamXp":0.1536296308040619,"teamDeaths":0.02199999988079071,"enemyTowersLeft":1,"deaths":0.004999999888241291,"teamNetWorth":0.15817999839782715,"teamKills":0.009999999776482582},"lastItemPurchased":[0,0,0,0,0,0,0,0,0,0,0]},"npc_dota_hero_pudge":{"lastAbilityUpgraded":"","victory":false,"state":{"kills":0.0010000000474974513,"towersLeft":0.9090909361839294,"netWorth":0.01933000050485134,"xp":0.12148147821426392,"teamXp":0.1536296308040619,"teamDeaths":0.02199999988079071,"enemyTowersLeft":1,"deaths":0.006000000052154064,"teamNetWorth":0.15817999839782715,"teamKills":0.009999999776482582},"lastItemPurchased":[0,0,0,0,0,0,0,0,0,0,0]},"npc_dota_hero_troll_warlord":{"lastAbilityUpgraded":"","victory":true,"state":{"kills":0.008999999612569809,"towersLeft":1,"netWorth":0.05956999957561493,"xp":0.21052469313144684,"teamXp":0.19551852345466614,"teamDeaths":0.014000000432133675,"enemyTowersLeft":0.9090909361839294,"deaths":0.004000000189989805,"teamNetWorth":0.24874000251293182,"teamKills":0.024000000208616257},"lastItemPurchased":[0,0,0,0,0,0,0,0,0,0,0]},"npc_dota_hero_slardar":{"lastAbilityUpgraded":"","victory":false,"state":{"kills":0,"towersLeft":0.9090909361839294,"netWorth":0.02355000004172325,"xp":0.13219135999679565,"teamXp":0.1536296308040619,"teamDeaths":0.02199999988079071,"enemyTowersLeft":1,"deaths":0.004000000189989805,"teamNetWorth":0.15817999839782715,"teamKills":0.009999999776482582},"lastItemPurchased":[0,0,0,0,0,0,0,0,0,0,0]},"npc_dota_hero_luna":{"lastAbilityUpgraded":"","victory":false,"state":{"kills":0.004000000189989805,"towersLeft":0.9090909361839294,"netWorth":0.042479999363422394,"xp":0.18966048955917358,"teamXp":0.1536296308040619,"teamDeaths":0.02199999988079071,"enemyTowersLeft":1,"deaths":0.004000000189989805,"teamNetWorth":0.15817999839782715,"teamKills":0.009999999776482582},"lastItemPurchased":[0,0,0,0,0,0,0,0,0,0,0]},"npc_dota_hero_abaddon":{"lastAbilityUpgraded":"","victory":true,"state":{"kills":0.003000000026077032,"towersLeft":1,"netWorth":0.042660001665353775,"xp":0.19398148357868195,"teamXp":0.19551852345466614,"teamDeaths":0.014000000432133675,"enemyTowersLeft":0.9090909361839294,"deaths":0.004999999888241291,"teamNetWorth":0.24874000251293182,"teamKills":0.024000000208616257},"lastItemPurchased":[0,0,0,0,0,0,0,0,0,0,0]},"npc_dota_hero_shadow_demon":{"lastAbilityUpgraded":"","victory":false,"state":{"kills":0,"towersLeft":0.9090909361839294,"netWorth":0.025280000641942024,"xp":0.10586419701576233,"teamXp":0.1536296308040619,"teamDeaths":0.02199999988079071,"enemyTowersLeft":1,"deaths":0.003000000026077032,"teamNetWorth":0.15817999839782715,"teamKills":0.009999999776482582},"lastItemPurchased":[0,0,0,0,0,0,0,0,0,0,0]}}}