{"gameTime":30,"state":{"npc_dota_hero_nyx_assassin":{"lastAbilityUpgraded":"","victory":false,"state":{"kills":0.004000000189989805,"towersLeft":0.8484848737716675,"netWorth":0.05982999876141548,"xp":0.383672833442688,"teamXp":0.40606173872947693,"teamDeaths":0.028999999165534973,"enemyTowersLeft":0.9090909361839294,"deaths":0.004999999888241291,"teamNetWorth":0.37836000323295593,"teamKills":0.02500000037252903},"lastItemPurchased":[0,0,0,0,0,0,1,0,0,0,0]},"npc_dota_hero_clinkz":{"lastAbilityUpgraded":"","victory":false,"state":{"kills":0.003000000026077032,"towersLeft":0.8484848737716675,"netWorth":0.09503000229597092,"xp":0.516728401184082,"teamXp":0.40606173872947693,"teamDeaths":0.028999999165534973,"enemyTowersLeft":0.9090909361839294,"deaths":0.003000000026077032,"teamNetWorth":0.37836000323295593,"teamKills":0.02500000037252903},"lastItemPurchased":[0,0,1,0,0,0,0,0,0,0,0]},"npc_dota_hero_centaur":{"lastAbilityUpgraded":"","victory":true,"state":{"kills":0.0020000000949949026,"towersLeft":0.939393937587738,"netWorth":0.10819999873638153,"xp":0.4866975247859955,"teamXp":0.4614938199520111,"teamDeaths":0.02500000037252903,"enemyTowersLeft":0.8787878751754761,"deaths":0.004999999888241291,"teamNetWorth":0.519540011882782,"teamKills":0.024000000208616257},"lastItemPurchased":[0,0,0,0,0,0,0,0,0,0,1]},"npc_dota_hero_axe":{"lastAbilityUpgraded":"","victory":true,"state":{"kills":0.010999999940395355,"towersLeft":0.939393937587738,"netWorth":0.10267999768257141,"xp":0.5232716202735901,"teamXp":0.4614938199520111,"teamDeaths":0.02500000037252903,"enemyTowersLeft":0.8787878751754761,"deaths":0.004000000189989805,"teamNetWorth":0.519540011882782,"teamKills":0.024000000208616257},"lastItemPurchased":[0,0,0,0,0,0,0,0,0,0,1]},"npc_dota_hero_alchemist":{"lastAbilityUpgraded":"","victory":true,"state":{"kills":0.0020000000949949026,"towersLeft":0.939393937587738,"netWorth":0.18275000154972076,"xp":0.5511728525161743,"teamXp":0.4614938199520111,"teamDeaths":0.02500000037252903,"enemyTowersLeft":0.8787878751754761,"deaths":0.004999999888241291,"teamNetWorth":0.519540011882782,"teamKills":0.024000000208616257},"lastItemPurchased":[0,0,0,0,0,0,0,0,0,0,0]},"npc_dota_hero_pudge":{"lastAbilityUpgraded":"","victory":false,"state":{"kills":0.009999999776482582,"towersLeft":0.8484848737716675,"netWorth":0.06391999870538712,"xp":0.3448456823825836,"teamXp":0.40606173872947693,"teamDeaths":0.028999999165534973,"enemyTowersLeft":0.9090909361839294,"deaths":0.00800000037997961,"teamNetWorth":0.37836000323295593,"teamKills":0.02500000037252903},"lastItemPurchased":[1,0,0,0,0,0,0,0,0,0,0]},"npc_dota_hero_lion":{"lastAbilityUpgraded":"","victory":true,"state":{"kills":0.004000000189989805,"towersLeft":0.939393937587738,"netWorth":0.041019998490810394,"xp":0.36320987343788147,"teamXp":0.4614938199520111,"teamDeaths":0.02500000037252903,"enemyTowersLeft":0.8787878751754761,"deaths":0.006000000052154064,"teamNetWorth":0.519540011882782,"teamKills":0.024000000208616257},"lastItemPurchased":[0,0,0,0,0,0,0,0,0,0,0]},"npc_dota_hero_enigma":{"lastAbilityUpgraded":"","victory":false,"state":{"kills":0.003000000026077032,"towersLeft":0.8484848737716675,"netWorth":0.06809999793767929,"xp":0.35540124773979187,"teamXp":0.40606173872947693,"teamDeaths":0.028999999165534973,"enemyTowersLeft":0.9090909361839294,"deaths":0.006000000052154064,"teamNetWorth":0.37836000323295593,"teamKills":0.02500000037252903},"lastItemPurchased":[0,0,0,0,0,0,0,0,0,0,0]},"npc_dota_hero_doom_bringer":{"lastAbilityUpgraded":"","victory":true,"state":{"kills":0.004999999888241291,"towersLeft":0.939393937587738,"netWorth":0.08489000052213669,"xp":0.38311728835105896,"teamXp":0.4614938199520111,"teamDeaths":0.02500000037252903,"enemyTowersLeft":0.8787878751754761,"deaths":0.004999999888241291,"teamNetWorth":0.519540011882782,"teamKills":0.024000000208616257},"lastItemPurchased":[0,0,0,0,0,0,0,0,0,0,0]},"npc_dota_hero_slark":{"lastAbilityUpgraded":"","victory":false,"state":{"kills":0.004999999888241291,"towersLeft":0.8484848737716675,"netWorth":0.09148000180721283,"xp":0.42966049909591675,"teamXp":0.40606173872947693,"teamDeaths":0.028999999165534973,"enemyTowersLeft":0.9090909361839294,"deaths":0.007000000216066837,"teamNetWorth":0.37836000323295593,"teamKills":0.02500000037252903},"lastItemPurchased":[0,0,0,0,0,0,0,0,0,0,0]}}}