{"gameTime":39,"state":{"npc_dota_hero_nyx_assassin":{"lastAbilityUpgraded":"","victory":false,"state":{"kills":0.004000000189989805,"towersLeft":0.3333333432674408,"netWorth":0.06125999987125397,"xp":0.4825925827026367,"teamXp":0.6298642158508301,"teamDeaths":0.03999999910593033,"enemyTowersLeft":0.8787878751754761,"deaths":0.008999999612569809,"teamNetWorth":0.5651100277900696,"teamKills":0.035999998450279236},"lastItemPurchased":[0,0,0,0,0,0,0,0,0,0,0]},"npc_dota_hero_clinkz":{"lastAbilityUpgraded":"","victory":false,"state":{"kills":0.007000000216066837,"towersLeft":0.3333333432674408,"netWorth":0.13639000058174133,"xp":0.8174382448196411,"teamXp":0.6298642158508301,"teamDeaths":0.03999999910593033,"enemyTowersLeft":0.8787878751754761,"deaths":0.004999999888241291,"teamNetWorth":0.5651100277900696,"teamKills":0.035999998450279236},"lastItemPurchased":[0,0,0,0,0,0,0,0,0,0,0]},"npc_dota_hero_centaur":{"lastAbilityUpgraded":"","victory":true,"state":{"kills":0.0020000000949949026,"towersLeft":0.9090909361839294,"netWorth":0.14699000120162964,"xp":0.6599074006080627,"teamXp":0.6732345819473267,"teamDeaths":0.035999998450279236,"enemyTowersLeft":0.3636363744735718,"deaths":0.00800000037997961,"teamNetWorth":0.7855100035667419,"teamKills":0.03500000014901161},"lastItemPurchased":[0,0,0,0,0,0,0,0,0,0,0]},"npc_dota_hero_axe":{"lastAbilityUpgraded":"","victory":true,"state":{"kills":0.014000000432133675,"towersLeft":0.9090909361839294,"netWorth":0.15610000491142273,"xp":0.7858641743659973,"teamXp":0.6732345819473267,"teamDeaths":0.035999998450279236,"enemyTowersLeft":0.3636363744735718,"deaths":0.004999999888241291,"teamNetWorth":0.7855100035667419,"teamKills":0.03500000014901161},"lastItemPurchased":[0,0,0,0,1,0,0,0,0,0,0]},"npc_dota_hero_alchemist":{"lastAbilityUpgraded":"","victory":true,"state":{"kills":0.004999999888241291,"towersLeft":0.9090909361839294,"netWorth":0.28832000494003296,"xp":0.8897222280502319,"teamXp":0.6732345819473267,"teamDeaths":0.035999998450279236,"enemyTowersLeft":0.3636363744735718,"deaths":0.006000000052154064,"teamNetWorth":0.7855100035667419,"teamKills":0.03500000014901161},"lastItemPurchased":[0,0,0,0,0,0,0,0,0,0,0]},"npc_dota_hero_pudge":{"lastAbilityUpgraded":"","victory":false,"state":{"kills":0.009999999776482582,"towersLeft":0.3333333432674408,"netWorth":0.08182000368833542,"xp":0.47240740060806274,"teamXp":0.6298642158508301,"teamDeaths":0.03999999910593033,"enemyTowersLeft":0.8787878751754761,"deaths":0.010999999940395355,"teamNetWorth":0.5651100277900696,"teamKills":0.035999998450279236},"lastItemPurchased":[0,0,0,0,0,0,0,0,0,0,0]},"npc_dota_hero_lion":{"lastAbilityUpgraded":"","victory":true,"state":{"kills":0.006000000052154064,"towersLeft":0.9090909361839294,"netWorth":0.0656299963593483,"xp":0.46910494565963745,"teamXp":0.6732345819473267,"teamDeaths":0.035999998450279236,"enemyTowersLeft":0.3636363744735718,"deaths":0.008999999612569809,"teamNetWorth":0.7855100035667419,"teamKills":0.03500000014901161},"lastItemPurchased":[0,0,0,0,0,0,0,0,0,0,0]},"npc_dota_hero_enigma":{"lastAbilityUpgraded":"","victory":false,"state":{"kills":0.006000000052154064,"towersLeft":0.3333333432674408,"netWorth":0.11012999713420868,"xp":0.5268210172653198,"teamXp":0.6298642158508301,"teamDeaths":0.03999999910593033,"enemyTowersLeft":0.8787878751754761,"deaths":0.007000000216066837,"teamNetWorth":0.5651100277900696,"teamKills":0.035999998450279236},"lastItemPurchased":[0,0,0,0,0,0,0,0,0,0,0]},"npc_dota_hero_doom_bringer":{"lastAbilityUpgraded":"","victory":true,"state":{"kills":0.00800000037997961,"towersLeft":0.9090909361839294,"netWorth":0.12847000360488892,"xp":0.5615741014480591,"teamXp":0.6732345819473267,"teamDeaths":0.035999998450279236,"enemyTowersLeft":0.3636363744735718,"deaths":0.00800000037997961,"teamNetWorth":0.7855100035667419,"teamKills":0.03500000014901161},"lastItemPurchased":[0,0,0,0,0,0,0,0,0,0,1]},"npc_dota_hero_slark":{"lastAbilityUpgraded":"","victory":false,"state":{"kills":0.008999999612569809,"towersLeft":0.3333333432674408,"netWorth":0.1755100041627884,"xp":0.8500617146492004,"teamXp":0.6298642158508301,"teamDeaths":0.03999999910593033,"enemyTowersLeft":0.8787878751754761,"deaths":0.00800000037997961,"teamNetWorth":0.5651100277900696,"teamKills":0.035999998450279236},"lastItemPurchased":[0,0,0,0,0,0,0,1,0,0,0]}}}