{"gameTime":30,"state":{"npc_dota_hero_crystal_maiden":{"lastAbilityUpgraded":"","victory":false,"state":{"kills":0.0010000000474974513,"towersLeft":0.9090909361839294,"netWorth":0.0328500010073185,"xp":0.18481481075286865,"teamXp":0.2981790006160736,"teamDeaths":0.017999999225139618,"enemyTowersLeft":0.7878788113594055,"deaths":0.004000000189989805,"teamNetWorth":0.3758600056171417,"teamKills":0.024000000208616257},"lastItemPurchased":[0,0,0,0,0,0,0,0,0,0,0]},"npc_dota_hero_earth_spirit":{"lastAbilityUpgraded":"","victory":true,"state":{"kills":0.0010000000474974513,"towersLeft":0.7878788113594055,"netWorth":0.03376999869942665,"xp":0.17280864715576172,"teamXp":0.28690123558044434,"teamDeaths":0.024000000208616257,"enemyTowersLeft":0.9090909361839294,"deaths":0.007000000216066837,"teamNetWorth":0.34586000442504883,"teamKills":0.017000000923871994},"lastItemPurchased":[0,0,0,0,0,0,1,0,0,0,0]},"npc_dota_hero_legion_commander":{"lastAbilityUpgraded":"","victory":false,"state":{"kills":0.003000000026077032,"towersLeft":0.9090909361839294,"netWorth":0.08788999915122986,"xp":0.3601234555244446,"teamXp":0.2981790006160736,"teamDeaths":0.017999999225139618,"enemyTowersLeft":0.7878788113594055,"deaths":0.003000000026077032,"teamNetWorth":0.3758600056171417,"teamKills":0.024000000208616257},"lastItemPurchased":[0,0,0,0,0,0,0,0,0,0,0]},"npc_dota_hero_night_stalker":{"lastAbilityUpgraded":"","victory":false,"state":{"kills":0.010999999940395355,"towersLeft":0.9090909361839294,"netWorth":0.11881999671459198,"xp":0.37166666984558105,"teamXp":0.2981790006160736,"teamDeaths":0.017999999225139618,"enemyTowersLeft":0.7878788113594055,"deaths":0.003000000026077032,"teamNetWorth":0.3758600056171417,"teamKills":0.024000000208616257},"lastItemPurchased":[0,0,0,0,0,0,0,0,0,0,0]},"npc_dota_hero_tiny":{"lastAbilityUpgraded":"","victory":true,"state":{"kills":0.006000000052154064,"towersLeft":0.7878788113594055,"netWorth":0.12298999726772308,"xp":0.4272839426994324,"teamXp":0.28690123558044434,"teamDeaths":0.024000000208616257,"enemyTowersLeft":0.9090909361839294,"deaths":0.0020000000949949026,"teamNetWorth":0.34586000442504883,"teamKills":0.017000000923871994},"lastItemPurchased":[0,0,0,0,0,0,0,0,0,0,0]},"npc_dota_hero_luna":{"lastAbilityUpgraded":"","victory":false,"state":{"kills":0.004000000189989805,"towersLeft":0.9090909361839294,"netWorth":0.08951999992132187,"xp":0.33845677971839905,"teamXp":0.2981790006160736,"teamDeaths":0.017999999225139618,"enemyTowersLeft":0.7878788113594055,"deaths":0.003000000026077032,"teamNetWorth":0.3758600056171417,"teamKills":0.024000000208616257},"lastItemPurchased":[0,0,0,0,0,0,0,0,0,0,0]},"npc_dota_hero_rattletrap":{"lastAbilityUpgraded":"","victory":true,"state":{"kills":0.004000000189989805,"towersLeft":0.7878788113594055,"netWorth":0.05322999879717827,"xp":0.24404321610927582,"teamXp":0.28690123558044434,"teamDeaths":0.024000000208616257,"enemyTowersLeft":0.9090909361839294,"deaths":0.004999999888241291,"teamNetWorth":0.34586000442504883,"teamKills":0.017000000923871994},"lastItemPurchased":[0,0,0,0,0,0,0,0,0,0,0]},"npc_dota_hero_shadow_demon":{"lastAbilityUpgraded":"","victory":true,"state":{"kills":0,"towersLeft":0.7878788113594055,"netWorth":0.030069999396800995,"xp":0.1991049349308014,"teamXp":0.28690123558044434,"teamDeaths":0.024000000208616257,"enemyTowersLeft":0.9090909361839294,"deaths":0.007000000216066837,"teamNetWorth":0.34586000442504883,"teamKills":0.017000000923871994},"lastItemPurchased":[0,0,0,0,0,0,0,0,0,0,0]},"npc_dota_hero_omniknight":{"lastAbilityUpgraded":"","victory":false,"state":{"kills":0.004999999888241291,"towersLeft":0.9090909361839294,"netWorth":0.04678000137209892,"xp":0.2358333319425583,"teamXp":0.2981790006160736,"teamDeaths":0.017999999225139618,"enemyTowersLeft":0.7878788113594055,"deaths":0.004999999888241291,"teamNetWorth":0.3758600056171417,"teamKills":0.024000000208616257},"lastItemPurchased":[0,0,0,0,0,0,0,0,0,0,0]},"npc_dota_hero_juggernaut":{"lastAbilityUpgraded":"","victory":true,"state":{"kills":0.006000000052154064,"towersLeft":0.7878788113594055,"netWorth":0.10580000281333923,"xp":0.3912654221057892,"teamXp":0.28690123558044434,"teamDeaths":0.024000000208616257,"enemyTowersLeft":0.9090909361839294,"deaths":0.003000000026077032,"teamNetWorth":0.34586000442504883,"teamKills":0.017000000923871994},"lastItemPurchased":[0,0,0,0,0,0,0,0,0,0,0]}}}