{"gameTime":31,"state":{"npc_dota_hero_crystal_maiden":{"lastAbilityUpgraded":"","victory":false,"state":{"kills":0.0010000000474974513,"towersLeft":0.9090909361839294,"netWorth":0.03338000178337097,"xp":0.1920061707496643,"teamXp":0.3157222270965576,"teamDeaths":0.017999999225139618,"enemyTowersLeft":0.7878788113594055,"deaths":0.004000000189989805,"teamNetWorth":0.3885999917984009,"teamKills":0.02500000037252903},"lastItemPurchased":[0,0,0,0,0,0,0,0,0,0,0]},"npc_dota_hero_earth_spirit":{"lastAbilityUpgraded":"","victory":true,"state":{"kills":0.0010000000474974513,"towersLeft":0.7878788113594055,"netWorth":0.03471999987959862,"xp":0.17574073374271393,"teamXp":0.2892160415649414,"teamDeaths":0.02500000037252903,"enemyTowersLeft":0.9090909361839294,"deaths":0.007000000216066837,"teamNetWorth":0.34731999039649963,"teamKills":0.017000000923871994},"lastItemPurchased":[1,0,0,0,0,0,0,0,0,0,0]},"npc_dota_hero_legion_commander":{"lastAbilityUpgraded":"","victory":false,"state":{"kills":0.004000000189989805,"towersLeft":0.9090909361839294,"netWorth":0.09210000187158585,"xp":0.3789197504520416,"teamXp":0.3157222270965576,"teamDeaths":0.017999999225139618,"enemyTowersLeft":0.7878788113594055,"deaths":0.003000000026077032,"teamNetWorth":0.3885999917984009,"teamKills":0.02500000037252903},"lastItemPurchased":[0,0,0,0,0,0,0,0,0,0,0]},"npc_dota_hero_night_stalker":{"lastAbilityUpgraded":"","victory":false,"state":{"kills":0.010999999940395355,"towersLeft":0.9090909361839294,"netWorth":0.12185999751091003,"xp":0.3936728537082672,"teamXp":0.3157222270965576,"teamDeaths":0.017999999225139618,"enemyTowersLeft":0.7878788113594055,"deaths":0.003000000026077032,"teamNetWorth":0.3885999917984009,"teamKills":0.02500000037252903},"lastItemPurchased":[0,0,0,0,0,0,0,0,0,0,0]},"npc_dota_hero_tiny":{"lastAbilityUpgraded":"","victory":true,"state":{"kills":0.006000000052154064,"towersLeft":0.7878788113594055,"netWorth":0.12756000459194183,"xp":0.43453702330589294,"teamXp":0.2892160415649414,"teamDeaths":0.02500000037252903,"enemyTowersLeft":0.9090909361839294,"deaths":0.0020000000949949026,"teamNetWorth":0.34731999039649963,"teamKills":0.017000000923871994},"lastItemPurchased":[0,0,0,0,0,0,0,0,0,0,0]},"npc_dota_hero_luna":{"lastAbilityUpgraded":"","victory":false,"state":{"kills":0.004000000189989805,"towersLeft":0.9090909361839294,"netWorth":0.09342999756336212,"xp":0.360030859708786,"teamXp":0.3157222270965576,"teamDeaths":0.017999999225139618,"enemyTowersLeft":0.7878788113594055,"deaths":0.003000000026077032,"teamNetWorth":0.3885999917984009,"teamKills":0.02500000037252903},"lastItemPurchased":[0,0,0,0,0,0,0,0,0,1,0]},"npc_dota_hero_rattletrap":{"lastAbilityUpgraded":"","victory":true,"state":{"kills":0.004000000189989805,"towersLeft":0.7878788113594055,"netWorth":0.05366000160574913,"xp":0.24404321610927582,"teamXp":0.2892160415649414,"teamDeaths":0.02500000037252903,"enemyTowersLeft":0.9090909361839294,"deaths":0.004999999888241291,"teamNetWorth":0.34731999039649963,"teamKills":0.017000000923871994},"lastItemPurchased":[0,0,0,0,0,0,0,0,0,0,0]},"npc_dota_hero_shadow_demon":{"lastAbilityUpgraded":"","victory":true,"state":{"kills":0,"towersLeft":0.7878788113594055,"netWorth":0.030069999396800995,"xp":0.20049382746219635,"teamXp":0.2892160415649414,"teamDeaths":0.02500000037252903,"enemyTowersLeft":0.9090909361839294,"deaths":0.007000000216066837,"teamNetWorth":0.34731999039649963,"teamKills":0.017000000923871994},"lastItemPurchased":[0,0,0,0,0,0,0,0,0,0,0]},"npc_dota_hero_omniknight":{"lastAbilityUpgraded":"","victory":false,"state":{"kills":0.004999999888241291,"towersLeft":0.9090909361839294,"netWorth":0.0478300005197525,"xp":0.25398147106170654,"teamXp":0.3157222270965576,"teamDeaths":0.017999999225139618,"enemyTowersLeft":0.7878788113594055,"deaths":0.004999999888241291,"teamNetWorth":0.3885999917984009,"teamKills":0.02500000037252903},"lastItemPurchased":[0,0,0,0,0,0,0,0,0,0,0]},"npc_dota_hero_juggernaut":{"lastAbilityUpgraded":"","victory":true,"state":{"kills":0.006000000052154064,"towersLeft":0.7878788113594055,"netWorth":0.10130999982357025,"xp":0.3912654221057892,"teamXp":0.2892160415649414,"teamDeaths":0.02500000037252903,"enemyTowersLeft":0.9090909361839294,"deaths":0.004000000189989805,"teamNetWorth":0.34731999039649963,"teamKills":0.017000000923871994},"lastItemPurchased":[0,0,0,0,0,0,0,0,0,0,0]}}}