{"gameTime":42,"state":{"npc_dota_hero_warlock":{"lastAbilityUpgraded":"","victory":false,"state":{"kills":0.003000000026077032,"towersLeft":0.5757575631141663,"netWorth":0.04836999997496605,"xp":0.311296284198761,"teamXp":0.37165433168411255,"teamDeaths":0.02199999988079071,"enemyTowersLeft":0.9090909361839294,"deaths":0.004000000189989805,"teamNetWorth":0.34634000062942505,"teamKills":0.02199999988079071},"lastItemPurchased":[0,0,0,0,0,0,0,0,0,0,0]},"npc_dota_hero_life_stealer":{"lastAbilityUpgraded":"","victory":false,"state":{"kills":0.009999999776482582,"towersLeft":0.5757575631141663,"netWorth":0.12122000008821487,"xp":0.5067592859268188,"teamXp":0.37165433168411255,"teamDeaths":0.02199999988079071,"enemyTowersLeft":0.9090909361839294,"deaths":0.003000000026077032,"teamNetWorth":0.34634000062942505,"teamKills":0.02199999988079071},"lastItemPurchased":[0,0,0,0,0,0,0,0,0,0,0]},"npc_dota_hero_earth_spirit":{"lastAbilityUpgraded":"","victory":true,"state":{"kills":0.0020000000949949026,"towersLeft":0.9090909361839294,"netWorth":0.12451999634504318,"xp":0.3064197599887848,"teamXp":0.3944506049156189,"teamDeaths":0.024000000208616257,"enemyTowersLeft":0.5757575631141663,"deaths":0.009999999776482582,"teamNetWorth":0.569100022315979,"teamKills":0.01899999938905239},"lastItemPurchased":[0,0,0,1,0,0,0,0,0,0,0]},"npc_dota_hero_sand_king":{"lastAbilityUpgraded":"","victory":false,"state":{"kills":0.0020000000949949026,"towersLeft":0.5757575631141663,"netWorth":0.056439999490976334,"xp":0.36373457312583923,"teamXp":0.37165433168411255,"teamDeaths":0.02199999988079071,"enemyTowersLeft":0.9090909361839294,"deaths":0.007000000216066837,"teamNetWorth":0.34634000062942505,"teamKills":0.02199999988079071},"lastItemPurchased":[0,0,0,0,0,0,0,0,0,0,0]},"npc_dota_hero_chen":{"lastAbilityUpgraded":"","victory":true,"state":{"kills":0.0010000000474974513,"towersLeft":0.9090909361839294,"netWorth":0.10975000262260437,"xp":0.3191666603088379,"teamXp":0.3944506049156189,"teamDeaths":0.024000000208616257,"enemyTowersLeft":0.5757575631141663,"deaths":0.003000000026077032,"teamNetWorth":0.569100022315979,"teamKills":0.01899999938905239},"lastItemPurchased":[1,0,0,0,0,0,0,0,0,0,0]},"npc_dota_hero_tidehunter":{"lastAbilityUpgraded":"","victory":false,"state":{"kills":0.003000000026077032,"towersLeft":0.5757575631141663,"netWorth":0.0838100016117096,"xp":0.41740739345550537,"teamXp":0.37165433168411255,"teamDeaths":0.02199999988079071,"enemyTowersLeft":0.9090909361839294,"deaths":0.003000000026077032,"teamNetWorth":0.34634000062942505,"teamKills":0.02199999988079071},"lastItemPurchased":[0,0,0,0,0,0,0,0,0,0,0]},"npc_dota_hero_slardar":{"lastAbilityUpgraded":"","victory":true,"state":{"kills":0.0020000000949949026,"towersLeft":0.9090909361839294,"netWorth":0.06803999841213226,"xp":0.2984567880630493,"teamXp":0.3944506049156189,"teamDeaths":0.024000000208616257,"enemyTowersLeft":0.5757575631141663,"deaths":0.004000000189989805,"teamNetWorth":0.569100022315979,"teamKills":0.01899999938905239},"lastItemPurchased":[0,0,0,0,0,0,0,0,0,0,0]},"npc_dota_hero_pugna":{"lastAbilityUpgraded":"","victory":true,"state":{"kills":0.010999999940395355,"towersLeft":0.9090909361839294,"netWorth":0.14932000637054443,"xp":0.5994753241539001,"teamXp":0.3944506049156189,"teamDeaths":0.024000000208616257,"enemyTowersLeft":0.5757575631141663,"deaths":0.003000000026077032,"teamNetWorth":0.569100022315979,"teamKills":0.01899999938905239},"lastItemPurchased":[0,0,0,0,0,0,0,0,1,0,0]},"npc_dota_hero_lich":{"lastAbilityUpgraded":"","victory":false,"state":{"kills":0.004000000189989805,"towersLeft":0.5757575631141663,"netWorth":0.0364999994635582,"xp":0.25907406210899353,"teamXp":0.37165433168411255,"teamDeaths":0.02199999988079071,"enemyTowersLeft":0.9090909361839294,"deaths":0.004999999888241291,"teamNetWorth":0.34634000062942505,"teamKills":0.02199999988079071},"lastItemPurchased":[1,0,0,0,0,0,0,0,0,0,0]},"npc_dota_hero_dragon_knight":{"lastAbilityUpgraded":"","victory":true,"state":{"kills":0.003000000026077032,"towersLeft":0.9090909361839294,"netWorth":0.11747000366449356,"xp":0.4487345814704895,"teamXp":0.3944506049156189,"teamDeaths":0.024000000208616257,"enemyTowersLeft":0.5757575631141663,"deaths":0.004000000189989805,"teamNetWorth":0.569100022315979,"teamKills":0.01899999938905239},"lastItemPurchased":[0,0,0,0,0,0,0,1,0,0,0]}}}