{"gameTime":29,"state":{"npc_dota_hero_rubick":{"lastAbilityUpgraded":"","victory":true,"state":{"kills":0.004000000189989805,"towersLeft":0.9090909361839294,"netWorth":0.04052000120282173,"xp":0.22975309193134308,"teamXp":0.3573148250579834,"teamDeaths":0.017000000923871994,"enemyTowersLeft":0.9090909361839294,"deaths":0.004999999888241291,"teamNetWorth":0.35324999690055847,"teamKills":0.020999999716877937},"lastItemPurchased":[1,0,0,0,0,0,0,0,0,0,0]},"npc_dota_hero_pudge":{"lastAbilityUpgraded":"","victory":false,"state":{"kills":0.007000000216066837,"towersLeft":0.8787878751754761,"netWorth":0.04506999999284744,"xp":0.28956788778305054,"teamXp":0.3148765563964844,"teamDeaths":0.024000000208616257,"enemyTowersLeft":0.8787878751754761,"deaths":0.00800000037997961,"teamNetWorth":0.29945001006126404,"teamKills":0.017999999225139618},"lastItemPurchased":[0,0,0,0,0,1,0,0,0,0,0]},"npc_dota_hero_medusa":{"lastAbilityUpgraded":"","victory":true,"state":{"kills":0.0010000000474974513,"towersLeft":0.9090909361839294,"netWorth":0.09876000136137009,"xp":0.38956791162490845,"teamXp":0.3573148250579834,"teamDeaths":0.017000000923871994,"enemyTowersLeft":0.9090909361839294,"deaths":0.0020000000949949026,"teamNetWorth":0.35324999690055847,"teamKills":0.020999999716877937},"lastItemPurchased":[0,0,0,0,0,0,0,0,0,0,0]},"npc_dota_hero_invoker":{"lastAbilityUpgraded":"","victory":true,"state":{"kills":0.007000000216066837,"towersLeft":0.9090909361839294,"netWorth":0.06995999813079834,"xp":0.3982098698616028,"teamXp":0.3573148250579834,"teamDeaths":0.017000000923871994,"enemyTowersLeft":0.9090909361839294,"deaths":0.00800000037997961,"teamNetWorth":0.35324999690055847,"teamKills":0.020999999716877937},"lastItemPurchased":[0,0,0,0,0,0,1,0,0,0,0]},"npc_dota_hero_phantom_assassin":{"lastAbilityUpgraded":"","victory":true,"state":{"kills":0.003000000026077032,"towersLeft":0.9090909361839294,"netWorth":0.0634400025010109,"xp":0.40194445848464966,"teamXp":0.3573148250579834,"teamDeaths":0.017000000923871994,"enemyTowersLeft":0.9090909361839294,"deaths":0.0010000000474974513,"teamNetWorth":0.35324999690055847,"teamKills":0.020999999716877937},"lastItemPurchased":[0,0,0,0,0,0,0,0,0,0,0]},"npc_dota_hero_mirana":{"lastAbilityUpgraded":"","victory":true,"state":{"kills":0.006000000052154064,"towersLeft":0.9090909361839294,"netWorth":0.08056999742984772,"xp":0.36709877848625183,"teamXp":0.3573148250579834,"teamDeaths":0.017000000923871994,"enemyTowersLeft":0.9090909361839294,"deaths":0.0010000000474974513,"teamNetWorth":0.35324999690055847,"teamKills":0.020999999716877937},"lastItemPurchased":[0,0,0,0,0,0,0,0,0,0,0]},"npc_dota_hero_tiny":{"lastAbilityUpgraded":"","victory":false,"state":{"kills":0.0020000000949949026,"towersLeft":0.8787878751754761,"netWorth":0.0697299987077713,"xp":0.34209877252578735,"teamXp":0.3148765563964844,"teamDeaths":0.024000000208616257,"enemyTowersLeft":0.8787878751754761,"deaths":0.003000000026077032,"teamNetWorth":0.29945001006126404,"teamKills":0.017999999225139618},"lastItemPurchased":[0,1,0,0,0,0,0,0,0,0,0]},"npc_dota_hero_slardar":{"lastAbilityUpgraded":"","victory":false,"state":{"kills":0.003000000026077032,"towersLeft":0.8787878751754761,"netWorth":0.04814999923110008,"xp":0.3115123510360718,"teamXp":0.3148765563964844,"teamDeaths":0.024000000208616257,"enemyTowersLeft":0.8787878751754761,"deaths":0.004999999888241291,"teamNetWorth":0.29945001006126404,"teamKills":0.017999999225139618},"lastItemPurchased":[0,0,1,0,0,0,0,0,0,0,0]},"npc_dota_hero_chaos_knight":{"lastAbilityUpgraded":"","victory":false,"state":{"kills":0.003000000026077032,"towersLeft":0.8787878751754761,"netWorth":0.07664000242948532,"xp":0.35669752955436707,"teamXp":0.3148765563964844,"teamDeaths":0.024000000208616257,"enemyTowersLeft":0.8787878751754761,"deaths":0.0020000000949949026,"teamNetWorth":0.29945001006126404,"teamKills":0.017999999225139618},"lastItemPurchased":[0,0,0,0,0,0,0,0,0,0,0]},"npc_dota_hero_batrider":{"lastAbilityUpgraded":"","victory":false,"state":{"kills":0.003000000026077032,"towersLeft":0.8787878751754761,"netWorth":0.059859998524188995,"xp":0.27450618147850037,"teamXp":0.3148765563964844,"teamDeaths":0.024000000208616257,"enemyTowersLeft":0.8787878751754761,"deaths":0.006000000052154064,"teamNetWorth":0.29945001006126404,"teamKills":0.017999999225139618},"lastItemPurchased":[1,0,0,0,0,0,0,0,0,0,0]}}}