{"gameTime":14,"state":{"npc_dota_hero_tusk":{"lastAbilityUpgraded":"","victory":true,"state":{"kills":0,"towersLeft":1,"netWorth":0.008340000174939632,"xp":0.023148147389292717,"teamXp":0.07030247151851654,"teamDeaths":0.009999999776482582,"enemyTowersLeft":1,"deaths":0.003000000026077032,"teamNetWorth":0.08992999792098999,"teamKills":0.003000000026077032},"lastItemPurchased":[1,0,0,0,0,0,0,0,0,0,0]},"npc_dota_hero_storm_spirit":{"lastAbilityUpgraded":"","victory":true,"state":{"kills":0.0010000000474974513,"towersLeft":1,"netWorth":0.026000000536441803,"xp":0.11074074357748032,"teamXp":0.07030247151851654,"teamDeaths":0.009999999776482582,"enemyTowersLeft":1,"deaths":0.0020000000949949026,"teamNetWorth":0.08992999792098999,"teamKills":0.003000000026077032},"lastItemPurchased":[0,0,0,0,0,0,0,0,0,0,0]},"npc_dota_hero_meepo":{"lastAbilityUpgraded":"","victory":true,"state":{"kills":0.0010000000474974513,"towersLeft":1,"netWorth":0.03229000046849251,"xp":0.11645061522722244,"teamXp":0.07030247151851654,"teamDeaths":0.009999999776482582,"enemyTowersLeft":1,"deaths":0,"teamNetWorth":0.08992999792098999,"teamKills":0.003000000026077032},"lastItemPurchased":[0,0,0,0,1,0,0,0,0,0,0]},"npc_dota_hero_pudge":{"lastAbilityUpgraded":"","victory":false,"state":{"kills":0.003000000026077032,"towersLeft":1,"netWorth":0.017430000007152557,"xp":0.037654321640729904,"teamXp":0.08004321157932281,"teamDeaths":0.003000000026077032,"enemyTowersLeft":1,"deaths":0,"teamNetWorth":0.11291000247001648,"teamKills":0.009999999776482582},"lastItemPurchased":[0,0,0,0,0,0,0,0,0,0,0]},"npc_dota_hero_dazzle":{"lastAbilityUpgraded":"","victory":false,"state":{"kills":0,"towersLeft":1,"netWorth":0.010060000233352184,"xp":0.0420987643301487,"teamXp":0.08004321157932281,"teamDeaths":0.003000000026077032,"enemyTowersLeft":1,"deaths":0.0010000000474974513,"teamNetWorth":0.11291000247001648,"teamKills":0.009999999776482582},"lastItemPurchased":[0,1,0,0,0,0,0,0,0,0,0]},"npc_dota_hero_mirana":{"lastAbilityUpgraded":"","victory":false,"state":{"kills":0.0020000000949949026,"towersLeft":1,"netWorth":0.023159999400377274,"xp":0.10320987552404404,"teamXp":0.08004321157932281,"teamDeaths":0.003000000026077032,"enemyTowersLeft":1,"deaths":0.0010000000474974513,"teamNetWorth":0.11291000247001648,"teamKills":0.009999999776482582},"lastItemPurchased":[0,0,0,0,0,0,0,0,0,0,0]},"npc_dota_hero_slardar":{"lastAbilityUpgraded":"","victory":true,"state":{"kills":0,"towersLeft":1,"netWorth":0.011830000206828117,"xp":0.059074074029922485,"teamXp":0.07030247151851654,"teamDeaths":0.009999999776482582,"enemyTowersLeft":1,"deaths":0.0020000000949949026,"teamNetWorth":0.08992999792098999,"teamKills":0.003000000026077032},"lastItemPurchased":[0,0,0,0,0,0,0,0,0,0,0]},"npc_dota_hero_bounty_hunter":{"lastAbilityUpgraded":"","victory":true,"state":{"kills":0.0010000000474974513,"towersLeft":1,"netWorth":0.011470000259578228,"xp":0.0420987643301487,"teamXp":0.07030247151851654,"teamDeaths":0.009999999776482582,"enemyTowersLeft":1,"deaths":0.003000000026077032,"teamNetWorth":0.08992999792098999,"teamKills":0.003000000026077032},"lastItemPurchased":[0,0,1,0,0,0,0,0,0,0,0]},"npc_dota_hero_ogre_magi":{"lastAbilityUpgraded":"","victory":false,"state":{"kills":0.0010000000474974513,"towersLeft":1,"netWorth":0.022690000012516975,"xp":0.10000000149011612,"teamXp":0.08004321157932281,"teamDeaths":0.003000000026077032,"enemyTowersLeft":1,"deaths":0.0010000000474974513,"teamNetWorth":0.11291000247001648,"teamKills":0.009999999776482582},"lastItemPurchased":[0,0,0,1,0,0,0,0,0,0,0]},"npc_dota_hero_juggernaut":{"lastAbilityUpgraded":"","victory":false,"state":{"kills":0.004000000189989805,"towersLeft":1,"netWorth":0.039570000022649765,"xp":0.11725308746099472,"teamXp":0.08004321157932281,"teamDeaths":0.003000000026077032,"enemyTowersLeft":1,"deaths":0,"teamNetWorth":0.11291000247001648,"teamKills":0.009999999776482582},"lastItemPurchased":[0,0,0,0,0,0,0,0,0,0,0]}}}