{"gameTime":37,"state":{"npc_dota_hero_bloodseeker":{"lastAbilityUpgraded":"","victory":false,"state":{"kills":0.003000000026077032,"towersLeft":0.5454545617103577,"netWorth":0.05998000130057335,"xp":0.28746914863586426,"teamXp":0.27906790375709534,"teamDeaths":0.02800000086426735,"enemyTowersLeft":0.9090909361839294,"deaths":0.004000000189989805,"teamNetWorth":0.285970002412796,"teamKills":0.010999999940395355},"lastItemPurchased":[0,0,0,0,0,0,0,0,0,0,0]},"npc_dota_hero_naga_siren":{"lastAbilityUpgraded":"","victory":false,"state":{"kills":0.0020000000949949026,"towersLeft":0.5454545617103577,"netWorth":0.11240000277757645,"xp":0.3270987570285797,"teamXp":0.27906790375709534,"teamDeaths":0.02800000086426735,"enemyTowersLeft":0.9090909361839294,"deaths":0.004999999888241291,"teamNetWorth":0.285970002412796,"teamKills":0.010999999940395355},"lastItemPurchased":[0,0,0,0,0,0,0,0,0,0,0]},"npc_dota_hero_faceless_void":{"lastAbilityUpgraded":"","victory":true,"state":{"kills":0.003000000026077032,"towersLeft":0.9090909361839294,"netWorth":0.12619000673294067,"xp":0.4548148214817047,"teamXp":0.4133950471878052,"teamDeaths":0.010999999940395355,"enemyTowersLeft":0.5454545617103577,"deaths":0.0010000000474974513,"teamNetWorth":0.5684999823570251,"teamKills":0.023000000044703484},"lastItemPurchased":[0,0,1,0,0,0,0,0,0,0,0]},"npc_dota_hero_skywrath_mage":{"lastAbilityUpgraded":"","victory":true,"state":{"kills":0.004999999888241291,"towersLeft":0.9090909361839294,"netWorth":0.07757999747991562,"xp":0.27101850509643555,"teamXp":0.4133950471878052,"teamDeaths":0.010999999940395355,"enemyTowersLeft":0.5454545617103577,"deaths":0.0010000000474974513,"teamNetWorth":0.5684999823570251,"teamKills":0.023000000044703484},"lastItemPurchased":[0,0,0,0,0,0,1,0,0,0,0]},"npc_dota_hero_storm_spirit":{"lastAbilityUpgraded":"","victory":true,"state":{"kills":0.00800000037997961,"towersLeft":0.9090909361839294,"netWorth":0.14695000648498535,"xp":0.5369444489479065,"teamXp":0.4133950471878052,"teamDeaths":0.010999999940395355,"enemyTowersLeft":0.5454545617103577,"deaths":0.004000000189989805,"teamNetWorth":0.5684999823570251,"teamKills":0.023000000044703484},"lastItemPurchased":[0,0,0,0,0,0,0,0,0,0,0]},"npc_dota_hero_sand_king":{"lastAbilityUpgraded":"","victory":false,"state":{"kills":0.003000000026077032,"towersLeft":0.5454545617103577,"netWorth":0.039090000092983246,"xp":0.2955246865749359,"teamXp":0.27906790375709534,"teamDeaths":0.02800000086426735,"enemyTowersLeft":0.9090909361839294,"deaths":0.007000000216066837,"teamNetWorth":0.285970002412796,"teamKills":0.010999999940395355},"lastItemPurchased":[0,0,0,0,0,0,0,0,0,0,0]},"npc_dota_hero_venomancer":{"lastAbilityUpgraded":"","victory":true,"state":{"kills":0.004000000189989805,"towersLeft":0.9090909361839294,"netWorth":0.12399999797344208,"xp":0.4257407486438751,"teamXp":0.4133950471878052,"teamDeaths":0.010999999940395355,"enemyTowersLeft":0.5454545617103577,"deaths":0.0010000000474974513,"teamNetWorth":0.5684999823570251,"teamKills":0.023000000044703484},"lastItemPurchased":[0,0,0,0,0,0,0,0,0,0,0]},"npc_dota_hero_mirana":{"lastAbilityUpgraded":"","victory":false,"state":{"kills":0.0020000000949949026,"towersLeft":0.5454545617103577,"netWorth":0.055309999734163284,"xp":0.2829321026802063,"teamXp":0.27906790375709534,"teamDeaths":0.02800000086426735,"enemyTowersLeft":0.9090909361839294,"deaths":0.006000000052154064,"teamNetWorth":0.285970002412796,"teamKills":0.010999999940395355},"lastItemPurchased":[0,0,0,0,0,0,0,0,0,0,0]},"npc_dota_hero_dazzle":{"lastAbilityUpgraded":"","victory":false,"state":{"kills":0.0010000000474974513,"towersLeft":0.5454545617103577,"netWorth":0.019190000370144844,"xp":0.2023148089647293,"teamXp":0.27906790375709534,"teamDeaths":0.02800000086426735,"enemyTowersLeft":0.9090909361839294,"deaths":0.006000000052154064,"teamNetWorth":0.285970002412796,"teamKills":0.010999999940395355},"lastItemPurchased":[0,0,0,0,0,0,0,0,0,0,0]},"npc_dota_hero_slardar":{"lastAbilityUpgraded":"","victory":true,"state":{"kills":0.003000000026077032,"towersLeft":0.9090909361839294,"netWorth":0.09378000348806381,"xp":0.37845680117607117,"teamXp":0.4133950471878052,"teamDeaths":0.010999999940395355,"enemyTowersLeft":0.5454545617103577,"deaths":0.004000000189989805,"teamNetWorth":0.5684999823570251,"teamKills":0.023000000044703484},"lastItemPurchased":[0,0,0,0,0,0,0,0,0,0,0]}}}