{"gameTime":33,"state":{"npc_dota_hero_faceless_void":{"lastAbilityUpgraded":"","victory":false,"state":{"kills":0,"towersLeft":0.8181818127632141,"netWorth":0.055890001356601715,"xp":0.3491666615009308,"teamXp":0.27861112356185913,"teamDeaths":0.029999999329447746,"enemyTowersLeft":0.9696969985961914,"deaths":0.006000000052154064,"teamNetWorth":0.27522000670433044,"teamKills":0.010999999940395355},"lastItemPurchased":[0,0,0,0,0,0,0,0,0,0,0]},"npc_dota_hero_tusk":{"lastAbilityUpgraded":"","victory":false,"state":{"kills":0.0010000000474974513,"towersLeft":0.8181818127632141,"netWorth":0.02800000086426735,"xp":0.1884259283542633,"teamXp":0.27861112356185913,"teamDeaths":0.029999999329447746,"enemyTowersLeft":0.9696969985961914,"deaths":0.008999999612569809,"teamNetWorth":0.27522000670433044,"teamKills":0.010999999940395355},"lastItemPurchased":[1,0,0,0,0,0,0,0,0,0,0]},"npc_dota_hero_axe":{"lastAbilityUpgraded":"","victory":false,"state":{"kills":0.004999999888241291,"towersLeft":0.8181818127632141,"netWorth":0.07156000286340714,"xp":0.3059259355068207,"teamXp":0.27861112356185913,"teamDeaths":0.029999999329447746,"enemyTowersLeft":0.9696969985961914,"deaths":0.004999999888241291,"teamNetWorth":0.27522000670433044,"teamKills":0.010999999940395355},"lastItemPurchased":[0,0,0,1,0,0,0,0,0,0,0]},"npc_dota_hero_sand_king":{"lastAbilityUpgraded":"","victory":true,"state":{"kills":0.00800000037997961,"towersLeft":0.9696969985961914,"netWorth":0.1102600023150444,"xp":0.46438270807266235,"teamXp":0.383506178855896,"teamDeaths":0.010999999940395355,"enemyTowersLeft":0.8181818127632141,"deaths":0.003000000026077032,"teamNetWorth":0.4547100067138672,"teamKills":0.027000000700354576},"lastItemPurchased":[0,0,0,0,0,0,0,0,0,0,0]},"npc_dota_hero_invoker":{"lastAbilityUpgraded":"","victory":false,"state":{"kills":0.0020000000949949026,"towersLeft":0.8181818127632141,"netWorth":0.06323999911546707,"xp":0.29083332419395447,"teamXp":0.27861112356185913,"teamDeaths":0.029999999329447746,"enemyTowersLeft":0.9696969985961914,"deaths":0.00800000037997961,"teamNetWorth":0.27522000670433044,"teamKills":0.010999999940395355},"lastItemPurchased":[0,0,0,0,0,0,0,0,0,0,1]},"npc_dota_hero_mirana":{"lastAbilityUpgraded":"","victory":false,"state":{"kills":0.003000000026077032,"towersLeft":0.8181818127632141,"netWorth":0.056529998779296875,"xp":0.25870370864868164,"teamXp":0.27861112356185913,"teamDeaths":0.029999999329447746,"enemyTowersLeft":0.9696969985961914,"deaths":0.0020000000949949026,"teamNetWorth":0.27522000670433044,"teamKills":0.010999999940395355},"lastItemPurchased":[0,0,0,0,0,0,0,0,0,0,0]},"npc_dota_hero_vengefulspirit":{"lastAbilityUpgraded":"","victory":true,"state":{"kills":0.007000000216066837,"towersLeft":0.9696969985961914,"netWorth":0.05860000103712082,"xp":0.2968827188014984,"teamXp":0.383506178855896,"teamDeaths":0.010999999940395355,"enemyTowersLeft":0.8181818127632141,"deaths":0.003000000026077032,"teamNetWorth":0.4547100067138672,"teamKills":0.027000000700354576},"lastItemPurchased":[0,0,0,0,0,0,0,0,0,0,0]},"npc_dota_hero_omniknight":{"lastAbilityUpgraded":"","victory":true,"state":{"kills":0,"towersLeft":0.9696969985961914,"netWorth":0.050209999084472656,"xp":0.2511419653892517,"teamXp":0.383506178855896,"teamDeaths":0.010999999940395355,"enemyTowersLeft":0.8181818127632141,"deaths":0.003000000026077032,"teamNetWorth":0.4547100067138672,"teamKills":0.027000000700354576},"lastItemPurchased":[1,0,0,0,0,0,0,0,0,0,0]},"npc_dota_hero_queenofpain":{"lastAbilityUpgraded":"","victory":true,"state":{"kills":0.007000000216066837,"towersLeft":0.9696969985961914,"netWorth":0.10672999918460846,"xp":0.39456790685653687,"teamXp":0.383506178855896,"teamDeaths":0.010999999940395355,"enemyTowersLeft":0.8181818127632141,"deaths":0.0010000000474974513,"teamNetWorth":0.4547100067138672,"teamKills":0.027000000700354576},"lastItemPurchased":[0,0,0,0,0,0,0,0,0,0,0]},"npc_dota_hero_slark":{"lastAbilityUpgraded":"","victory":true,"state":{"kills":0.004999999888241291,"towersLeft":0.9696969985961914,"netWorth":0.12891000509262085,"xp":0.5105555653572083,"teamXp":0.383506178855896,"teamDeaths":0.010999999940395355,"enemyTowersLeft":0.8181818127632141,"deaths":0.0010000000474974513,"teamNetWorth":0.4547100067138672,"teamKills":0.027000000700354576},"lastItemPurchased":[0,0,0,1,0,0,0,0,0,0,0]}}}