{"gameTime":8,"state":{"npc_dota_hero_templar_assassin":{"lastAbilityUpgraded":"","victory":true,"state":{"kills":0,"towersLeft":1,"netWorth":0.011850000359117985,"xp":0.02429012395441532,"teamXp":0.01247530896216631,"teamDeaths":0.0010000000474974513,"enemyTowersLeft":1,"deaths":0,"teamNetWorth":0.052080001682043076,"teamKills":0},"lastItemPurchased":[1,0,0,0,0,0,0,0,0,0,0]},"npc_dota_hero_rubick":{"lastAbilityUpgraded":"","victory":true,"state":{"kills":0,"towersLeft":1,"netWorth":0.005659999791532755,"xp":0.008580246940255165,"teamXp":0.01247530896216631,"teamDeaths":0.0010000000474974513,"enemyTowersLeft":1,"deaths":0.0010000000474974513,"teamNetWorth":0.052080001682043076,"teamKills":0},"lastItemPurchased":[0,0,0,0,0,0,0,0,0,0,0]},"npc_dota_hero_drow_ranger":{"lastAbilityUpgraded":"","victory":false,"state":{"kills":0,"towersLeft":1,"netWorth":0.01063000038266182,"xp":0.01845679059624672,"teamXp":0.01458641979843378,"teamDeaths":0,"enemyTowersLeft":1,"deaths":0,"teamNetWorth":0.04049000144004822,"teamKills":0},"lastItemPurchased":[0,1,0,0,0,0,0,0,0,0,0]},"npc_dota_hero_nevermore":{"lastAbilityUpgraded":"","victory":false,"state":{"kills":0,"towersLeft":1,"netWorth":0.009600000455975533,"xp":0.02490740828216076,"teamXp":0.01458641979843378,"teamDeaths":0,"enemyTowersLeft":1,"deaths":0,"teamNetWorth":0.04049000144004822,"teamKills":0},"lastItemPurchased":[0,0,0,0,0,0,0,0,0,0,0]},"npc_dota_hero_mirana":{"lastAbilityUpgraded":"","victory":true,"state":{"kills":0,"towersLeft":1,"netWorth":0.007790000177919865,"xp":0.0025925925001502037,"teamXp":0.01247530896216631,"teamDeaths":0.0010000000474974513,"enemyTowersLeft":1,"deaths":0,"teamNetWorth":0.052080001682043076,"teamKills":0},"lastItemPurchased":[0,0,0,0,0,0,0,0,0,0,0]},"npc_dota_hero_ogre_magi":{"lastAbilityUpgraded":"","victory":false,"state":{"kills":0,"towersLeft":1,"netWorth":0.006479999981820583,"xp":0.001697530853562057,"teamXp":0.01458641979843378,"teamDeaths":0,"enemyTowersLeft":1,"deaths":0,"teamNetWorth":0.04049000144004822,"teamKills":0},"lastItemPurchased":[1,0,0,0,0,0,0,0,0,0,0]},"npc_dota_hero_shredder":{"lastAbilityUpgraded":"","victory":true,"state":{"kills":0,"towersLeft":1,"netWorth":0.015780000016093254,"xp":0.010370370000600815,"teamXp":0.01247530896216631,"teamDeaths":0.0010000000474974513,"enemyTowersLeft":1,"deaths":0,"teamNetWorth":0.052080001682043076,"teamKills":0},"lastItemPurchased":[0,0,0,0,0,0,0,0,0,0,0]},"npc_dota_hero_vengefulspirit":{"lastAbilityUpgraded":"","victory":false,"state":{"kills":0,"towersLeft":1,"netWorth":0.006769999861717224,"xp":0.008456789888441563,"teamXp":0.01458641979843378,"teamDeaths":0,"enemyTowersLeft":1,"deaths":0,"teamNetWorth":0.04049000144004822,"teamKills":0},"lastItemPurchased":[0,0,0,0,0,0,0,0,0,0,0]},"npc_dota_hero_omniknight":{"lastAbilityUpgraded":"","victory":false,"state":{"kills":0,"towersLeft":1,"netWorth":0.007009999826550484,"xp":0.019413581117987633,"teamXp":0.01458641979843378,"teamDeaths":0,"enemyTowersLeft":1,"deaths":0,"teamNetWorth":0.04049000144004822,"teamKills":0},"lastItemPurchased":[0,0,0,1,0,0,0,0,0,0,0]},"npc_dota_hero_juggernaut":{"lastAbilityUpgraded":"","victory":true,"state":{"kills":0,"towersLeft":1,"netWorth":0.010999999940395355,"xp":0.016543209552764893,"teamXp":0.01247530896216631,"teamDeaths":0.0010000000474974513,"enemyTowersLeft":1,"deaths":0,"teamNetWorth":0.052080001682043076,"teamKills":0},"lastItemPurchased":[0,0,0,1,0,0,0,0,0,0,0]}}}