{"gameTime":4,"state":{"npc_dota_hero_antimage":{"lastAbilityUpgraded":"","victory":false,"state":{"kills":0,"towersLeft":1,"netWorth":0.007439999841153622,"xp":0.014506172388792038,"teamXp":0.009419753216207027,"teamDeaths":0,"enemyTowersLeft":1,"deaths":0,"teamNetWorth":0.045820001512765884,"teamKills":0},"lastItemPurchased":[0,0,0,1,0,0,0,0,0,0,0]},"npc_dota_hero_treant":{"lastAbilityUpgraded":"","victory":true,"state":{"kills":0,"towersLeft":1,"netWorth":0.0064500002190470695,"xp":0.0037654321640729904,"teamXp":0.007253086194396019,"teamDeaths":0,"enemyTowersLeft":1,"deaths":0,"teamNetWorth":0.03685000166296959,"teamKills":0},"lastItemPurchased":[0,0,0,0,0,0,0,0,0,0,0]},"npc_dota_hero_gyrocopter":{"lastAbilityUpgraded":"","victory":false,"state":{"kills":0,"towersLeft":1,"netWorth":0.007249999791383743,"xp":0.006604938302189112,"teamXp":0.009419753216207027,"teamDeaths":0,"enemyTowersLeft":1,"deaths":0,"teamNetWorth":0.045820001512765884,"teamKills":0},"lastItemPurchased":[0,0,0,0,0,0,0,0,0,0,0]},"npc_dota_hero_winter_wyvern":{"lastAbilityUpgraded":"","victory":false,"state":{"kills":0,"towersLeft":1,"netWorth":0.010060000233352184,"xp":0.008734568022191525,"teamXp":0.009419753216207027,"teamDeaths":0,"enemyTowersLeft":1,"deaths":0,"teamNetWorth":0.045820001512765884,"teamKills":0},"lastItemPurchased":[0,0,0,0,0,0,0,0,0,0,0]},"npc_dota_hero_sand_king":{"lastAbilityUpgraded":"","victory":false,"state":{"kills":0,"towersLeft":1,"netWorth":0.006839999929070473,"xp":0.007870370522141457,"teamXp":0.009419753216207027,"teamDeaths":0,"enemyTowersLeft":1,"deaths":0,"teamNetWorth":0.045820001512765884,"teamKills":0},"lastItemPurchased":[0,0,0,0,0,0,0,0,0,0,0]},"npc_dota_hero_terrorblade":{"lastAbilityUpgraded":"","victory":true,"state":{"kills":0,"towersLeft":1,"netWorth":0.010470000095665455,"xp":0.013117283582687378,"teamXp":0.007253086194396019,"teamDeaths":0,"enemyTowersLeft":1,"deaths":0,"teamNetWorth":0.03685000166296959,"teamKills":0},"lastItemPurchased":[0,0,1,0,0,0,0,0,0,0,0]},"npc_dota_hero_tinker":{"lastAbilityUpgraded":"","victory":true,"state":{"kills":0,"towersLeft":1,"netWorth":0.0062500000931322575,"xp":0.01209876500070095,"teamXp":0.007253086194396019,"teamDeaths":0,"enemyTowersLeft":1,"deaths":0,"teamNetWorth":0.03685000166296959,"teamKills":0},"lastItemPurchased":[1,0,0,0,0,0,0,0,0,0,0]},"npc_dota_hero_lion":{"lastAbilityUpgraded":"","victory":true,"state":{"kills":0,"towersLeft":1,"netWorth":0.0062500000931322575,"xp":3.395061648916453E-4,"teamXp":0.007253086194396019,"teamDeaths":0,"enemyTowersLeft":1,"deaths":0,"teamNetWorth":0.03685000166296959,"teamKills":0},"lastItemPurchased":[0,0,0,0,0,0,0,0,0,0,0]},"npc_dota_hero_morphling":{"lastAbilityUpgraded":"","victory":false,"state":{"kills":0,"towersLeft":1,"netWorth":0.014229999855160713,"xp":0.009382716380059719,"teamXp":0.009419753216207027,"teamDeaths":0,"enemyTowersLeft":1,"deaths":0,"teamNetWorth":0.045820001512765884,"teamKills":0},"lastItemPurchased":[1,0,0,0,0,0,0,0,0,0,0]},"npc_dota_hero_batrider":{"lastAbilityUpgraded":"","victory":true,"state":{"kills":0,"towersLeft":1,"netWorth":0.007430000230669975,"xp":0.0069444444961845875,"teamXp":0.007253086194396019,"teamDeaths":0,"enemyTowersLeft":1,"deaths":0,"teamNetWorth":0.03685000166296959,"teamKills":0},"lastItemPurchased":[0,0,0,0,0,0,0,0,0,0,0]}}}