{"gameTime":33,"state":{"npc_dota_hero_antimage":{"lastAbilityUpgraded":"","victory":false,"state":{"kills":0.004000000189989805,"towersLeft":0.7878788113594055,"netWorth":0.11215999722480774,"xp":0.5810802578926086,"teamXp":0.39846915006637573,"teamDeaths":0.02800000086426735,"enemyTowersLeft":0.8787878751754761,"deaths":0.0020000000949949026,"teamNetWorth":0.3827100098133087,"teamKills":0.024000000208616257},"lastItemPurchased":[0,0,0,0,0,0,0,0,0,0,0]},"npc_dota_hero_treant":{"lastAbilityUpgraded":"","victory":true,"state":{"kills":0.003000000026077032,"towersLeft":0.8787878751754761,"netWorth":0.037390001118183136,"xp":0.27095678448677063,"teamXp":0.3714814782142639,"teamDeaths":0.023000000044703484,"enemyTowersLeft":0.7878788113594055,"deaths":0.004000000189989805,"teamNetWorth":0.3937300145626068,"teamKills":0.027000000700354576},"lastItemPurchased":[0,0,0,0,0,0,0,0,0,0,0]},"npc_dota_hero_gyrocopter":{"lastAbilityUpgraded":"","victory":false,"state":{"kills":0.007000000216066837,"towersLeft":0.7878788113594055,"netWorth":0.05087000131607056,"xp":0.29570987820625305,"teamXp":0.39846915006637573,"teamDeaths":0.02800000086426735,"enemyTowersLeft":0.8787878751754761,"deaths":0.00800000037997961,"teamNetWorth":0.3827100098133087,"teamKills":0.024000000208616257},"lastItemPurchased":[0,0,0,0,0,0,1,0,0,0,0]},"npc_dota_hero_winter_wyvern":{"lastAbilityUpgraded":"","victory":false,"state":{"kills":0.003000000026077032,"towersLeft":0.7878788113594055,"netWorth":0.033309999853372574,"xp":0.25956788659095764,"teamXp":0.39846915006637573,"teamDeaths":0.02800000086426735,"enemyTowersLeft":0.8787878751754761,"deaths":0.008999999612569809,"teamNetWorth":0.3827100098133087,"teamKills":0.024000000208616257},"lastItemPurchased":[0,0,0,0,0,0,0,0,0,0,0]},"npc_dota_hero_sand_king":{"lastAbilityUpgraded":"","victory":false,"state":{"kills":0.006000000052154064,"towersLeft":0.7878788113594055,"netWorth":0.08423999696969986,"xp":0.4183024764060974,"teamXp":0.39846915006637573,"teamDeaths":0.02800000086426735,"enemyTowersLeft":0.8787878751754761,"deaths":0.006000000052154064,"teamNetWorth":0.3827100098133087,"teamKills":0.024000000208616257},"lastItemPurchased":[0,1,0,0,0,0,0,0,0,0,0]},"npc_dota_hero_terrorblade":{"lastAbilityUpgraded":"","victory":true,"state":{"kills":0.007000000216066837,"towersLeft":0.8787878751754761,"netWorth":0.12849999964237213,"xp":0.4603395164012909,"teamXp":0.3714814782142639,"teamDeaths":0.023000000044703484,"enemyTowersLeft":0.7878788113594055,"deaths":0.00800000037997961,"teamNetWorth":0.3937300145626068,"teamKills":0.027000000700354576},"lastItemPurchased":[0,0,0,0,0,0,0,0,0,0,0]},"npc_dota_hero_tinker":{"lastAbilityUpgraded":"","victory":true,"state":{"kills":0.00800000037997961,"towersLeft":0.8787878751754761,"netWorth":0.10858999937772751,"xp":0.42895060777664185,"teamXp":0.3714814782142639,"teamDeaths":0.023000000044703484,"enemyTowersLeft":0.7878788113594055,"deaths":0.0020000000949949026,"teamNetWorth":0.3937300145626068,"teamKills":0.027000000700354576},"lastItemPurchased":[0,0,0,0,0,0,0,0,0,0,0]},"npc_dota_hero_lion":{"lastAbilityUpgraded":"","victory":true,"state":{"kills":0.0010000000474974513,"towersLeft":0.8787878751754761,"netWorth":0.023360000923275948,"xp":0.1991049349308014,"teamXp":0.3714814782142639,"teamDeaths":0.023000000044703484,"enemyTowersLeft":0.7878788113594055,"deaths":0.007000000216066837,"teamNetWorth":0.3937300145626068,"teamKills":0.027000000700354576},"lastItemPurchased":[0,0,0,0,0,0,0,0,0,0,0]},"npc_dota_hero_morphling":{"lastAbilityUpgraded":"","victory":false,"state":{"kills":0.004000000189989805,"towersLeft":0.7878788113594055,"netWorth":0.10213000327348709,"xp":0.43768519163131714,"teamXp":0.39846915006637573,"teamDeaths":0.02800000086426735,"enemyTowersLeft":0.8787878751754761,"deaths":0.003000000026077032,"teamNetWorth":0.3827100098133087,"teamKills":0.024000000208616257},"lastItemPurchased":[0,0,0,0,0,0,0,0,0,0,0]},"npc_dota_hero_batrider":{"lastAbilityUpgraded":"","victory":true,"state":{"kills":0.00800000037997961,"towersLeft":0.8787878751754761,"netWorth":0.09589000046253204,"xp":0.4980555474758148,"teamXp":0.3714814782142639,"teamDeaths":0.023000000044703484,"enemyTowersLeft":0.7878788113594055,"deaths":0.0020000000949949026,"teamNetWorth":0.3937300145626068,"teamKills":0.027000000700354576},"lastItemPurchased":[0,0,0,0,0,0,0,0,0,0,0]}}}