{"gameTime":25,"state":{"npc_dota_hero_warlock":{"lastAbilityUpgraded":"","victory":false,"state":{"kills":0.003000000026077032,"towersLeft":0.939393937587738,"netWorth":0.04795999825000763,"xp":0.20108024775981903,"teamXp":0.2173333317041397,"teamDeaths":0.017000000923871994,"enemyTowersLeft":0.939393937587738,"deaths":0.004000000189989805,"teamNetWorth":0.23777000606060028,"teamKills":0.01600000075995922},"lastItemPurchased":[0,0,0,0,0,0,0,0,0,0,0]},"npc_dota_hero_witch_doctor":{"lastAbilityUpgraded":"","victory":true,"state":{"kills":0.004000000189989805,"towersLeft":0.939393937587738,"netWorth":0.03984000161290169,"xp":0.17503085732460022,"teamXp":0.21130864322185516,"teamDeaths":0.01600000075995922,"enemyTowersLeft":0.939393937587738,"deaths":0.003000000026077032,"teamNetWorth":0.2219099998474121,"teamKills":0.014999999664723873},"lastItemPurchased":[0,0,0,0,0,1,0,0,0,0,0]},"npc_dota_hero_treant":{"lastAbilityUpgraded":"","victory":true,"state":{"kills":0.0010000000474974513,"towersLeft":0.939393937587738,"netWorth":0.021479999646544456,"xp":0.1207098737359047,"teamXp":0.21130864322185516,"teamDeaths":0.01600000075995922,"enemyTowersLeft":0.939393937587738,"deaths":0.003000000026077032,"teamNetWorth":0.2219099998474121,"teamKills":0.014999999664723873},"lastItemPurchased":[0,0,0,0,0,0,0,0,0,0,0]},"npc_dota_hero_life_stealer":{"lastAbilityUpgraded":"","victory":false,"state":{"kills":0.0010000000474974513,"towersLeft":0.939393937587738,"netWorth":0.052060000598430634,"xp":0.24975308775901794,"teamXp":0.2173333317041397,"teamDeaths":0.017000000923871994,"enemyTowersLeft":0.939393937587738,"deaths":0.0020000000949949026,"teamNetWorth":0.23777000606060028,"teamKills":0.01600000075995922},"lastItemPurchased":[0,0,0,0,1,0,0,0,0,0,0]},"npc_dota_hero_axe":{"lastAbilityUpgraded":"","victory":false,"state":{"kills":0.006000000052154064,"towersLeft":0.939393937587738,"netWorth":0.05527999997138977,"xp":0.26364198327064514,"teamXp":0.2173333317041397,"teamDeaths":0.017000000923871994,"enemyTowersLeft":0.939393937587738,"deaths":0.006000000052154064,"teamNetWorth":0.23777000606060028,"teamKills":0.01600000075995922},"lastItemPurchased":[0,0,0,0,0,0,0,0,0,0,0]},"npc_dota_hero_legion_commander":{"lastAbilityUpgraded":"","victory":false,"state":{"kills":0.003000000026077032,"towersLeft":0.939393937587738,"netWorth":0.05217999964952469,"xp":0.21922840178012848,"teamXp":0.2173333317041397,"teamDeaths":0.017000000923871994,"enemyTowersLeft":0.939393937587738,"deaths":0.0010000000474974513,"teamNetWorth":0.23777000606060028,"teamKills":0.01600000075995922},"lastItemPurchased":[0,0,0,0,0,0,0,0,1,0,0]},"npc_dota_hero_silencer":{"lastAbilityUpgraded":"","victory":false,"state":{"kills":0.003000000026077032,"towersLeft":0.939393937587738,"netWorth":0.03029000014066696,"xp":0.15296296775341034,"teamXp":0.2173333317041397,"teamDeaths":0.017000000923871994,"enemyTowersLeft":0.939393937587738,"deaths":0.004000000189989805,"teamNetWorth":0.23777000606060028,"teamKills":0.01600000075995922},"lastItemPurchased":[0,0,0,0,0,0,0,0,0,0,0]},"npc_dota_hero_razor":{"lastAbilityUpgraded":"","victory":true,"state":{"kills":0.004000000189989805,"towersLeft":0.939393937587738,"netWorth":0.04932999983429909,"xp":0.2512962818145752,"teamXp":0.21130864322185516,"teamDeaths":0.01600000075995922,"enemyTowersLeft":0.939393937587738,"deaths":0.004999999888241291,"teamNetWorth":0.2219099998474121,"teamKills":0.014999999664723873},"lastItemPurchased":[0,0,0,0,0,0,0,0,0,1,0]},"npc_dota_hero_shredder":{"lastAbilityUpgraded":"","victory":true,"state":{"kills":0.004999999888241291,"towersLeft":0.939393937587738,"netWorth":0.065870001912117,"xp":0.2849382758140564,"teamXp":0.21130864322185516,"teamDeaths":0.01600000075995922,"enemyTowersLeft":0.939393937587738,"deaths":0.0020000000949949026,"teamNetWorth":0.2219099998474121,"teamKills":0.014999999664723873},"lastItemPurchased":[0,0,0,0,0,0,0,0,0,0,0]},"npc_dota_hero_spectre":{"lastAbilityUpgraded":"","victory":true,"state":{"kills":0.0010000000474974513,"towersLeft":0.939393937587738,"netWorth":0.04538999870419502,"xp":0.22456790506839752,"teamXp":0.21130864322185516,"teamDeaths":0.01600000075995922,"enemyTowersLeft":0.939393937587738,"deaths":0.003000000026077032,"teamNetWorth":0.2219099998474121,"teamKills":0.014999999664723873},"lastItemPurchased":[0,0,0,0,0,0,0,0,0,0,0]}}}