{"gameTime":52,"state":{"npc_dota_hero_warlock":{"lastAbilityUpgraded":"","victory":false,"state":{"kills":0.004999999888241291,"towersLeft":0.7878788113594055,"netWorth":0.13580000400543213,"xp":0.6034567952156067,"teamXp":0.6389999985694885,"teamDeaths":0.04500000178813934,"enemyTowersLeft":0.9090909361839294,"deaths":0.009999999776482582,"teamNetWorth":0.5209100246429443,"teamKills":0.028999999165534973},"lastItemPurchased":[0,0,0,0,0,0,0,0,0,0,0]},"npc_dota_hero_witch_doctor":{"lastAbilityUpgraded":"","victory":true,"state":{"kills":0.006000000052154064,"towersLeft":0.9090909361839294,"netWorth":0.07517000287771225,"xp":0.44820988178253174,"teamXp":0.6844382882118225,"teamDeaths":0.03099999949336052,"enemyTowersLeft":0.7878788113594055,"deaths":0.007000000216066837,"teamNetWorth":0.6393300294876099,"teamKills":0.041999999433755875},"lastItemPurchased":[0,0,0,0,0,0,0,0,0,0,0]},"npc_dota_hero_treant":{"lastAbilityUpgraded":"","victory":true,"state":{"kills":0.003000000026077032,"towersLeft":0.9090909361839294,"netWorth":0.06233000010251999,"xp":0.5019752979278564,"teamXp":0.6844382882118225,"teamDeaths":0.03099999949336052,"enemyTowersLeft":0.7878788113594055,"deaths":0.004000000189989805,"teamNetWorth":0.6393300294876099,"teamKills":0.041999999433755875},"lastItemPurchased":[0,0,0,0,0,0,0,0,0,0,0]},"npc_dota_hero_life_stealer":{"lastAbilityUpgraded":"","victory":false,"state":{"kills":0.004999999888241291,"towersLeft":0.7878788113594055,"netWorth":0.11411000043153763,"xp":0.7873148322105408,"teamXp":0.6389999985694885,"teamDeaths":0.04500000178813934,"enemyTowersLeft":0.9090909361839294,"deaths":0.007000000216066837,"teamNetWorth":0.5209100246429443,"teamKills":0.028999999165534973},"lastItemPurchased":[0,0,0,0,0,0,0,0,0,0,1]},"npc_dota_hero_axe":{"lastAbilityUpgraded":"","victory":false,"state":{"kills":0.008999999612569809,"towersLeft":0.7878788113594055,"netWorth":0.12387999892234802,"xp":0.6945679187774658,"teamXp":0.6389999985694885,"teamDeaths":0.04500000178813934,"enemyTowersLeft":0.9090909361839294,"deaths":0.012000000104308128,"teamNetWorth":0.5209100246429443,"teamKills":0.028999999165534973},"lastItemPurchased":[0,0,0,0,1,0,0,0,0,0,0]},"npc_dota_hero_legion_commander":{"lastAbilityUpgraded":"","victory":false,"state":{"kills":0.007000000216066837,"towersLeft":0.7878788113594055,"netWorth":0.11847999691963196,"xp":0.7789506316184998,"teamXp":0.6389999985694885,"teamDeaths":0.04500000178813934,"enemyTowersLeft":0.9090909361839294,"deaths":0.006000000052154064,"teamNetWorth":0.5209100246429443,"teamKills":0.028999999165534973},"lastItemPurchased":[0,0,0,0,0,0,0,0,0,0,1]},"npc_dota_hero_silencer":{"lastAbilityUpgraded":"","victory":false,"state":{"kills":0.003000000026077032,"towersLeft":0.7878788113594055,"netWorth":0.02864000014960766,"xp":0.33070987462997437,"teamXp":0.6389999985694885,"teamDeaths":0.04500000178813934,"enemyTowersLeft":0.9090909361839294,"deaths":0.009999999776482582,"teamNetWorth":0.5209100246429443,"teamKills":0.028999999165534973},"lastItemPurchased":[1,0,0,0,0,0,0,0,0,0,0]},"npc_dota_hero_razor":{"lastAbilityUpgraded":"","victory":true,"state":{"kills":0.009999999776482582,"towersLeft":0.9090909361839294,"netWorth":0.1289599984884262,"xp":0.6688580513000488,"teamXp":0.6844382882118225,"teamDeaths":0.03099999949336052,"enemyTowersLeft":0.7878788113594055,"deaths":0.00800000037997961,"teamNetWorth":0.6393300294876099,"teamKills":0.041999999433755875},"lastItemPurchased":[0,0,0,0,0,0,0,0,0,0,0]},"npc_dota_hero_shredder":{"lastAbilityUpgraded":"","victory":true,"state":{"kills":0.017999999225139618,"towersLeft":0.9090909361839294,"netWorth":0.25075000524520874,"xp":1.000709891319275,"teamXp":0.6844382882118225,"teamDeaths":0.03099999949336052,"enemyTowersLeft":0.7878788113594055,"deaths":0.004000000189989805,"teamNetWorth":0.6393300294876099,"teamKills":0.041999999433755875},"lastItemPurchased":[0,0,0,0,0,0,0,0,0,0,0]},"npc_dota_hero_spectre":{"lastAbilityUpgraded":"","victory":true,"state":{"kills":0.004999999888241291,"towersLeft":0.9090909361839294,"netWorth":0.12212000042200089,"xp":0.8024382591247559,"teamXp":0.6844382882118225,"teamDeaths":0.03099999949336052,"enemyTowersLeft":0.7878788113594055,"deaths":0.00800000037997961,"teamNetWorth":0.6393300294876099,"teamKills":0.041999999433755875},"lastItemPurchased":[0,0,0,0,0,0,0,0,0,1,0]}}}