{"gameTime":35,"state":{"npc_dota_hero_crystal_maiden":{"lastAbilityUpgraded":"","victory":true,"state":{"kills":0.0010000000474974513,"towersLeft":0.9696969985961914,"netWorth":0.04927000030875206,"xp":0.26379629969596863,"teamXp":0.3622037172317505,"teamDeaths":0.019999999552965164,"enemyTowersLeft":0.7878788113594055,"deaths":0.006000000052154064,"teamNetWorth":0.4124799966812134,"teamKills":0.02199999988079071},"lastItemPurchased":[0,0,0,0,0,0,0,0,0,0,0]},"npc_dota_hero_faceless_void":{"lastAbilityUpgraded":"","victory":true,"state":{"kills":0.0020000000949949026,"towersLeft":0.9696969985961914,"netWorth":0.0625,"xp":0.31345680356025696,"teamXp":0.3622037172317505,"teamDeaths":0.019999999552965164,"enemyTowersLeft":0.7878788113594055,"deaths":0.004999999888241291,"teamNetWorth":0.4124799966812134,"teamKills":0.02199999988079071},"lastItemPurchased":[0,0,0,0,0,0,0,0,0,0,0]},"npc_dota_hero_pudge":{"lastAbilityUpgraded":"","victory":false,"state":{"kills":0.004000000189989805,"towersLeft":0.7878788113594055,"netWorth":0.023000000044703484,"xp":0.21469135582447052,"teamXp":0.3403888940811157,"teamDeaths":0.026000000536441803,"enemyTowersLeft":0.9696969985961914,"deaths":0.008999999612569809,"teamNetWorth":0.31189000606536865,"teamKills":0.02199999988079071},"lastItemPurchased":[0,0,0,1,0,0,0,0,0,0,0]},"npc_dota_hero_phantom_assassin":{"lastAbilityUpgraded":"","victory":true,"state":{"kills":0.014999999664723873,"towersLeft":0.9696969985961914,"netWorth":0.16196000576019287,"xp":0.5829629898071289,"teamXp":0.3622037172317505,"teamDeaths":0.019999999552965164,"enemyTowersLeft":0.7878788113594055,"deaths":0.003000000026077032,"teamNetWorth":0.4124799966812134,"teamKills":0.02199999988079071},"lastItemPurchased":[0,0,0,0,0,0,0,0,0,0,0]},"npc_dota_hero_tinker":{"lastAbilityUpgraded":"","victory":true,"state":{"kills":0.0020000000949949026,"towersLeft":0.9696969985961914,"netWorth":0.08859000355005264,"xp":0.3669135868549347,"teamXp":0.3622037172317505,"teamDeaths":0.019999999552965164,"enemyTowersLeft":0.7878788113594055,"deaths":0.004000000189989805,"teamNetWorth":0.4124799966812134,"teamKills":0.02199999988079071},"lastItemPurchased":[0,1,0,0,0,0,0,0,0,0,0]},"npc_dota_hero_ogre_magi":{"lastAbilityUpgraded":"","victory":true,"state":{"kills":0.0020000000949949026,"towersLeft":0.9696969985961914,"netWorth":0.0501599982380867,"xp":0.28388887643814087,"teamXp":0.3622037172317505,"teamDeaths":0.019999999552965164,"enemyTowersLeft":0.7878788113594055,"deaths":0.0020000000949949026,"teamNetWorth":0.4124799966812134,"teamKills":0.02199999988079071},"lastItemPurchased":[0,0,0,0,0,0,0,0,0,0,0]},"npc_dota_hero_spectre":{"lastAbilityUpgraded":"","victory":false,"state":{"kills":0.0020000000949949026,"towersLeft":0.7878788113594055,"netWorth":0.10300000011920929,"xp":0.4531790018081665,"teamXp":0.3403888940811157,"teamDeaths":0.026000000536441803,"enemyTowersLeft":0.9696969985961914,"deaths":0.003000000026077032,"teamNetWorth":0.31189000606536865,"teamKills":0.02199999988079071},"lastItemPurchased":[0,0,0,0,0,0,0,0,0,0,0]},"npc_dota_hero_omniknight":{"lastAbilityUpgraded":"","victory":false,"state":{"kills":0.003000000026077032,"towersLeft":0.7878788113594055,"netWorth":0.04035999998450279,"xp":0.29370370507240295,"teamXp":0.3403888940811157,"teamDeaths":0.026000000536441803,"enemyTowersLeft":0.9696969985961914,"deaths":0.007000000216066837,"teamNetWorth":0.31189000606536865,"teamKills":0.02199999988079071},"lastItemPurchased":[0,0,0,0,0,0,0,0,0,0,0]},"npc_dota_hero_lich":{"lastAbilityUpgraded":"","victory":false,"state":{"kills":0.004000000189989805,"towersLeft":0.7878788113594055,"netWorth":0.028759999200701714,"xp":0.23305556178092957,"teamXp":0.3403888940811157,"teamDeaths":0.026000000536441803,"enemyTowersLeft":0.9696969985961914,"deaths":0.004999999888241291,"teamNetWorth":0.31189000606536865,"teamKills":0.02199999988079071},"lastItemPurchased":[0,0,0,0,0,0,0,0,0,0,0]},"npc_dota_hero_juggernaut":{"lastAbilityUpgraded":"","victory":false,"state":{"kills":0.008999999612569809,"towersLeft":0.7878788113594055,"netWorth":0.11676999926567078,"xp":0.5073148012161255,"teamXp":0.3403888940811157,"teamDeaths":0.026000000536441803,"enemyTowersLeft":0.9696969985961914,"deaths":0.0020000000949949026,"teamNetWorth":0.31189000606536865,"teamKills":0.02199999988079071},"lastItemPurchased":[0,0,0,0,0,0,0,0,0,0,0]}}}