{"gameTime":37,"state":{"npc_dota_hero_crystal_maiden":{"lastAbilityUpgraded":"","victory":true,"state":{"kills":0.0010000000474974513,"towersLeft":0.939393937587738,"netWorth":0.05513999983668327,"xp":0.28398147225379944,"teamXp":0.39333951473236084,"teamDeaths":0.019999999552965164,"enemyTowersLeft":0.7575757503509521,"deaths":0.006000000052154064,"teamNetWorth":0.4516099989414215,"teamKills":0.023000000044703484},"lastItemPurchased":[0,0,0,0,0,0,0,0,0,0,0]},"npc_dota_hero_faceless_void":{"lastAbilityUpgraded":"","victory":true,"state":{"kills":0.0020000000949949026,"towersLeft":0.939393937587738,"netWorth":0.07135999947786331,"xp":0.3551543354988098,"teamXp":0.39333951473236084,"teamDeaths":0.019999999552965164,"enemyTowersLeft":0.7575757503509521,"deaths":0.004999999888241291,"teamNetWorth":0.4516099989414215,"teamKills":0.023000000044703484},"lastItemPurchased":[0,0,0,0,0,0,0,0,0,0,0]},"npc_dota_hero_pudge":{"lastAbilityUpgraded":"","victory":false,"state":{"kills":0.004000000189989805,"towersLeft":0.7575757503509521,"netWorth":0.024660000577569008,"xp":0.23135802149772644,"teamXp":0.35548147559165955,"teamDeaths":0.027000000700354576,"enemyTowersLeft":0.939393937587738,"deaths":0.009999999776482582,"teamNetWorth":0.33616000413894653,"teamKills":0.02199999988079071},"lastItemPurchased":[0,1,0,0,0,0,0,0,0,0,0]},"npc_dota_hero_phantom_assassin":{"lastAbilityUpgraded":"","victory":true,"state":{"kills":0.01600000075995922,"towersLeft":0.939393937587738,"netWorth":0.17258000373840332,"xp":0.6252160668373108,"teamXp":0.39333951473236084,"teamDeaths":0.019999999552965164,"enemyTowersLeft":0.7575757503509521,"deaths":0.003000000026077032,"teamNetWorth":0.4516099989414215,"teamKills":0.023000000044703484},"lastItemPurchased":[0,0,0,0,0,0,0,0,0,0,0]},"npc_dota_hero_tinker":{"lastAbilityUpgraded":"","victory":true,"state":{"kills":0.0020000000949949026,"towersLeft":0.939393937587738,"netWorth":0.09641999751329422,"xp":0.38913580775260925,"teamXp":0.39333951473236084,"teamDeaths":0.019999999552965164,"enemyTowersLeft":0.7575757503509521,"deaths":0.004000000189989805,"teamNetWorth":0.4516099989414215,"teamKills":0.023000000044703484},"lastItemPurchased":[0,0,0,0,0,0,0,0,0,0,0]},"npc_dota_hero_ogre_magi":{"lastAbilityUpgraded":"","victory":true,"state":{"kills":0.0020000000949949026,"towersLeft":0.939393937587738,"netWorth":0.05610999837517738,"xp":0.3132098913192749,"teamXp":0.39333951473236084,"teamDeaths":0.019999999552965164,"enemyTowersLeft":0.7575757503509521,"deaths":0.0020000000949949026,"teamNetWorth":0.4516099989414215,"teamKills":0.023000000044703484},"lastItemPurchased":[0,0,0,0,0,0,0,0,0,0,0]},"npc_dota_hero_spectre":{"lastAbilityUpgraded":"","victory":false,"state":{"kills":0.0020000000949949026,"towersLeft":0.7575757503509521,"netWorth":0.1121399998664856,"xp":0.47425925731658936,"teamXp":0.35548147559165955,"teamDeaths":0.027000000700354576,"enemyTowersLeft":0.939393937587738,"deaths":0.003000000026077032,"teamNetWorth":0.33616000413894653,"teamKills":0.02199999988079071},"lastItemPurchased":[0,0,0,0,0,0,0,0,0,0,0]},"npc_dota_hero_omniknight":{"lastAbilityUpgraded":"","victory":false,"state":{"kills":0.003000000026077032,"towersLeft":0.7575757503509521,"netWorth":0.04196000099182129,"xp":0.2971605062484741,"teamXp":0.35548147559165955,"teamDeaths":0.027000000700354576,"enemyTowersLeft":0.939393937587738,"deaths":0.007000000216066837,"teamNetWorth":0.33616000413894653,"teamKills":0.02199999988079071},"lastItemPurchased":[0,0,0,0,0,0,0,0,0,0,0]},"npc_dota_hero_lich":{"lastAbilityUpgraded":"","victory":false,"state":{"kills":0.004000000189989805,"towersLeft":0.7575757503509521,"netWorth":0.030780000612139702,"xp":0.2368209809064865,"teamXp":0.35548147559165955,"teamDeaths":0.027000000700354576,"enemyTowersLeft":0.939393937587738,"deaths":0.004999999888241291,"teamNetWorth":0.33616000413894653,"teamKills":0.02199999988079071},"lastItemPurchased":[1,0,0,0,0,0,0,0,0,0,0]},"npc_dota_hero_juggernaut":{"lastAbilityUpgraded":"","victory":false,"state":{"kills":0.008999999612569809,"towersLeft":0.7575757503509521,"netWorth":0.12661999464035034,"xp":0.5378086566925049,"teamXp":0.35548147559165955,"teamDeaths":0.027000000700354576,"enemyTowersLeft":0.939393937587738,"deaths":0.0020000000949949026,"teamNetWorth":0.33616000413894653,"teamKills":0.02199999988079071},"lastItemPurchased":[0,0,0,0,0,0,0,0,0,0,0]}}}