{"gameTime":44,"state":{"npc_dota_hero_crystal_maiden":{"lastAbilityUpgraded":"","victory":true,"state":{"kills":0.0010000000474974513,"towersLeft":0.939393937587738,"netWorth":0.061480000615119934,"xp":0.371975302696228,"teamXp":0.5462468862533569,"teamDeaths":0.02800000086426735,"enemyTowersLeft":0.6363636255264282,"deaths":0.00800000037997961,"teamNetWorth":0.5729600191116333,"teamKills":0.03099999949336052},"lastItemPurchased":[0,0,0,0,0,0,0,0,0,0,0]},"npc_dota_hero_faceless_void":{"lastAbilityUpgraded":"","victory":true,"state":{"kills":0.0020000000949949026,"towersLeft":0.939393937587738,"netWorth":0.08459000289440155,"xp":0.4553394913673401,"teamXp":0.5462468862533569,"teamDeaths":0.02800000086426735,"enemyTowersLeft":0.6363636255264282,"deaths":0.007000000216066837,"teamNetWorth":0.5729600191116333,"teamKills":0.03099999949336052},"lastItemPurchased":[0,0,0,0,0,0,0,0,0,0,0]},"npc_dota_hero_pudge":{"lastAbilityUpgraded":"","victory":false,"state":{"kills":0.008999999612569809,"towersLeft":0.6363636255264282,"netWorth":0.03263000026345253,"xp":0.36688271164894104,"teamXp":0.47508642077445984,"teamDeaths":0.035999998450279236,"enemyTowersLeft":0.939393937587738,"deaths":0.012000000104308128,"teamNetWorth":0.3803899884223938,"teamKills":0.03099999949336052},"lastItemPurchased":[0,0,0,0,0,0,0,0,0,0,0]},"npc_dota_hero_phantom_assassin":{"lastAbilityUpgraded":"","victory":true,"state":{"kills":0.02199999988079071,"towersLeft":0.939393937587738,"netWorth":0.21856999397277832,"xp":0.9079321026802063,"teamXp":0.5462468862533569,"teamDeaths":0.02800000086426735,"enemyTowersLeft":0.6363636255264282,"deaths":0.004999999888241291,"teamNetWorth":0.5729600191116333,"teamKills":0.03099999949336052},"lastItemPurchased":[0,0,0,0,0,0,0,0,0,0,1]},"npc_dota_hero_tinker":{"lastAbilityUpgraded":"","victory":true,"state":{"kills":0.003000000026077032,"towersLeft":0.939393937587738,"netWorth":0.13925999402999878,"xp":0.5487345457077026,"teamXp":0.5462468862533569,"teamDeaths":0.02800000086426735,"enemyTowersLeft":0.6363636255264282,"deaths":0.004000000189989805,"teamNetWorth":0.5729600191116333,"teamKills":0.03099999949336052},"lastItemPurchased":[0,0,0,0,0,0,0,0,1,0,0]},"npc_dota_hero_ogre_magi":{"lastAbilityUpgraded":"","victory":true,"state":{"kills":0.003000000026077032,"towersLeft":0.939393937587738,"netWorth":0.06905999779701233,"xp":0.4472530782222748,"teamXp":0.5462468862533569,"teamDeaths":0.02800000086426735,"enemyTowersLeft":0.6363636255264282,"deaths":0.004000000189989805,"teamNetWorth":0.5729600191116333,"teamKills":0.03099999949336052},"lastItemPurchased":[0,0,0,1,0,0,0,0,0,0,0]},"npc_dota_hero_spectre":{"lastAbilityUpgraded":"","victory":false,"state":{"kills":0.004000000189989805,"towersLeft":0.6363636255264282,"netWorth":0.12623000144958496,"xp":0.6203703880310059,"teamXp":0.47508642077445984,"teamDeaths":0.035999998450279236,"enemyTowersLeft":0.939393937587738,"deaths":0.004999999888241291,"teamNetWorth":0.3803899884223938,"teamKills":0.03099999949336052},"lastItemPurchased":[0,0,0,0,0,0,0,0,0,0,0]},"npc_dota_hero_omniknight":{"lastAbilityUpgraded":"","victory":false,"state":{"kills":0.004000000189989805,"towersLeft":0.6363636255264282,"netWorth":0.05115000158548355,"xp":0.37932097911834717,"teamXp":0.47508642077445984,"teamDeaths":0.035999998450279236,"enemyTowersLeft":0.939393937587738,"deaths":0.00800000037997961,"teamNetWorth":0.3803899884223938,"teamKills":0.03099999949336052},"lastItemPurchased":[0,0,0,0,0,0,0,0,0,0,0]},"npc_dota_hero_lich":{"lastAbilityUpgraded":"","victory":false,"state":{"kills":0.004999999888241291,"towersLeft":0.6363636255264282,"netWorth":0.03109000064432621,"xp":0.3804320991039276,"teamXp":0.47508642077445984,"teamDeaths":0.035999998450279236,"enemyTowersLeft":0.939393937587738,"deaths":0.007000000216066837,"teamNetWorth":0.3803899884223938,"teamKills":0.03099999949336052},"lastItemPurchased":[0,0,0,0,0,0,0,0,0,0,0]},"npc_dota_hero_juggernaut":{"lastAbilityUpgraded":"","victory":false,"state":{"kills":0.008999999612569809,"towersLeft":0.6363636255264282,"netWorth":0.1392900049686432,"xp":0.6284258961677551,"teamXp":0.47508642077445984,"teamDeaths":0.035999998450279236,"enemyTowersLeft":0.939393937587738,"deaths":0.004000000189989805,"teamNetWorth":0.3803899884223938,"teamKills":0.03099999949336052},"lastItemPurchased":[0,0,0,0,0,0,0,0,0,0,0]}}}