{"gameTime":16,"state":{"npc_dota_hero_faceless_void":{"lastAbilityUpgraded":"","victory":false,"state":{"kills":0,"towersLeft":1,"netWorth":0.010859999805688858,"xp":0.06790123134851456,"teamXp":0.07202468812465668,"teamDeaths":0.007000000216066837,"enemyTowersLeft":1,"deaths":0.0020000000949949026,"teamNetWorth":0.08793000131845474,"teamKills":0.0020000000949949026},"lastItemPurchased":[0,0,0,0,0,0,0,0,0,0,0]},"npc_dota_hero_naga_siren":{"lastAbilityUpgraded":"","victory":false,"state":{"kills":0,"towersLeft":1,"netWorth":0.03036000020802021,"xp":0.09515432268381119,"teamXp":0.07202468812465668,"teamDeaths":0.007000000216066837,"enemyTowersLeft":1,"deaths":0.0010000000474974513,"teamNetWorth":0.08793000131845474,"teamKills":0.0020000000949949026},"lastItemPurchased":[0,0,0,0,0,0,0,0,0,0,0]},"npc_dota_hero_nyx_assassin":{"lastAbilityUpgraded":"","victory":false,"state":{"kills":0,"towersLeft":1,"netWorth":0.02029000036418438,"xp":0.11401234567165375,"teamXp":0.07202468812465668,"teamDeaths":0.007000000216066837,"enemyTowersLeft":1,"deaths":0.0020000000949949026,"teamNetWorth":0.08793000131845474,"teamKills":0.0020000000949949026},"lastItemPurchased":[0,0,0,0,0,0,0,0,0,0,0]},"npc_dota_hero_rubick":{"lastAbilityUpgraded":"","victory":false,"state":{"kills":0.0010000000474974513,"towersLeft":1,"netWorth":0.013729999773204327,"xp":0.050740741193294525,"teamXp":0.07202468812465668,"teamDeaths":0.007000000216066837,"enemyTowersLeft":1,"deaths":0,"teamNetWorth":0.08793000131845474,"teamKills":0.0020000000949949026},"lastItemPurchased":[0,0,0,0,0,0,0,0,0,0,0]},"npc_dota_hero_spirit_breaker":{"lastAbilityUpgraded":"","victory":false,"state":{"kills":0.0010000000474974513,"towersLeft":1,"netWorth":0.012690000236034393,"xp":0.03231481462717056,"teamXp":0.07202468812465668,"teamDeaths":0.007000000216066837,"enemyTowersLeft":1,"deaths":0.0020000000949949026,"teamNetWorth":0.08793000131845474,"teamKills":0.0020000000949949026},"lastItemPurchased":[0,0,0,0,0,0,0,0,0,0,0]},"npc_dota_hero_kunkka":{"lastAbilityUpgraded":"","victory":true,"state":{"kills":0.0010000000474974513,"towersLeft":1,"netWorth":0.015549999661743641,"xp":0.05861110985279083,"teamXp":0.08424074202775955,"teamDeaths":0.004000000189989805,"enemyTowersLeft":1,"deaths":0,"teamNetWorth":0.11754000186920166,"teamKills":0.007000000216066837},"lastItemPurchased":[0,0,0,0,0,0,0,0,0,0,1]},"npc_dota_hero_obsidian_destroyer":{"lastAbilityUpgraded":"","victory":true,"state":{"kills":0.004000000189989805,"towersLeft":1,"netWorth":0.029330000281333923,"xp":0.10759259015321732,"teamXp":0.08424074202775955,"teamDeaths":0.004000000189989805,"enemyTowersLeft":1,"deaths":0,"teamNetWorth":0.11754000186920166,"teamKills":0.007000000216066837},"lastItemPurchased":[0,0,0,0,0,0,0,0,0,0,0]},"npc_dota_hero_disruptor":{"lastAbilityUpgraded":"","victory":true,"state":{"kills":0,"towersLeft":1,"netWorth":0.007360000163316727,"xp":0.05462963134050369,"teamXp":0.08424074202775955,"teamDeaths":0.004000000189989805,"enemyTowersLeft":1,"deaths":0.004000000189989805,"teamNetWorth":0.11754000186920166,"teamKills":0.007000000216066837},"lastItemPurchased":[1,0,0,0,0,0,0,0,0,0,0]},"npc_dota_hero_juggernaut":{"lastAbilityUpgraded":"","victory":true,"state":{"kills":0.0020000000949949026,"towersLeft":1,"netWorth":0.03757999837398529,"xp":0.09182098507881165,"teamXp":0.08424074202775955,"teamDeaths":0.004000000189989805,"enemyTowersLeft":1,"deaths":0,"teamNetWorth":0.11754000186920166,"teamKills":0.007000000216066837},"lastItemPurchased":[0,0,0,0,0,0,0,0,0,0,0]},"npc_dota_hero_magnataur":{"lastAbilityUpgraded":"","victory":true,"state":{"kills":0,"towersLeft":1,"netWorth":0.027720000594854355,"xp":0.10854938626289368,"teamXp":0.08424074202775955,"teamDeaths":0.004000000189989805,"enemyTowersLeft":1,"deaths":0,"teamNetWorth":0.11754000186920166,"teamKills":0.007000000216066837},"lastItemPurchased":[0,0,0,0,0,0,0,0,0,0,0]}}}