{"gameTime":17,"state":{"npc_dota_hero_pudge":{"lastAbilityUpgraded":"","victory":false,"state":{"kills":0.004000000189989805,"towersLeft":0.9090909361839294,"netWorth":0.030319999903440475,"xp":0.12222222238779068,"teamXp":0.09417284280061722,"teamDeaths":0.01899999938905239,"enemyTowersLeft":1,"deaths":0.004999999888241291,"teamNetWorth":0.09675999730825424,"teamKills":0.007000000216066837},"lastItemPurchased":[0,0,0,0,0,0,0,0,0,0,0]},"npc_dota_hero_phantom_lancer":{"lastAbilityUpgraded":"","victory":true,"state":{"kills":0.009999999776482582,"towersLeft":1,"netWorth":0.0840499997138977,"xp":0.2899382710456848,"teamXp":0.13624073565006256,"teamDeaths":0.00800000037997961,"enemyTowersLeft":0.9090909361839294,"deaths":0,"teamNetWorth":0.19086000323295593,"teamKills":0.01600000075995922},"lastItemPurchased":[0,0,0,0,0,0,0,0,0,0,0]},"npc_dota_hero_venomancer":{"lastAbilityUpgraded":"","victory":false,"state":{"kills":0.0010000000474974513,"towersLeft":0.9090909361839294,"netWorth":0.024150000885128975,"xp":0.1122530847787857,"teamXp":0.09417284280061722,"teamDeaths":0.01899999938905239,"enemyTowersLeft":1,"deaths":0.006000000052154064,"teamNetWorth":0.09675999730825424,"teamKills":0.007000000216066837},"lastItemPurchased":[0,0,0,0,0,0,0,0,0,0,0]},"npc_dota_hero_huskar":{"lastAbilityUpgraded":"","victory":true,"state":{"kills":0,"towersLeft":1,"netWorth":0.0391400009393692,"xp":0.15648147463798523,"teamXp":0.13624073565006256,"teamDeaths":0.00800000037997961,"enemyTowersLeft":0.9090909361839294,"deaths":0.0020000000949949026,"teamNetWorth":0.19086000323295593,"teamKills":0.01600000075995922},"lastItemPurchased":[0,0,0,0,0,0,0,0,0,0,0]},"npc_dota_hero_lycan":{"lastAbilityUpgraded":"","victory":false,"state":{"kills":0,"towersLeft":0.9090909361839294,"netWorth":0.012590000405907631,"xp":0.09089506417512894,"teamXp":0.09417284280061722,"teamDeaths":0.01899999938905239,"enemyTowersLeft":1,"deaths":0.004999999888241291,"teamNetWorth":0.09675999730825424,"teamKills":0.007000000216066837},"lastItemPurchased":[0,0,0,0,0,0,0,0,0,0,0]},"npc_dota_hero_death_prophet":{"lastAbilityUpgraded":"","victory":false,"state":{"kills":0,"towersLeft":0.9090909361839294,"netWorth":0.006440000142902136,"xp":0.01734567992389202,"teamXp":0.09417284280061722,"teamDeaths":0.01899999938905239,"enemyTowersLeft":1,"deaths":0.003000000026077032,"teamNetWorth":0.09675999730825424,"teamKills":0.007000000216066837},"lastItemPurchased":[0,0,0,0,0,0,0,0,0,0,0]},"npc_dota_hero_kunkka":{"lastAbilityUpgraded":"","victory":true,"state":{"kills":0.004999999888241291,"towersLeft":1,"netWorth":0.04430000111460686,"xp":0.13567900657653809,"teamXp":0.13624073565006256,"teamDeaths":0.00800000037997961,"enemyTowersLeft":0.9090909361839294,"deaths":0.0010000000474974513,"teamNetWorth":0.19086000323295593,"teamKills":0.01600000075995922},"lastItemPurchased":[0,0,0,0,0,0,0,0,0,0,0]},"npc_dota_hero_shredder":{"lastAbilityUpgraded":"","victory":false,"state":{"kills":0.0020000000949949026,"towersLeft":0.9090909361839294,"netWorth":0.023259999230504036,"xp":0.128148153424263,"teamXp":0.09417284280061722,"teamDeaths":0.01899999938905239,"enemyTowersLeft":1,"deaths":0,"teamNetWorth":0.09675999730825424,"teamKills":0.007000000216066837},"lastItemPurchased":[0,0,0,0,0,0,0,0,0,0,0]},"npc_dota_hero_shadow_demon":{"lastAbilityUpgraded":"","victory":true,"state":{"kills":0.0010000000474974513,"towersLeft":1,"netWorth":0.02336999960243702,"xp":0.09910494089126587,"teamXp":0.13624073565006256,"teamDeaths":0.00800000037997961,"enemyTowersLeft":0.9090909361839294,"deaths":0.004999999888241291,"teamNetWorth":0.19086000323295593,"teamKills":0.01600000075995922},"lastItemPurchased":[0,0,0,0,1,0,0,0,0,0,0]}}}