{"gameTime":17,"state":{"npc_dota_hero_rubick":{"lastAbilityUpgraded":"","victory":false,"state":{"kills":0,"towersLeft":1,"netWorth":0.019990000873804092,"xp":0.09188271313905716,"teamXp":0.12029629945755005,"teamDeaths":0.007000000216066837,"enemyTowersLeft":0.9696969985961914,"deaths":0.0020000000949949026,"teamNetWorth":0.15454000234603882,"teamKills":0.010999999940395355},"lastItemPurchased":[0,0,0,0,0,0,0,0,0,0,0]},"npc_dota_hero_silencer":{"lastAbilityUpgraded":"","victory":false,"state":{"kills":0.003000000026077032,"towersLeft":1,"netWorth":0.01909000054001808,"xp":0.06299382448196411,"teamXp":0.12029629945755005,"teamDeaths":0.007000000216066837,"enemyTowersLeft":0.9696969985961914,"deaths":0.0020000000949949026,"teamNetWorth":0.15454000234603882,"teamKills":0.010999999940395355},"lastItemPurchased":[0,1,0,0,0,0,0,0,0,0,0]},"npc_dota_hero_legion_commander":{"lastAbilityUpgraded":"","victory":false,"state":{"kills":0.0020000000949949026,"towersLeft":1,"netWorth":0.033240001648664474,"xp":0.1419753134250641,"teamXp":0.12029629945755005,"teamDeaths":0.007000000216066837,"enemyTowersLeft":0.9696969985961914,"deaths":0,"teamNetWorth":0.15454000234603882,"teamKills":0.010999999940395355},"lastItemPurchased":[1,0,0,0,0,0,0,0,0,0,0]},"npc_dota_hero_venomancer":{"lastAbilityUpgraded":"","victory":false,"state":{"kills":0.003000000026077032,"towersLeft":1,"netWorth":0.030939999967813492,"xp":0.12283950299024582,"teamXp":0.12029629945755005,"teamDeaths":0.007000000216066837,"enemyTowersLeft":0.9696969985961914,"deaths":0.0020000000949949026,"teamNetWorth":0.15454000234603882,"teamKills":0.010999999940395355},"lastItemPurchased":[0,0,0,0,1,0,0,0,0,0,0]},"npc_dota_hero_sand_king":{"lastAbilityUpgraded":"","victory":true,"state":{"kills":0.0010000000474974513,"towersLeft":0.9696969985961914,"netWorth":0.02718999981880188,"xp":0.12746913731098175,"teamXp":0.11641975492238998,"teamDeaths":0.014000000432133675,"enemyTowersLeft":1,"deaths":0.003000000026077032,"teamNetWorth":0.12456999719142914,"teamKills":0.006000000052154064},"lastItemPurchased":[0,0,0,0,1,0,0,0,0,0,0]},"npc_dota_hero_nevermore":{"lastAbilityUpgraded":"","victory":true,"state":{"kills":0.0010000000474974513,"towersLeft":0.9696969985961914,"netWorth":0.044029999524354935,"xp":0.18947531282901764,"teamXp":0.11641975492238998,"teamDeaths":0.014000000432133675,"enemyTowersLeft":1,"deaths":0.0020000000949949026,"teamNetWorth":0.12456999719142914,"teamKills":0.006000000052154064},"lastItemPurchased":[0,0,0,0,0,0,0,0,0,0,0]},"npc_dota_hero_keeper_of_the_light":{"lastAbilityUpgraded":"","victory":true,"state":{"kills":0.0020000000949949026,"towersLeft":0.9696969985961914,"netWorth":0.016109999269247055,"xp":0.10540123283863068,"teamXp":0.11641975492238998,"teamDeaths":0.014000000432133675,"enemyTowersLeft":1,"deaths":0.0020000000949949026,"teamNetWorth":0.12456999719142914,"teamKills":0.006000000052154064},"lastItemPurchased":[1,0,0,0,0,0,0,0,0,0,0]},"npc_dota_hero_shredder":{"lastAbilityUpgraded":"","victory":false,"state":{"kills":0.003000000026077032,"towersLeft":1,"netWorth":0.05127999931573868,"xp":0.18179012835025787,"teamXp":0.12029629945755005,"teamDeaths":0.007000000216066837,"enemyTowersLeft":0.9696969985961914,"deaths":0.0010000000474974513,"teamNetWorth":0.15454000234603882,"teamKills":0.010999999940395355},"lastItemPurchased":[0,0,0,0,0,0,0,0,1,0,0]},"npc_dota_hero_rattletrap":{"lastAbilityUpgraded":"","victory":true,"state":{"kills":0.0010000000474974513,"towersLeft":0.9696969985961914,"netWorth":0.01063000038266182,"xp":0.05805555731058121,"teamXp":0.11641975492238998,"teamDeaths":0.014000000432133675,"enemyTowersLeft":1,"deaths":0.003000000026077032,"teamNetWorth":0.12456999719142914,"teamKills":0.006000000052154064},"lastItemPurchased":[0,0,0,0,0,1,0,0,0,0,0]},"npc_dota_hero_vengefulspirit":{"lastAbilityUpgraded":"","victory":true,"state":{"kills":0.0010000000474974513,"towersLeft":0.9696969985961914,"netWorth":0.0266100000590086,"xp":0.10169753432273865,"teamXp":0.11641975492238998,"teamDeaths":0.014000000432133675,"enemyTowersLeft":1,"deaths":0.004000000189989805,"teamNetWorth":0.12456999719142914,"teamKills":0.006000000052154064},"lastItemPurchased":[0,0,0,0,0,0,0,0,0,0,0]}}}