{"gameTime":43,"state":{"npc_dota_hero_rubick":{"lastAbilityUpgraded":"","victory":false,"state":{"kills":0.004000000189989805,"towersLeft":0.8181818127632141,"netWorth":0.06651999801397324,"xp":0.48500001430511475,"teamXp":0.5858209729194641,"teamDeaths":0.041999999433755875,"enemyTowersLeft":0.7575757503509521,"deaths":0.008999999612569809,"teamNetWorth":0.5097699761390686,"teamKills":0.03799999877810478},"lastItemPurchased":[0,0,0,0,0,0,0,0,0,0,0]},"npc_dota_hero_silencer":{"lastAbilityUpgraded":"","victory":false,"state":{"kills":0.004999999888241291,"towersLeft":0.8181818127632141,"netWorth":0.05584999918937683,"xp":0.36888888478279114,"teamXp":0.5858209729194641,"teamDeaths":0.041999999433755875,"enemyTowersLeft":0.7575757503509521,"deaths":0.00800000037997961,"teamNetWorth":0.5097699761390686,"teamKills":0.03799999877810478},"lastItemPurchased":[0,1,0,0,0,0,0,0,0,0,0]},"npc_dota_hero_legion_commander":{"lastAbilityUpgraded":"","victory":false,"state":{"kills":0.006000000052154064,"towersLeft":0.8181818127632141,"netWorth":0.08105000108480453,"xp":0.49274691939353943,"teamXp":0.5858209729194641,"teamDeaths":0.041999999433755875,"enemyTowersLeft":0.7575757503509521,"deaths":0.008999999612569809,"teamNetWorth":0.5097699761390686,"teamKills":0.03799999877810478},"lastItemPurchased":[0,0,0,0,0,0,0,0,0,0,0]},"npc_dota_hero_venomancer":{"lastAbilityUpgraded":"","victory":false,"state":{"kills":0.00800000037997961,"towersLeft":0.8181818127632141,"netWorth":0.1066100001335144,"xp":0.6026852130889893,"teamXp":0.5858209729194641,"teamDeaths":0.041999999433755875,"enemyTowersLeft":0.7575757503509521,"deaths":0.009999999776482582,"teamNetWorth":0.5097699761390686,"teamKills":0.03799999877810478},"lastItemPurchased":[0,0,0,0,0,0,1,0,0,0,0]},"npc_dota_hero_sand_king":{"lastAbilityUpgraded":"","victory":true,"state":{"kills":0.006000000052154064,"towersLeft":0.8181818127632141,"netWorth":0.10913000255823135,"xp":0.6870370507240295,"teamXp":0.6341357827186584,"teamDeaths":0.04100000113248825,"enemyTowersLeft":0.8787878751754761,"deaths":0.007000000216066837,"teamNetWorth":0.5362200140953064,"teamKills":0.04100000113248825},"lastItemPurchased":[0,0,0,0,0,0,0,0,0,0,0]},"npc_dota_hero_nevermore":{"lastAbilityUpgraded":"","victory":true,"state":{"kills":0.017000000923871994,"towersLeft":0.8181818127632141,"netWorth":0.18478000164031982,"xp":0.7846296429634094,"teamXp":0.6341357827186584,"teamDeaths":0.04100000113248825,"enemyTowersLeft":0.8787878751754761,"deaths":0.010999999940395355,"teamNetWorth":0.5362200140953064,"teamKills":0.04100000113248825},"lastItemPurchased":[0,0,0,0,0,0,0,0,0,1,0]},"npc_dota_hero_keeper_of_the_light":{"lastAbilityUpgraded":"","victory":true,"state":{"kills":0.00800000037997961,"towersLeft":0.8181818127632141,"netWorth":0.09944000095129013,"xp":0.5543209910392761,"teamXp":0.6341357827186584,"teamDeaths":0.04100000113248825,"enemyTowersLeft":0.8787878751754761,"deaths":0.004000000189989805,"teamNetWorth":0.5362200140953064,"teamKills":0.04100000113248825},"lastItemPurchased":[1,0,0,0,0,0,0,0,0,0,0]},"npc_dota_hero_shredder":{"lastAbilityUpgraded":"","victory":false,"state":{"kills":0.014999999664723873,"towersLeft":0.8181818127632141,"netWorth":0.1997399926185608,"xp":0.9797839522361755,"teamXp":0.5858209729194641,"teamDeaths":0.041999999433755875,"enemyTowersLeft":0.7575757503509521,"deaths":0.006000000052154064,"teamNetWorth":0.5097699761390686,"teamKills":0.03799999877810478},"lastItemPurchased":[0,0,0,0,0,0,0,0,0,0,0]},"npc_dota_hero_rattletrap":{"lastAbilityUpgraded":"","victory":true,"state":{"kills":0.004999999888241291,"towersLeft":0.8181818127632141,"netWorth":0.055730000138282776,"xp":0.5120061635971069,"teamXp":0.6341357827186584,"teamDeaths":0.04100000113248825,"enemyTowersLeft":0.8787878751754761,"deaths":0.008999999612569809,"teamNetWorth":0.5362200140953064,"teamKills":0.04100000113248825},"lastItemPurchased":[0,0,0,0,0,0,1,0,0,0,0]},"npc_dota_hero_vengefulspirit":{"lastAbilityUpgraded":"","victory":true,"state":{"kills":0.004999999888241291,"towersLeft":0.8181818127632141,"netWorth":0.08714000135660172,"xp":0.6326851844787598,"teamXp":0.6341357827186584,"teamDeaths":0.04100000113248825,"enemyTowersLeft":0.8787878751754761,"deaths":0.009999999776482582,"teamNetWorth":0.5362200140953064,"teamKills":0.04100000113248825},"lastItemPurchased":[0,0,0,0,0,0,0,0,0,0,0]}}}