{"gameTime":20,"state":{"npc_dota_hero_undying":{"lastAbilityUpgraded":"","victory":true,"state":{"kills":0.0020000000949949026,"towersLeft":1,"netWorth":0.02896999940276146,"xp":0.1279321014881134,"teamXp":0.14546912908554077,"teamDeaths":0.00800000037997961,"enemyTowersLeft":0.8787878751754761,"deaths":0.003000000026077032,"teamNetWorth":0.2270900011062622,"teamKills":0.02199999988079071},"lastItemPurchased":[1,0,0,0,0,0,0,0,0,0,0]},"npc_dota_hero_pudge":{"lastAbilityUpgraded":"","victory":false,"state":{"kills":0.004999999888241291,"towersLeft":0.8787878751754761,"netWorth":0.03378000110387802,"xp":0.09033950418233871,"teamXp":0.10669136047363281,"teamDeaths":0.023000000044703484,"enemyTowersLeft":1,"deaths":0.006000000052154064,"teamNetWorth":0.18503999710083008,"teamKills":0.007000000216066837},"lastItemPurchased":[0,0,0,0,0,0,0,0,0,0,0]},"npc_dota_hero_sand_king":{"lastAbilityUpgraded":"","victory":false,"state":{"kills":0.0010000000474974513,"towersLeft":0.8787878751754761,"netWorth":0.05705000087618828,"xp":0.18003086745738983,"teamXp":0.10669136047363281,"teamDeaths":0.023000000044703484,"enemyTowersLeft":1,"deaths":0.006000000052154064,"teamNetWorth":0.18503999710083008,"teamKills":0.007000000216066837},"lastItemPurchased":[0,0,0,0,0,0,0,0,0,0,0]},"npc_dota_hero_mirana":{"lastAbilityUpgraded":"","victory":true,"state":{"kills":0.009999999776482582,"towersLeft":1,"netWorth":0.06590999662876129,"xp":0.19348765909671783,"teamXp":0.14546912908554077,"teamDeaths":0.00800000037997961,"enemyTowersLeft":0.8787878751754761,"deaths":0.0010000000474974513,"teamNetWorth":0.2270900011062622,"teamKills":0.02199999988079071},"lastItemPurchased":[0,1,0,0,0,0,0,0,0,0,0]},"npc_dota_hero_slardar":{"lastAbilityUpgraded":"","victory":true,"state":{"kills":0.004000000189989805,"towersLeft":1,"netWorth":0.04755000025033951,"xp":0.12432099133729935,"teamXp":0.14546912908554077,"teamDeaths":0.00800000037997961,"enemyTowersLeft":0.8787878751754761,"deaths":0.0020000000949949026,"teamNetWorth":0.2270900011062622,"teamKills":0.02199999988079071},"lastItemPurchased":[0,0,0,0,0,0,0,0,0,0,0]},"npc_dota_hero_luna":{"lastAbilityUpgraded":"","victory":false,"state":{"kills":0,"towersLeft":0.8787878751754761,"netWorth":0.0530799999833107,"xp":0.13317900896072388,"teamXp":0.10669136047363281,"teamDeaths":0.023000000044703484,"enemyTowersLeft":1,"deaths":0.003000000026077032,"teamNetWorth":0.18503999710083008,"teamKills":0.007000000216066837},"lastItemPurchased":[0,0,0,0,1,0,0,0,0,0,0]},"npc_dota_hero_necrolyte":{"lastAbilityUpgraded":"","victory":true,"state":{"kills":0.0020000000949949026,"towersLeft":1,"netWorth":0.02250000089406967,"xp":0.07904320955276489,"teamXp":0.14546912908554077,"teamDeaths":0.00800000037997961,"enemyTowersLeft":0.8787878751754761,"deaths":0.0020000000949949026,"teamNetWorth":0.2270900011062622,"teamKills":0.02199999988079071},"lastItemPurchased":[0,0,0,0,0,0,0,0,0,0,0]},"npc_dota_hero_shadow_demon":{"lastAbilityUpgraded":"","victory":false,"state":{"kills":0,"towersLeft":0.8787878751754761,"netWorth":0.017909999936819077,"xp":0.10827160626649857,"teamXp":0.10669136047363281,"teamDeaths":0.023000000044703484,"enemyTowersLeft":1,"deaths":0.004000000189989805,"teamNetWorth":0.18503999710083008,"teamKills":0.007000000216066837},"lastItemPurchased":[0,0,0,0,0,0,0,0,0,0,0]},"npc_dota_hero_juggernaut":{"lastAbilityUpgraded":"","victory":true,"state":{"kills":0.004000000189989805,"towersLeft":1,"netWorth":0.06216000020503998,"xp":0.20256172120571136,"teamXp":0.14546912908554077,"teamDeaths":0.00800000037997961,"enemyTowersLeft":0.8787878751754761,"deaths":0,"teamNetWorth":0.2270900011062622,"teamKills":0.02199999988079071},"lastItemPurchased":[0,0,0,0,0,0,0,0,0,0,0]},"npc_dota_hero_disruptor":{"lastAbilityUpgraded":"","victory":false,"state":{"kills":0.0010000000474974513,"towersLeft":0.8787878751754761,"netWorth":0.02322000078856945,"xp":0.02163580246269703,"teamXp":0.10669136047363281,"teamDeaths":0.023000000044703484,"enemyTowersLeft":1,"deaths":0.004000000189989805,"teamNetWorth":0.18503999710083008,"teamKills":0.007000000216066837},"lastItemPurchased":[0,0,0,0,0,0,0,0,0,0,0]}}}