{"gameTime":15,"state":{"npc_dota_hero_phoenix":{"lastAbilityUpgraded":"","victory":false,"state":{"kills":0,"towersLeft":0.9696969985961914,"netWorth":0.005439999978989363,"xp":0.03401234745979309,"teamXp":0.06849999725818634,"teamDeaths":0.009999999776482582,"enemyTowersLeft":1,"deaths":0.0010000000474974513,"teamNetWorth":0.0868000015616417,"teamKills":0.003000000026077032},"lastItemPurchased":[0,0,0,0,0,0,0,0,0,0,0]},"npc_dota_hero_drow_ranger":{"lastAbilityUpgraded":"","victory":true,"state":{"kills":0,"towersLeft":1,"netWorth":0.038509998470544815,"xp":0.10499999672174454,"teamXp":0.09569752961397171,"teamDeaths":0.003000000026077032,"enemyTowersLeft":0.9696969985961914,"deaths":0.0010000000474974513,"teamNetWorth":0.15275999903678894,"teamKills":0.008999999612569809},"lastItemPurchased":[0,0,0,0,0,0,0,0,0,0,0]},"npc_dota_hero_pudge":{"lastAbilityUpgraded":"","victory":true,"state":{"kills":0.003000000026077032,"towersLeft":1,"netWorth":0.021849999204277992,"xp":0.04969135671854019,"teamXp":0.09569752961397171,"teamDeaths":0.003000000026077032,"enemyTowersLeft":0.9696969985961914,"deaths":0.0010000000474974513,"teamNetWorth":0.15275999903678894,"teamKills":0.008999999612569809},"lastItemPurchased":[0,0,0,0,0,0,0,0,0,0,0]},"npc_dota_hero_legion_commander":{"lastAbilityUpgraded":"","victory":true,"state":{"kills":0.0020000000949949026,"towersLeft":1,"netWorth":0.03748999908566475,"xp":0.13429012894630432,"teamXp":0.09569752961397171,"teamDeaths":0.003000000026077032,"enemyTowersLeft":0.9696969985961914,"deaths":0,"teamNetWorth":0.15275999903678894,"teamKills":0.008999999612569809},"lastItemPurchased":[0,0,1,0,0,0,0,0,0,0,0]},"npc_dota_hero_silencer":{"lastAbilityUpgraded":"","victory":false,"state":{"kills":0.0010000000474974513,"towersLeft":0.9696969985961914,"netWorth":0.01640000008046627,"xp":0.04422839358448982,"teamXp":0.06849999725818634,"teamDeaths":0.009999999776482582,"enemyTowersLeft":1,"deaths":0.003000000026077032,"teamNetWorth":0.0868000015616417,"teamKills":0.003000000026077032},"lastItemPurchased":[0,0,0,0,0,0,0,0,0,0,0]},"npc_dota_hero_slardar":{"lastAbilityUpgraded":"","victory":false,"state":{"kills":0,"towersLeft":0.9696969985961914,"netWorth":0.015259999781847,"xp":0.08182098716497421,"teamXp":0.06849999725818634,"teamDeaths":0.009999999776482582,"enemyTowersLeft":1,"deaths":0.0020000000949949026,"teamNetWorth":0.0868000015616417,"teamKills":0.003000000026077032},"lastItemPurchased":[0,0,0,0,0,0,0,0,0,0,0]},"npc_dota_hero_morphling":{"lastAbilityUpgraded":"","victory":false,"state":{"kills":0,"towersLeft":0.9696969985961914,"netWorth":0.01664000004529953,"xp":0.07132715731859207,"teamXp":0.06849999725818634,"teamDeaths":0.009999999776482582,"enemyTowersLeft":1,"deaths":0.0020000000949949026,"teamNetWorth":0.0868000015616417,"teamKills":0.003000000026077032},"lastItemPurchased":[0,1,0,0,0,0,0,0,0,0,0]},"npc_dota_hero_juggernaut":{"lastAbilityUpgraded":"","victory":true,"state":{"kills":0.003000000026077032,"towersLeft":1,"netWorth":0.040869999676942825,"xp":0.13348765671253204,"teamXp":0.09569752961397171,"teamDeaths":0.003000000026077032,"enemyTowersLeft":0.9696969985961914,"deaths":0.0010000000474974513,"teamNetWorth":0.15275999903678894,"teamKills":0.008999999612569809},"lastItemPurchased":[0,0,0,0,0,0,0,0,0,0,0]},"npc_dota_hero_disruptor":{"lastAbilityUpgraded":"","victory":true,"state":{"kills":0.0010000000474974513,"towersLeft":1,"netWorth":0.014039999805390835,"xp":0.05601852014660835,"teamXp":0.09569752961397171,"teamDeaths":0.003000000026077032,"enemyTowersLeft":0.9696969985961914,"deaths":0,"teamNetWorth":0.15275999903678894,"teamKills":0.008999999612569809},"lastItemPurchased":[0,0,0,0,0,0,0,0,0,0,0]},"npc_dota_hero_dragon_knight":{"lastAbilityUpgraded":"","victory":false,"state":{"kills":0.0020000000949949026,"towersLeft":0.9696969985961914,"netWorth":0.03305999934673309,"xp":0.1111111119389534,"teamXp":0.06849999725818634,"teamDeaths":0.009999999776482582,"enemyTowersLeft":1,"deaths":0.0020000000949949026,"teamNetWorth":0.0868000015616417,"teamKills":0.003000000026077032},"lastItemPurchased":[0,0,0,1,0,0,0,0,0,0,0]}}}