{"gameTime":44,"state":{"npc_dota_hero_faceless_void":{"lastAbilityUpgraded":"","victory":false,"state":{"kills":0.003000000026077032,"towersLeft":0.8181818127632141,"netWorth":0.10902000218629837,"xp":0.5458333492279053,"teamXp":0.4326111078262329,"teamDeaths":0.028999999165534973,"enemyTowersLeft":0.8181818127632141,"deaths":0.004000000189989805,"teamNetWorth":0.4538800120353699,"teamKills":0.023000000044703484},"lastItemPurchased":[0,0,0,0,0,0,0,0,0,0,0]},"npc_dota_hero_life_stealer":{"lastAbilityUpgraded":"","victory":true,"state":{"kills":0.004000000189989805,"towersLeft":0.8787878751754761,"netWorth":0.11315999925136566,"xp":0.5172839760780334,"teamXp":0.4664691388607025,"teamDeaths":0.024000000208616257,"enemyTowersLeft":0.8787878751754761,"deaths":0.004999999888241291,"teamNetWorth":0.5673999786376953,"teamKills":0.02800000086426735},"lastItemPurchased":[0,0,0,0,0,0,0,0,0,0,0]},"npc_dota_hero_earth_spirit":{"lastAbilityUpgraded":"","victory":true,"state":{"kills":0.006000000052154064,"towersLeft":0.8787878751754761,"netWorth":0.03533000126481056,"xp":0.26277777552604675,"teamXp":0.4664691388607025,"teamDeaths":0.024000000208616257,"enemyTowersLeft":0.8787878751754761,"deaths":0.008999999612569809,"teamNetWorth":0.5673999786376953,"teamKills":0.02800000086426735},"lastItemPurchased":[0,0,0,0,0,0,0,0,0,0,0]},"npc_dota_hero_drow_ranger":{"lastAbilityUpgraded":"","victory":false,"state":{"kills":0.003000000026077032,"towersLeft":0.8181818127632141,"netWorth":0.10193999856710434,"xp":0.49521604180336,"teamXp":0.4326111078262329,"teamDeaths":0.028999999165534973,"enemyTowersLeft":0.8181818127632141,"deaths":0.007000000216066837,"teamNetWorth":0.4538800120353699,"teamKills":0.023000000044703484},"lastItemPurchased":[0,0,0,0,0,0,0,0,0,0,0]},"npc_dota_hero_arc_warden":{"lastAbilityUpgraded":"","victory":true,"state":{"kills":0.004000000189989805,"towersLeft":0.8787878751754761,"netWorth":0.14946000277996063,"xp":0.505956768989563,"teamXp":0.4664691388607025,"teamDeaths":0.024000000208616257,"enemyTowersLeft":0.8787878751754761,"deaths":0.004000000189989805,"teamNetWorth":0.5673999786376953,"teamKills":0.02800000086426735},"lastItemPurchased":[0,0,0,0,0,0,0,0,0,0,0]},"npc_dota_hero_invoker":{"lastAbilityUpgraded":"","victory":false,"state":{"kills":0.004000000189989805,"towersLeft":0.8181818127632141,"netWorth":0.12261000275611877,"xp":0.443796306848526,"teamXp":0.4326111078262329,"teamDeaths":0.028999999165534973,"enemyTowersLeft":0.8181818127632141,"deaths":0.006000000052154064,"teamNetWorth":0.4538800120353699,"teamKills":0.023000000044703484},"lastItemPurchased":[0,0,0,0,0,0,0,0,0,0,0]},"npc_dota_hero_mirana":{"lastAbilityUpgraded":"","victory":true,"state":{"kills":0.012000000104308128,"towersLeft":0.8787878751754761,"netWorth":0.22652000188827515,"xp":0.7849074006080627,"teamXp":0.4664691388607025,"teamDeaths":0.024000000208616257,"enemyTowersLeft":0.8787878751754761,"deaths":0.003000000026077032,"teamNetWorth":0.5673999786376953,"teamKills":0.02800000086426735},"lastItemPurchased":[0,0,0,0,0,0,0,0,0,0,0]},"npc_dota_hero_oracle":{"lastAbilityUpgraded":"","victory":false,"state":{"kills":0.009999999776482582,"towersLeft":0.8181818127632141,"netWorth":0.093469999730587,"xp":0.47561728954315186,"teamXp":0.4326111078262329,"teamDeaths":0.028999999165534973,"enemyTowersLeft":0.8181818127632141,"deaths":0.0020000000949949026,"teamNetWorth":0.4538800120353699,"teamKills":0.023000000044703484},"lastItemPurchased":[1,0,0,0,0,0,0,0,0,0,0]},"npc_dota_hero_omniknight":{"lastAbilityUpgraded":"","victory":true,"state":{"kills":0.0020000000949949026,"towersLeft":0.8787878751754761,"netWorth":0.0429299995303154,"xp":0.26141974329948425,"teamXp":0.4664691388607025,"teamDeaths":0.024000000208616257,"enemyTowersLeft":0.8787878751754761,"deaths":0.003000000026077032,"teamNetWorth":0.5673999786376953,"teamKills":0.02800000086426735},"lastItemPurchased":[0,0,0,0,0,0,0,0,0,0,0]},"npc_dota_hero_disruptor":{"lastAbilityUpgraded":"","victory":false,"state":{"kills":0.003000000026077032,"towersLeft":0.8181818127632141,"netWorth":0.026839999482035637,"xp":0.20259259641170502,"teamXp":0.4326111078262329,"teamDeaths":0.028999999165534973,"enemyTowersLeft":0.8181818127632141,"deaths":0.009999999776482582,"teamNetWorth":0.4538800120353699,"teamKills":0.023000000044703484},"lastItemPurchased":[0,0,0,0,0,0,0,0,0,0,0]}}}