{"gameTime":19,"state":{"npc_dota_hero_faceless_void":{"lastAbilityUpgraded":"","victory":false,"state":{"kills":0.0020000000949949026,"towersLeft":0.8181818127632141,"netWorth":0.03641999885439873,"xp":0.17839506268501282,"teamXp":0.14537036418914795,"teamDeaths":0.01899999938905239,"enemyTowersLeft":1,"deaths":0.0020000000949949026,"teamNetWorth":0.1340699940919876,"teamKills":0.00800000037997961},"lastItemPurchased":[0,0,0,0,0,0,0,0,0,1,0]},"npc_dota_hero_riki":{"lastAbilityUpgraded":"","victory":false,"state":{"kills":0.0020000000949949026,"towersLeft":0.8181818127632141,"netWorth":0.016340000554919243,"xp":0.10895061492919922,"teamXp":0.14537036418914795,"teamDeaths":0.01899999938905239,"enemyTowersLeft":1,"deaths":0.004999999888241291,"teamNetWorth":0.1340699940919876,"teamKills":0.00800000037997961},"lastItemPurchased":[1,0,0,0,0,0,0,0,0,0,0]},"npc_dota_hero_earth_spirit":{"lastAbilityUpgraded":"","victory":true,"state":{"kills":0.009999999776482582,"towersLeft":1,"netWorth":0.05996999889612198,"xp":0.19123457372188568,"teamXp":0.18724073469638824,"teamDeaths":0.007000000216066837,"enemyTowersLeft":0.8181818127632141,"deaths":0.0010000000474974513,"teamNetWorth":0.2730799913406372,"teamKills":0.017000000923871994},"lastItemPurchased":[0,0,0,0,0,0,0,0,0,0,0]},"npc_dota_hero_pudge":{"lastAbilityUpgraded":"","victory":false,"state":{"kills":0.0020000000949949026,"towersLeft":0.8181818127632141,"netWorth":0.017240000888705254,"xp":0.09151234477758408,"teamXp":0.14537036418914795,"teamDeaths":0.01899999938905239,"enemyTowersLeft":1,"deaths":0.004000000189989805,"teamNetWorth":0.1340699940919876,"teamKills":0.00800000037997961},"lastItemPurchased":[0,0,0,0,0,0,0,0,0,0,0]},"npc_dota_hero_phantom_assassin":{"lastAbilityUpgraded":"","victory":false,"state":{"kills":0,"towersLeft":0.8181818127632141,"netWorth":0.030050000175833702,"xp":0.1733333319425583,"teamXp":0.14537036418914795,"teamDeaths":0.01899999938905239,"enemyTowersLeft":1,"deaths":0.004000000189989805,"teamNetWorth":0.1340699940919876,"teamKills":0.00800000037997961},"lastItemPurchased":[0,0,1,0,0,0,0,0,0,0,0]},"npc_dota_hero_kunkka":{"lastAbilityUpgraded":"","victory":true,"state":{"kills":0.0020000000949949026,"towersLeft":1,"netWorth":0.03367000073194504,"xp":0.11771605163812637,"teamXp":0.18724073469638824,"teamDeaths":0.007000000216066837,"enemyTowersLeft":0.8181818127632141,"deaths":0.0020000000949949026,"teamNetWorth":0.2730799913406372,"teamKills":0.017000000923871994},"lastItemPurchased":[0,0,0,1,0,0,0,0,0,0,0]},"npc_dota_hero_enigma":{"lastAbilityUpgraded":"","victory":true,"state":{"kills":0.003000000026077032,"towersLeft":1,"netWorth":0.060180000960826874,"xp":0.17243827879428864,"teamXp":0.18724073469638824,"teamDeaths":0.007000000216066837,"enemyTowersLeft":0.8181818127632141,"deaths":0,"teamNetWorth":0.2730799913406372,"teamKills":0.017000000923871994},"lastItemPurchased":[0,0,0,0,0,1,0,0,0,0,0]},"npc_dota_hero_queenofpain":{"lastAbilityUpgraded":"","victory":false,"state":{"kills":0.0020000000949949026,"towersLeft":0.8181818127632141,"netWorth":0.03401999920606613,"xp":0.17466048896312714,"teamXp":0.14537036418914795,"teamDeaths":0.01899999938905239,"enemyTowersLeft":1,"deaths":0.004000000189989805,"teamNetWorth":0.1340699940919876,"teamKills":0.00800000037997961},"lastItemPurchased":[0,1,0,0,0,0,0,0,0,0,0]},"npc_dota_hero_juggernaut":{"lastAbilityUpgraded":"","victory":true,"state":{"kills":0.0010000000474974513,"towersLeft":1,"netWorth":0.0640999972820282,"xp":0.2265123426914215,"teamXp":0.18724073469638824,"teamDeaths":0.007000000216066837,"enemyTowersLeft":0.8181818127632141,"deaths":0.0010000000474974513,"teamNetWorth":0.2730799913406372,"teamKills":0.017000000923871994},"lastItemPurchased":[0,0,0,0,0,0,0,0,0,0,0]},"npc_dota_hero_slark":{"lastAbilityUpgraded":"","victory":true,"state":{"kills":0.0010000000474974513,"towersLeft":1,"netWorth":0.055160000920295715,"xp":0.228302463889122,"teamXp":0.18724073469638824,"teamDeaths":0.007000000216066837,"enemyTowersLeft":0.8181818127632141,"deaths":0.003000000026077032,"teamNetWorth":0.2730799913406372,"teamKills":0.017000000923871994},"lastItemPurchased":[0,0,0,0,0,0,0,0,0,0,0]}}}