{"gameTime":26,"state":{"npc_dota_hero_bloodseeker":{"lastAbilityUpgraded":"","victory":false,"state":{"kills":0.0020000000949949026,"towersLeft":0.7878788113594055,"netWorth":0.024119999259710312,"xp":0.16987654566764832,"teamXp":0.25540122389793396,"teamDeaths":0.028999999165534973,"enemyTowersLeft":0.9696969985961914,"deaths":0.00800000037997961,"teamNetWorth":0.2692900002002716,"teamKills":0.01899999938905239},"lastItemPurchased":[0,0,0,0,0,0,0,0,0,0,0]},"npc_dota_hero_warlock":{"lastAbilityUpgraded":"","victory":false,"state":{"kills":0.0020000000949949026,"towersLeft":0.7878788113594055,"netWorth":0.03680000081658363,"xp":0.17938271164894104,"teamXp":0.25540122389793396,"teamDeaths":0.028999999165534973,"enemyTowersLeft":0.9696969985961914,"deaths":0.007000000216066837,"teamNetWorth":0.2692900002002716,"teamKills":0.01899999938905239},"lastItemPurchased":[0,0,0,0,0,0,0,0,0,0,0]},"npc_dota_hero_axe":{"lastAbilityUpgraded":"","victory":true,"state":{"kills":0.004999999888241291,"towersLeft":0.9696969985961914,"netWorth":0.06981000304222107,"xp":0.29743826389312744,"teamXp":0.3177654445171356,"teamDeaths":0.019999999552965164,"enemyTowersLeft":0.7878788113594055,"deaths":0.006000000052154064,"teamNetWorth":0.4090000092983246,"teamKills":0.027000000700354576},"lastItemPurchased":[0,0,0,0,0,0,0,0,0,0,0]},"npc_dota_hero_alchemist":{"lastAbilityUpgraded":"","victory":true,"state":{"kills":0.0010000000474974513,"towersLeft":0.9696969985961914,"netWorth":0.0486299991607666,"xp":0.23293210566043854,"teamXp":0.3177654445171356,"teamDeaths":0.019999999552965164,"enemyTowersLeft":0.7878788113594055,"deaths":0.004999999888241291,"teamNetWorth":0.4090000092983246,"teamKills":0.027000000700354576},"lastItemPurchased":[0,0,0,0,0,1,0,0,0,0,0]},"npc_dota_hero_drow_ranger":{"lastAbilityUpgraded":"","victory":true,"state":{"kills":0.006000000052154064,"towersLeft":0.9696969985961914,"netWorth":0.12103000283241272,"xp":0.4071296155452728,"teamXp":0.3177654445171356,"teamDeaths":0.019999999552965164,"enemyTowersLeft":0.7878788113594055,"deaths":0.0020000000949949026,"teamNetWorth":0.4090000092983246,"teamKills":0.027000000700354576},"lastItemPurchased":[0,0,0,0,0,0,0,0,0,0,0]},"npc_dota_hero_invoker":{"lastAbilityUpgraded":"","victory":false,"state":{"kills":0.0020000000949949026,"towersLeft":0.7878788113594055,"netWorth":0.05795999988913536,"xp":0.30358025431632996,"teamXp":0.25540122389793396,"teamDeaths":0.028999999165534973,"enemyTowersLeft":0.9696969985961914,"deaths":0.004999999888241291,"teamNetWorth":0.2692900002002716,"teamKills":0.01899999938905239},"lastItemPurchased":[0,0,0,0,0,0,0,0,0,0,0]},"npc_dota_hero_mirana":{"lastAbilityUpgraded":"","victory":true,"state":{"kills":0.004000000189989805,"towersLeft":0.9696969985961914,"netWorth":0.055059999227523804,"xp":0.226234570145607,"teamXp":0.3177654445171356,"teamDeaths":0.019999999552965164,"enemyTowersLeft":0.7878788113594055,"deaths":0.004999999888241291,"teamNetWorth":0.4090000092983246,"teamKills":0.027000000700354576},"lastItemPurchased":[0,0,0,0,0,0,1,0,0,0,0]},"npc_dota_hero_windrunner":{"lastAbilityUpgraded":"","victory":true,"state":{"kills":0.010999999940395355,"towersLeft":0.9696969985961914,"netWorth":0.1144699975848198,"xp":0.42509257793426514,"teamXp":0.3177654445171356,"teamDeaths":0.019999999552965164,"enemyTowersLeft":0.7878788113594055,"deaths":0.0020000000949949026,"teamNetWorth":0.4090000092983246,"teamKills":0.027000000700354576},"lastItemPurchased":[0,0,0,0,0,0,0,0,0,0,0]},"npc_dota_hero_batrider":{"lastAbilityUpgraded":"","victory":false,"state":{"kills":0.007000000216066837,"towersLeft":0.7878788113594055,"netWorth":0.06230999901890755,"xp":0.2433333396911621,"teamXp":0.25540122389793396,"teamDeaths":0.028999999165534973,"enemyTowersLeft":0.9696969985961914,"deaths":0.004999999888241291,"teamNetWorth":0.2692900002002716,"teamKills":0.01899999938905239},"lastItemPurchased":[0,0,0,0,0,0,0,0,0,0,0]},"npc_dota_hero_juggernaut":{"lastAbilityUpgraded":"","victory":false,"state":{"kills":0.006000000052154064,"towersLeft":0.7878788113594055,"netWorth":0.08810000121593475,"xp":0.38083332777023315,"teamXp":0.25540122389793396,"teamDeaths":0.028999999165534973,"enemyTowersLeft":0.9696969985961914,"deaths":0.004000000189989805,"teamNetWorth":0.2692900002002716,"teamKills":0.01899999938905239},"lastItemPurchased":[0,0,0,0,0,0,0,0,1,0,0]}}}