{"gameTime":46,"state":{"npc_dota_hero_nyx_assassin":{"lastAbilityUpgraded":"","victory":true,"state":{"kills":0.006000000052154064,"towersLeft":0.9090909361839294,"netWorth":0.10577999800443649,"xp":0.6579938530921936,"teamXp":0.6099197268486023,"teamDeaths":0.0430000014603138,"enemyTowersLeft":0.09090909361839294,"deaths":0.012000000104308128,"teamNetWorth":0.6473199725151062,"teamKills":0.03999999910593033},"lastItemPurchased":[0,0,0,0,0,0,0,0,0,0,0]},"npc_dota_hero_storm_spirit":{"lastAbilityUpgraded":"","victory":false,"state":{"kills":0.008999999612569809,"towersLeft":0.09090909361839294,"netWorth":0.12278000265359879,"xp":0.7665123343467712,"teamXp":0.6529876589775085,"teamDeaths":0.04899999871850014,"enemyTowersLeft":0.9090909361839294,"deaths":0.010999999940395355,"teamNetWorth":0.5706899762153625,"teamKills":0.04500000178813934},"lastItemPurchased":[0,0,0,0,0,0,0,0,0,0,0]},"npc_dota_hero_rubick":{"lastAbilityUpgraded":"","victory":false,"state":{"kills":0.003000000026077032,"towersLeft":0.09090909361839294,"netWorth":0.09230999648571014,"xp":0.5436111092567444,"teamXp":0.6529876589775085,"teamDeaths":0.04899999871850014,"enemyTowersLeft":0.9090909361839294,"deaths":0.007000000216066837,"teamNetWorth":0.5706899762153625,"teamKills":0.04500000178813934},"lastItemPurchased":[0,0,0,1,0,0,0,0,0,0,0]},"npc_dota_hero_sand_king":{"lastAbilityUpgraded":"","victory":false,"state":{"kills":0.00800000037997961,"towersLeft":0.09090909361839294,"netWorth":0.08859000355005264,"xp":0.6204012632369995,"teamXp":0.6529876589775085,"teamDeaths":0.04899999871850014,"enemyTowersLeft":0.9090909361839294,"deaths":0.008999999612569809,"teamNetWorth":0.5706899762153625,"teamKills":0.04500000178813934},"lastItemPurchased":[0,0,0,0,0,0,0,0,0,0,0]},"npc_dota_hero_terrorblade":{"lastAbilityUpgraded":"","victory":true,"state":{"kills":0.009999999776482582,"towersLeft":0.9090909361839294,"netWorth":0.25505998730659485,"xp":0.7955864071846008,"teamXp":0.6099197268486023,"teamDeaths":0.0430000014603138,"enemyTowersLeft":0.09090909361839294,"deaths":0.006000000052154064,"teamNetWorth":0.6473199725151062,"teamKills":0.03999999910593033},"lastItemPurchased":[0,0,0,0,0,0,0,0,1,0,0]},"npc_dota_hero_mirana":{"lastAbilityUpgraded":"","victory":true,"state":{"kills":0.008999999612569809,"towersLeft":0.9090909361839294,"netWorth":0.09114000201225281,"xp":0.528734564781189,"teamXp":0.6099197268486023,"teamDeaths":0.0430000014603138,"enemyTowersLeft":0.09090909361839294,"deaths":0.00800000037997961,"teamNetWorth":0.6473199725151062,"teamKills":0.03999999910593033},"lastItemPurchased":[0,0,0,0,0,0,0,0,0,0,0]},"npc_dota_hero_lion":{"lastAbilityUpgraded":"","victory":true,"state":{"kills":0.004000000189989805,"towersLeft":0.9090909361839294,"netWorth":0.06938999891281128,"xp":0.4496604800224304,"teamXp":0.6099197268486023,"teamDeaths":0.0430000014603138,"enemyTowersLeft":0.09090909361839294,"deaths":0.008999999612569809,"teamNetWorth":0.6473199725151062,"teamKills":0.03999999910593033},"lastItemPurchased":[0,0,0,0,0,0,1,0,0,0,0]},"npc_dota_hero_puck":{"lastAbilityUpgraded":"","victory":true,"state":{"kills":0.010999999940395355,"towersLeft":0.9090909361839294,"netWorth":0.12594999372959137,"xp":0.6176234483718872,"teamXp":0.6099197268486023,"teamDeaths":0.0430000014603138,"enemyTowersLeft":0.09090909361839294,"deaths":0.00800000037997961,"teamNetWorth":0.6473199725151062,"teamKills":0.03999999910593033},"lastItemPurchased":[0,0,0,0,0,0,0,0,0,0,0]},"npc_dota_hero_sven":{"lastAbilityUpgraded":"","victory":false,"state":{"kills":0.00800000037997961,"towersLeft":0.09090909361839294,"netWorth":0.11072999984025955,"xp":0.5940740704536438,"teamXp":0.6529876589775085,"teamDeaths":0.04899999871850014,"enemyTowersLeft":0.9090909361839294,"deaths":0.014000000432133675,"teamNetWorth":0.5706899762153625,"teamKills":0.04500000178813934},"lastItemPurchased":[0,0,0,0,0,0,0,0,0,0,0]},"npc_dota_hero_batrider":{"lastAbilityUpgraded":"","victory":false,"state":{"kills":0.017000000923871994,"towersLeft":0.09090909361839294,"netWorth":0.15627999603748322,"xp":0.7403395175933838,"teamXp":0.6529876589775085,"teamDeaths":0.04899999871850014,"enemyTowersLeft":0.9090909361839294,"deaths":0.00800000037997961,"teamNetWorth":0.5706899762153625,"teamKills":0.04500000178813934},"lastItemPurchased":[0,0,0,0,0,0,0,0,0,0,0]}}}