{"gameTime":25,"state":{"npc_dota_hero_antimage":{"lastAbilityUpgraded":"","victory":true,"state":{"kills":0.004000000189989805,"towersLeft":0.9090909361839294,"netWorth":0.06747999787330627,"xp":0.26521605253219604,"teamXp":0.2042839527130127,"teamDeaths":0.023000000044703484,"enemyTowersLeft":1,"deaths":0.004000000189989805,"teamNetWorth":0.20305000245571136,"teamKills":0.008999999612569809},"lastItemPurchased":[0,1,0,0,0,0,0,0,0,0,0]},"npc_dota_hero_storm_spirit":{"lastAbilityUpgraded":"","victory":false,"state":{"kills":0.0020000000949949026,"towersLeft":1,"netWorth":0.031690001487731934,"xp":0.17864197492599487,"teamXp":0.2632283866405487,"teamDeaths":0.010999999940395355,"enemyTowersLeft":0.9090909361839294,"deaths":0.0010000000474974513,"teamNetWorth":0.3555999994277954,"teamKills":0.020999999716877937},"lastItemPurchased":[0,0,0,0,0,0,0,0,0,0,0]},"npc_dota_hero_alchemist":{"lastAbilityUpgraded":"","victory":false,"state":{"kills":0.006000000052154064,"towersLeft":1,"netWorth":0.1800300031900406,"xp":0.4475308656692505,"teamXp":0.2632283866405487,"teamDeaths":0.010999999940395355,"enemyTowersLeft":0.9090909361839294,"deaths":0.0020000000949949026,"teamNetWorth":0.3555999994277954,"teamKills":0.020999999716877937},"lastItemPurchased":[0,0,0,0,0,0,0,0,0,0,0]},"npc_dota_hero_spirit_breaker":{"lastAbilityUpgraded":"","victory":false,"state":{"kills":0.003000000026077032,"towersLeft":1,"netWorth":0.042750000953674316,"xp":0.19506172835826874,"teamXp":0.2632283866405487,"teamDeaths":0.010999999940395355,"enemyTowersLeft":0.9090909361839294,"deaths":0.004000000189989805,"teamNetWorth":0.3555999994277954,"teamKills":0.020999999716877937},"lastItemPurchased":[0,0,0,0,0,0,0,0,0,0,0]},"npc_dota_hero_oracle":{"lastAbilityUpgraded":"","victory":false,"state":{"kills":0.004000000189989805,"towersLeft":1,"netWorth":0.024250000715255737,"xp":0.11824074387550354,"teamXp":0.2632283866405487,"teamDeaths":0.010999999940395355,"enemyTowersLeft":0.9090909361839294,"deaths":0.0020000000949949026,"teamNetWorth":0.3555999994277954,"teamKills":0.020999999716877937},"lastItemPurchased":[0,0,0,0,0,0,0,0,0,0,0]},"npc_dota_hero_kunkka":{"lastAbilityUpgraded":"","victory":true,"state":{"kills":0,"towersLeft":0.9090909361839294,"netWorth":0.01080000028014183,"xp":0.12932099401950836,"teamXp":0.2042839527130127,"teamDeaths":0.023000000044703484,"enemyTowersLeft":1,"deaths":0.006000000052154064,"teamNetWorth":0.20305000245571136,"teamKills":0.008999999612569809},"lastItemPurchased":[1,0,0,0,0,0,0,0,0,0,0]},"npc_dota_hero_ogre_magi":{"lastAbilityUpgraded":"","victory":true,"state":{"kills":0.0010000000474974513,"towersLeft":0.9090909361839294,"netWorth":0.026240000501275063,"xp":0.15577159821987152,"teamXp":0.2042839527130127,"teamDeaths":0.023000000044703484,"enemyTowersLeft":1,"deaths":0.004000000189989805,"teamNetWorth":0.20305000245571136,"teamKills":0.008999999612569809},"lastItemPurchased":[0,0,1,0,0,0,0,0,0,0,0]},"npc_dota_hero_obsidian_destroyer":{"lastAbilityUpgraded":"","victory":true,"state":{"kills":0.0020000000949949026,"towersLeft":0.9090909361839294,"netWorth":0.058559998869895935,"xp":0.2448456734418869,"teamXp":0.2042839527130127,"teamDeaths":0.023000000044703484,"enemyTowersLeft":1,"deaths":0.004000000189989805,"teamNetWorth":0.20305000245571136,"teamKills":0.008999999612569809},"lastItemPurchased":[0,0,0,0,0,0,1,0,0,0,0]},"npc_dota_hero_batrider":{"lastAbilityUpgraded":"","victory":false,"state":{"kills":0.006000000052154064,"towersLeft":1,"netWorth":0.07688000053167343,"xp":0.3766666650772095,"teamXp":0.2632283866405487,"teamDeaths":0.010999999940395355,"enemyTowersLeft":0.9090909361839294,"deaths":0.0020000000949949026,"teamNetWorth":0.3555999994277954,"teamKills":0.020999999716877937},"lastItemPurchased":[0,0,0,1,0,0,0,0,0,0,0]},"npc_dota_hero_magnataur":{"lastAbilityUpgraded":"","victory":true,"state":{"kills":0.0020000000949949026,"towersLeft":0.9090909361839294,"netWorth":0.039969999343156815,"xp":0.22626543045043945,"teamXp":0.2042839527130127,"teamDeaths":0.023000000044703484,"enemyTowersLeft":1,"deaths":0.004999999888241291,"teamNetWorth":0.20305000245571136,"teamKills":0.008999999612569809},"lastItemPurchased":[0,0,0,0,0,0,0,0,0,0,0]}}}