{"gameTime":35,"state":{"npc_dota_hero_antimage":{"lastAbilityUpgraded":"","victory":true,"state":{"kills":0.006000000052154064,"towersLeft":0.6666666865348816,"netWorth":0.16384999454021454,"xp":0.6514815092086792,"teamXp":0.3985493779182434,"teamDeaths":0.03200000151991844,"enemyTowersLeft":0.9090909361839294,"deaths":0.004999999888241291,"teamNetWorth":0.4130600094795227,"teamKills":0.020999999716877937},"lastItemPurchased":[0,0,0,0,0,0,0,1,0,0,0]},"npc_dota_hero_storm_spirit":{"lastAbilityUpgraded":"","victory":false,"state":{"kills":0.003000000026077032,"towersLeft":0.9090909361839294,"netWorth":0.06817000359296799,"xp":0.3025617301464081,"teamXp":0.4181234538555145,"teamDeaths":0.023000000044703484,"enemyTowersLeft":0.6666666865348816,"deaths":0.004000000189989805,"teamNetWorth":0.5350099802017212,"teamKills":0.029999999329447746},"lastItemPurchased":[0,0,0,1,0,0,0,0,0,0,0]},"npc_dota_hero_alchemist":{"lastAbilityUpgraded":"","victory":false,"state":{"kills":0.010999999940395355,"towersLeft":0.9090909361839294,"netWorth":0.2621299922466278,"xp":0.7187036871910095,"teamXp":0.4181234538555145,"teamDeaths":0.023000000044703484,"enemyTowersLeft":0.6666666865348816,"deaths":0.003000000026077032,"teamNetWorth":0.5350099802017212,"teamKills":0.029999999329447746},"lastItemPurchased":[0,0,0,0,0,0,0,0,0,0,0]},"npc_dota_hero_spirit_breaker":{"lastAbilityUpgraded":"","victory":false,"state":{"kills":0.004000000189989805,"towersLeft":0.9090909361839294,"netWorth":0.06943000108003616,"xp":0.3500925898551941,"teamXp":0.4181234538555145,"teamDeaths":0.023000000044703484,"enemyTowersLeft":0.6666666865348816,"deaths":0.007000000216066837,"teamNetWorth":0.5350099802017212,"teamKills":0.029999999329447746},"lastItemPurchased":[0,0,0,0,0,0,0,0,0,1,0]},"npc_dota_hero_oracle":{"lastAbilityUpgraded":"","victory":false,"state":{"kills":0.004999999888241291,"towersLeft":0.9090909361839294,"netWorth":0.03815999999642372,"xp":0.19901233911514282,"teamXp":0.4181234538555145,"teamDeaths":0.023000000044703484,"enemyTowersLeft":0.6666666865348816,"deaths":0.004999999888241291,"teamNetWorth":0.5350099802017212,"teamKills":0.029999999329447746},"lastItemPurchased":[1,0,0,0,0,0,0,0,0,0,0]},"npc_dota_hero_kunkka":{"lastAbilityUpgraded":"","victory":true,"state":{"kills":0,"towersLeft":0.6666666865348816,"netWorth":0.027979999780654907,"xp":0.2416975349187851,"teamXp":0.3985493779182434,"teamDeaths":0.03200000151991844,"enemyTowersLeft":0.9090909361839294,"deaths":0.007000000216066837,"teamNetWorth":0.4130600094795227,"teamKills":0.020999999716877937},"lastItemPurchased":[0,0,0,0,0,0,0,0,0,0,0]},"npc_dota_hero_ogre_magi":{"lastAbilityUpgraded":"","victory":true,"state":{"kills":0.0010000000474974513,"towersLeft":0.6666666865348816,"netWorth":0.047359999269247055,"xp":0.32169753313064575,"teamXp":0.3985493779182434,"teamDeaths":0.03200000151991844,"enemyTowersLeft":0.9090909361839294,"deaths":0.007000000216066837,"teamNetWorth":0.4130600094795227,"teamKills":0.020999999716877937},"lastItemPurchased":[0,0,0,0,0,0,0,0,0,0,1]},"npc_dota_hero_obsidian_destroyer":{"lastAbilityUpgraded":"","victory":true,"state":{"kills":0.012000000104308128,"towersLeft":0.6666666865348816,"netWorth":0.11507000029087067,"xp":0.45021605491638184,"teamXp":0.3985493779182434,"teamDeaths":0.03200000151991844,"enemyTowersLeft":0.9090909361839294,"deaths":0.006000000052154064,"teamNetWorth":0.4130600094795227,"teamKills":0.020999999716877937},"lastItemPurchased":[0,0,0,0,0,0,0,0,1,0,0]},"npc_dota_hero_batrider":{"lastAbilityUpgraded":"","victory":false,"state":{"kills":0.007000000216066837,"towersLeft":0.9090909361839294,"netWorth":0.097120001912117,"xp":0.5202469229698181,"teamXp":0.4181234538555145,"teamDeaths":0.023000000044703484,"enemyTowersLeft":0.6666666865348816,"deaths":0.004000000189989805,"teamNetWorth":0.5350099802017212,"teamKills":0.029999999329447746},"lastItemPurchased":[0,0,0,0,0,0,0,0,0,0,0]},"npc_dota_hero_magnataur":{"lastAbilityUpgraded":"","victory":true,"state":{"kills":0.0020000000949949026,"towersLeft":0.6666666865348816,"netWorth":0.058800000697374344,"xp":0.32765433192253113,"teamXp":0.3985493779182434,"teamDeaths":0.03200000151991844,"enemyTowersLeft":0.9090909361839294,"deaths":0.007000000216066837,"teamNetWorth":0.4130600094795227,"teamKills":0.020999999716877937},"lastItemPurchased":[0,0,0,0,0,0,1,0,0,0,0]}}}