{"gameTime":38,"state":{"npc_dota_hero_antimage":{"lastAbilityUpgraded":"","victory":true,"state":{"kills":0.008999999612569809,"towersLeft":0.6363636255264282,"netWorth":0.1998399943113327,"xp":0.7592592835426331,"teamXp":0.4913765490055084,"teamDeaths":0.035999998450279236,"enemyTowersLeft":0.8484848737716675,"deaths":0.004999999888241291,"teamNetWorth":0.5185099840164185,"teamKills":0.02800000086426735},"lastItemPurchased":[0,0,0,0,0,0,0,0,0,0,1]},"npc_dota_hero_storm_spirit":{"lastAbilityUpgraded":"","victory":false,"state":{"kills":0.004000000189989805,"towersLeft":0.8484848737716675,"netWorth":0.07221999764442444,"xp":0.3577468991279602,"teamXp":0.4791543185710907,"teamDeaths":0.029999999329447746,"enemyTowersLeft":0.6363636255264282,"deaths":0.006000000052154064,"teamNetWorth":0.5751100182533264,"teamKills":0.03400000184774399},"lastItemPurchased":[0,0,0,0,1,0,0,0,0,0,0]},"npc_dota_hero_alchemist":{"lastAbilityUpgraded":"","victory":false,"state":{"kills":0.012000000104308128,"towersLeft":0.8484848737716675,"netWorth":0.27338001132011414,"xp":0.7893518805503845,"teamXp":0.4791543185710907,"teamDeaths":0.029999999329447746,"enemyTowersLeft":0.6363636255264282,"deaths":0.004000000189989805,"teamNetWorth":0.5751100182533264,"teamKills":0.03400000184774399},"lastItemPurchased":[0,0,0,0,0,0,0,0,0,0,0]},"npc_dota_hero_spirit_breaker":{"lastAbilityUpgraded":"","victory":false,"state":{"kills":0.004000000189989805,"towersLeft":0.8484848737716675,"netWorth":0.0678199976682663,"xp":0.38864198327064514,"teamXp":0.4791543185710907,"teamDeaths":0.029999999329447746,"enemyTowersLeft":0.6363636255264282,"deaths":0.008999999612569809,"teamNetWorth":0.5751100182533264,"teamKills":0.03400000184774399},"lastItemPurchased":[0,0,0,0,0,0,0,0,0,0,0]},"npc_dota_hero_oracle":{"lastAbilityUpgraded":"","victory":false,"state":{"kills":0.004999999888241291,"towersLeft":0.8484848737716675,"netWorth":0.0384100005030632,"xp":0.21666666865348816,"teamXp":0.4791543185710907,"teamDeaths":0.029999999329447746,"enemyTowersLeft":0.6363636255264282,"deaths":0.007000000216066837,"teamNetWorth":0.5751100182533264,"teamKills":0.03400000184774399},"lastItemPurchased":[0,0,0,0,0,0,0,0,0,0,0]},"npc_dota_hero_kunkka":{"lastAbilityUpgraded":"","victory":true,"state":{"kills":0.0010000000474974513,"towersLeft":0.6363636255264282,"netWorth":0.0422700010240078,"xp":0.3135802447795868,"teamXp":0.4913765490055084,"teamDeaths":0.035999998450279236,"enemyTowersLeft":0.8484848737716675,"deaths":0.00800000037997961,"teamNetWorth":0.5185099840164185,"teamKills":0.02800000086426735},"lastItemPurchased":[0,0,0,0,0,0,0,0,0,0,0]},"npc_dota_hero_ogre_magi":{"lastAbilityUpgraded":"","victory":true,"state":{"kills":0.0010000000474974513,"towersLeft":0.6363636255264282,"netWorth":0.06859000027179718,"xp":0.41762346029281616,"teamXp":0.4913765490055084,"teamDeaths":0.035999998450279236,"enemyTowersLeft":0.8484848737716675,"deaths":0.00800000037997961,"teamNetWorth":0.5185099840164185,"teamKills":0.02800000086426735},"lastItemPurchased":[0,0,0,0,0,0,0,0,0,0,0]},"npc_dota_hero_obsidian_destroyer":{"lastAbilityUpgraded":"","victory":true,"state":{"kills":0.014000000432133675,"towersLeft":0.6363636255264282,"netWorth":0.13384999334812164,"xp":0.5370370149612427,"teamXp":0.4913765490055084,"teamDeaths":0.035999998450279236,"enemyTowersLeft":0.8484848737716675,"deaths":0.007000000216066837,"teamNetWorth":0.5185099840164185,"teamKills":0.02800000086426735},"lastItemPurchased":[0,0,0,0,0,0,0,0,0,0,0]},"npc_dota_hero_batrider":{"lastAbilityUpgraded":"","victory":false,"state":{"kills":0.008999999612569809,"towersLeft":0.8484848737716675,"netWorth":0.12328000366687775,"xp":0.6433641910552979,"teamXp":0.4791543185710907,"teamDeaths":0.029999999329447746,"enemyTowersLeft":0.6363636255264282,"deaths":0.004000000189989805,"teamNetWorth":0.5751100182533264,"teamKills":0.03400000184774399},"lastItemPurchased":[0,0,0,1,0,0,0,0,0,0,0]},"npc_dota_hero_magnataur":{"lastAbilityUpgraded":"","victory":true,"state":{"kills":0.003000000026077032,"towersLeft":0.6363636255264282,"netWorth":0.07395999878644943,"xp":0.42938271164894104,"teamXp":0.4913765490055084,"teamDeaths":0.035999998450279236,"enemyTowersLeft":0.8484848737716675,"deaths":0.00800000037997961,"teamNetWorth":0.5185099840164185,"teamKills":0.02800000086426735},"lastItemPurchased":[0,0,0,1,0,0,0,0,0,0,0]}}}