{"gameTime":24,"state":{"npc_dota_hero_faceless_void":{"lastAbilityUpgraded":"","victory":true,"state":{"kills":0,"towersLeft":0.9090909361839294,"netWorth":0.031129999086260796,"xp":0.14157406985759735,"teamXp":0.21221604943275452,"teamDeaths":0.01600000075995922,"enemyTowersLeft":0.939393937587738,"deaths":0.004999999888241291,"teamNetWorth":0.294950008392334,"teamKills":0.010999999940395355},"lastItemPurchased":[0,0,0,0,0,0,0,0,0,0,0]},"npc_dota_hero_rubick":{"lastAbilityUpgraded":"","victory":false,"state":{"kills":0.004000000189989805,"towersLeft":0.939393937587738,"netWorth":0.050930000841617584,"xp":0.19305555522441864,"teamXp":0.20981481671333313,"teamDeaths":0.010999999940395355,"enemyTowersLeft":0.9090909361839294,"deaths":0.0020000000949949026,"teamNetWorth":0.26144999265670776,"teamKills":0.014000000432133675},"lastItemPurchased":[0,0,0,0,0,0,0,0,0,0,0]},"npc_dota_hero_alchemist":{"lastAbilityUpgraded":"","victory":true,"state":{"kills":0.0020000000949949026,"towersLeft":0.9090909361839294,"netWorth":0.15029999613761902,"xp":0.3865123391151428,"teamXp":0.21221604943275452,"teamDeaths":0.01600000075995922,"enemyTowersLeft":0.939393937587738,"deaths":0.0010000000474974513,"teamNetWorth":0.294950008392334,"teamKills":0.010999999940395355},"lastItemPurchased":[0,0,0,0,0,0,0,0,0,0,1]},"npc_dota_hero_arc_warden":{"lastAbilityUpgraded":"","victory":true,"state":{"kills":0.0020000000949949026,"towersLeft":0.9090909361839294,"netWorth":0.044429998844861984,"xp":0.18817901611328125,"teamXp":0.21221604943275452,"teamDeaths":0.01600000075995922,"enemyTowersLeft":0.939393937587738,"deaths":0.004000000189989805,"teamNetWorth":0.294950008392334,"teamKills":0.010999999940395355},"lastItemPurchased":[0,0,0,0,0,0,0,0,0,0,0]},"npc_dota_hero_mirana":{"lastAbilityUpgraded":"","victory":true,"state":{"kills":0.006000000052154064,"towersLeft":0.9090909361839294,"netWorth":0.050200000405311584,"xp":0.1677469164133072,"teamXp":0.21221604943275452,"teamDeaths":0.01600000075995922,"enemyTowersLeft":0.939393937587738,"deaths":0.003000000026077032,"teamNetWorth":0.294950008392334,"teamKills":0.010999999940395355},"lastItemPurchased":[0,0,0,0,0,0,0,0,0,0,0]},"npc_dota_hero_beastmaster":{"lastAbilityUpgraded":"","victory":false,"state":{"kills":0.003000000026077032,"towersLeft":0.939393937587738,"netWorth":0.05581999942660332,"xp":0.21762345731258392,"teamXp":0.20981481671333313,"teamDeaths":0.010999999940395355,"enemyTowersLeft":0.9090909361839294,"deaths":0.004000000189989805,"teamNetWorth":0.26144999265670776,"teamKills":0.014000000432133675},"lastItemPurchased":[0,0,0,0,0,0,0,0,0,0,0]},"npc_dota_hero_lion":{"lastAbilityUpgraded":"","victory":false,"state":{"kills":0.003000000026077032,"towersLeft":0.939393937587738,"netWorth":0.03612999990582466,"xp":0.15472222864627838,"teamXp":0.20981481671333313,"teamDeaths":0.010999999940395355,"enemyTowersLeft":0.9090909361839294,"deaths":0.0010000000474974513,"teamNetWorth":0.26144999265670776,"teamKills":0.014000000432133675},"lastItemPurchased":[0,0,0,1,0,0,0,0,0,0,0]},"npc_dota_hero_ogre_magi":{"lastAbilityUpgraded":"","victory":true,"state":{"kills":0.0010000000474974513,"towersLeft":0.9090909361839294,"netWorth":0.018890000879764557,"xp":0.17706790566444397,"teamXp":0.21221604943275452,"teamDeaths":0.01600000075995922,"enemyTowersLeft":0.939393937587738,"deaths":0.003000000026077032,"teamNetWorth":0.294950008392334,"teamKills":0.010999999940395355},"lastItemPurchased":[0,0,0,0,0,0,0,0,0,0,0]},"npc_dota_hero_puck":{"lastAbilityUpgraded":"","victory":false,"state":{"kills":0.0020000000949949026,"towersLeft":0.939393937587738,"netWorth":0.05674000084400177,"xp":0.25283950567245483,"teamXp":0.20981481671333313,"teamDeaths":0.010999999940395355,"enemyTowersLeft":0.9090909361839294,"deaths":0.004000000189989805,"teamNetWorth":0.26144999265670776,"teamKills":0.014000000432133675},"lastItemPurchased":[0,0,0,0,0,0,0,0,0,0,0]},"npc_dota_hero_slark":{"lastAbilityUpgraded":"","victory":false,"state":{"kills":0.0020000000949949026,"towersLeft":0.939393937587738,"netWorth":0.06182999908924103,"xp":0.23083333671092987,"teamXp":0.20981481671333313,"teamDeaths":0.010999999940395355,"enemyTowersLeft":0.9090909361839294,"deaths":0,"teamNetWorth":0.26144999265670776,"teamKills":0.014000000432133675},"lastItemPurchased":[0,0,0,0,0,0,0,0,0,0,0]}}}