{"gameTime":36,"state":{"npc_dota_hero_faceless_void":{"lastAbilityUpgraded":"","victory":true,"state":{"kills":0.0010000000474974513,"towersLeft":0.8787878751754761,"netWorth":0.06757999956607819,"xp":0.3595987558364868,"teamXp":0.4827098846435547,"teamDeaths":0.03500000014901161,"enemyTowersLeft":0.4848484992980957,"deaths":0.00800000037997961,"teamNetWorth":0.551580011844635,"teamKills":0.03099999949336052},"lastItemPurchased":[0,0,0,0,0,0,0,0,0,0,0]},"npc_dota_hero_rubick":{"lastAbilityUpgraded":"","victory":false,"state":{"kills":0.004999999888241291,"towersLeft":0.5151515007019043,"netWorth":0.08921000361442566,"xp":0.44583332538604736,"teamXp":0.4556789994239807,"teamDeaths":0.03099999949336052,"enemyTowersLeft":0.9090909361839294,"deaths":0.004000000189989805,"teamNetWorth":0.43031999468803406,"teamKills":0.03200000151991844},"lastItemPurchased":[0,0,0,0,0,0,0,0,0,0,0]},"npc_dota_hero_alchemist":{"lastAbilityUpgraded":"","victory":true,"state":{"kills":0.014000000432133675,"towersLeft":0.8787878751754761,"netWorth":0.2543799877166748,"xp":0.8708024621009827,"teamXp":0.4827098846435547,"teamDeaths":0.03500000014901161,"enemyTowersLeft":0.4848484992980957,"deaths":0.004000000189989805,"teamNetWorth":0.551580011844635,"teamKills":0.03099999949336052},"lastItemPurchased":[0,0,0,0,0,0,0,0,0,0,0]},"npc_dota_hero_arc_warden":{"lastAbilityUpgraded":"","victory":true,"state":{"kills":0.004000000189989805,"towersLeft":0.8787878751754761,"netWorth":0.09583000093698502,"xp":0.3817283809185028,"teamXp":0.4827098846435547,"teamDeaths":0.03500000014901161,"enemyTowersLeft":0.4848484992980957,"deaths":0.007000000216066837,"teamNetWorth":0.551580011844635,"teamKills":0.03099999949336052},"lastItemPurchased":[0,0,0,0,0,0,0,0,0,0,0]},"npc_dota_hero_mirana":{"lastAbilityUpgraded":"","victory":true,"state":{"kills":0.008999999612569809,"towersLeft":0.8787878751754761,"netWorth":0.09071999788284302,"xp":0.4040740728378296,"teamXp":0.4827098846435547,"teamDeaths":0.03500000014901161,"enemyTowersLeft":0.4848484992980957,"deaths":0.008999999612569809,"teamNetWorth":0.551580011844635,"teamKills":0.03099999949336052},"lastItemPurchased":[0,0,0,0,0,0,0,0,0,0,0]},"npc_dota_hero_beastmaster":{"lastAbilityUpgraded":"","victory":false,"state":{"kills":0.003000000026077032,"towersLeft":0.5151515007019043,"netWorth":0.06853000074625015,"xp":0.35972222685813904,"teamXp":0.4556789994239807,"teamDeaths":0.03099999949336052,"enemyTowersLeft":0.9090909361839294,"deaths":0.009999999776482582,"teamNetWorth":0.43031999468803406,"teamKills":0.03200000151991844},"lastItemPurchased":[0,0,0,0,0,0,0,0,0,0,0]},"npc_dota_hero_lion":{"lastAbilityUpgraded":"","victory":false,"state":{"kills":0.004000000189989805,"towersLeft":0.5151515007019043,"netWorth":0.04400999844074249,"xp":0.2925308644771576,"teamXp":0.4556789994239807,"teamDeaths":0.03099999949336052,"enemyTowersLeft":0.9090909361839294,"deaths":0.006000000052154064,"teamNetWorth":0.43031999468803406,"teamKills":0.03200000151991844},"lastItemPurchased":[1,0,0,0,0,0,0,0,0,0,0]},"npc_dota_hero_ogre_magi":{"lastAbilityUpgraded":"","victory":true,"state":{"kills":0.003000000026077032,"towersLeft":0.8787878751754761,"netWorth":0.043069999665021896,"xp":0.3973456919193268,"teamXp":0.4827098846435547,"teamDeaths":0.03500000014901161,"enemyTowersLeft":0.4848484992980957,"deaths":0.007000000216066837,"teamNetWorth":0.551580011844635,"teamKills":0.03099999949336052},"lastItemPurchased":[0,0,0,0,0,0,0,0,0,0,0]},"npc_dota_hero_puck":{"lastAbilityUpgraded":"","victory":false,"state":{"kills":0.007000000216066837,"towersLeft":0.5151515007019043,"netWorth":0.10847000032663345,"xp":0.5244444608688354,"teamXp":0.4556789994239807,"teamDeaths":0.03099999949336052,"enemyTowersLeft":0.9090909361839294,"deaths":0.007000000216066837,"teamNetWorth":0.43031999468803406,"teamKills":0.03200000151991844},"lastItemPurchased":[0,0,0,0,0,0,1,0,0,0,0]},"npc_dota_hero_slark":{"lastAbilityUpgraded":"","victory":false,"state":{"kills":0.013000000268220901,"towersLeft":0.5151515007019043,"netWorth":0.1200999990105629,"xp":0.6558641791343689,"teamXp":0.4556789994239807,"teamDeaths":0.03099999949336052,"enemyTowersLeft":0.9090909361839294,"deaths":0.004000000189989805,"teamNetWorth":0.43031999468803406,"teamKills":0.03200000151991844},"lastItemPurchased":[0,0,0,0,0,0,0,0,0,0,0]}}}