{"gameTime":37,"state":{"npc_dota_hero_faceless_void":{"lastAbilityUpgraded":"","victory":true,"state":{"kills":0.0020000000949949026,"towersLeft":0.8787878751754761,"netWorth":0.08429999649524689,"xp":0.44777777791023254,"teamXp":0.520839512348175,"teamDeaths":0.03700000047683716,"enemyTowersLeft":0.3030303120613098,"deaths":0.00800000037997961,"teamNetWorth":0.6138499975204468,"teamKills":0.03400000184774399},"lastItemPurchased":[0,0,0,0,0,0,0,0,0,0,0]},"npc_dota_hero_rubick":{"lastAbilityUpgraded":"","victory":false,"state":{"kills":0.004999999888241291,"towersLeft":0.3333333432674408,"netWorth":0.07592999935150146,"xp":0.4502469003200531,"teamXp":0.47725924849510193,"teamDeaths":0.03400000184774399,"enemyTowersLeft":0.9090909361839294,"deaths":0.004999999888241291,"teamNetWorth":0.41211000084877014,"teamKills":0.03400000184774399},"lastItemPurchased":[0,0,0,0,0,0,0,0,0,0,0]},"npc_dota_hero_alchemist":{"lastAbilityUpgraded":"","victory":true,"state":{"kills":0.014000000432133675,"towersLeft":0.8787878751754761,"netWorth":0.269569993019104,"xp":0.9070678949356079,"teamXp":0.520839512348175,"teamDeaths":0.03700000047683716,"enemyTowersLeft":0.3030303120613098,"deaths":0.004000000189989805,"teamNetWorth":0.6138499975204468,"teamKills":0.03400000184774399},"lastItemPurchased":[0,0,0,0,0,0,0,0,0,0,0]},"npc_dota_hero_arc_warden":{"lastAbilityUpgraded":"","victory":true,"state":{"kills":0.006000000052154064,"towersLeft":0.8787878751754761,"netWorth":0.11692000180482864,"xp":0.42706790566444397,"teamXp":0.520839512348175,"teamDeaths":0.03700000047683716,"enemyTowersLeft":0.3030303120613098,"deaths":0.007000000216066837,"teamNetWorth":0.6138499975204468,"teamKills":0.03400000184774399},"lastItemPurchased":[0,0,0,0,0,0,0,0,0,0,0]},"npc_dota_hero_mirana":{"lastAbilityUpgraded":"","victory":true,"state":{"kills":0.008999999612569809,"towersLeft":0.8787878751754761,"netWorth":0.09612999856472015,"xp":0.4235493838787079,"teamXp":0.520839512348175,"teamDeaths":0.03700000047683716,"enemyTowersLeft":0.3030303120613098,"deaths":0.009999999776482582,"teamNetWorth":0.6138499975204468,"teamKills":0.03400000184774399},"lastItemPurchased":[0,0,0,0,0,0,0,0,0,0,0]},"npc_dota_hero_beastmaster":{"lastAbilityUpgraded":"","victory":false,"state":{"kills":0.003000000026077032,"towersLeft":0.3333333432674408,"netWorth":0.06853000074625015,"xp":0.3608333468437195,"teamXp":0.47725924849510193,"teamDeaths":0.03400000184774399,"enemyTowersLeft":0.9090909361839294,"deaths":0.009999999776482582,"teamNetWorth":0.41211000084877014,"teamKills":0.03400000184774399},"lastItemPurchased":[0,0,0,0,0,0,0,0,0,0,0]},"npc_dota_hero_lion":{"lastAbilityUpgraded":"","victory":false,"state":{"kills":0.004000000189989805,"towersLeft":0.3333333432674408,"netWorth":0.040119998157024384,"xp":0.2958333194255829,"teamXp":0.47725924849510193,"teamDeaths":0.03400000184774399,"enemyTowersLeft":0.9090909361839294,"deaths":0.007000000216066837,"teamNetWorth":0.41211000084877014,"teamKills":0.03400000184774399},"lastItemPurchased":[0,0,0,0,0,0,0,0,0,0,0]},"npc_dota_hero_ogre_magi":{"lastAbilityUpgraded":"","victory":true,"state":{"kills":0.003000000026077032,"towersLeft":0.8787878751754761,"netWorth":0.04693000018596649,"xp":0.39873456954956055,"teamXp":0.520839512348175,"teamDeaths":0.03700000047683716,"enemyTowersLeft":0.3030303120613098,"deaths":0.00800000037997961,"teamNetWorth":0.6138499975204468,"teamKills":0.03400000184774399},"lastItemPurchased":[0,0,0,1,0,0,0,0,0,0,0]},"npc_dota_hero_puck":{"lastAbilityUpgraded":"","victory":false,"state":{"kills":0.007000000216066837,"towersLeft":0.3333333432674408,"netWorth":0.10847000032663345,"xp":0.5244444608688354,"teamXp":0.47725924849510193,"teamDeaths":0.03400000184774399,"enemyTowersLeft":0.9090909361839294,"deaths":0.007000000216066837,"teamNetWorth":0.41211000084877014,"teamKills":0.03400000184774399},"lastItemPurchased":[0,0,0,0,0,0,0,0,0,0,0]},"npc_dota_hero_slark":{"lastAbilityUpgraded":"","victory":false,"state":{"kills":0.014999999664723873,"towersLeft":0.3333333432674408,"netWorth":0.11906000226736069,"xp":0.7549382448196411,"teamXp":0.47725924849510193,"teamDeaths":0.03400000184774399,"enemyTowersLeft":0.9090909361839294,"deaths":0.004999999888241291,"teamNetWorth":0.41211000084877014,"teamKills":0.03400000184774399},"lastItemPurchased":[0,0,0,0,0,0,0,0,0,0,0]}}}