{"gameTime":45,"state":{"npc_dota_hero_warlock":{"lastAbilityUpgraded":"","victory":false,"state":{"kills":0.0020000000949949026,"towersLeft":0.24242424964904785,"netWorth":0.025609999895095825,"xp":0.22290123999118805,"teamXp":0.4824135899543762,"teamDeaths":0.05000000074505806,"enemyTowersLeft":0.8181818127632141,"deaths":0.013000000268220901,"teamNetWorth":0.43129000067710876,"teamKills":0.03500000014901161},"lastItemPurchased":[0,0,0,0,0,0,0,0,0,0,0]},"npc_dota_hero_nyx_assassin":{"lastAbilityUpgraded":"","victory":true,"state":{"kills":0.004000000189989805,"towersLeft":0.8484848737716675,"netWorth":0.06561999768018723,"xp":0.46694445610046387,"teamXp":0.5905987620353699,"teamDeaths":0.04100000113248825,"enemyTowersLeft":0.27272728085517883,"deaths":0.012000000104308128,"teamNetWorth":0.5915899872779846,"teamKills":0.04699999839067459},"lastItemPurchased":[0,0,0,0,0,0,0,0,0,0,0]},"npc_dota_hero_rubick":{"lastAbilityUpgraded":"","victory":true,"state":{"kills":0.003000000026077032,"towersLeft":0.8484848737716675,"netWorth":0.06282000243663788,"xp":0.3937654197216034,"teamXp":0.5905987620353699,"teamDeaths":0.04100000113248825,"enemyTowersLeft":0.27272728085517883,"deaths":0.009999999776482582,"teamNetWorth":0.5915899872779846,"teamKills":0.04699999839067459},"lastItemPurchased":[0,0,0,0,0,0,0,0,0,0,0]},"npc_dota_hero_pudge":{"lastAbilityUpgraded":"","victory":false,"state":{"kills":0.004999999888241291,"towersLeft":0.24242424964904785,"netWorth":0.025049999356269836,"xp":0.3215123414993286,"teamXp":0.4824135899543762,"teamDeaths":0.05000000074505806,"enemyTowersLeft":0.8181818127632141,"deaths":0.014999999664723873,"teamNetWorth":0.43129000067710876,"teamKills":0.03500000014901161},"lastItemPurchased":[0,0,0,0,0,0,0,0,0,0,0]},"npc_dota_hero_venomancer":{"lastAbilityUpgraded":"","victory":false,"state":{"kills":0.004000000189989805,"towersLeft":0.24242424964904785,"netWorth":0.06261000037193298,"xp":0.3556172847747803,"teamXp":0.4824135899543762,"teamDeaths":0.05000000074505806,"enemyTowersLeft":0.8181818127632141,"deaths":0.014999999664723873,"teamNetWorth":0.43129000067710876,"teamKills":0.03500000014901161},"lastItemPurchased":[0,0,0,0,0,0,0,0,0,0,0]},"npc_dota_hero_invoker":{"lastAbilityUpgraded":"","victory":false,"state":{"kills":0.009999999776482582,"towersLeft":0.24242424964904785,"netWorth":0.15918999910354614,"xp":0.7075926065444946,"teamXp":0.4824135899543762,"teamDeaths":0.05000000074505806,"enemyTowersLeft":0.8181818127632141,"deaths":0.004000000189989805,"teamNetWorth":0.43129000067710876,"teamKills":0.03500000014901161},"lastItemPurchased":[0,0,0,0,0,0,0,0,0,0,0]},"npc_dota_hero_mirana":{"lastAbilityUpgraded":"","victory":true,"state":{"kills":0.009999999776482582,"towersLeft":0.8484848737716675,"netWorth":0.15826000273227692,"xp":0.609475314617157,"teamXp":0.5905987620353699,"teamDeaths":0.04100000113248825,"enemyTowersLeft":0.27272728085517883,"deaths":0.007000000216066837,"teamNetWorth":0.5915899872779846,"teamKills":0.04699999839067459},"lastItemPurchased":[0,0,0,0,0,0,0,0,0,0,0]},"npc_dota_hero_spirit_breaker":{"lastAbilityUpgraded":"","victory":true,"state":{"kills":0.013000000268220901,"towersLeft":0.8484848737716675,"netWorth":0.0740400031208992,"xp":0.5126851797103882,"teamXp":0.5905987620353699,"teamDeaths":0.04100000113248825,"enemyTowersLeft":0.27272728085517883,"deaths":0.009999999776482582,"teamNetWorth":0.5915899872779846,"teamKills":0.04699999839067459},"lastItemPurchased":[0,0,0,0,0,0,0,0,0,0,0]},"npc_dota_hero_morphling":{"lastAbilityUpgraded":"","victory":false,"state":{"kills":0.014000000432133675,"towersLeft":0.24242424964904785,"netWorth":0.15883000195026398,"xp":0.804444432258606,"teamXp":0.4824135899543762,"teamDeaths":0.05000000074505806,"enemyTowersLeft":0.8181818127632141,"deaths":0.003000000026077032,"teamNetWorth":0.43129000067710876,"teamKills":0.03500000014901161},"lastItemPurchased":[0,0,0,0,0,0,0,0,0,0,0]},"npc_dota_hero_slark":{"lastAbilityUpgraded":"","victory":true,"state":{"kills":0.017000000923871994,"towersLeft":0.8484848737716675,"netWorth":0.2308499962091446,"xp":0.9701234698295593,"teamXp":0.5905987620353699,"teamDeaths":0.04100000113248825,"enemyTowersLeft":0.27272728085517883,"deaths":0.0020000000949949026,"teamNetWorth":0.5915899872779846,"teamKills":0.04699999839067459},"lastItemPurchased":[0,0,0,0,0,0,0,0,0,0,0]}}}