{"gameTime":44,"state":{"npc_dota_hero_pudge":{"lastAbilityUpgraded":"","victory":true,"state":{"kills":0.00800000037997961,"towersLeft":0.8484848737716675,"netWorth":0.08129999786615372,"xp":0.5174691081047058,"teamXp":0.5554136037826538,"teamDeaths":0.03500000014901161,"enemyTowersLeft":0.8181818127632141,"deaths":0.008999999612569809,"teamNetWorth":0.5109500288963318,"teamKills":0.03200000151991844},"lastItemPurchased":[0,0,0,0,0,0,0,0,0,0,0]},"npc_dota_hero_enchantress":{"lastAbilityUpgraded":"","victory":false,"state":{"kills":0.00800000037997961,"towersLeft":0.8181818127632141,"netWorth":0.12249000370502472,"xp":0.720370352268219,"teamXp":0.567839503288269,"teamDeaths":0.03500000014901161,"enemyTowersLeft":0.8484848737716675,"deaths":0.006000000052154064,"teamNetWorth":0.516480028629303,"teamKills":0.032999999821186066},"lastItemPurchased":[0,0,0,0,0,0,0,0,0,0,0]},"npc_dota_hero_sand_king":{"lastAbilityUpgraded":"","victory":false,"state":{"kills":0.003000000026077032,"towersLeft":0.8181818127632141,"netWorth":0.05056999996304512,"xp":0.38283950090408325,"teamXp":0.567839503288269,"teamDeaths":0.03500000014901161,"enemyTowersLeft":0.8484848737716675,"deaths":0.009999999776482582,"teamNetWorth":0.516480028629303,"teamKills":0.032999999821186066},"lastItemPurchased":[0,0,0,0,0,0,0,0,0,0,0]},"npc_dota_hero_abyssal_underlord":{"lastAbilityUpgraded":"","victory":true,"state":{"kills":0.004000000189989805,"towersLeft":0.8484848737716675,"netWorth":0.10048999637365341,"xp":0.5762037038803101,"teamXp":0.5554136037826538,"teamDeaths":0.03500000014901161,"enemyTowersLeft":0.8181818127632141,"deaths":0.004999999888241291,"teamNetWorth":0.5109500288963318,"teamKills":0.03200000151991844},"lastItemPurchased":[0,0,0,0,0,0,0,0,0,0,0]},"npc_dota_hero_luna":{"lastAbilityUpgraded":"","victory":false,"state":{"kills":0.004000000189989805,"towersLeft":0.8181818127632141,"netWorth":0.14997999370098114,"xp":0.6099691390991211,"teamXp":0.567839503288269,"teamDeaths":0.03500000014901161,"enemyTowersLeft":0.8484848737716675,"deaths":0.007000000216066837,"teamNetWorth":0.516480028629303,"teamKills":0.032999999821186066},"lastItemPurchased":[0,0,0,0,0,0,0,0,0,0,0]},"npc_dota_hero_ogre_magi":{"lastAbilityUpgraded":"","victory":true,"state":{"kills":0.003000000026077032,"towersLeft":0.8484848737716675,"netWorth":0.054430000483989716,"xp":0.3938888907432556,"teamXp":0.5554136037826538,"teamDeaths":0.03500000014901161,"enemyTowersLeft":0.8181818127632141,"deaths":0.00800000037997961,"teamNetWorth":0.5109500288963318,"teamKills":0.03200000151991844},"lastItemPurchased":[0,0,0,0,0,0,0,0,0,0,0]},"npc_dota_hero_morphling":{"lastAbilityUpgraded":"","victory":true,"state":{"kills":0.00800000037997961,"towersLeft":0.8484848737716675,"netWorth":0.1806900054216385,"xp":0.725802481174469,"teamXp":0.5554136037826538,"teamDeaths":0.03500000014901161,"enemyTowersLeft":0.8181818127632141,"deaths":0.006000000052154064,"teamNetWorth":0.5109500288963318,"teamKills":0.03200000151991844},"lastItemPurchased":[0,0,0,0,1,0,0,0,0,0,0]},"npc_dota_hero_shadow_demon":{"lastAbilityUpgraded":"","victory":false,"state":{"kills":0.0010000000474974513,"towersLeft":0.8181818127632141,"netWorth":0.04859999939799309,"xp":0.46422839164733887,"teamXp":0.567839503288269,"teamDeaths":0.03500000014901161,"enemyTowersLeft":0.8484848737716675,"deaths":0.007000000216066837,"teamNetWorth":0.516480028629303,"teamKills":0.032999999821186066},"lastItemPurchased":[0,0,0,0,0,0,0,0,0,0,0]},"npc_dota_hero_obsidian_destroyer":{"lastAbilityUpgraded":"","victory":false,"state":{"kills":0.017000000923871994,"towersLeft":0.8181818127632141,"netWorth":0.14484000205993652,"xp":0.661790132522583,"teamXp":0.567839503288269,"teamDeaths":0.03500000014901161,"enemyTowersLeft":0.8484848737716675,"deaths":0.004999999888241291,"teamNetWorth":0.516480028629303,"teamKills":0.032999999821186066},"lastItemPurchased":[0,0,0,0,0,0,0,0,0,0,0]},"npc_dota_hero_weaver":{"lastAbilityUpgraded":"","victory":true,"state":{"kills":0.008999999612569809,"towersLeft":0.8484848737716675,"netWorth":0.09403999894857407,"xp":0.563703715801239,"teamXp":0.5554136037826538,"teamDeaths":0.03500000014901161,"enemyTowersLeft":0.8181818127632141,"deaths":0.007000000216066837,"teamNetWorth":0.5109500288963318,"teamKills":0.03200000151991844},"lastItemPurchased":[0,0,0,0,0,0,0,0,0,0,0]}}}