{"gameTime":17,"state":{"npc_dota_hero_antimage":{"lastAbilityUpgraded":"","victory":false,"state":{"kills":0.0020000000949949026,"towersLeft":0.9696969985961914,"netWorth":0.040539998561143875,"xp":0.1602160483598709,"teamXp":0.09104321151971817,"teamDeaths":0.009999999776482582,"enemyTowersLeft":1,"deaths":0.0010000000474974513,"teamNetWorth":0.10837999731302261,"teamKills":0.004000000189989805},"lastItemPurchased":[0,0,0,0,0,0,0,0,0,0,0]},"npc_dota_hero_warlock":{"lastAbilityUpgraded":"","victory":false,"state":{"kills":0,"towersLeft":0.9696969985961914,"netWorth":0.012109999544918537,"xp":0.05459876358509064,"teamXp":0.09104321151971817,"teamDeaths":0.009999999776482582,"enemyTowersLeft":1,"deaths":0.0010000000474974513,"teamNetWorth":0.10837999731302261,"teamKills":0.004000000189989805},"lastItemPurchased":[1,0,0,0,0,0,0,0,0,0,0]},"npc_dota_hero_storm_spirit":{"lastAbilityUpgraded":"","victory":false,"state":{"kills":0,"towersLeft":0.9696969985961914,"netWorth":0.024700000882148743,"xp":0.10453703999519348,"teamXp":0.09104321151971817,"teamDeaths":0.009999999776482582,"enemyTowersLeft":1,"deaths":0.003000000026077032,"teamNetWorth":0.10837999731302261,"teamKills":0.004000000189989805},"lastItemPurchased":[0,0,0,0,0,0,0,0,0,0,0]},"npc_dota_hero_nyx_assassin":{"lastAbilityUpgraded":"","victory":true,"state":{"kills":0.0020000000949949026,"towersLeft":1,"netWorth":0.0188400000333786,"xp":0.11191357672214508,"teamXp":0.1117716059088707,"teamDeaths":0.006000000052154064,"enemyTowersLeft":0.9696969985961914,"deaths":0.003000000026077032,"teamNetWorth":0.15004999935626984,"teamKills":0.010999999940395355},"lastItemPurchased":[0,0,0,0,0,0,0,0,0,0,0]},"npc_dota_hero_rubick":{"lastAbilityUpgraded":"","victory":true,"state":{"kills":0.0020000000949949026,"towersLeft":1,"netWorth":0.020519999787211418,"xp":0.06774691492319107,"teamXp":0.1117716059088707,"teamDeaths":0.006000000052154064,"enemyTowersLeft":0.9696969985961914,"deaths":0.0010000000474974513,"teamNetWorth":0.15004999935626984,"teamKills":0.010999999940395355},"lastItemPurchased":[0,0,1,0,0,0,0,0,0,0,0]},"npc_dota_hero_pudge":{"lastAbilityUpgraded":"","victory":true,"state":{"kills":0.003000000026077032,"towersLeft":1,"netWorth":0.020059999078512192,"xp":0.0642901211977005,"teamXp":0.1117716059088707,"teamDeaths":0.006000000052154064,"enemyTowersLeft":0.9696969985961914,"deaths":0.0020000000949949026,"teamNetWorth":0.15004999935626984,"teamKills":0.010999999940395355},"lastItemPurchased":[0,0,0,0,0,0,0,0,0,0,0]},"npc_dota_hero_nevermore":{"lastAbilityUpgraded":"","victory":true,"state":{"kills":0.004000000189989805,"towersLeft":1,"netWorth":0.051920000463724136,"xp":0.17228394746780396,"teamXp":0.1117716059088707,"teamDeaths":0.006000000052154064,"enemyTowersLeft":0.9696969985961914,"deaths":0,"teamNetWorth":0.15004999935626984,"teamKills":0.010999999940395355},"lastItemPurchased":[0,0,0,0,0,0,0,0,0,0,0]},"npc_dota_hero_abyssal_underlord":{"lastAbilityUpgraded":"","victory":false,"state":{"kills":0,"towersLeft":0.9696969985961914,"netWorth":0.01696999929845333,"xp":0.08151234686374664,"teamXp":0.09104321151971817,"teamDeaths":0.009999999776482582,"enemyTowersLeft":1,"deaths":0.0020000000949949026,"teamNetWorth":0.10837999731302261,"teamKills":0.004000000189989805},"lastItemPurchased":[0,0,0,0,0,0,0,0,0,0,0]},"npc_dota_hero_lion":{"lastAbilityUpgraded":"","victory":false,"state":{"kills":0.0020000000949949026,"towersLeft":0.9696969985961914,"netWorth":0.014059999957680702,"xp":0.05435185134410858,"teamXp":0.09104321151971817,"teamDeaths":0.009999999776482582,"enemyTowersLeft":1,"deaths":0.003000000026077032,"teamNetWorth":0.10837999731302261,"teamKills":0.004000000189989805},"lastItemPurchased":[0,0,0,0,0,0,0,0,0,0,0]},"npc_dota_hero_juggernaut":{"lastAbilityUpgraded":"","victory":true,"state":{"kills":0,"towersLeft":1,"netWorth":0.03871000185608864,"xp":0.14262345433235168,"teamXp":0.1117716059088707,"teamDeaths":0.006000000052154064,"enemyTowersLeft":0.9696969985961914,"deaths":0,"teamNetWorth":0.15004999935626984,"teamKills":0.010999999940395355},"lastItemPurchased":[0,0,0,0,0,0,0,0,0,0,0]}}}