{"gameTime":20,"state":{"npc_dota_hero_bloodseeker":{"lastAbilityUpgraded":"","victory":true,"state":{"kills":0.004000000189989805,"towersLeft":0.939393937587738,"netWorth":0.049430001527071,"xp":0.21302469074726105,"teamXp":0.165370374917984,"teamDeaths":0.012000000104308128,"enemyTowersLeft":1,"deaths":0.003000000026077032,"teamNetWorth":0.1893099993467331,"teamKills":0.013000000268220901},"lastItemPurchased":[0,0,0,0,0,0,0,0,0,1,0]},"npc_dota_hero_storm_spirit":{"lastAbilityUpgraded":"","victory":true,"state":{"kills":0.003000000026077032,"towersLeft":0.939393937587738,"netWorth":0.06758999824523926,"xp":0.261388897895813,"teamXp":0.165370374917984,"teamDeaths":0.012000000104308128,"enemyTowersLeft":1,"deaths":0,"teamNetWorth":0.1893099993467331,"teamKills":0.013000000268220901},"lastItemPurchased":[0,0,0,0,0,0,0,0,0,0,0]},"npc_dota_hero_alchemist":{"lastAbilityUpgraded":"","victory":false,"state":{"kills":0.003000000026077032,"towersLeft":1,"netWorth":0.10097000002861023,"xp":0.2596604824066162,"teamXp":0.15967901051044464,"teamDeaths":0.012000000104308128,"enemyTowersLeft":0.939393937587738,"deaths":0.0020000000949949026,"teamNetWorth":0.2201099991798401,"teamKills":0.00800000037997961},"lastItemPurchased":[0,0,0,0,1,0,0,0,0,0,0]},"npc_dota_hero_lone_druid":{"lastAbilityUpgraded":"","victory":false,"state":{"kills":0,"towersLeft":1,"netWorth":0.030619999393820763,"xp":0.14552469551563263,"teamXp":0.15967901051044464,"teamDeaths":0.012000000104308128,"enemyTowersLeft":0.939393937587738,"deaths":0.0020000000949949026,"teamNetWorth":0.2201099991798401,"teamKills":0.00800000037997961},"lastItemPurchased":[0,0,0,0,0,0,0,0,0,0,0]},"npc_dota_hero_pudge":{"lastAbilityUpgraded":"","victory":true,"state":{"kills":0.0010000000474974513,"towersLeft":0.939393937587738,"netWorth":0.023099999874830246,"xp":0.09746913611888885,"teamXp":0.165370374917984,"teamDeaths":0.012000000104308128,"enemyTowersLeft":1,"deaths":0.0020000000949949026,"teamNetWorth":0.1893099993467331,"teamKills":0.013000000268220901},"lastItemPurchased":[1,0,0,0,0,0,0,0,0,0,0]},"npc_dota_hero_lion":{"lastAbilityUpgraded":"","victory":true,"state":{"kills":0,"towersLeft":0.939393937587738,"netWorth":0.00887999963015318,"xp":0.09166666865348816,"teamXp":0.165370374917984,"teamDeaths":0.012000000104308128,"enemyTowersLeft":1,"deaths":0.004000000189989805,"teamNetWorth":0.1893099993467331,"teamKills":0.013000000268220901},"lastItemPurchased":[0,0,0,0,0,0,0,0,0,0,0]},"npc_dota_hero_luna":{"lastAbilityUpgraded":"","victory":false,"state":{"kills":0.003000000026077032,"towersLeft":1,"netWorth":0.04735000059008598,"xp":0.1749691367149353,"teamXp":0.15967901051044464,"teamDeaths":0.012000000104308128,"enemyTowersLeft":0.939393937587738,"deaths":0.003000000026077032,"teamNetWorth":0.2201099991798401,"teamKills":0.00800000037997961},"lastItemPurchased":[0,0,0,0,0,0,0,0,0,0,0]},"npc_dota_hero_ogre_magi":{"lastAbilityUpgraded":"","victory":false,"state":{"kills":0,"towersLeft":1,"netWorth":0.016540000215172768,"xp":0.09462963044643402,"teamXp":0.15967901051044464,"teamDeaths":0.012000000104308128,"enemyTowersLeft":0.939393937587738,"deaths":0.0020000000949949026,"teamNetWorth":0.2201099991798401,"teamKills":0.00800000037997961},"lastItemPurchased":[0,0,1,0,0,0,0,0,0,0,0]},"npc_dota_hero_shadow_demon":{"lastAbilityUpgraded":"","victory":false,"state":{"kills":0.0020000000949949026,"towersLeft":1,"netWorth":0.024630000814795494,"xp":0.12361110746860504,"teamXp":0.15967901051044464,"teamDeaths":0.012000000104308128,"enemyTowersLeft":0.939393937587738,"deaths":0.003000000026077032,"teamNetWorth":0.2201099991798401,"teamKills":0.00800000037997961},"lastItemPurchased":[0,0,0,0,0,0,0,0,0,0,0]},"npc_dota_hero_batrider":{"lastAbilityUpgraded":"","victory":true,"state":{"kills":0.004999999888241291,"towersLeft":0.939393937587738,"netWorth":0.04030999913811684,"xp":0.1633024662733078,"teamXp":0.165370374917984,"teamDeaths":0.012000000104308128,"enemyTowersLeft":1,"deaths":0.003000000026077032,"teamNetWorth":0.1893099993467331,"teamKills":0.013000000268220901},"lastItemPurchased":[0,0,0,0,0,0,0,0,0,0,0]}}}