{"gameTime":30,"state":{"npc_dota_hero_antimage":{"lastAbilityUpgraded":"","victory":false,"state":{"kills":0.006000000052154064,"towersLeft":0.8484848737716675,"netWorth":0.10976000130176544,"xp":0.46496912837028503,"teamXp":0.3098703622817993,"teamDeaths":0.028999999165534973,"enemyTowersLeft":0.9696969985961914,"deaths":0.004999999888241291,"teamNetWorth":0.30856001377105713,"teamKills":0.020999999716877937},"lastItemPurchased":[0,0,0,0,0,0,0,0,0,0,0]},"npc_dota_hero_skywrath_mage":{"lastAbilityUpgraded":"","victory":false,"state":{"kills":0.006000000052154064,"towersLeft":0.8484848737716675,"netWorth":0.04393000155687332,"xp":0.2250925898551941,"teamXp":0.3098703622817993,"teamDeaths":0.028999999165534973,"enemyTowersLeft":0.9696969985961914,"deaths":0.003000000026077032,"teamNetWorth":0.30856001377105713,"teamKills":0.020999999716877937},"lastItemPurchased":[0,0,0,0,0,0,1,0,0,0,0]},"npc_dota_hero_sand_king":{"lastAbilityUpgraded":"","victory":true,"state":{"kills":0.0010000000474974513,"towersLeft":0.9696969985961914,"netWorth":0.055080000311136246,"xp":0.285586416721344,"teamXp":0.32711729407310486,"teamDeaths":0.020999999716877937,"enemyTowersLeft":0.8484848737716675,"deaths":0.004000000189989805,"teamNetWorth":0.37900999188423157,"teamKills":0.02800000086426735},"lastItemPurchased":[0,0,0,0,0,0,0,0,0,0,0]},"npc_dota_hero_spirit_breaker":{"lastAbilityUpgraded":"","victory":false,"state":{"kills":0.004999999888241291,"towersLeft":0.8484848737716675,"netWorth":0.04758000001311302,"xp":0.25725308060646057,"teamXp":0.3098703622817993,"teamDeaths":0.028999999165534973,"enemyTowersLeft":0.9696969985961914,"deaths":0.004999999888241291,"teamNetWorth":0.30856001377105713,"teamKills":0.020999999716877937},"lastItemPurchased":[1,0,0,0,0,0,0,0,0,0,0]},"npc_dota_hero_mirana":{"lastAbilityUpgraded":"","victory":true,"state":{"kills":0.007000000216066837,"towersLeft":0.9696969985961914,"netWorth":0.05553999915719032,"xp":0.22228394448757172,"teamXp":0.32711729407310486,"teamDeaths":0.020999999716877937,"enemyTowersLeft":0.8484848737716675,"deaths":0.004999999888241291,"teamNetWorth":0.37900999188423157,"teamKills":0.02800000086426735},"lastItemPurchased":[0,0,0,0,0,0,0,0,0,0,0]},"npc_dota_hero_slardar":{"lastAbilityUpgraded":"","victory":true,"state":{"kills":0.007000000216066837,"towersLeft":0.9696969985961914,"netWorth":0.1096000000834465,"xp":0.4081481397151947,"teamXp":0.32711729407310486,"teamDeaths":0.020999999716877937,"enemyTowersLeft":0.8484848737716675,"deaths":0.003000000026077032,"teamNetWorth":0.37900999188423157,"teamKills":0.02800000086426735},"lastItemPurchased":[0,0,0,0,0,0,0,0,0,0,0]},"npc_dota_hero_vengefulspirit":{"lastAbilityUpgraded":"","victory":true,"state":{"kills":0.003000000026077032,"towersLeft":0.9696969985961914,"netWorth":0.03889999911189079,"xp":0.282561719417572,"teamXp":0.32711729407310486,"teamDeaths":0.020999999716877937,"enemyTowersLeft":0.8484848737716675,"deaths":0.006000000052154064,"teamNetWorth":0.37900999188423157,"teamKills":0.02800000086426735},"lastItemPurchased":[0,0,0,0,0,0,0,0,0,0,0]},"npc_dota_hero_batrider":{"lastAbilityUpgraded":"","victory":false,"state":{"kills":0.0020000000949949026,"towersLeft":0.8484848737716675,"netWorth":0.04196999967098236,"xp":0.28518518805503845,"teamXp":0.3098703622817993,"teamDeaths":0.028999999165534973,"enemyTowersLeft":0.9696969985961914,"deaths":0.00800000037997961,"teamNetWorth":0.30856001377105713,"teamKills":0.020999999716877937},"lastItemPurchased":[0,0,0,0,0,0,0,0,0,0,0]},"npc_dota_hero_magnataur":{"lastAbilityUpgraded":"","victory":false,"state":{"kills":0.0020000000949949026,"towersLeft":0.8484848737716675,"netWorth":0.06532000005245209,"xp":0.3168518543243408,"teamXp":0.3098703622817993,"teamDeaths":0.028999999165534973,"enemyTowersLeft":0.9696969985961914,"deaths":0.00800000037997961,"teamNetWorth":0.30856001377105713,"teamKills":0.020999999716877937},"lastItemPurchased":[0,0,0,0,0,0,0,0,0,0,0]},"npc_dota_hero_juggernaut":{"lastAbilityUpgraded":"","victory":true,"state":{"kills":0.009999999776482582,"towersLeft":0.9696969985961914,"netWorth":0.119889996945858,"xp":0.4370061755180359,"teamXp":0.32711729407310486,"teamDeaths":0.020999999716877937,"enemyTowersLeft":0.8484848737716675,"deaths":0.003000000026077032,"teamNetWorth":0.37900999188423157,"teamKills":0.02800000086426735},"lastItemPurchased":[0,1,0,0,0,0,0,0,0,0,0]}}}