{"gameTime":31,"state":{"npc_dota_hero_antimage":{"lastAbilityUpgraded":"","victory":false,"state":{"kills":0.006000000052154064,"towersLeft":0.7272727489471436,"netWorth":0.1130400002002716,"xp":0.47459876537323,"teamXp":0.31511110067367554,"teamDeaths":0.03200000151991844,"enemyTowersLeft":0.9696969985961914,"deaths":0.004999999888241291,"teamNetWorth":0.3043000102043152,"teamKills":0.020999999716877937},"lastItemPurchased":[0,0,0,0,0,0,0,0,0,0,0]},"npc_dota_hero_skywrath_mage":{"lastAbilityUpgraded":"","victory":false,"state":{"kills":0.006000000052154064,"towersLeft":0.7272727489471436,"netWorth":0.04064000025391579,"xp":0.2250925898551941,"teamXp":0.31511110067367554,"teamDeaths":0.03200000151991844,"enemyTowersLeft":0.9696969985961914,"deaths":0.004000000189989805,"teamNetWorth":0.3043000102043152,"teamKills":0.020999999716877937},"lastItemPurchased":[0,0,0,0,0,0,0,0,0,0,0]},"npc_dota_hero_sand_king":{"lastAbilityUpgraded":"","victory":true,"state":{"kills":0.0020000000949949026,"towersLeft":0.9696969985961914,"netWorth":0.06639000028371811,"xp":0.31518518924713135,"teamXp":0.3556913435459137,"teamDeaths":0.020999999716877937,"enemyTowersLeft":0.7272727489471436,"deaths":0.004000000189989805,"teamNetWorth":0.43592000007629395,"teamKills":0.03099999949336052},"lastItemPurchased":[0,0,0,0,0,0,0,0,0,0,0]},"npc_dota_hero_spirit_breaker":{"lastAbilityUpgraded":"","victory":false,"state":{"kills":0.004999999888241291,"towersLeft":0.7272727489471436,"netWorth":0.04399000108242035,"xp":0.25725308060646057,"teamXp":0.31511110067367554,"teamDeaths":0.03200000151991844,"enemyTowersLeft":0.9696969985961914,"deaths":0.006000000052154064,"teamNetWorth":0.3043000102043152,"teamKills":0.020999999716877937},"lastItemPurchased":[0,0,0,0,0,0,0,0,0,0,0]},"npc_dota_hero_mirana":{"lastAbilityUpgraded":"","victory":true,"state":{"kills":0.00800000037997961,"towersLeft":0.9696969985961914,"netWorth":0.06827999651432037,"xp":0.2625925838947296,"teamXp":0.3556913435459137,"teamDeaths":0.020999999716877937,"enemyTowersLeft":0.7272727489471436,"deaths":0.004999999888241291,"teamNetWorth":0.43592000007629395,"teamKills":0.03099999949336052},"lastItemPurchased":[0,0,0,0,0,0,0,0,0,0,0]},"npc_dota_hero_slardar":{"lastAbilityUpgraded":"","victory":true,"state":{"kills":0.007000000216066837,"towersLeft":0.9696969985961914,"netWorth":0.12150000035762787,"xp":0.4428086280822754,"teamXp":0.3556913435459137,"teamDeaths":0.020999999716877937,"enemyTowersLeft":0.7272727489471436,"deaths":0.003000000026077032,"teamNetWorth":0.43592000007629395,"teamKills":0.03099999949336052},"lastItemPurchased":[0,0,0,0,0,0,0,0,0,1,0]},"npc_dota_hero_vengefulspirit":{"lastAbilityUpgraded":"","victory":true,"state":{"kills":0.003000000026077032,"towersLeft":0.9696969985961914,"netWorth":0.048259999603033066,"xp":0.3049074113368988,"teamXp":0.3556913435459137,"teamDeaths":0.020999999716877937,"enemyTowersLeft":0.7272727489471436,"deaths":0.006000000052154064,"teamNetWorth":0.43592000007629395,"teamKills":0.03099999949336052},"lastItemPurchased":[0,0,0,0,0,0,0,0,0,0,0]},"npc_dota_hero_batrider":{"lastAbilityUpgraded":"","victory":false,"state":{"kills":0.0020000000949949026,"towersLeft":0.7272727489471436,"netWorth":0.04520000144839287,"xp":0.301759272813797,"teamXp":0.31511110067367554,"teamDeaths":0.03200000151991844,"enemyTowersLeft":0.9696969985961914,"deaths":0.00800000037997961,"teamNetWorth":0.3043000102043152,"teamKills":0.020999999716877937},"lastItemPurchased":[0,0,0,0,0,0,0,0,0,0,0]},"npc_dota_hero_magnataur":{"lastAbilityUpgraded":"","victory":false,"state":{"kills":0.0020000000949949026,"towersLeft":0.7272727489471436,"netWorth":0.06142999976873398,"xp":0.3168518543243408,"teamXp":0.31511110067367554,"teamDeaths":0.03200000151991844,"enemyTowersLeft":0.9696969985961914,"deaths":0.008999999612569809,"teamNetWorth":0.3043000102043152,"teamKills":0.020999999716877937},"lastItemPurchased":[0,0,0,0,0,0,0,0,0,0,0]},"npc_dota_hero_juggernaut":{"lastAbilityUpgraded":"","victory":true,"state":{"kills":0.010999999940395355,"towersLeft":0.9696969985961914,"netWorth":0.13149000704288483,"xp":0.4529629647731781,"teamXp":0.3556913435459137,"teamDeaths":0.020999999716877937,"enemyTowersLeft":0.7272727489471436,"deaths":0.003000000026077032,"teamNetWorth":0.43592000007629395,"teamKills":0.03099999949336052},"lastItemPurchased":[0,0,0,0,0,0,0,0,0,0,0]}}}