{"gameTime":23,"state":{"npc_dota_hero_antimage":{"lastAbilityUpgraded":"","victory":false,"state":{"kills":0.0010000000474974513,"towersLeft":0.939393937587738,"netWorth":0.03960999846458435,"xp":0.18308642506599426,"teamXp":0.1890617311000824,"teamDeaths":0.014000000432133675,"enemyTowersLeft":0.9696969985961914,"deaths":0.004999999888241291,"teamNetWorth":0.19870999455451965,"teamKills":0.014000000432133675},"lastItemPurchased":[0,0,0,0,0,0,0,0,0,0,0]},"npc_dota_hero_bloodseeker":{"lastAbilityUpgraded":"","victory":true,"state":{"kills":0.004999999888241291,"towersLeft":0.9696969985961914,"netWorth":0.056290000677108765,"xp":0.23842592537403107,"teamXp":0.19122838973999023,"teamDeaths":0.017000000923871994,"enemyTowersLeft":0.939393937587738,"deaths":0.003000000026077032,"teamNetWorth":0.2113800048828125,"teamKills":0.013000000268220901},"lastItemPurchased":[0,0,0,1,0,0,0,0,0,0,0]},"npc_dota_hero_faceless_void":{"lastAbilityUpgraded":"","victory":true,"state":{"kills":0,"towersLeft":0.9696969985961914,"netWorth":0.03435000032186508,"xp":0.18472221493721008,"teamXp":0.19122838973999023,"teamDeaths":0.017000000923871994,"enemyTowersLeft":0.939393937587738,"deaths":0.004999999888241291,"teamNetWorth":0.2113800048828125,"teamKills":0.013000000268220901},"lastItemPurchased":[0,0,0,0,0,0,0,0,0,0,0]},"npc_dota_hero_storm_spirit":{"lastAbilityUpgraded":"","victory":false,"state":{"kills":0.004999999888241291,"towersLeft":0.939393937587738,"netWorth":0.057100001722574234,"xp":0.25719135999679565,"teamXp":0.1890617311000824,"teamDeaths":0.014000000432133675,"enemyTowersLeft":0.9696969985961914,"deaths":0.003000000026077032,"teamNetWorth":0.19870999455451965,"teamKills":0.014000000432133675},"lastItemPurchased":[0,0,0,0,0,0,0,0,1,0,0]},"npc_dota_hero_pudge":{"lastAbilityUpgraded":"","victory":false,"state":{"kills":0.0020000000949949026,"towersLeft":0.939393937587738,"netWorth":0.010590000078082085,"xp":0.10499999672174454,"teamXp":0.1890617311000824,"teamDeaths":0.014000000432133675,"enemyTowersLeft":0.9696969985961914,"deaths":0.004999999888241291,"teamNetWorth":0.19870999455451965,"teamKills":0.014000000432133675},"lastItemPurchased":[0,0,0,0,0,0,0,0,0,0,0]},"npc_dota_hero_legion_commander":{"lastAbilityUpgraded":"","victory":false,"state":{"kills":0.0020000000949949026,"towersLeft":0.939393937587738,"netWorth":0.04470999911427498,"xp":0.19595679640769958,"teamXp":0.1890617311000824,"teamDeaths":0.014000000432133675,"enemyTowersLeft":0.9696969985961914,"deaths":0.0010000000474974513,"teamNetWorth":0.19870999455451965,"teamKills":0.014000000432133675},"lastItemPurchased":[0,0,0,0,0,0,0,0,0,0,0]},"npc_dota_hero_slardar":{"lastAbilityUpgraded":"","victory":true,"state":{"kills":0.0010000000474974513,"towersLeft":0.9696969985961914,"netWorth":0.019819999113678932,"xp":0.13527777791023254,"teamXp":0.19122838973999023,"teamDeaths":0.017000000923871994,"enemyTowersLeft":0.939393937587738,"deaths":0.006000000052154064,"teamNetWorth":0.2113800048828125,"teamKills":0.013000000268220901},"lastItemPurchased":[0,0,0,0,0,0,0,0,0,0,0]},"npc_dota_hero_shredder":{"lastAbilityUpgraded":"","victory":true,"state":{"kills":0.0020000000949949026,"towersLeft":0.9696969985961914,"netWorth":0.04021000117063522,"xp":0.16706790030002594,"teamXp":0.19122838973999023,"teamDeaths":0.017000000923871994,"enemyTowersLeft":0.939393937587738,"deaths":0.003000000026077032,"teamNetWorth":0.2113800048828125,"teamKills":0.013000000268220901},"lastItemPurchased":[0,0,0,0,0,0,0,0,0,0,0]},"npc_dota_hero_omniknight":{"lastAbilityUpgraded":"","victory":false,"state":{"kills":0.004000000189989805,"towersLeft":0.939393937587738,"netWorth":0.04670000076293945,"xp":0.20407406985759735,"teamXp":0.1890617311000824,"teamDeaths":0.014000000432133675,"enemyTowersLeft":0.9696969985961914,"deaths":0,"teamNetWorth":0.19870999455451965,"teamKills":0.014000000432133675},"lastItemPurchased":[1,0,0,0,0,0,0,0,0,0,0]},"npc_dota_hero_weaver":{"lastAbilityUpgraded":"","victory":true,"state":{"kills":0.004999999888241291,"towersLeft":0.9696969985961914,"netWorth":0.06071000173687935,"xp":0.23064814507961273,"teamXp":0.19122838973999023,"teamDeaths":0.017000000923871994,"enemyTowersLeft":0.939393937587738,"deaths":0,"teamNetWorth":0.2113800048828125,"teamKills":0.013000000268220901},"lastItemPurchased":[0,1,0,0,0,0,0,0,0,0,0]}}}