{"gameTime":45,"state":{"npc_dota_hero_skywrath_mage":{"lastAbilityUpgraded":"","victory":true,"state":{"kills":0.004999999888241291,"towersLeft":0.7272727489471436,"netWorth":0.05305999889969826,"xp":0.36731481552124023,"teamXp":0.5437284111976624,"teamDeaths":0.03099999949336052,"enemyTowersLeft":0.8181818127632141,"deaths":0.006000000052154064,"teamNetWorth":0.6639400124549866,"teamKills":0.03500000014901161},"lastItemPurchased":[0,0,0,0,0,0,0,0,0,0,0]},"npc_dota_hero_earthshaker":{"lastAbilityUpgraded":"","victory":true,"state":{"kills":0,"towersLeft":0.7272727489471436,"netWorth":0.038679998368024826,"xp":0.3276851773262024,"teamXp":0.5437284111976624,"teamDeaths":0.03099999949336052,"enemyTowersLeft":0.8181818127632141,"deaths":0.004999999888241291,"teamNetWorth":0.6639400124549866,"teamKills":0.03500000014901161},"lastItemPurchased":[0,0,0,0,0,0,0,0,0,0,0]},"npc_dota_hero_alchemist":{"lastAbilityUpgraded":"","victory":true,"state":{"kills":0.006000000052154064,"towersLeft":0.7272727489471436,"netWorth":0.3571400046348572,"xp":0.8903394937515259,"teamXp":0.5437284111976624,"teamDeaths":0.03099999949336052,"enemyTowersLeft":0.8181818127632141,"deaths":0.004999999888241291,"teamNetWorth":0.6639400124549866,"teamKills":0.03500000014901161},"lastItemPurchased":[0,0,0,0,0,0,0,0,0,0,0]},"npc_dota_hero_pudge":{"lastAbilityUpgraded":"","victory":false,"state":{"kills":0.006000000052154064,"towersLeft":0.8181818127632141,"netWorth":0.06224000081419945,"xp":0.4164506196975708,"teamXp":0.48596295714378357,"teamDeaths":0.03999999910593033,"enemyTowersLeft":0.7272727489471436,"deaths":0.00800000037997961,"teamNetWorth":0.4990600049495697,"teamKills":0.032999999821186066},"lastItemPurchased":[0,0,0,0,0,0,0,0,0,0,1]},"npc_dota_hero_sand_king":{"lastAbilityUpgraded":"","victory":true,"state":{"kills":0.00800000037997961,"towersLeft":0.7272727489471436,"netWorth":0.05751999840140343,"xp":0.38104939460754395,"teamXp":0.5437284111976624,"teamDeaths":0.03099999949336052,"enemyTowersLeft":0.8181818127632141,"deaths":0.009999999776482582,"teamNetWorth":0.6639400124549866,"teamKills":0.03500000014901161},"lastItemPurchased":[0,1,0,0,0,0,0,0,0,0,0]},"npc_dota_hero_huskar":{"lastAbilityUpgraded":"","victory":false,"state":{"kills":0.00800000037997961,"towersLeft":0.8181818127632141,"netWorth":0.1392499953508377,"xp":0.5013889074325562,"teamXp":0.48596295714378357,"teamDeaths":0.03999999910593033,"enemyTowersLeft":0.7272727489471436,"deaths":0.008999999612569809,"teamNetWorth":0.4990600049495697,"teamKills":0.032999999821186066},"lastItemPurchased":[0,0,0,0,0,0,0,0,0,0,0]},"npc_dota_hero_dazzle":{"lastAbilityUpgraded":"","victory":false,"state":{"kills":0.003000000026077032,"towersLeft":0.8181818127632141,"netWorth":0.05084000155329704,"xp":0.35163581371307373,"teamXp":0.48596295714378357,"teamDeaths":0.03999999910593033,"enemyTowersLeft":0.7272727489471436,"deaths":0.007000000216066837,"teamNetWorth":0.4990600049495697,"teamKills":0.032999999821186066},"lastItemPurchased":[0,0,0,0,0,0,0,0,0,0,0]},"npc_dota_hero_shredder":{"lastAbilityUpgraded":"","victory":false,"state":{"kills":0.012000000104308128,"towersLeft":0.8181818127632141,"netWorth":0.1390099972486496,"xp":0.5924074053764343,"teamXp":0.48596295714378357,"teamDeaths":0.03999999910593033,"enemyTowersLeft":0.7272727489471436,"deaths":0.009999999776482582,"teamNetWorth":0.4990600049495697,"teamKills":0.032999999821186066},"lastItemPurchased":[0,0,0,0,0,0,0,0,0,0,0]},"npc_dota_hero_slark":{"lastAbilityUpgraded":"","victory":true,"state":{"kills":0.01600000075995922,"towersLeft":0.7272727489471436,"netWorth":0.1575399935245514,"xp":0.7522531151771545,"teamXp":0.5437284111976624,"teamDeaths":0.03099999949336052,"enemyTowersLeft":0.8181818127632141,"deaths":0.004999999888241291,"teamNetWorth":0.6639400124549866,"teamKills":0.03500000014901161},"lastItemPurchased":[0,0,0,0,0,0,0,1,0,0,0]},"npc_dota_hero_batrider":{"lastAbilityUpgraded":"","victory":false,"state":{"kills":0.004000000189989805,"towersLeft":0.8181818127632141,"netWorth":0.10772000253200531,"xp":0.5679320693016052,"teamXp":0.48596295714378357,"teamDeaths":0.03999999910593033,"enemyTowersLeft":0.7272727489471436,"deaths":0.006000000052154064,"teamNetWorth":0.4990600049495697,"teamKills":0.032999999821186066},"lastItemPurchased":[0,0,0,0,0,0,0,0,0,0,0]}}}