{"gameTime":39,"state":{"npc_dota_hero_rubick":{"lastAbilityUpgraded":"","victory":true,"state":{"kills":0.0020000000949949026,"towersLeft":0.8787878751754761,"netWorth":0.043049998581409454,"xp":0.2787036895751953,"teamXp":0.4063827097415924,"teamDeaths":0.028999999165534973,"enemyTowersLeft":0.7575757503509521,"deaths":0.007000000216066837,"teamNetWorth":0.48607000708580017,"teamKills":0.039000000804662704},"lastItemPurchased":[0,0,0,0,0,0,0,0,0,0,0]},"npc_dota_hero_sand_king":{"lastAbilityUpgraded":"","victory":false,"state":{"kills":0.004999999888241291,"towersLeft":0.7878788113594055,"netWorth":0.051010001450777054,"xp":0.3512963056564331,"teamXp":0.3755185306072235,"teamDeaths":0.03799999877810478,"enemyTowersLeft":0.9090909361839294,"deaths":0.013000000268220901,"teamNetWorth":0.40926000475883484,"teamKills":0.02500000037252903},"lastItemPurchased":[0,0,0,0,0,0,0,0,0,0,0]},"npc_dota_hero_mirana":{"lastAbilityUpgraded":"","victory":false,"state":{"kills":0.008999999612569809,"towersLeft":0.7878788113594055,"netWorth":0.13338999450206757,"xp":0.4783950746059418,"teamXp":0.3755185306072235,"teamDeaths":0.03799999877810478,"enemyTowersLeft":0.9090909361839294,"deaths":0.004000000189989805,"teamNetWorth":0.40926000475883484,"teamKills":0.02500000037252903},"lastItemPurchased":[0,0,0,0,0,0,0,0,1,0,0]},"npc_dota_hero_tinker":{"lastAbilityUpgraded":"","victory":true,"state":{"kills":0.010999999940395355,"towersLeft":0.8787878751754761,"netWorth":0.1350100040435791,"xp":0.46759259700775146,"teamXp":0.4063827097415924,"teamDeaths":0.028999999165534973,"enemyTowersLeft":0.7575757503509521,"deaths":0.003000000026077032,"teamNetWorth":0.48607000708580017,"teamKills":0.039000000804662704},"lastItemPurchased":[0,0,0,0,0,0,0,0,0,0,0]},"npc_dota_hero_luna":{"lastAbilityUpgraded":"","victory":false,"state":{"kills":0.006000000052154064,"towersLeft":0.7878788113594055,"netWorth":0.12504999339580536,"xp":0.4710802435874939,"teamXp":0.3755185306072235,"teamDeaths":0.03799999877810478,"enemyTowersLeft":0.9090909361839294,"deaths":0.004999999888241291,"teamNetWorth":0.40926000475883484,"teamKills":0.02500000037252903},"lastItemPurchased":[0,0,0,0,0,0,0,0,0,0,0]},"npc_dota_hero_slardar":{"lastAbilityUpgraded":"","victory":true,"state":{"kills":0.004000000189989805,"towersLeft":0.8787878751754761,"netWorth":0.06445000320672989,"xp":0.3364814817905426,"teamXp":0.4063827097415924,"teamDeaths":0.028999999165534973,"enemyTowersLeft":0.7575757503509521,"deaths":0.004999999888241291,"teamNetWorth":0.48607000708580017,"teamKills":0.039000000804662704},"lastItemPurchased":[0,0,0,0,0,0,0,0,0,0,0]},"npc_dota_hero_ogre_magi":{"lastAbilityUpgraded":"","victory":false,"state":{"kills":0.004000000189989805,"towersLeft":0.7878788113594055,"netWorth":0.04548000171780586,"xp":0.348086416721344,"teamXp":0.3755185306072235,"teamDeaths":0.03799999877810478,"enemyTowersLeft":0.9090909361839294,"deaths":0.00800000037997961,"teamNetWorth":0.40926000475883484,"teamKills":0.02500000037252903},"lastItemPurchased":[0,0,0,0,0,0,0,0,0,0,1]},"npc_dota_hero_morphling":{"lastAbilityUpgraded":"","victory":true,"state":{"kills":0.017999999225139618,"towersLeft":0.8787878751754761,"netWorth":0.19820000231266022,"xp":0.6771605014801025,"teamXp":0.4063827097415924,"teamDeaths":0.028999999165534973,"enemyTowersLeft":0.7575757503509521,"deaths":0.004000000189989805,"teamNetWorth":0.48607000708580017,"teamKills":0.039000000804662704},"lastItemPurchased":[0,0,0,0,0,0,0,0,0,0,0]},"npc_dota_hero_shadow_demon":{"lastAbilityUpgraded":"","victory":false,"state":{"kills":0.0010000000474974513,"towersLeft":0.7878788113594055,"netWorth":0.054329998791217804,"xp":0.2287345677614212,"teamXp":0.3755185306072235,"teamDeaths":0.03799999877810478,"enemyTowersLeft":0.9090909361839294,"deaths":0.00800000037997961,"teamNetWorth":0.40926000475883484,"teamKills":0.02500000037252903},"lastItemPurchased":[0,0,0,0,0,0,0,0,0,0,1]},"npc_dota_hero_disruptor":{"lastAbilityUpgraded":"","victory":true,"state":{"kills":0.004000000189989805,"towersLeft":0.8787878751754761,"netWorth":0.04535999894142151,"xp":0.2719753086566925,"teamXp":0.4063827097415924,"teamDeaths":0.028999999165534973,"enemyTowersLeft":0.7575757503509521,"deaths":0.009999999776482582,"teamNetWorth":0.48607000708580017,"teamKills":0.039000000804662704},"lastItemPurchased":[0,0,0,0,0,0,0,0,0,0,0]}}}