{"gameTime":22,"state":{"npc_dota_hero_bloodseeker":{"lastAbilityUpgraded":"","victory":true,"state":{"kills":0.003000000026077032,"towersLeft":1,"netWorth":0.051739998161792755,"xp":0.21518518030643463,"teamXp":0.1662469208240509,"teamDeaths":0.007000000216066837,"enemyTowersLeft":0.9696969985961914,"deaths":0.0010000000474974513,"teamNetWorth":0.19634999334812164,"teamKills":0.014000000432133675},"lastItemPurchased":[0,0,0,0,0,1,0,0,0,0,0]},"npc_dota_hero_treant":{"lastAbilityUpgraded":"","victory":true,"state":{"kills":0.0020000000949949026,"towersLeft":1,"netWorth":0.029009999707341194,"xp":0.13317900896072388,"teamXp":0.1662469208240509,"teamDeaths":0.007000000216066837,"enemyTowersLeft":0.9696969985961914,"deaths":0.0020000000949949026,"teamNetWorth":0.19634999334812164,"teamKills":0.014000000432133675},"lastItemPurchased":[0,1,0,0,0,0,0,0,0,0,0]},"npc_dota_hero_alchemist":{"lastAbilityUpgraded":"","victory":false,"state":{"kills":0,"towersLeft":0.9696969985961914,"netWorth":0.07778999954462051,"xp":0.19376543164253235,"teamXp":0.15454939007759094,"teamDeaths":0.014000000432133675,"enemyTowersLeft":1,"deaths":0.0010000000474974513,"teamNetWorth":0.1878100037574768,"teamKills":0.004999999888241291},"lastItemPurchased":[0,0,0,0,0,0,0,0,0,0,0]},"npc_dota_hero_huskar":{"lastAbilityUpgraded":"","victory":false,"state":{"kills":0.003000000026077032,"towersLeft":0.9696969985961914,"netWorth":0.025620000436902046,"xp":0.14614197611808777,"teamXp":0.15454939007759094,"teamDeaths":0.014000000432133675,"enemyTowersLeft":1,"deaths":0.006000000052154064,"teamNetWorth":0.1878100037574768,"teamKills":0.004999999888241291},"lastItemPurchased":[0,0,0,0,0,0,0,0,0,0,0]},"npc_dota_hero_mirana":{"lastAbilityUpgraded":"","victory":false,"state":{"kills":0.0010000000474974513,"towersLeft":0.9696969985961914,"netWorth":0.014999999664723873,"xp":0.09956789761781693,"teamXp":0.15454939007759094,"teamDeaths":0.014000000432133675,"enemyTowersLeft":1,"deaths":0.003000000026077032,"teamNetWorth":0.1878100037574768,"teamKills":0.004999999888241291},"lastItemPurchased":[0,0,0,0,0,0,0,0,0,0,0]},"npc_dota_hero_slardar":{"lastAbilityUpgraded":"","victory":true,"state":{"kills":0.004000000189989805,"towersLeft":1,"netWorth":0.036649998277425766,"xp":0.14401234686374664,"teamXp":0.1662469208240509,"teamDeaths":0.007000000216066837,"enemyTowersLeft":0.9696969985961914,"deaths":0.0020000000949949026,"teamNetWorth":0.19634999334812164,"teamKills":0.014000000432133675},"lastItemPurchased":[0,0,0,0,0,0,0,0,0,0,0]},"npc_dota_hero_lycan":{"lastAbilityUpgraded":"","victory":false,"state":{"kills":0.0010000000474974513,"towersLeft":0.9696969985961914,"netWorth":0.04969000071287155,"xp":0.23651234805583954,"teamXp":0.15454939007759094,"teamDeaths":0.014000000432133675,"enemyTowersLeft":1,"deaths":0.0020000000949949026,"teamNetWorth":0.1878100037574768,"teamKills":0.004999999888241291},"lastItemPurchased":[0,0,0,0,1,0,0,0,0,0,0]},"npc_dota_hero_puck":{"lastAbilityUpgraded":"","victory":false,"state":{"kills":0,"towersLeft":0.9696969985961914,"netWorth":0.019710000604391098,"xp":0.09675925970077515,"teamXp":0.15454939007759094,"teamDeaths":0.014000000432133675,"enemyTowersLeft":1,"deaths":0.0020000000949949026,"teamNetWorth":0.1878100037574768,"teamKills":0.004999999888241291},"lastItemPurchased":[0,0,0,1,0,0,0,0,0,0,0]},"npc_dota_hero_necrolyte":{"lastAbilityUpgraded":"","victory":true,"state":{"kills":0,"towersLeft":1,"netWorth":0.020549999549984932,"xp":0.111327163875103,"teamXp":0.1662469208240509,"teamDeaths":0.007000000216066837,"enemyTowersLeft":0.9696969985961914,"deaths":0.0020000000949949026,"teamNetWorth":0.19634999334812164,"teamKills":0.014000000432133675},"lastItemPurchased":[1,0,0,0,0,0,0,0,0,0,0]},"npc_dota_hero_juggernaut":{"lastAbilityUpgraded":"","victory":true,"state":{"kills":0.004999999888241291,"towersLeft":1,"netWorth":0.058400001376867294,"xp":0.22753086686134338,"teamXp":0.1662469208240509,"teamDeaths":0.007000000216066837,"enemyTowersLeft":0.9696969985961914,"deaths":0,"teamNetWorth":0.19634999334812164,"teamKills":0.014000000432133675},"lastItemPurchased":[0,0,0,0,0,0,0,0,0,0,0]}}}