{"gameTime":31,"state":{"npc_dota_hero_lone_druid":{"lastAbilityUpgraded":"","victory":true,"state":{"kills":0,"towersLeft":0.8787878751754761,"netWorth":0.08465000241994858,"xp":0.28410494327545166,"teamXp":0.3097037076950073,"teamDeaths":0.01600000075995922,"enemyTowersLeft":0.7575757503509521,"deaths":0.0010000000474974513,"teamNetWorth":0.44282999634742737,"teamKills":0.024000000208616257},"lastItemPurchased":[0,0,0,0,0,0,0,0,0,0,0]},"npc_dota_hero_abyssal_underlord":{"lastAbilityUpgraded":"","victory":false,"state":{"kills":0,"towersLeft":0.7575757503509521,"netWorth":0.06235000118613243,"xp":0.32456791400909424,"teamXp":0.24432098865509033,"teamDeaths":0.027000000700354576,"enemyTowersLeft":0.8787878751754761,"deaths":0.004000000189989805,"teamNetWorth":0.29583001136779785,"teamKills":0.013000000268220901},"lastItemPurchased":[0,0,0,1,0,0,0,0,0,0,0]},"npc_dota_hero_luna":{"lastAbilityUpgraded":"","victory":true,"state":{"kills":0.003000000026077032,"towersLeft":0.8787878751754761,"netWorth":0.09646999835968018,"xp":0.3620370328426361,"teamXp":0.3097037076950073,"teamDeaths":0.01600000075995922,"enemyTowersLeft":0.7575757503509521,"deaths":0.004999999888241291,"teamNetWorth":0.44282999634742737,"teamKills":0.024000000208616257},"lastItemPurchased":[0,0,1,0,0,0,0,0,0,0,0]},"npc_dota_hero_oracle":{"lastAbilityUpgraded":"","victory":true,"state":{"kills":0.007000000216066837,"towersLeft":0.8787878751754761,"netWorth":0.0517599992454052,"xp":0.20302468538284302,"teamXp":0.3097037076950073,"teamDeaths":0.01600000075995922,"enemyTowersLeft":0.7575757503509521,"deaths":0.004999999888241291,"teamNetWorth":0.44282999634742737,"teamKills":0.024000000208616257},"lastItemPurchased":[0,0,0,1,0,0,0,0,0,0,0]},"npc_dota_hero_ogre_magi":{"lastAbilityUpgraded":"","victory":true,"state":{"kills":0.0020000000949949026,"towersLeft":0.8787878751754761,"netWorth":0.06040000170469284,"xp":0.26515433192253113,"teamXp":0.3097037076950073,"teamDeaths":0.01600000075995922,"enemyTowersLeft":0.7575757503509521,"deaths":0.004000000189989805,"teamNetWorth":0.44282999634742737,"teamKills":0.024000000208616257},"lastItemPurchased":[0,0,0,1,0,0,0,0,0,0,0]},"npc_dota_hero_morphling":{"lastAbilityUpgraded":"","victory":false,"state":{"kills":0.004999999888241291,"towersLeft":0.7575757503509521,"netWorth":0.10998000204563141,"xp":0.37978395819664,"teamXp":0.24432098865509033,"teamDeaths":0.027000000700354576,"enemyTowersLeft":0.8787878751754761,"deaths":0.0020000000949949026,"teamNetWorth":0.29583001136779785,"teamKills":0.013000000268220901},"lastItemPurchased":[0,1,0,0,0,0,0,0,0,0,0]},"npc_dota_hero_shadow_demon":{"lastAbilityUpgraded":"","victory":false,"state":{"kills":0.0010000000474974513,"towersLeft":0.7575757503509521,"netWorth":0.012190000154078007,"xp":0.09259258955717087,"teamXp":0.24432098865509033,"teamDeaths":0.027000000700354576,"enemyTowersLeft":0.8787878751754761,"deaths":0.009999999776482582,"teamNetWorth":0.29583001136779785,"teamKills":0.013000000268220901},"lastItemPurchased":[1,0,0,0,0,0,0,0,0,0,0]},"npc_dota_hero_obsidian_destroyer":{"lastAbilityUpgraded":"","victory":true,"state":{"kills":0.012000000104308128,"towersLeft":0.8787878751754761,"netWorth":0.14955000579357147,"xp":0.4341975450515747,"teamXp":0.3097037076950073,"teamDeaths":0.01600000075995922,"enemyTowersLeft":0.7575757503509521,"deaths":0.0010000000474974513,"teamNetWorth":0.44282999634742737,"teamKills":0.024000000208616257},"lastItemPurchased":[0,0,0,0,0,0,0,0,0,0,1]},"npc_dota_hero_lina":{"lastAbilityUpgraded":"","victory":false,"state":{"kills":0,"towersLeft":0.7575757503509521,"netWorth":0.03888000175356865,"xp":0.18953703343868256,"teamXp":0.24432098865509033,"teamDeaths":0.027000000700354576,"enemyTowersLeft":0.8787878751754761,"deaths":0.00800000037997961,"teamNetWorth":0.29583001136779785,"teamKills":0.013000000268220901},"lastItemPurchased":[0,0,0,0,0,1,0,0,0,0,0]},"npc_dota_hero_batrider":{"lastAbilityUpgraded":"","victory":false,"state":{"kills":0.007000000216066837,"towersLeft":0.7575757503509521,"netWorth":0.07242999970912933,"xp":0.23512345552444458,"teamXp":0.24432098865509033,"teamDeaths":0.027000000700354576,"enemyTowersLeft":0.8787878751754761,"deaths":0.003000000026077032,"teamNetWorth":0.29583001136779785,"teamKills":0.013000000268220901},"lastItemPurchased":[0,0,0,0,0,0,0,0,0,0,0]}}}