{"gameTime":35,"state":{"npc_dota_hero_crystal_maiden":{"lastAbilityUpgraded":"","victory":false,"state":{"kills":0.007000000216066837,"towersLeft":0.8787878751754761,"netWorth":0.04834999889135361,"xp":0.33731481432914734,"teamXp":0.3883395195007324,"teamDeaths":0.02800000086426735,"enemyTowersLeft":0.939393937587738,"deaths":0.007000000216066837,"teamNetWorth":0.3668600022792816,"teamKills":0.02500000037252903},"lastItemPurchased":[0,0,0,0,0,0,0,0,0,0,0]},"npc_dota_hero_ursa":{"lastAbilityUpgraded":"","victory":true,"state":{"kills":0.010999999940395355,"towersLeft":0.939393937587738,"netWorth":0.12976999580860138,"xp":0.5719444155693054,"teamXp":0.3902716040611267,"teamDeaths":0.028999999165534973,"enemyTowersLeft":0.8787878751754761,"deaths":0.004000000189989805,"teamNetWorth":0.3848299980163574,"teamKills":0.02800000086426735},"lastItemPurchased":[0,0,0,0,0,0,0,0,0,0,0]},"npc_dota_hero_zuus":{"lastAbilityUpgraded":"","victory":true,"state":{"kills":0.006000000052154064,"towersLeft":0.939393937587738,"netWorth":0.07231000065803528,"xp":0.4293209910392761,"teamXp":0.3902716040611267,"teamDeaths":0.028999999165534973,"enemyTowersLeft":0.8787878751754761,"deaths":0.007000000216066837,"teamNetWorth":0.3848299980163574,"teamKills":0.02800000086426735},"lastItemPurchased":[0,0,0,0,0,0,0,0,0,0,0]},"npc_dota_hero_axe":{"lastAbilityUpgraded":"","victory":false,"state":{"kills":0.004000000189989805,"towersLeft":0.8787878751754761,"netWorth":0.04436999931931496,"xp":0.258364200592041,"teamXp":0.3883395195007324,"teamDeaths":0.02800000086426735,"enemyTowersLeft":0.939393937587738,"deaths":0.004999999888241291,"teamNetWorth":0.3668600022792816,"teamKills":0.02500000037252903},"lastItemPurchased":[0,0,0,0,0,0,0,0,0,0,0]},"npc_dota_hero_pudge":{"lastAbilityUpgraded":"","victory":true,"state":{"kills":0.00800000037997961,"towersLeft":0.939393937587738,"netWorth":0.07556000351905823,"xp":0.35354939103126526,"teamXp":0.3902716040611267,"teamDeaths":0.028999999165534973,"enemyTowersLeft":0.8787878751754761,"deaths":0.007000000216066837,"teamNetWorth":0.3848299980163574,"teamKills":0.02800000086426735},"lastItemPurchased":[0,1,0,0,0,0,0,0,0,0,0]},"npc_dota_hero_mirana":{"lastAbilityUpgraded":"","victory":false,"state":{"kills":0.009999999776482582,"towersLeft":0.8787878751754761,"netWorth":0.12764999270439148,"xp":0.5824382901191711,"teamXp":0.3883395195007324,"teamDeaths":0.02800000086426735,"enemyTowersLeft":0.939393937587738,"deaths":0.004999999888241291,"teamNetWorth":0.3668600022792816,"teamKills":0.02500000037252903},"lastItemPurchased":[0,0,0,0,0,0,0,0,0,0,0]},"npc_dota_hero_bounty_hunter":{"lastAbilityUpgraded":"","victory":true,"state":{"kills":0.0020000000949949026,"towersLeft":0.939393937587738,"netWorth":0.04808000102639198,"xp":0.2330246865749359,"teamXp":0.3902716040611267,"teamDeaths":0.028999999165534973,"enemyTowersLeft":0.8787878751754761,"deaths":0.004000000189989805,"teamNetWorth":0.3848299980163574,"teamKills":0.02800000086426735},"lastItemPurchased":[0,0,0,0,0,0,0,0,0,0,0]},"npc_dota_hero_necrolyte":{"lastAbilityUpgraded":"","victory":true,"state":{"kills":0.0010000000474974513,"towersLeft":0.939393937587738,"netWorth":0.05911000072956085,"xp":0.36351850628852844,"teamXp":0.3902716040611267,"teamDeaths":0.028999999165534973,"enemyTowersLeft":0.8787878751754761,"deaths":0.007000000216066837,"teamNetWorth":0.3848299980163574,"teamKills":0.02800000086426735},"lastItemPurchased":[0,0,0,0,0,0,0,0,0,0,0]},"npc_dota_hero_sven":{"lastAbilityUpgraded":"","victory":false,"state":{"kills":0.003000000026077032,"towersLeft":0.8787878751754761,"netWorth":0.10789000242948532,"xp":0.4574074149131775,"teamXp":0.3883395195007324,"teamDeaths":0.02800000086426735,"enemyTowersLeft":0.939393937587738,"deaths":0.004999999888241291,"teamNetWorth":0.3668600022792816,"teamKills":0.02500000037252903},"lastItemPurchased":[0,0,0,0,0,0,0,0,1,0,0]},"npc_dota_hero_magnataur":{"lastAbilityUpgraded":"","victory":false,"state":{"kills":0.0010000000474974513,"towersLeft":0.8787878751754761,"netWorth":0.038600001484155655,"xp":0.30617284774780273,"teamXp":0.3883395195007324,"teamDeaths":0.02800000086426735,"enemyTowersLeft":0.939393937587738,"deaths":0.006000000052154064,"teamNetWorth":0.3668600022792816,"teamKills":0.02500000037252903},"lastItemPurchased":[0,0,0,0,0,0,0,0,0,0,0]}}}