{"gameTime":24,"state":{"npc_dota_hero_life_stealer":{"lastAbilityUpgraded":"","victory":true,"state":{"kills":0.004000000189989805,"towersLeft":0.939393937587738,"netWorth":0.06819000095129013,"xp":0.25820988416671753,"teamXp":0.2363024652004242,"teamDeaths":0.014000000432133675,"enemyTowersLeft":0.939393937587738,"deaths":0.0010000000474974513,"teamNetWorth":0.2701900005340576,"teamKills":0.01899999938905239},"lastItemPurchased":[0,0,0,0,0,0,0,0,0,0,0]},"npc_dota_hero_templar_assassin":{"lastAbilityUpgraded":"","victory":false,"state":{"kills":0,"towersLeft":0.939393937587738,"netWorth":0.0444599986076355,"xp":0.19586420059204102,"teamXp":0.2179567962884903,"teamDeaths":0.02199999988079071,"enemyTowersLeft":0.939393937587738,"deaths":0.004999999888241291,"teamNetWorth":0.22697000205516815,"teamKills":0.012000000104308128},"lastItemPurchased":[0,0,0,0,0,0,0,0,0,0,0]},"npc_dota_hero_sand_king":{"lastAbilityUpgraded":"","victory":true,"state":{"kills":0.0010000000474974513,"towersLeft":0.939393937587738,"netWorth":0.05482000112533569,"xp":0.27058643102645874,"teamXp":0.2363024652004242,"teamDeaths":0.014000000432133675,"enemyTowersLeft":0.939393937587738,"deaths":0.003000000026077032,"teamNetWorth":0.2701900005340576,"teamKills":0.01899999938905239},"lastItemPurchased":[0,0,0,0,0,0,0,0,0,0,0]},"npc_dota_hero_invoker":{"lastAbilityUpgraded":"","victory":true,"state":{"kills":0.006000000052154064,"towersLeft":0.939393937587738,"netWorth":0.07790999859571457,"xp":0.34194445610046387,"teamXp":0.2363024652004242,"teamDeaths":0.014000000432133675,"enemyTowersLeft":0.939393937587738,"deaths":0.003000000026077032,"teamNetWorth":0.2701900005340576,"teamKills":0.01899999938905239},"lastItemPurchased":[0,0,0,0,0,0,0,0,0,0,0]},"npc_dota_hero_ogre_magi":{"lastAbilityUpgraded":"","victory":true,"state":{"kills":0.004000000189989805,"towersLeft":0.939393937587738,"netWorth":0.036570001393556595,"xp":0.17006172239780426,"teamXp":0.2363024652004242,"teamDeaths":0.014000000432133675,"enemyTowersLeft":0.939393937587738,"deaths":0.003000000026077032,"teamNetWorth":0.2701900005340576,"teamKills":0.01899999938905239},"lastItemPurchased":[0,0,0,0,0,0,0,0,0,0,0]},"npc_dota_hero_shredder":{"lastAbilityUpgraded":"","victory":false,"state":{"kills":0.003000000026077032,"towersLeft":0.939393937587738,"netWorth":0.057259999215602875,"xp":0.28660494089126587,"teamXp":0.2179567962884903,"teamDeaths":0.02199999988079071,"enemyTowersLeft":0.939393937587738,"deaths":0.003000000026077032,"teamNetWorth":0.22697000205516815,"teamKills":0.012000000104308128},"lastItemPurchased":[0,0,0,1,0,0,0,0,0,0,0]},"npc_dota_hero_wisp":{"lastAbilityUpgraded":"","victory":true,"state":{"kills":0.004000000189989805,"towersLeft":0.939393937587738,"netWorth":0.03269999846816063,"xp":0.14070987701416016,"teamXp":0.2363024652004242,"teamDeaths":0.014000000432133675,"enemyTowersLeft":0.939393937587738,"deaths":0.004000000189989805,"teamNetWorth":0.2701900005340576,"teamKills":0.01899999938905239},"lastItemPurchased":[0,0,0,0,0,0,0,0,0,0,0]},"npc_dota_hero_disruptor":{"lastAbilityUpgraded":"","victory":false,"state":{"kills":0,"towersLeft":0.939393937587738,"netWorth":0.0081599997356534,"xp":0.11262345314025879,"teamXp":0.2179567962884903,"teamDeaths":0.02199999988079071,"enemyTowersLeft":0.939393937587738,"deaths":0.006000000052154064,"teamNetWorth":0.22697000205516815,"teamKills":0.012000000104308128},"lastItemPurchased":[0,0,0,0,0,0,0,0,0,0,0]},"npc_dota_hero_batrider":{"lastAbilityUpgraded":"","victory":false,"state":{"kills":0.006000000052154064,"towersLeft":0.939393937587738,"netWorth":0.042830001562833786,"xp":0.17012345790863037,"teamXp":0.2179567962884903,"teamDeaths":0.02199999988079071,"enemyTowersLeft":0.939393937587738,"deaths":0.004999999888241291,"teamNetWorth":0.22697000205516815,"teamKills":0.012000000104308128},"lastItemPurchased":[1,0,0,0,0,0,0,0,0,0,0]},"npc_dota_hero_slark":{"lastAbilityUpgraded":"","victory":false,"state":{"kills":0.003000000026077032,"towersLeft":0.939393937587738,"netWorth":0.07425999641418457,"xp":0.32456791400909424,"teamXp":0.2179567962884903,"teamDeaths":0.02199999988079071,"enemyTowersLeft":0.939393937587738,"deaths":0.003000000026077032,"teamNetWorth":0.22697000205516815,"teamKills":0.012000000104308128},"lastItemPurchased":[0,0,0,0,0,0,0,0,0,0,0]}}}