{"gameTime":21,"state":{"npc_dota_hero_warlock":{"lastAbilityUpgraded":"","victory":true,"state":{"kills":0,"towersLeft":1,"netWorth":0.06159999966621399,"xp":0.20558641850948334,"teamXp":0.22846296429634094,"teamDeaths":0.006000000052154064,"enemyTowersLeft":0.5757575631141663,"deaths":0.0010000000474974513,"teamNetWorth":0.39114001393318176,"teamKills":0.02199999988079071},"lastItemPurchased":[0,0,0,0,0,0,0,0,0,0,0]},"npc_dota_hero_storm_spirit":{"lastAbilityUpgraded":"","victory":true,"state":{"kills":0.008999999612569809,"towersLeft":1,"netWorth":0.12120000272989273,"xp":0.3184567987918854,"teamXp":0.22846296429634094,"teamDeaths":0.006000000052154064,"enemyTowersLeft":0.5757575631141663,"deaths":0,"teamNetWorth":0.39114001393318176,"teamKills":0.02199999988079071},"lastItemPurchased":[0,0,0,0,0,0,0,0,0,0,0]},"npc_dota_hero_riki":{"lastAbilityUpgraded":"","victory":true,"state":{"kills":0.007000000216066837,"towersLeft":1,"netWorth":0.08752000331878662,"xp":0.2184259295463562,"teamXp":0.22846296429634094,"teamDeaths":0.006000000052154064,"enemyTowersLeft":0.5757575631141663,"deaths":0.0010000000474974513,"teamNetWorth":0.39114001393318176,"teamKills":0.02199999988079071},"lastItemPurchased":[0,0,1,0,0,0,0,0,0,0,0]},"npc_dota_hero_rubick":{"lastAbilityUpgraded":"","victory":false,"state":{"kills":0.0020000000949949026,"towersLeft":0.5757575631141663,"netWorth":0.029440000653266907,"xp":0.09033950418233871,"teamXp":0.12395679205656052,"teamDeaths":0.02199999988079071,"enemyTowersLeft":1,"deaths":0.003000000026077032,"teamNetWorth":0.11128000169992447,"teamKills":0.004999999888241291},"lastItemPurchased":[0,0,0,0,0,0,0,0,0,0,0]},"npc_dota_hero_drow_ranger":{"lastAbilityUpgraded":"","victory":false,"state":{"kills":0,"towersLeft":0.5757575631141663,"netWorth":0.01501999981701374,"xp":0.11598765105009079,"teamXp":0.12395679205656052,"teamDeaths":0.02199999988079071,"enemyTowersLeft":1,"deaths":0.004999999888241291,"teamNetWorth":0.11128000169992447,"teamKills":0.004999999888241291},"lastItemPurchased":[0,0,0,0,0,0,0,0,0,0,0]},"npc_dota_hero_troll_warlord":{"lastAbilityUpgraded":"","victory":false,"state":{"kills":0.003000000026077032,"towersLeft":0.5757575631141663,"netWorth":0.03533000126481056,"xp":0.14817900955677032,"teamXp":0.12395679205656052,"teamDeaths":0.02199999988079071,"enemyTowersLeft":1,"deaths":0.004999999888241291,"teamNetWorth":0.11128000169992447,"teamKills":0.004999999888241291},"lastItemPurchased":[0,0,1,0,0,0,0,0,0,0,0]},"npc_dota_hero_tinker":{"lastAbilityUpgraded":"","victory":false,"state":{"kills":0,"towersLeft":0.5757575631141663,"netWorth":0.014990000054240227,"xp":0.17592592537403107,"teamXp":0.12395679205656052,"teamDeaths":0.02199999988079071,"enemyTowersLeft":1,"deaths":0.00800000037997961,"teamNetWorth":0.11128000169992447,"teamKills":0.004999999888241291},"lastItemPurchased":[1,0,0,0,0,0,0,0,0,0,0]},"npc_dota_hero_slardar":{"lastAbilityUpgraded":"","victory":false,"state":{"kills":0,"towersLeft":0.5757575631141663,"netWorth":0.016499999910593033,"xp":0.08935185521841049,"teamXp":0.12395679205656052,"teamDeaths":0.02199999988079071,"enemyTowersLeft":1,"deaths":0.0010000000474974513,"teamNetWorth":0.11128000169992447,"teamKills":0.004999999888241291},"lastItemPurchased":[0,0,0,0,0,0,0,0,0,0,0]},"npc_dota_hero_ogre_magi":{"lastAbilityUpgraded":"","victory":true,"state":{"kills":0.0020000000949949026,"towersLeft":1,"netWorth":0.0480399988591671,"xp":0.19592592120170593,"teamXp":0.22846296429634094,"teamDeaths":0.006000000052154064,"enemyTowersLeft":0.5757575631141663,"deaths":0.003000000026077032,"teamNetWorth":0.39114001393318176,"teamKills":0.02199999988079071},"lastItemPurchased":[1,0,0,0,0,0,0,0,0,0,0]},"npc_dota_hero_shredder":{"lastAbilityUpgraded":"","victory":true,"state":{"kills":0.004000000189989805,"towersLeft":1,"netWorth":0.07277999818325043,"xp":0.20391975343227386,"teamXp":0.22846296429634094,"teamDeaths":0.006000000052154064,"enemyTowersLeft":0.5757575631141663,"deaths":0.0010000000474974513,"teamNetWorth":0.39114001393318176,"teamKills":0.02199999988079071},"lastItemPurchased":[0,0,0,0,0,0,0,0,0,0,0]}}}