{"gameTime":21,"state":{"npc_dota_hero_riki":{"lastAbilityUpgraded":"","victory":false,"state":{"kills":0.0010000000474974513,"towersLeft":0.9696969985961914,"netWorth":0.022110000252723694,"xp":0.12287037074565887,"teamXp":0.22458024322986603,"teamDeaths":0.017000000923871994,"enemyTowersLeft":0.8787878751754761,"deaths":0.004000000189989805,"teamNetWorth":0.26767998933792114,"teamKills":0.01899999938905239},"lastItemPurchased":[0,0,0,0,0,0,0,0,0,0,0]},"npc_dota_hero_lone_druid":{"lastAbilityUpgraded":"","victory":true,"state":{"kills":0,"towersLeft":0.8787878751754761,"netWorth":0.06798999756574631,"xp":0.25996914505958557,"teamXp":0.1986975371837616,"teamDeaths":0.020999999716877937,"enemyTowersLeft":0.9696969985961914,"deaths":0.0020000000949949026,"teamNetWorth":0.21299000084400177,"teamKills":0.017000000923871994},"lastItemPurchased":[0,0,0,0,0,0,0,0,0,0,0]},"npc_dota_hero_silencer":{"lastAbilityUpgraded":"","victory":true,"state":{"kills":0.004000000189989805,"towersLeft":0.8787878751754761,"netWorth":0.028449999168515205,"xp":0.14549382030963898,"teamXp":0.1986975371837616,"teamDeaths":0.020999999716877937,"enemyTowersLeft":0.9696969985961914,"deaths":0.006000000052154064,"teamNetWorth":0.21299000084400177,"teamKills":0.017000000923871994},"lastItemPurchased":[0,0,0,0,0,0,0,0,0,0,0]},"npc_dota_hero_pudge":{"lastAbilityUpgraded":"","victory":true,"state":{"kills":0.004999999888241291,"towersLeft":0.8787878751754761,"netWorth":0.03319000080227852,"xp":0.16524691879749298,"teamXp":0.1986975371837616,"teamDeaths":0.020999999716877937,"enemyTowersLeft":0.9696969985961914,"deaths":0.004999999888241291,"teamNetWorth":0.21299000084400177,"teamKills":0.017000000923871994},"lastItemPurchased":[0,0,0,0,0,0,0,0,0,0,0]},"npc_dota_hero_nevermore":{"lastAbilityUpgraded":"","victory":true,"state":{"kills":0.006000000052154064,"towersLeft":0.8787878751754761,"netWorth":0.06767000257968903,"xp":0.29564815759658813,"teamXp":0.1986975371837616,"teamDeaths":0.020999999716877937,"enemyTowersLeft":0.9696969985961914,"deaths":0.004000000189989805,"teamNetWorth":0.21299000084400177,"teamKills":0.017000000923871994},"lastItemPurchased":[0,0,0,0,0,0,0,0,0,0,0]},"npc_dota_hero_mirana":{"lastAbilityUpgraded":"","victory":false,"state":{"kills":0,"towersLeft":0.9696969985961914,"netWorth":0.034779999405145645,"xp":0.18450617790222168,"teamXp":0.22458024322986603,"teamDeaths":0.017000000923871994,"enemyTowersLeft":0.8787878751754761,"deaths":0.004999999888241291,"teamNetWorth":0.26767998933792114,"teamKills":0.01899999938905239},"lastItemPurchased":[0,1,0,0,0,0,0,0,0,0,0]},"npc_dota_hero_enigma":{"lastAbilityUpgraded":"","victory":false,"state":{"kills":0.004999999888241291,"towersLeft":0.9696969985961914,"netWorth":0.06328999996185303,"xp":0.22280864417552948,"teamXp":0.22458024322986603,"teamDeaths":0.017000000923871994,"enemyTowersLeft":0.8787878751754761,"deaths":0.003000000026077032,"teamNetWorth":0.26767998933792114,"teamKills":0.01899999938905239},"lastItemPurchased":[0,0,0,0,0,0,0,0,0,0,0]},"npc_dota_hero_ogre_magi":{"lastAbilityUpgraded":"","victory":true,"state":{"kills":0.0020000000949949026,"towersLeft":0.8787878751754761,"netWorth":0.015690000727772713,"xp":0.12712962925434113,"teamXp":0.1986975371837616,"teamDeaths":0.020999999716877937,"enemyTowersLeft":0.9696969985961914,"deaths":0.004000000189989805,"teamNetWorth":0.21299000084400177,"teamKills":0.017000000923871994},"lastItemPurchased":[0,0,0,0,0,0,0,0,0,0,0]},"npc_dota_hero_puck":{"lastAbilityUpgraded":"","victory":false,"state":{"kills":0.00800000037997961,"towersLeft":0.9696969985961914,"netWorth":0.0737299993634224,"xp":0.2963888943195343,"teamXp":0.22458024322986603,"teamDeaths":0.017000000923871994,"enemyTowersLeft":0.8787878751754761,"deaths":0.003000000026077032,"teamNetWorth":0.26767998933792114,"teamKills":0.01899999938905239},"lastItemPurchased":[0,0,0,0,0,0,0,0,0,0,0]},"npc_dota_hero_shredder":{"lastAbilityUpgraded":"","victory":false,"state":{"kills":0.004999999888241291,"towersLeft":0.9696969985961914,"netWorth":0.07377000153064728,"xp":0.2963271737098694,"teamXp":0.22458024322986603,"teamDeaths":0.017000000923871994,"enemyTowersLeft":0.8787878751754761,"deaths":0.0020000000949949026,"teamNetWorth":0.26767998933792114,"teamKills":0.01899999938905239},"lastItemPurchased":[0,0,0,0,0,0,0,0,0,0,1]}}}