{"gameTime":31,"state":{"npc_dota_hero_bloodseeker":{"lastAbilityUpgraded":"","victory":false,"state":{"kills":0.006000000052154064,"towersLeft":0.8787878751754761,"netWorth":0.0722000002861023,"xp":0.38407406210899353,"teamXp":0.3431728482246399,"teamDeaths":0.027000000700354576,"enemyTowersLeft":0.9696969985961914,"deaths":0.003000000026077032,"teamNetWorth":0.32714998722076416,"teamKills":0.02199999988079071},"lastItemPurchased":[0,0,0,0,0,0,0,0,0,0,0]},"npc_dota_hero_clinkz":{"lastAbilityUpgraded":"","victory":true,"state":{"kills":0.004000000189989805,"towersLeft":0.9090909361839294,"netWorth":0.08183000236749649,"xp":0.39015433192253113,"teamXp":0.3825432062149048,"teamDeaths":0.02199999988079071,"enemyTowersLeft":0.8181818127632141,"deaths":0.003000000026077032,"teamNetWorth":0.392769992351532,"teamKills":0.026000000536441803},"lastItemPurchased":[0,0,1,0,0,0,0,0,0,0,0]},"npc_dota_hero_axe":{"lastAbilityUpgraded":"","victory":false,"state":{"kills":0.008999999612569809,"towersLeft":0.8787878751754761,"netWorth":0.10446000099182129,"xp":0.43274691700935364,"teamXp":0.3431728482246399,"teamDeaths":0.027000000700354576,"enemyTowersLeft":0.9696969985961914,"deaths":0.004000000189989805,"teamNetWorth":0.32714998722076416,"teamKills":0.02199999988079071},"lastItemPurchased":[0,0,0,1,0,0,0,0,0,0,0]},"npc_dota_hero_pudge":{"lastAbilityUpgraded":"","victory":true,"state":{"kills":0.007000000216066837,"towersLeft":0.9090909361839294,"netWorth":0.048670001327991486,"xp":0.3076234459877014,"teamXp":0.3825432062149048,"teamDeaths":0.02199999988079071,"enemyTowersLeft":0.8181818127632141,"deaths":0.008999999612569809,"teamNetWorth":0.392769992351532,"teamKills":0.026000000536441803},"lastItemPurchased":[0,0,0,1,0,0,0,0,0,0,0]},"npc_dota_hero_kunkka":{"lastAbilityUpgraded":"","victory":true,"state":{"kills":0.003000000026077032,"towersLeft":0.9090909361839294,"netWorth":0.06483999639749527,"xp":0.33401235938072205,"teamXp":0.3825432062149048,"teamDeaths":0.02199999988079071,"enemyTowersLeft":0.8181818127632141,"deaths":0.003000000026077032,"teamNetWorth":0.392769992351532,"teamKills":0.026000000536441803},"lastItemPurchased":[0,0,0,0,0,0,0,0,0,0,0]},"npc_dota_hero_lion":{"lastAbilityUpgraded":"","victory":false,"state":{"kills":0.0020000000949949026,"towersLeft":0.8787878751754761,"netWorth":0.023180000483989716,"xp":0.1899382770061493,"teamXp":0.3431728482246399,"teamDeaths":0.027000000700354576,"enemyTowersLeft":0.9696969985961914,"deaths":0.008999999612569809,"teamNetWorth":0.32714998722076416,"teamKills":0.02199999988079071},"lastItemPurchased":[0,0,0,0,0,0,0,0,0,0,0]},"npc_dota_hero_shredder":{"lastAbilityUpgraded":"","victory":false,"state":{"kills":0.004000000189989805,"towersLeft":0.8787878751754761,"netWorth":0.07486999779939651,"xp":0.408518522977829,"teamXp":0.3431728482246399,"teamDeaths":0.027000000700354576,"enemyTowersLeft":0.9696969985961914,"deaths":0.006000000052154064,"teamNetWorth":0.32714998722076416,"teamKills":0.02199999988079071},"lastItemPurchased":[0,0,0,0,0,0,0,0,0,0,0]},"npc_dota_hero_sven":{"lastAbilityUpgraded":"","victory":false,"state":{"kills":0.0010000000474974513,"towersLeft":0.8787878751754761,"netWorth":0.05243999883532524,"xp":0.30058643221855164,"teamXp":0.3431728482246399,"teamDeaths":0.027000000700354576,"enemyTowersLeft":0.9696969985961914,"deaths":0.004999999888241291,"teamNetWorth":0.32714998722076416,"teamKills":0.02199999988079071},"lastItemPurchased":[0,0,0,0,0,0,0,0,0,0,0]},"npc_dota_hero_queenofpain":{"lastAbilityUpgraded":"","victory":true,"state":{"kills":0.004999999888241291,"towersLeft":0.9090909361839294,"netWorth":0.08347000181674957,"xp":0.36537036299705505,"teamXp":0.3825432062149048,"teamDeaths":0.02199999988079071,"enemyTowersLeft":0.8181818127632141,"deaths":0.003000000026077032,"teamNetWorth":0.392769992351532,"teamKills":0.026000000536441803},"lastItemPurchased":[0,0,0,0,0,0,0,0,0,0,0]},"npc_dota_hero_slark":{"lastAbilityUpgraded":"","victory":true,"state":{"kills":0.007000000216066837,"towersLeft":0.9090909361839294,"netWorth":0.11395999789237976,"xp":0.5155555605888367,"teamXp":0.3825432062149048,"teamDeaths":0.02199999988079071,"enemyTowersLeft":0.8181818127632141,"deaths":0.004000000189989805,"teamNetWorth":0.392769992351532,"teamKills":0.026000000536441803},"lastItemPurchased":[0,0,0,0,0,0,0,0,0,0,1]}}}