{"gameTime":27,"state":{"npc_dota_hero_storm_spirit":{"lastAbilityUpgraded":"","victory":false,"state":{"kills":0.00800000037997961,"towersLeft":0.9090909361839294,"netWorth":0.0936800017952919,"xp":0.40648147463798523,"teamXp":0.29645678400993347,"teamDeaths":0.01899999938905239,"enemyTowersLeft":1,"deaths":0.004999999888241291,"teamNetWorth":0.285970002412796,"teamKills":0.019999999552965164},"lastItemPurchased":[0,0,0,0,0,0,0,0,0,0,0]},"npc_dota_hero_pudge":{"lastAbilityUpgraded":"","victory":false,"state":{"kills":0.004000000189989805,"towersLeft":0.9090909361839294,"netWorth":0.02580999955534935,"xp":0.15870369970798492,"teamXp":0.29645678400993347,"teamDeaths":0.01899999938905239,"enemyTowersLeft":1,"deaths":0.004000000189989805,"teamNetWorth":0.285970002412796,"teamKills":0.019999999552965164},"lastItemPurchased":[0,0,0,0,0,0,1,0,0,0,0]},"npc_dota_hero_sand_king":{"lastAbilityUpgraded":"","victory":true,"state":{"kills":0.0020000000949949026,"towersLeft":0.9696969985961914,"netWorth":0.08357000350952148,"xp":0.38728395104408264,"teamXp":0.2947283983230591,"teamDeaths":0.01899999938905239,"enemyTowersLeft":0.8787878751754761,"deaths":0.0020000000949949026,"teamNetWorth":0.3078700006008148,"teamKills":0.014999999664723873},"lastItemPurchased":[0,0,0,0,0,0,1,0,0,0,0]},"npc_dota_hero_invoker":{"lastAbilityUpgraded":"","victory":true,"state":{"kills":0.003000000026077032,"towersLeft":0.9696969985961914,"netWorth":0.06503000110387802,"xp":0.3233024775981903,"teamXp":0.2947283983230591,"teamDeaths":0.01899999938905239,"enemyTowersLeft":0.8787878751754761,"deaths":0.0020000000949949026,"teamNetWorth":0.3078700006008148,"teamKills":0.014999999664723873},"lastItemPurchased":[0,0,0,0,0,0,0,0,0,0,0]},"npc_dota_hero_tiny":{"lastAbilityUpgraded":"","victory":true,"state":{"kills":0.003000000026077032,"towersLeft":0.9696969985961914,"netWorth":0.0739699974656105,"xp":0.357962965965271,"teamXp":0.2947283983230591,"teamDeaths":0.01899999938905239,"enemyTowersLeft":0.8787878751754761,"deaths":0.006000000052154064,"teamNetWorth":0.3078700006008148,"teamKills":0.014999999664723873},"lastItemPurchased":[0,0,0,0,0,0,0,0,0,0,0]},"npc_dota_hero_bounty_hunter":{"lastAbilityUpgraded":"","victory":true,"state":{"kills":0.004999999888241291,"towersLeft":0.9696969985961914,"netWorth":0.04610000178217888,"xp":0.192592591047287,"teamXp":0.2947283983230591,"teamDeaths":0.01899999938905239,"enemyTowersLeft":0.8787878751754761,"deaths":0.00800000037997961,"teamNetWorth":0.3078700006008148,"teamKills":0.014999999664723873},"lastItemPurchased":[1,0,0,0,0,0,0,0,0,0,0]},"npc_dota_hero_lich":{"lastAbilityUpgraded":"","victory":true,"state":{"kills":0.0020000000949949026,"towersLeft":0.9696969985961914,"netWorth":0.03920000046491623,"xp":0.21250000596046448,"teamXp":0.2947283983230591,"teamDeaths":0.01899999938905239,"enemyTowersLeft":0.8787878751754761,"deaths":0.0010000000474974513,"teamNetWorth":0.3078700006008148,"teamKills":0.014999999664723873},"lastItemPurchased":[0,0,0,0,0,0,0,0,0,0,0]},"npc_dota_hero_magnataur":{"lastAbilityUpgraded":"","victory":false,"state":{"kills":0.003000000026077032,"towersLeft":0.9090909361839294,"netWorth":0.07920999825000763,"xp":0.40194445848464966,"teamXp":0.29645678400993347,"teamDeaths":0.01899999938905239,"enemyTowersLeft":1,"deaths":0.0020000000949949026,"teamNetWorth":0.285970002412796,"teamKills":0.019999999552965164},"lastItemPurchased":[0,0,0,0,0,0,0,0,0,0,0]},"npc_dota_hero_disruptor":{"lastAbilityUpgraded":"","victory":false,"state":{"kills":0.0020000000949949026,"towersLeft":0.9090909361839294,"netWorth":0.024080000817775726,"xp":0.17145061492919922,"teamXp":0.29645678400993347,"teamDeaths":0.01899999938905239,"enemyTowersLeft":1,"deaths":0.004000000189989805,"teamNetWorth":0.285970002412796,"teamKills":0.019999999552965164},"lastItemPurchased":[1,0,0,0,0,0,0,0,0,0,0]},"npc_dota_hero_slark":{"lastAbilityUpgraded":"","victory":false,"state":{"kills":0.003000000026077032,"towersLeft":0.9090909361839294,"netWorth":0.06318999826908112,"xp":0.3437037169933319,"teamXp":0.29645678400993347,"teamDeaths":0.01899999938905239,"enemyTowersLeft":1,"deaths":0.004000000189989805,"teamNetWorth":0.285970002412796,"teamKills":0.019999999552965164},"lastItemPurchased":[0,0,0,0,0,0,0,0,0,0,0]}}}