{"gameTime":15,"state":{"npc_dota_hero_warlock":{"lastAbilityUpgraded":"","victory":true,"state":{"kills":0,"towersLeft":1,"netWorth":0.019920000806450844,"xp":0.14166666567325592,"teamXp":0.12214814871549606,"teamDeaths":0.003000000026077032,"enemyTowersLeft":0.9696969985961914,"deaths":0.0010000000474974513,"teamNetWorth":0.15039999783039093,"teamKills":0.009999999776482582},"lastItemPurchased":[0,0,0,0,1,0,0,0,0,0,0]},"npc_dota_hero_nyx_assassin":{"lastAbilityUpgraded":"","victory":true,"state":{"kills":0.004999999888241291,"towersLeft":1,"netWorth":0.03443999961018562,"xp":0.1404629647731781,"teamXp":0.12214814871549606,"teamDeaths":0.003000000026077032,"enemyTowersLeft":0.9696969985961914,"deaths":0.0010000000474974513,"teamNetWorth":0.15039999783039093,"teamKills":0.009999999776482582},"lastItemPurchased":[0,0,0,0,0,0,0,0,0,0,0]},"npc_dota_hero_visage":{"lastAbilityUpgraded":"","victory":true,"state":{"kills":0.0020000000949949026,"towersLeft":1,"netWorth":0.022749999538064003,"xp":0.09265431761741638,"teamXp":0.12214814871549606,"teamDeaths":0.003000000026077032,"enemyTowersLeft":0.9696969985961914,"deaths":0,"teamNetWorth":0.15039999783039093,"teamKills":0.009999999776482582},"lastItemPurchased":[0,0,0,0,0,0,0,0,0,0,0]},"npc_dota_hero_nevermore":{"lastAbilityUpgraded":"","victory":false,"state":{"kills":0.0010000000474974513,"towersLeft":0.9696969985961914,"netWorth":0.04120999947190285,"xp":0.18225309252738953,"teamXp":0.10288888961076736,"teamDeaths":0.010999999940395355,"enemyTowersLeft":1,"deaths":0.0010000000474974513,"teamNetWorth":0.10926000028848648,"teamKills":0.003000000026077032},"lastItemPurchased":[0,0,0,0,0,0,0,0,0,0,0]},"npc_dota_hero_spirit_breaker":{"lastAbilityUpgraded":"","victory":true,"state":{"kills":0.0020000000949949026,"towersLeft":1,"netWorth":0.02507000043988228,"xp":0.08842592686414719,"teamXp":0.12214814871549606,"teamDeaths":0.003000000026077032,"enemyTowersLeft":0.9696969985961914,"deaths":0.0010000000474974513,"teamNetWorth":0.15039999783039093,"teamKills":0.009999999776482582},"lastItemPurchased":[0,0,0,0,0,0,0,0,0,0,0]},"npc_dota_hero_beastmaster":{"lastAbilityUpgraded":"","victory":false,"state":{"kills":0.0010000000474974513,"towersLeft":0.9696969985961914,"netWorth":0.017589999362826347,"xp":0.10848765075206757,"teamXp":0.10288888961076736,"teamDeaths":0.010999999940395355,"enemyTowersLeft":1,"deaths":0.003000000026077032,"teamNetWorth":0.10926000028848648,"teamKills":0.003000000026077032},"lastItemPurchased":[0,0,0,0,1,0,0,0,0,0,0]},"npc_dota_hero_ancient_apparition":{"lastAbilityUpgraded":"","victory":false,"state":{"kills":0.0010000000474974513,"towersLeft":0.9696969985961914,"netWorth":0.004430000204592943,"xp":0.04891975224018097,"teamXp":0.10288888961076736,"teamDeaths":0.010999999940395355,"enemyTowersLeft":1,"deaths":0.004000000189989805,"teamNetWorth":0.10926000028848648,"teamKills":0.003000000026077032},"lastItemPurchased":[0,0,0,0,0,0,0,0,0,0,0]},"npc_dota_hero_morphling":{"lastAbilityUpgraded":"","victory":true,"state":{"kills":0.0010000000474974513,"towersLeft":1,"netWorth":0.04822000116109848,"xp":0.14753086864948273,"teamXp":0.12214814871549606,"teamDeaths":0.003000000026077032,"enemyTowersLeft":0.9696969985961914,"deaths":0,"teamNetWorth":0.15039999783039093,"teamKills":0.009999999776482582},"lastItemPurchased":[0,0,0,0,0,0,0,0,0,0,0]},"npc_dota_hero_furion":{"lastAbilityUpgraded":"","victory":false,"state":{"kills":0,"towersLeft":0.9696969985961914,"netWorth":0.020649999380111694,"xp":0.07814814895391464,"teamXp":0.10288888961076736,"teamDeaths":0.010999999940395355,"enemyTowersLeft":1,"deaths":0.0010000000474974513,"teamNetWorth":0.10926000028848648,"teamKills":0.003000000026077032},"lastItemPurchased":[0,0,0,0,0,0,0,0,0,0,0]},"npc_dota_hero_sven":{"lastAbilityUpgraded":"","victory":false,"state":{"kills":0,"towersLeft":0.9696969985961914,"netWorth":0.025380000472068787,"xp":0.09663580358028412,"teamXp":0.10288888961076736,"teamDeaths":0.010999999940395355,"enemyTowersLeft":1,"deaths":0.0020000000949949026,"teamNetWorth":0.10926000028848648,"teamKills":0.003000000026077032},"lastItemPurchased":[0,0,0,0,0,0,0,0,0,0,0]}}}