{"gameTime":18,"state":{"npc_dota_hero_nyx_assassin":{"lastAbilityUpgraded":"","victory":false,"state":{"kills":0.003000000026077032,"towersLeft":0.9696969985961914,"netWorth":0.021800000220537186,"xp":0.11256172508001328,"teamXp":0.15196296572685242,"teamDeaths":0.01899999938905239,"enemyTowersLeft":0.9696969985961914,"deaths":0.004000000189989805,"teamNetWorth":0.164900004863739,"teamKills":0.017999999225139618},"lastItemPurchased":[1,0,0,0,0,0,0,0,0,0,0]},"npc_dota_hero_life_stealer":{"lastAbilityUpgraded":"","victory":false,"state":{"kills":0.004999999888241291,"towersLeft":0.9696969985961914,"netWorth":0.052000001072883606,"xp":0.19376543164253235,"teamXp":0.15196296572685242,"teamDeaths":0.01899999938905239,"enemyTowersLeft":0.9696969985961914,"deaths":0,"teamNetWorth":0.164900004863739,"teamKills":0.017999999225139618},"lastItemPurchased":[0,0,0,0,0,0,0,0,0,0,0]},"npc_dota_hero_axe":{"lastAbilityUpgraded":"","victory":false,"state":{"kills":0.004000000189989805,"towersLeft":0.9696969985961914,"netWorth":0.025219999253749847,"xp":0.12756173312664032,"teamXp":0.15196296572685242,"teamDeaths":0.01899999938905239,"enemyTowersLeft":0.9696969985961914,"deaths":0.007000000216066837,"teamNetWorth":0.164900004863739,"teamKills":0.017999999225139618},"lastItemPurchased":[0,0,0,0,0,0,0,0,0,0,0]},"npc_dota_hero_pudge":{"lastAbilityUpgraded":"","victory":true,"state":{"kills":0.004000000189989805,"towersLeft":1,"netWorth":0.017909999936819077,"xp":0.0949999988079071,"teamXp":0.160012349486351,"teamDeaths":0.020999999716877937,"enemyTowersLeft":1,"deaths":0.006000000052154064,"teamNetWorth":0.17550000548362732,"teamKills":0.01899999938905239},"lastItemPurchased":[0,0,0,0,0,0,0,0,0,0,0]},"npc_dota_hero_invoker":{"lastAbilityUpgraded":"","victory":false,"state":{"kills":0.003000000026077032,"towersLeft":0.9696969985961914,"netWorth":0.03925999999046326,"xp":0.21111111342906952,"teamXp":0.15196296572685242,"teamDeaths":0.01899999938905239,"enemyTowersLeft":0.9696969985961914,"deaths":0.004000000189989805,"teamNetWorth":0.164900004863739,"teamKills":0.017999999225139618},"lastItemPurchased":[0,0,0,0,0,0,0,0,0,0,0]},"npc_dota_hero_kunkka":{"lastAbilityUpgraded":"","victory":false,"state":{"kills":0.003000000026077032,"towersLeft":0.9696969985961914,"netWorth":0.02662000060081482,"xp":0.11481481790542603,"teamXp":0.15196296572685242,"teamDeaths":0.01899999938905239,"enemyTowersLeft":0.9696969985961914,"deaths":0.004000000189989805,"teamNetWorth":0.164900004863739,"teamKills":0.017999999225139618},"lastItemPurchased":[0,0,0,0,0,0,0,0,0,0,0]},"npc_dota_hero_ogre_magi":{"lastAbilityUpgraded":"","victory":true,"state":{"kills":0.004000000189989805,"towersLeft":1,"netWorth":0.030050000175833702,"xp":0.14956790208816528,"teamXp":0.160012349486351,"teamDeaths":0.020999999716877937,"enemyTowersLeft":1,"deaths":0.003000000026077032,"teamNetWorth":0.17550000548362732,"teamKills":0.01899999938905239},"lastItemPurchased":[1,0,0,0,0,0,0,0,0,0,0]},"npc_dota_hero_rattletrap":{"lastAbilityUpgraded":"","victory":true,"state":{"kills":0.0010000000474974513,"towersLeft":1,"netWorth":0.018719999119639397,"xp":0.1397530883550644,"teamXp":0.160012349486351,"teamDeaths":0.020999999716877937,"enemyTowersLeft":1,"deaths":0.007000000216066837,"teamNetWorth":0.17550000548362732,"teamKills":0.01899999938905239},"lastItemPurchased":[0,0,0,0,0,0,0,0,0,0,0]},"npc_dota_hero_obsidian_destroyer":{"lastAbilityUpgraded":"","victory":true,"state":{"kills":0.004999999888241291,"towersLeft":1,"netWorth":0.06167000159621239,"xp":0.23320987820625305,"teamXp":0.160012349486351,"teamDeaths":0.020999999716877937,"enemyTowersLeft":1,"deaths":0.0020000000949949026,"teamNetWorth":0.17550000548362732,"teamKills":0.01899999938905239},"lastItemPurchased":[0,0,0,0,0,0,0,0,0,0,0]},"npc_dota_hero_juggernaut":{"lastAbilityUpgraded":"","victory":true,"state":{"kills":0.004999999888241291,"towersLeft":1,"netWorth":0.04715000092983246,"xp":0.18253086507320404,"teamXp":0.160012349486351,"teamDeaths":0.020999999716877937,"enemyTowersLeft":1,"deaths":0.003000000026077032,"teamNetWorth":0.17550000548362732,"teamKills":0.01899999938905239},"lastItemPurchased":[0,0,0,0,0,0,0,0,0,0,0]}}}