{"gameTime":38,"state":{"npc_dota_hero_faceless_void":{"lastAbilityUpgraded":"","victory":false,"state":{"kills":0.0010000000474974513,"towersLeft":0.42424243688583374,"netWorth":0.06431999802589417,"xp":0.4081481397151947,"teamXp":0.48353704810142517,"teamDeaths":0.0430000014603138,"enemyTowersLeft":0.8181818127632141,"deaths":0.012000000104308128,"teamNetWorth":0.4497700035572052,"teamKills":0.017999999225139618},"lastItemPurchased":[0,0,0,0,0,0,0,0,0,0,0]},"npc_dota_hero_legion_commander":{"lastAbilityUpgraded":"","victory":false,"state":{"kills":0.0020000000949949026,"towersLeft":0.42424243688583374,"netWorth":0.07384999841451645,"xp":0.4636419713497162,"teamXp":0.48353704810142517,"teamDeaths":0.0430000014603138,"enemyTowersLeft":0.8181818127632141,"deaths":0.00800000037997961,"teamNetWorth":0.4497700035572052,"teamKills":0.017999999225139618},"lastItemPurchased":[0,0,0,0,0,0,0,0,0,0,0]},"npc_dota_hero_ember_spirit":{"lastAbilityUpgraded":"","victory":false,"state":{"kills":0.0020000000949949026,"towersLeft":0.42424243688583374,"netWorth":0.09842000156641006,"xp":0.4927160441875458,"teamXp":0.48353704810142517,"teamDeaths":0.0430000014603138,"enemyTowersLeft":0.8181818127632141,"deaths":0.007000000216066837,"teamNetWorth":0.4497700035572052,"teamKills":0.017999999225139618},"lastItemPurchased":[0,0,0,0,0,0,0,0,0,0,0]},"npc_dota_hero_luna":{"lastAbilityUpgraded":"","victory":false,"state":{"kills":0.012000000104308128,"towersLeft":0.42424243688583374,"netWorth":0.19008000195026398,"xp":0.803827166557312,"teamXp":0.48353704810142517,"teamDeaths":0.0430000014603138,"enemyTowersLeft":0.8181818127632141,"deaths":0.007000000216066837,"teamNetWorth":0.4497700035572052,"teamKills":0.017999999225139618},"lastItemPurchased":[0,0,0,0,0,0,0,0,1,0,0]},"npc_dota_hero_lion":{"lastAbilityUpgraded":"","victory":true,"state":{"kills":0.017999999225139618,"towersLeft":0.7575757503509521,"netWorth":0.13287000358104706,"xp":0.7305247187614441,"teamXp":0.5888147950172424,"teamDeaths":0.017999999225139618,"enemyTowersLeft":0.3636363744735718,"deaths":0.004000000189989805,"teamNetWorth":0.7001100182533264,"teamKills":0.0430000014603138},"lastItemPurchased":[0,0,0,0,0,0,0,0,0,0,0]},"npc_dota_hero_keeper_of_the_light":{"lastAbilityUpgraded":"","victory":true,"state":{"kills":0.0010000000474974513,"towersLeft":0.7575757503509521,"netWorth":0.09450999647378922,"xp":0.3629629611968994,"teamXp":0.5888147950172424,"teamDeaths":0.017999999225139618,"enemyTowersLeft":0.3636363744735718,"deaths":0.0020000000949949026,"teamNetWorth":0.7001100182533264,"teamKills":0.0430000014603138},"lastItemPurchased":[0,0,0,0,0,0,0,0,0,0,0]},"npc_dota_hero_morphling":{"lastAbilityUpgraded":"","victory":true,"state":{"kills":0.009999999776482582,"towersLeft":0.7575757503509521,"netWorth":0.22290000319480896,"xp":0.7694752812385559,"teamXp":0.5888147950172424,"teamDeaths":0.017999999225139618,"enemyTowersLeft":0.3636363744735718,"deaths":0.0020000000949949026,"teamNetWorth":0.7001100182533264,"teamKills":0.0430000014603138},"lastItemPurchased":[0,0,0,0,0,0,0,0,0,0,0]},"npc_dota_hero_shadow_demon":{"lastAbilityUpgraded":"","victory":false,"state":{"kills":0.0010000000474974513,"towersLeft":0.42424243688583374,"netWorth":0.023099999874830246,"xp":0.2493518590927124,"teamXp":0.48353704810142517,"teamDeaths":0.0430000014603138,"enemyTowersLeft":0.8181818127632141,"deaths":0.008999999612569809,"teamNetWorth":0.4497700035572052,"teamKills":0.017999999225139618},"lastItemPurchased":[0,0,0,0,0,0,0,0,0,0,0]},"npc_dota_hero_spectre":{"lastAbilityUpgraded":"","victory":true,"state":{"kills":0.008999999612569809,"towersLeft":0.7575757503509521,"netWorth":0.15394000709056854,"xp":0.5710185170173645,"teamXp":0.5888147950172424,"teamDeaths":0.017999999225139618,"enemyTowersLeft":0.3636363744735718,"deaths":0.004000000189989805,"teamNetWorth":0.7001100182533264,"teamKills":0.0430000014603138},"lastItemPurchased":[0,0,0,0,0,0,0,0,1,0,0]},"npc_dota_hero_bane":{"lastAbilityUpgraded":"","victory":true,"state":{"kills":0.004999999888241291,"towersLeft":0.7575757503509521,"netWorth":0.09589000046253204,"xp":0.5100926160812378,"teamXp":0.5888147950172424,"teamDeaths":0.017999999225139618,"enemyTowersLeft":0.3636363744735718,"deaths":0.006000000052154064,"teamNetWorth":0.7001100182533264,"teamKills":0.0430000014603138},"lastItemPurchased":[0,0,0,0,0,0,0,0,0,0,0]}}}