{"gameTime":20,"state":{"npc_dota_hero_faceless_void":{"lastAbilityUpgraded":"","victory":false,"state":{"kills":0.0020000000949949026,"towersLeft":0.9090909361839294,"netWorth":0.07072000205516815,"xp":0.3147222101688385,"teamXp":0.17916665971279144,"teamDeaths":0.004000000189989805,"enemyTowersLeft":0.9696969985961914,"deaths":0,"teamNetWorth":0.21310999989509583,"teamKills":0.009999999776482582},"lastItemPurchased":[0,0,1,0,0,0,0,0,0,0,0]},"npc_dota_hero_undying":{"lastAbilityUpgraded":"","victory":false,"state":{"kills":0,"towersLeft":0.9090909361839294,"netWorth":0.007849999703466892,"xp":0,"teamXp":0.17916665971279144,"teamDeaths":0.004000000189989805,"enemyTowersLeft":0.9696969985961914,"deaths":0,"teamNetWorth":0.21310999989509583,"teamKills":0.009999999776482582},"lastItemPurchased":[0,0,0,0,0,0,0,0,0,0,0]},"npc_dota_hero_drow_ranger":{"lastAbilityUpgraded":"","victory":true,"state":{"kills":0,"towersLeft":0.9696969985961914,"netWorth":0.040619999170303345,"xp":0.18154321610927582,"teamXp":0.16430246829986572,"teamDeaths":0.012000000104308128,"enemyTowersLeft":0.9090909361839294,"deaths":0.003000000026077032,"teamNetWorth":0.19381000101566315,"teamKills":0.004000000189989805},"lastItemPurchased":[0,0,0,0,0,0,0,0,0,0,0]},"npc_dota_hero_venomancer":{"lastAbilityUpgraded":"","victory":true,"state":{"kills":0.0010000000474974513,"towersLeft":0.9696969985961914,"netWorth":0.05290000140666962,"xp":0.22376543283462524,"teamXp":0.16430246829986572,"teamDeaths":0.012000000104308128,"enemyTowersLeft":0.9090909361839294,"deaths":0.003000000026077032,"teamNetWorth":0.19381000101566315,"teamKills":0.004000000189989805},"lastItemPurchased":[0,1,0,0,0,0,0,0,0,0,0]},"npc_dota_hero_troll_warlord":{"lastAbilityUpgraded":"","victory":true,"state":{"kills":0.0020000000949949026,"towersLeft":0.9696969985961914,"netWorth":0.0435199998319149,"xp":0.19225308299064636,"teamXp":0.16430246829986572,"teamDeaths":0.012000000104308128,"enemyTowersLeft":0.9090909361839294,"deaths":0.004000000189989805,"teamNetWorth":0.19381000101566315,"teamKills":0.004000000189989805},"lastItemPurchased":[0,0,0,0,0,0,0,0,0,0,0]},"npc_dota_hero_oracle":{"lastAbilityUpgraded":"","victory":true,"state":{"kills":0,"towersLeft":0.9696969985961914,"netWorth":0.008740000426769257,"xp":0.045771606266498566,"teamXp":0.16430246829986572,"teamDeaths":0.012000000104308128,"enemyTowersLeft":0.9090909361839294,"deaths":0.0010000000474974513,"teamNetWorth":0.19381000101566315,"teamKills":0.004000000189989805},"lastItemPurchased":[0,0,1,0,0,0,0,0,0,0,0]},"npc_dota_hero_kunkka":{"lastAbilityUpgraded":"","victory":false,"state":{"kills":0.0020000000949949026,"towersLeft":0.9090909361839294,"netWorth":0.03296000137925148,"xp":0.15518517792224884,"teamXp":0.17916665971279144,"teamDeaths":0.004000000189989805,"enemyTowersLeft":0.9696969985961914,"deaths":0.0010000000474974513,"teamNetWorth":0.21310999989509583,"teamKills":0.009999999776482582},"lastItemPurchased":[0,0,0,0,0,0,0,1,0,0,0]},"npc_dota_hero_puck":{"lastAbilityUpgraded":"","victory":false,"state":{"kills":0.0020000000949949026,"towersLeft":0.9090909361839294,"netWorth":0.047370001673698425,"xp":0.19626542925834656,"teamXp":0.17916665971279144,"teamDeaths":0.004000000189989805,"enemyTowersLeft":0.9696969985961914,"deaths":0.0020000000949949026,"teamNetWorth":0.21310999989509583,"teamKills":0.009999999776482582},"lastItemPurchased":[0,0,0,0,0,0,0,0,0,0,0]},"npc_dota_hero_obsidian_destroyer":{"lastAbilityUpgraded":"","victory":true,"state":{"kills":0.0010000000474974513,"towersLeft":0.9696969985961914,"netWorth":0.04803000018000603,"xp":0.17817901074886322,"teamXp":0.16430246829986572,"teamDeaths":0.012000000104308128,"enemyTowersLeft":0.9090909361839294,"deaths":0.0010000000474974513,"teamNetWorth":0.19381000101566315,"teamKills":0.004000000189989805},"lastItemPurchased":[0,0,0,1,0,0,0,0,0,0,0]},"npc_dota_hero_queenofpain":{"lastAbilityUpgraded":"","victory":false,"state":{"kills":0.004000000189989805,"towersLeft":0.9090909361839294,"netWorth":0.05420999974012375,"xp":0.2296604961156845,"teamXp":0.17916665971279144,"teamDeaths":0.004000000189989805,"enemyTowersLeft":0.9696969985961914,"deaths":0.0010000000474974513,"teamNetWorth":0.21310999989509583,"teamKills":0.009999999776482582},"lastItemPurchased":[0,0,0,1,0,0,0,0,0,0,0]}}}