{"gameTime":31,"state":{"npc_dota_hero_life_stealer":{"lastAbilityUpgraded":"","victory":true,"state":{"kills":0.003000000026077032,"towersLeft":0.9090909361839294,"netWorth":0.08332999795675278,"xp":0.3774382770061493,"teamXp":0.2527160346508026,"teamDeaths":0.02800000086426735,"enemyTowersLeft":0.939393937587738,"deaths":0.0020000000949949026,"teamNetWorth":0.26513999700546265,"teamKills":0.008999999612569809},"lastItemPurchased":[0,0,0,0,0,0,0,0,0,1,0]},"npc_dota_hero_ursa":{"lastAbilityUpgraded":"","victory":false,"state":{"kills":0,"towersLeft":0.939393937587738,"netWorth":0.013340000063180923,"xp":0.018611110746860504,"teamXp":0.28643208742141724,"teamDeaths":0.012000000104308128,"enemyTowersLeft":0.9090909361839294,"deaths":0.0020000000949949026,"teamNetWorth":0.33726999163627625,"teamKills":0.028999999165534973},"lastItemPurchased":[0,0,0,0,0,0,0,0,0,0,0]},"npc_dota_hero_earth_spirit":{"lastAbilityUpgraded":"","victory":true,"state":{"kills":0,"towersLeft":0.9090909361839294,"netWorth":0.012059999629855156,"xp":0.12250000238418579,"teamXp":0.2527160346508026,"teamDeaths":0.02800000086426735,"enemyTowersLeft":0.939393937587738,"deaths":0.007000000216066837,"teamNetWorth":0.26513999700546265,"teamKills":0.008999999612569809},"lastItemPurchased":[0,0,0,0,0,0,0,0,0,0,0]},"npc_dota_hero_pudge":{"lastAbilityUpgraded":"","victory":false,"state":{"kills":0.00800000037997961,"towersLeft":0.939393937587738,"netWorth":0.0494999997317791,"xp":0.2399691343307495,"teamXp":0.28643208742141724,"teamDeaths":0.012000000104308128,"enemyTowersLeft":0.9090909361839294,"deaths":0.004999999888241291,"teamNetWorth":0.33726999163627625,"teamKills":0.028999999165534973},"lastItemPurchased":[1,0,0,0,0,0,0,0,0,0,0]},"npc_dota_hero_venomancer":{"lastAbilityUpgraded":"","victory":true,"state":{"kills":0.0010000000474974513,"towersLeft":0.9090909361839294,"netWorth":0.04177999868988991,"xp":0.19583334028720856,"teamXp":0.2527160346508026,"teamDeaths":0.02800000086426735,"enemyTowersLeft":0.939393937587738,"deaths":0.009999999776482582,"teamNetWorth":0.26513999700546265,"teamKills":0.008999999612569809},"lastItemPurchased":[0,0,0,0,0,0,0,0,0,0,0]},"npc_dota_hero_sand_king":{"lastAbilityUpgraded":"","victory":false,"state":{"kills":0.007000000216066837,"towersLeft":0.939393937587738,"netWorth":0.10495000332593918,"xp":0.40839505195617676,"teamXp":0.28643208742141724,"teamDeaths":0.012000000104308128,"enemyTowersLeft":0.9090909361839294,"deaths":0.0010000000474974513,"teamNetWorth":0.33726999163627625,"teamKills":0.028999999165534973},"lastItemPurchased":[0,0,0,0,0,0,0,0,0,0,0]},"npc_dota_hero_mirana":{"lastAbilityUpgraded":"","victory":true,"state":{"kills":0.004000000189989805,"towersLeft":0.9090909361839294,"netWorth":0.07981999963521957,"xp":0.3183024823665619,"teamXp":0.2527160346508026,"teamDeaths":0.02800000086426735,"enemyTowersLeft":0.939393937587738,"deaths":0.003000000026077032,"teamNetWorth":0.26513999700546265,"teamKills":0.008999999612569809},"lastItemPurchased":[0,0,0,0,0,0,0,0,0,0,0]},"npc_dota_hero_slardar":{"lastAbilityUpgraded":"","victory":true,"state":{"kills":0.0010000000474974513,"towersLeft":0.9090909361839294,"netWorth":0.04814999923110008,"xp":0.2495061755180359,"teamXp":0.2527160346508026,"teamDeaths":0.02800000086426735,"enemyTowersLeft":0.939393937587738,"deaths":0.006000000052154064,"teamNetWorth":0.26513999700546265,"teamKills":0.008999999612569809},"lastItemPurchased":[0,0,0,0,0,0,0,0,0,0,0]},"npc_dota_hero_shredder":{"lastAbilityUpgraded":"","victory":false,"state":{"kills":0.008999999612569809,"towersLeft":0.939393937587738,"netWorth":0.1206900030374527,"xp":0.4591358006000519,"teamXp":0.28643208742141724,"teamDeaths":0.012000000104308128,"enemyTowersLeft":0.9090909361839294,"deaths":0.0010000000474974513,"teamNetWorth":0.33726999163627625,"teamKills":0.028999999165534973},"lastItemPurchased":[0,0,0,0,0,0,0,0,0,0,0]},"npc_dota_hero_wisp":{"lastAbilityUpgraded":"","victory":false,"state":{"kills":0.004999999888241291,"towersLeft":0.939393937587738,"netWorth":0.04879000037908554,"xp":0.3060493767261505,"teamXp":0.28643208742141724,"teamDeaths":0.012000000104308128,"enemyTowersLeft":0.9090909361839294,"deaths":0.003000000026077032,"teamNetWorth":0.33726999163627625,"teamKills":0.028999999165534973},"lastItemPurchased":[0,0,0,1,0,0,0,0,0,0,0]}}}