{"gameTime":11,"state":{"npc_dota_hero_faceless_void":{"lastAbilityUpgraded":"","victory":true,"state":{"kills":0,"towersLeft":1,"netWorth":0.01384000014513731,"xp":0.06336420029401779,"teamXp":0.05081481486558914,"teamDeaths":0.003000000026077032,"enemyTowersLeft":1,"deaths":0.0010000000474974513,"teamNetWorth":0.07119999825954437,"teamKills":0.0020000000949949026},"lastItemPurchased":[0,0,0,1,0,0,0,0,0,0,0]},"npc_dota_hero_earthshaker":{"lastAbilityUpgraded":"","victory":false,"state":{"kills":0,"towersLeft":1,"netWorth":0.01152000017464161,"xp":0.034753087908029556,"teamXp":0.06309876590967178,"teamDeaths":0.003000000026077032,"enemyTowersLeft":1,"deaths":0.0020000000949949026,"teamNetWorth":0.08828999847173691,"teamKills":0.003000000026077032},"lastItemPurchased":[1,0,0,0,0,0,0,0,0,0,0]},"npc_dota_hero_axe":{"lastAbilityUpgraded":"","victory":false,"state":{"kills":0.0020000000949949026,"towersLeft":1,"netWorth":0.02201000042259693,"xp":0.09145061671733856,"teamXp":0.06309876590967178,"teamDeaths":0.003000000026077032,"enemyTowersLeft":1,"deaths":0.0010000000474974513,"teamNetWorth":0.08828999847173691,"teamKills":0.003000000026077032},"lastItemPurchased":[0,0,0,0,0,0,0,0,0,0,0]},"npc_dota_hero_invoker":{"lastAbilityUpgraded":"","victory":false,"state":{"kills":0,"towersLeft":1,"netWorth":0.023809999227523804,"xp":0.0766049399971962,"teamXp":0.06309876590967178,"teamDeaths":0.003000000026077032,"enemyTowersLeft":1,"deaths":0,"teamNetWorth":0.08828999847173691,"teamKills":0.003000000026077032},"lastItemPurchased":[1,0,0,0,0,0,0,0,0,0,0]},"npc_dota_hero_tiny":{"lastAbilityUpgraded":"","victory":true,"state":{"kills":0,"towersLeft":1,"netWorth":0.017330000177025795,"xp":0.0770370364189148,"teamXp":0.05081481486558914,"teamDeaths":0.003000000026077032,"enemyTowersLeft":1,"deaths":0.0010000000474974513,"teamNetWorth":0.07119999825954437,"teamKills":0.0020000000949949026},"lastItemPurchased":[0,0,0,0,1,0,0,0,0,0,0]},"npc_dota_hero_kunkka":{"lastAbilityUpgraded":"","victory":true,"state":{"kills":0.0010000000474974513,"towersLeft":1,"netWorth":0.01181000005453825,"xp":0.04194444417953491,"teamXp":0.05081481486558914,"teamDeaths":0.003000000026077032,"enemyTowersLeft":1,"deaths":0,"teamNetWorth":0.07119999825954437,"teamKills":0.0020000000949949026},"lastItemPurchased":[0,0,0,0,0,0,0,0,0,0,0]},"npc_dota_hero_luna":{"lastAbilityUpgraded":"","victory":true,"state":{"kills":0.0010000000474974513,"towersLeft":1,"netWorth":0.02198999933898449,"xp":0.04922839626669884,"teamXp":0.05081481486558914,"teamDeaths":0.003000000026077032,"enemyTowersLeft":1,"deaths":0,"teamNetWorth":0.07119999825954437,"teamKills":0.0020000000949949026},"lastItemPurchased":[0,1,0,0,0,0,0,0,0,0,0]},"npc_dota_hero_slardar":{"lastAbilityUpgraded":"","victory":false,"state":{"kills":0,"towersLeft":1,"netWorth":0.009080000221729279,"xp":0.042129628360271454,"teamXp":0.06309876590967178,"teamDeaths":0.003000000026077032,"enemyTowersLeft":1,"deaths":0,"teamNetWorth":0.08828999847173691,"teamKills":0.003000000026077032},"lastItemPurchased":[0,0,0,0,0,0,0,0,0,0,0]},"npc_dota_hero_morphling":{"lastAbilityUpgraded":"","victory":false,"state":{"kills":0.0010000000474974513,"towersLeft":1,"netWorth":0.021870000287890434,"xp":0.07055555284023285,"teamXp":0.06309876590967178,"teamDeaths":0.003000000026077032,"enemyTowersLeft":1,"deaths":0,"teamNetWorth":0.08828999847173691,"teamKills":0.003000000026077032},"lastItemPurchased":[0,0,0,0,0,0,0,0,0,0,0]},"npc_dota_hero_shadow_demon":{"lastAbilityUpgraded":"","victory":true,"state":{"kills":0,"towersLeft":1,"netWorth":0.00622999994084239,"xp":0.02250000089406967,"teamXp":0.05081481486558914,"teamDeaths":0.003000000026077032,"enemyTowersLeft":1,"deaths":0.0010000000474974513,"teamNetWorth":0.07119999825954437,"teamKills":0.0020000000949949026},"lastItemPurchased":[0,0,0,0,0,0,0,0,0,0,0]}}}