{"gameTime":24,"state":{"npc_dota_hero_crystal_maiden":{"lastAbilityUpgraded":"","victory":true,"state":{"kills":0.004999999888241291,"towersLeft":1,"netWorth":0.03500000014901161,"xp":0.15691357851028442,"teamXp":0.2177530825138092,"teamDeaths":0.007000000216066837,"enemyTowersLeft":0.8787878751754761,"deaths":0.0010000000474974513,"teamNetWorth":0.26423999667167664,"teamKills":0.019999999552965164},"lastItemPurchased":[0,0,0,1,0,0,0,0,0,0,0]},"npc_dota_hero_nyx_assassin":{"lastAbilityUpgraded":"","victory":true,"state":{"kills":0.004000000189989805,"towersLeft":1,"netWorth":0.04619000107049942,"xp":0.22712962329387665,"teamXp":0.2177530825138092,"teamDeaths":0.007000000216066837,"enemyTowersLeft":0.8787878751754761,"deaths":0.003000000026077032,"teamNetWorth":0.26423999667167664,"teamKills":0.019999999552965164},"lastItemPurchased":[0,0,0,0,0,0,0,0,0,0,1]},"npc_dota_hero_alchemist":{"lastAbilityUpgraded":"","victory":false,"state":{"kills":0.0010000000474974513,"towersLeft":0.8787878751754761,"netWorth":0.08500999957323074,"xp":0.2096913605928421,"teamXp":0.16856172680854797,"teamDeaths":0.020999999716877937,"enemyTowersLeft":1,"deaths":0.003000000026077032,"teamNetWorth":0.1878100037574768,"teamKills":0.006000000052154064},"lastItemPurchased":[0,0,0,0,0,0,0,0,0,0,0]},"npc_dota_hero_phantom_assassin":{"lastAbilityUpgraded":"","victory":true,"state":{"kills":0.00800000037997961,"towersLeft":1,"netWorth":0.07773999869823456,"xp":0.28719136118888855,"teamXp":0.2177530825138092,"teamDeaths":0.007000000216066837,"enemyTowersLeft":0.8787878751754761,"deaths":0.0020000000949949026,"teamNetWorth":0.26423999667167664,"teamKills":0.019999999552965164},"lastItemPurchased":[0,0,0,0,0,0,0,0,0,0,0]},"npc_dota_hero_slardar":{"lastAbilityUpgraded":"","victory":false,"state":{"kills":0,"towersLeft":0.8787878751754761,"netWorth":0.020509999245405197,"xp":0.14058642089366913,"teamXp":0.16856172680854797,"teamDeaths":0.020999999716877937,"enemyTowersLeft":1,"deaths":0.006000000052154064,"teamNetWorth":0.1878100037574768,"teamKills":0.006000000052154064},"lastItemPurchased":[0,0,0,0,0,0,0,0,0,0,0]},"npc_dota_hero_ancient_apparition":{"lastAbilityUpgraded":"","victory":false,"state":{"kills":0.0010000000474974513,"towersLeft":0.8787878751754761,"netWorth":0.021609999239444733,"xp":0.14910493791103363,"teamXp":0.16856172680854797,"teamDeaths":0.020999999716877937,"enemyTowersLeft":1,"deaths":0.003000000026077032,"teamNetWorth":0.1878100037574768,"teamKills":0.006000000052154064},"lastItemPurchased":[0,0,0,0,1,0,0,0,0,0,0]},"npc_dota_hero_morphling":{"lastAbilityUpgraded":"","victory":true,"state":{"kills":0.003000000026077032,"towersLeft":1,"netWorth":0.07038000226020813,"xp":0.25209876894950867,"teamXp":0.2177530825138092,"teamDeaths":0.007000000216066837,"enemyTowersLeft":0.8787878751754761,"deaths":0,"teamNetWorth":0.26423999667167664,"teamKills":0.019999999552965164},"lastItemPurchased":[0,0,0,0,0,0,0,0,0,0,0]},"npc_dota_hero_brewmaster":{"lastAbilityUpgraded":"","victory":false,"state":{"kills":0,"towersLeft":0.8787878751754761,"netWorth":0.009940000250935555,"xp":0.13820987939834595,"teamXp":0.16856172680854797,"teamDeaths":0.020999999716877937,"enemyTowersLeft":1,"deaths":0.006000000052154064,"teamNetWorth":0.1878100037574768,"teamKills":0.006000000052154064},"lastItemPurchased":[0,0,0,0,0,0,0,0,0,0,0]},"npc_dota_hero_omniknight":{"lastAbilityUpgraded":"","victory":true,"state":{"kills":0,"towersLeft":1,"netWorth":0.034929998219013214,"xp":0.16543209552764893,"teamXp":0.2177530825138092,"teamDeaths":0.007000000216066837,"enemyTowersLeft":0.8787878751754761,"deaths":0.0010000000474974513,"teamNetWorth":0.26423999667167664,"teamKills":0.019999999552965164},"lastItemPurchased":[0,0,0,0,0,0,1,0,0,0,0]},"npc_dota_hero_juggernaut":{"lastAbilityUpgraded":"","victory":false,"state":{"kills":0.004000000189989805,"towersLeft":0.8787878751754761,"netWorth":0.05073999986052513,"xp":0.20521605014801025,"teamXp":0.16856172680854797,"teamDeaths":0.020999999716877937,"enemyTowersLeft":1,"deaths":0.003000000026077032,"teamNetWorth":0.1878100037574768,"teamKills":0.006000000052154064},"lastItemPurchased":[0,0,0,0,0,0,0,0,0,0,0]}}}