{"gameTime":31,"state":{"npc_dota_hero_crystal_maiden":{"lastAbilityUpgraded":"","victory":true,"state":{"kills":0.006000000052154064,"towersLeft":0.9696969985961914,"netWorth":0.05245999991893768,"xp":0.2676851749420166,"teamXp":0.34875309467315674,"teamDeaths":0.009999999776482582,"enemyTowersLeft":0.8181818127632141,"deaths":0.0020000000949949026,"teamNetWorth":0.4046199917793274,"teamKills":0.02800000086426735},"lastItemPurchased":[0,0,0,0,0,0,0,0,0,0,0]},"npc_dota_hero_nyx_assassin":{"lastAbilityUpgraded":"","victory":true,"state":{"kills":0.004999999888241291,"towersLeft":0.9696969985961914,"netWorth":0.06672000139951706,"xp":0.3463580310344696,"teamXp":0.34875309467315674,"teamDeaths":0.009999999776482582,"enemyTowersLeft":0.8181818127632141,"deaths":0.004000000189989805,"teamNetWorth":0.4046199917793274,"teamKills":0.02800000086426735},"lastItemPurchased":[0,0,0,0,0,0,0,0,0,0,0]},"npc_dota_hero_alchemist":{"lastAbilityUpgraded":"","victory":false,"state":{"kills":0.0020000000949949026,"towersLeft":0.8181818127632141,"netWorth":0.11591999977827072,"xp":0.3282407522201538,"teamXp":0.2620123326778412,"teamDeaths":0.028999999165534973,"enemyTowersLeft":0.9696969985961914,"deaths":0.004999999888241291,"teamNetWorth":0.2723900079727173,"teamKills":0.008999999612569809},"lastItemPurchased":[0,0,0,0,0,0,0,0,0,0,0]},"npc_dota_hero_phantom_assassin":{"lastAbilityUpgraded":"","victory":true,"state":{"kills":0.010999999940395355,"towersLeft":0.9696969985961914,"netWorth":0.12205000221729279,"xp":0.478179007768631,"teamXp":0.34875309467315674,"teamDeaths":0.009999999776482582,"enemyTowersLeft":0.8181818127632141,"deaths":0.0020000000949949026,"teamNetWorth":0.4046199917793274,"teamKills":0.02800000086426735},"lastItemPurchased":[0,0,0,0,0,0,0,1,0,0,0]},"npc_dota_hero_slardar":{"lastAbilityUpgraded":"","victory":false,"state":{"kills":0,"towersLeft":0.8181818127632141,"netWorth":0.027939999476075172,"xp":0.20058642327785492,"teamXp":0.2620123326778412,"teamDeaths":0.028999999165534973,"enemyTowersLeft":0.9696969985961914,"deaths":0.00800000037997961,"teamNetWorth":0.2723900079727173,"teamKills":0.008999999612569809},"lastItemPurchased":[0,0,0,0,0,0,0,0,0,0,0]},"npc_dota_hero_ancient_apparition":{"lastAbilityUpgraded":"","victory":false,"state":{"kills":0.0020000000949949026,"towersLeft":0.8181818127632141,"netWorth":0.03067000024020672,"xp":0.23895061016082764,"teamXp":0.2620123326778412,"teamDeaths":0.028999999165534973,"enemyTowersLeft":0.9696969985961914,"deaths":0.004999999888241291,"teamNetWorth":0.2723900079727173,"teamKills":0.008999999612569809},"lastItemPurchased":[0,0,0,0,0,0,0,0,0,0,0]},"npc_dota_hero_morphling":{"lastAbilityUpgraded":"","victory":true,"state":{"kills":0.004000000189989805,"towersLeft":0.9696969985961914,"netWorth":0.11296000331640244,"xp":0.4167284071445465,"teamXp":0.34875309467315674,"teamDeaths":0.009999999776482582,"enemyTowersLeft":0.8181818127632141,"deaths":0,"teamNetWorth":0.4046199917793274,"teamKills":0.02800000086426735},"lastItemPurchased":[0,0,0,0,0,0,0,0,0,0,1]},"npc_dota_hero_brewmaster":{"lastAbilityUpgraded":"","victory":false,"state":{"kills":0,"towersLeft":0.8181818127632141,"netWorth":0.016459999606013298,"xp":0.2029629647731781,"teamXp":0.2620123326778412,"teamDeaths":0.028999999165534973,"enemyTowersLeft":0.9696969985961914,"deaths":0.007000000216066837,"teamNetWorth":0.2723900079727173,"teamKills":0.008999999612569809},"lastItemPurchased":[0,0,0,0,1,0,0,0,0,0,0]},"npc_dota_hero_omniknight":{"lastAbilityUpgraded":"","victory":true,"state":{"kills":0.0020000000949949026,"towersLeft":0.9696969985961914,"netWorth":0.05042999982833862,"xp":0.2348148077726364,"teamXp":0.34875309467315674,"teamDeaths":0.009999999776482582,"enemyTowersLeft":0.8181818127632141,"deaths":0.0020000000949949026,"teamNetWorth":0.4046199917793274,"teamKills":0.02800000086426735},"lastItemPurchased":[0,0,0,0,0,0,0,0,0,0,0]},"npc_dota_hero_juggernaut":{"lastAbilityUpgraded":"","victory":false,"state":{"kills":0.004999999888241291,"towersLeft":0.8181818127632141,"netWorth":0.08139999955892563,"xp":0.33932098746299744,"teamXp":0.2620123326778412,"teamDeaths":0.028999999165534973,"enemyTowersLeft":0.9696969985961914,"deaths":0.004000000189989805,"teamNetWorth":0.2723900079727173,"teamKills":0.008999999612569809},"lastItemPurchased":[0,0,0,0,0,0,0,0,0,0,0]}}}