{"gameTime":34,"state":{"npc_dota_hero_ursa":{"lastAbilityUpgraded":"","victory":false,"state":{"kills":0.006000000052154064,"towersLeft":0.8787878751754761,"netWorth":0.1128000020980835,"xp":0.5081481337547302,"teamXp":0.3718024790287018,"teamDeaths":0.027000000700354576,"enemyTowersLeft":1,"deaths":0.004999999888241291,"teamNetWorth":0.3421500027179718,"teamKills":0.020999999716877937},"lastItemPurchased":[0,0,0,0,0,0,0,0,0,0,0]},"npc_dota_hero_riki":{"lastAbilityUpgraded":"","victory":false,"state":{"kills":0.004999999888241291,"towersLeft":0.8787878751754761,"netWorth":0.053300000727176666,"xp":0.35320988297462463,"teamXp":0.3718024790287018,"teamDeaths":0.027000000700354576,"enemyTowersLeft":1,"deaths":0.004000000189989805,"teamNetWorth":0.3421500027179718,"teamKills":0.020999999716877937},"lastItemPurchased":[0,0,0,0,0,0,0,0,0,0,0]},"npc_dota_hero_life_stealer":{"lastAbilityUpgraded":"","victory":true,"state":{"kills":0.009999999776482582,"towersLeft":0.939393937587738,"netWorth":0.10770999640226364,"xp":0.4855246841907501,"teamXp":0.36411112546920776,"teamDeaths":0.027000000700354576,"enemyTowersLeft":0.8181818127632141,"deaths":0.003000000026077032,"teamNetWorth":0.38541001081466675,"teamKills":0.026000000536441803},"lastItemPurchased":[0,0,0,0,0,0,0,0,0,0,0]},"npc_dota_hero_venomancer":{"lastAbilityUpgraded":"","victory":true,"state":{"kills":0.0010000000474974513,"towersLeft":0.939393937587738,"netWorth":0.04651999846100807,"xp":0.270061731338501,"teamXp":0.36411112546920776,"teamDeaths":0.027000000700354576,"enemyTowersLeft":0.8181818127632141,"deaths":0.006000000052154064,"teamNetWorth":0.38541001081466675,"teamKills":0.026000000536441803},"lastItemPurchased":[0,0,0,0,0,0,0,0,0,0,0]},"npc_dota_hero_mirana":{"lastAbilityUpgraded":"","victory":false,"state":{"kills":0.004999999888241291,"towersLeft":0.8787878751754761,"netWorth":0.08614999800920486,"xp":0.4341975450515747,"teamXp":0.3718024790287018,"teamDeaths":0.027000000700354576,"enemyTowersLeft":1,"deaths":0.004000000189989805,"teamNetWorth":0.3421500027179718,"teamKills":0.020999999716877937},"lastItemPurchased":[0,0,0,0,0,0,0,0,0,0,0]},"npc_dota_hero_lion":{"lastAbilityUpgraded":"","victory":false,"state":{"kills":0.0020000000949949026,"towersLeft":0.8787878751754761,"netWorth":0.007899999618530273,"xp":0.16808642446994781,"teamXp":0.3718024790287018,"teamDeaths":0.027000000700354576,"enemyTowersLeft":1,"deaths":0.009999999776482582,"teamNetWorth":0.3421500027179718,"teamKills":0.020999999716877937},"lastItemPurchased":[0,0,0,0,0,0,0,0,0,0,0]},"npc_dota_hero_slardar":{"lastAbilityUpgraded":"","victory":true,"state":{"kills":0.003000000026077032,"towersLeft":0.939393937587738,"netWorth":0.06755000352859497,"xp":0.37827160954475403,"teamXp":0.36411112546920776,"teamDeaths":0.027000000700354576,"enemyTowersLeft":0.8181818127632141,"deaths":0.004999999888241291,"teamNetWorth":0.38541001081466675,"teamKills":0.026000000536441803},"lastItemPurchased":[0,0,0,0,0,0,0,0,0,0,0]},"npc_dota_hero_bounty_hunter":{"lastAbilityUpgraded":"","victory":true,"state":{"kills":0.004999999888241291,"towersLeft":0.939393937587738,"netWorth":0.0628499984741211,"xp":0.23027777671813965,"teamXp":0.36411112546920776,"teamDeaths":0.027000000700354576,"enemyTowersLeft":0.8181818127632141,"deaths":0.007000000216066837,"teamNetWorth":0.38541001081466675,"teamKills":0.026000000536441803},"lastItemPurchased":[1,0,0,0,0,0,0,0,0,0,0]},"npc_dota_hero_rattletrap":{"lastAbilityUpgraded":"","victory":false,"state":{"kills":0.003000000026077032,"towersLeft":0.8787878751754761,"netWorth":0.0820000022649765,"xp":0.39537036418914795,"teamXp":0.3718024790287018,"teamDeaths":0.027000000700354576,"enemyTowersLeft":1,"deaths":0.004000000189989805,"teamNetWorth":0.3421500027179718,"teamKills":0.020999999716877937},"lastItemPurchased":[0,0,0,0,0,0,0,0,0,0,0]},"npc_dota_hero_juggernaut":{"lastAbilityUpgraded":"","victory":true,"state":{"kills":0.007000000216066837,"towersLeft":0.939393937587738,"netWorth":0.10078000277280807,"xp":0.45641976594924927,"teamXp":0.36411112546920776,"teamDeaths":0.027000000700354576,"enemyTowersLeft":0.8181818127632141,"deaths":0.006000000052154064,"teamNetWorth":0.38541001081466675,"teamKills":0.026000000536441803},"lastItemPurchased":[0,0,0,0,0,0,0,0,0,0,0]}}}