{"gameTime":45,"state":{"npc_dota_hero_ursa":{"lastAbilityUpgraded":"","victory":false,"state":{"kills":0.00800000037997961,"towersLeft":0.06060606241226196,"netWorth":0.12035000324249268,"xp":0.5995678901672363,"teamXp":0.49553704261779785,"teamDeaths":0.03700000047683716,"enemyTowersLeft":1,"deaths":0.00800000037997961,"teamNetWorth":0.4407599866390228,"teamKills":0.026000000536441803},"lastItemPurchased":[0,0,0,0,0,0,0,0,0,0,0]},"npc_dota_hero_riki":{"lastAbilityUpgraded":"","victory":false,"state":{"kills":0.007000000216066837,"towersLeft":0.06060606241226196,"netWorth":0.07910999655723572,"xp":0.4970061779022217,"teamXp":0.49553704261779785,"teamDeaths":0.03700000047683716,"enemyTowersLeft":1,"deaths":0.004999999888241291,"teamNetWorth":0.4407599866390228,"teamKills":0.026000000536441803},"lastItemPurchased":[0,0,0,0,0,0,0,0,0,0,0]},"npc_dota_hero_life_stealer":{"lastAbilityUpgraded":"","victory":true,"state":{"kills":0.014000000432133675,"towersLeft":0.939393937587738,"netWorth":0.18244999647140503,"xp":0.6654938459396362,"teamXp":0.5292345881462097,"teamDeaths":0.03200000151991844,"enemyTowersLeft":0,"deaths":0.003000000026077032,"teamNetWorth":0.7070900201797485,"teamKills":0.035999998450279236},"lastItemPurchased":[0,0,0,0,0,0,0,0,0,0,0]},"npc_dota_hero_venomancer":{"lastAbilityUpgraded":"","victory":true,"state":{"kills":0.0020000000949949026,"towersLeft":0.939393937587738,"netWorth":0.10722000151872635,"xp":0.41999998688697815,"teamXp":0.5292345881462097,"teamDeaths":0.03200000151991844,"enemyTowersLeft":0,"deaths":0.007000000216066837,"teamNetWorth":0.7070900201797485,"teamKills":0.035999998450279236},"lastItemPurchased":[0,0,0,0,0,0,0,0,0,0,0]},"npc_dota_hero_mirana":{"lastAbilityUpgraded":"","victory":false,"state":{"kills":0.006000000052154064,"towersLeft":0.06060606241226196,"netWorth":0.12509000301361084,"xp":0.5851234793663025,"teamXp":0.49553704261779785,"teamDeaths":0.03700000047683716,"enemyTowersLeft":1,"deaths":0.004999999888241291,"teamNetWorth":0.4407599866390228,"teamKills":0.026000000536441803},"lastItemPurchased":[0,0,0,0,0,0,0,0,0,0,0]},"npc_dota_hero_lion":{"lastAbilityUpgraded":"","victory":false,"state":{"kills":0.0020000000949949026,"towersLeft":0.06060606241226196,"netWorth":0.010329999960958958,"xp":0.25089505314826965,"teamXp":0.49553704261779785,"teamDeaths":0.03700000047683716,"enemyTowersLeft":1,"deaths":0.013000000268220901,"teamNetWorth":0.4407599866390228,"teamKills":0.026000000536441803},"lastItemPurchased":[0,0,0,0,0,0,0,0,0,0,0]},"npc_dota_hero_slardar":{"lastAbilityUpgraded":"","victory":true,"state":{"kills":0.003000000026077032,"towersLeft":0.939393937587738,"netWorth":0.11388999968767166,"xp":0.5257407426834106,"teamXp":0.5292345881462097,"teamDeaths":0.03200000151991844,"enemyTowersLeft":0,"deaths":0.006000000052154064,"teamNetWorth":0.7070900201797485,"teamKills":0.035999998450279236},"lastItemPurchased":[0,0,0,0,0,0,0,0,0,0,0]},"npc_dota_hero_bounty_hunter":{"lastAbilityUpgraded":"","victory":true,"state":{"kills":0.006000000052154064,"towersLeft":0.939393937587738,"netWorth":0.12890000641345978,"xp":0.37296295166015625,"teamXp":0.5292345881462097,"teamDeaths":0.03200000151991844,"enemyTowersLeft":0,"deaths":0.00800000037997961,"teamNetWorth":0.7070900201797485,"teamKills":0.035999998450279236},"lastItemPurchased":[0,0,0,0,0,0,0,0,0,0,0]},"npc_dota_hero_rattletrap":{"lastAbilityUpgraded":"","victory":false,"state":{"kills":0.003000000026077032,"towersLeft":0.06060606241226196,"netWorth":0.1058799996972084,"xp":0.5450925827026367,"teamXp":0.49553704261779785,"teamDeaths":0.03700000047683716,"enemyTowersLeft":1,"deaths":0.006000000052154064,"teamNetWorth":0.4407599866390228,"teamKills":0.026000000536441803},"lastItemPurchased":[0,0,0,0,0,0,0,0,0,0,0]},"npc_dota_hero_juggernaut":{"lastAbilityUpgraded":"","victory":true,"state":{"kills":0.010999999940395355,"towersLeft":0.939393937587738,"netWorth":0.17463000118732452,"xp":0.6619753241539001,"teamXp":0.5292345881462097,"teamDeaths":0.03200000151991844,"enemyTowersLeft":0,"deaths":0.00800000037997961,"teamNetWorth":0.7070900201797485,"teamKills":0.035999998450279236},"lastItemPurchased":[0,0,0,0,0,0,0,0,0,0,0]}}}