{"gameTime":31,"state":{"npc_dota_hero_drow_ranger":{"lastAbilityUpgraded":"","victory":true,"state":{"kills":0.006000000052154064,"towersLeft":0.9696969985961914,"netWorth":0.1207600012421608,"xp":0.4951234459877014,"teamXp":0.36553704738616943,"teamDeaths":0.01899999938905239,"enemyTowersLeft":0.7272727489471436,"deaths":0.003000000026077032,"teamNetWorth":0.44593000411987305,"teamKills":0.023000000044703484},"lastItemPurchased":[0,0,0,0,0,0,0,0,0,0,0]},"npc_dota_hero_pudge":{"lastAbilityUpgraded":"","victory":false,"state":{"kills":0.004999999888241291,"towersLeft":0.6969696879386902,"netWorth":0.019440000876784325,"xp":0.16472221910953522,"teamXp":0.30401235818862915,"teamDeaths":0.02800000086426735,"enemyTowersLeft":0.939393937587738,"deaths":0.008999999612569809,"teamNetWorth":0.33322998881340027,"teamKills":0.01899999938905239},"lastItemPurchased":[0,0,0,0,0,0,0,0,0,0,0]},"npc_dota_hero_invoker":{"lastAbilityUpgraded":"","victory":false,"state":{"kills":0.004000000189989805,"towersLeft":0.6969696879386902,"netWorth":0.09798000007867813,"xp":0.3882407546043396,"teamXp":0.30401235818862915,"teamDeaths":0.02800000086426735,"enemyTowersLeft":0.939393937587738,"deaths":0.004000000189989805,"teamNetWorth":0.33322998881340027,"teamKills":0.01899999938905239},"lastItemPurchased":[0,0,0,0,0,0,0,0,0,0,0]},"npc_dota_hero_mirana":{"lastAbilityUpgraded":"","victory":true,"state":{"kills":0.004000000189989805,"towersLeft":0.9696969985961914,"netWorth":0.10898000001907349,"xp":0.3902469277381897,"teamXp":0.36553704738616943,"teamDeaths":0.01899999938905239,"enemyTowersLeft":0.7272727489471436,"deaths":0.0020000000949949026,"teamNetWorth":0.44593000411987305,"teamKills":0.023000000044703484},"lastItemPurchased":[0,0,0,0,0,0,0,0,0,0,0]},"npc_dota_hero_keeper_of_the_light":{"lastAbilityUpgraded":"","victory":false,"state":{"kills":0.0010000000474974513,"towersLeft":0.6969696879386902,"netWorth":0.040789999067783356,"xp":0.2224382758140564,"teamXp":0.30401235818862915,"teamDeaths":0.02800000086426735,"enemyTowersLeft":0.939393937587738,"deaths":0.004999999888241291,"teamNetWorth":0.33322998881340027,"teamKills":0.01899999938905239},"lastItemPurchased":[1,0,0,0,0,0,0,0,0,0,0]},"npc_dota_hero_slardar":{"lastAbilityUpgraded":"","victory":true,"state":{"kills":0.0020000000949949026,"towersLeft":0.9696969985961914,"netWorth":0.07159999758005142,"xp":0.3444135785102844,"teamXp":0.36553704738616943,"teamDeaths":0.01899999938905239,"enemyTowersLeft":0.7272727489471436,"deaths":0.0020000000949949026,"teamNetWorth":0.44593000411987305,"teamKills":0.023000000044703484},"lastItemPurchased":[0,0,0,0,0,0,0,0,0,0,0]},"npc_dota_hero_rattletrap":{"lastAbilityUpgraded":"","victory":false,"state":{"kills":0.006000000052154064,"towersLeft":0.6969696879386902,"netWorth":0.04529999941587448,"xp":0.2617592513561249,"teamXp":0.30401235818862915,"teamDeaths":0.02800000086426735,"enemyTowersLeft":0.939393937587738,"deaths":0.00800000037997961,"teamNetWorth":0.33322998881340027,"teamKills":0.01899999938905239},"lastItemPurchased":[0,0,0,0,0,0,0,0,0,0,0]},"npc_dota_hero_furion":{"lastAbilityUpgraded":"","victory":true,"state":{"kills":0.006000000052154064,"towersLeft":0.9696969985961914,"netWorth":0.09954000264406204,"xp":0.3301234543323517,"teamXp":0.36553704738616943,"teamDeaths":0.01899999938905239,"enemyTowersLeft":0.7272727489471436,"deaths":0.004999999888241291,"teamNetWorth":0.44593000411987305,"teamKills":0.023000000044703484},"lastItemPurchased":[0,0,0,0,0,0,0,0,0,0,0]},"npc_dota_hero_vengefulspirit":{"lastAbilityUpgraded":"","victory":true,"state":{"kills":0.004999999888241291,"towersLeft":0.9696969985961914,"netWorth":0.045049998909235,"xp":0.26777777075767517,"teamXp":0.36553704738616943,"teamDeaths":0.01899999938905239,"enemyTowersLeft":0.7272727489471436,"deaths":0.007000000216066837,"teamNetWorth":0.44593000411987305,"teamKills":0.023000000044703484},"lastItemPurchased":[0,0,0,0,0,0,1,0,0,0,0]},"npc_dota_hero_sven":{"lastAbilityUpgraded":"","victory":false,"state":{"kills":0.003000000026077032,"towersLeft":0.6969696879386902,"netWorth":0.12972000241279602,"xp":0.4829012453556061,"teamXp":0.30401235818862915,"teamDeaths":0.02800000086426735,"enemyTowersLeft":0.939393937587738,"deaths":0.0020000000949949026,"teamNetWorth":0.33322998881340027,"teamKills":0.01899999938905239},"lastItemPurchased":[0,0,0,0,0,0,0,1,0,0,0]}}}