{"gameTime":8,"state":{"npc_dota_hero_drow_ranger":{"lastAbilityUpgraded":"","victory":true,"state":{"kills":0,"towersLeft":1,"netWorth":0.011020000092685223,"xp":0.0241975300014019,"teamXp":0.022864198312163353,"teamDeaths":0.0020000000949949026,"enemyTowersLeft":1,"deaths":0,"teamNetWorth":0.04464000090956688,"teamKills":0},"lastItemPurchased":[0,0,0,0,0,0,0,0,0,0,0]},"npc_dota_hero_pudge":{"lastAbilityUpgraded":"","victory":false,"state":{"kills":0,"towersLeft":1,"netWorth":0.009429999627172947,"xp":0.006388888694345951,"teamXp":0.023722222074866295,"teamDeaths":0,"enemyTowersLeft":1,"deaths":0,"teamNetWorth":0.0575999990105629,"teamKills":0.0020000000949949026},"lastItemPurchased":[0,0,0,1,0,0,0,0,0,0,0]},"npc_dota_hero_invoker":{"lastAbilityUpgraded":"","victory":false,"state":{"kills":0,"towersLeft":1,"netWorth":0.012009999714791775,"xp":0.03746913745999336,"teamXp":0.023722222074866295,"teamDeaths":0,"enemyTowersLeft":1,"deaths":0,"teamNetWorth":0.0575999990105629,"teamKills":0.0020000000949949026},"lastItemPurchased":[0,0,0,0,0,0,0,0,0,0,0]},"npc_dota_hero_mirana":{"lastAbilityUpgraded":"","victory":true,"state":{"kills":0,"towersLeft":1,"netWorth":0.009589999914169312,"xp":0.03589506074786186,"teamXp":0.022864198312163353,"teamDeaths":0.0020000000949949026,"enemyTowersLeft":1,"deaths":0,"teamNetWorth":0.04464000090956688,"teamKills":0},"lastItemPurchased":[0,0,0,0,0,0,0,0,0,0,0]},"npc_dota_hero_keeper_of_the_light":{"lastAbilityUpgraded":"","victory":false,"state":{"kills":0,"towersLeft":1,"netWorth":0.007240000180900097,"xp":0.015555555932223797,"teamXp":0.023722222074866295,"teamDeaths":0,"enemyTowersLeft":1,"deaths":0,"teamNetWorth":0.0575999990105629,"teamKills":0.0020000000949949026},"lastItemPurchased":[0,0,0,0,0,0,0,0,0,0,0]},"npc_dota_hero_slardar":{"lastAbilityUpgraded":"","victory":true,"state":{"kills":0,"towersLeft":1,"netWorth":0.0060800001956522465,"xp":0.02280864119529724,"teamXp":0.022864198312163353,"teamDeaths":0.0020000000949949026,"enemyTowersLeft":1,"deaths":0.0010000000474974513,"teamNetWorth":0.04464000090956688,"teamKills":0},"lastItemPurchased":[0,0,0,0,0,0,0,0,0,0,0]},"npc_dota_hero_rattletrap":{"lastAbilityUpgraded":"","victory":false,"state":{"kills":0.0010000000474974513,"towersLeft":1,"netWorth":0.012910000048577785,"xp":0.03549382835626602,"teamXp":0.023722222074866295,"teamDeaths":0,"enemyTowersLeft":1,"deaths":0,"teamNetWorth":0.0575999990105629,"teamKills":0.0020000000949949026},"lastItemPurchased":[0,1,0,0,0,0,0,0,0,0,0]},"npc_dota_hero_furion":{"lastAbilityUpgraded":"","victory":true,"state":{"kills":0,"towersLeft":1,"netWorth":0.01209999993443489,"xp":0.023179011419415474,"teamXp":0.022864198312163353,"teamDeaths":0.0020000000949949026,"enemyTowersLeft":1,"deaths":0,"teamNetWorth":0.04464000090956688,"teamKills":0},"lastItemPurchased":[0,0,0,0,0,0,0,0,0,0,0]},"npc_dota_hero_vengefulspirit":{"lastAbilityUpgraded":"","victory":true,"state":{"kills":0,"towersLeft":1,"netWorth":0.005849999841302633,"xp":0.00824074074625969,"teamXp":0.022864198312163353,"teamDeaths":0.0020000000949949026,"enemyTowersLeft":1,"deaths":0.0010000000474974513,"teamNetWorth":0.04464000090956688,"teamKills":0},"lastItemPurchased":[0,0,0,0,0,0,0,0,0,0,0]},"npc_dota_hero_sven":{"lastAbilityUpgraded":"","victory":false,"state":{"kills":0.0010000000474974513,"towersLeft":1,"netWorth":0.016009999439120293,"xp":0.02370370365679264,"teamXp":0.023722222074866295,"teamDeaths":0,"enemyTowersLeft":1,"deaths":0,"teamNetWorth":0.0575999990105629,"teamKills":0.0020000000949949026},"lastItemPurchased":[0,0,1,0,0,0,0,0,0,0,0]}}}