{"gameTime":16,"state":{"npc_dota_hero_rubick":{"lastAbilityUpgraded":"","victory":false,"state":{"kills":0.0010000000474974513,"towersLeft":1,"netWorth":0.013989999890327454,"xp":0.05959876626729965,"teamXp":0.0938456803560257,"teamDeaths":0.008999999612569809,"enemyTowersLeft":1,"deaths":0.0010000000474974513,"teamNetWorth":0.10711999982595444,"teamKills":0.006000000052154064},"lastItemPurchased":[0,0,0,0,0,0,0,0,0,0,0]},"npc_dota_hero_pudge":{"lastAbilityUpgraded":"","victory":true,"state":{"kills":0.0020000000949949026,"towersLeft":1,"netWorth":0.013009999878704548,"xp":0.05407407507300377,"teamXp":0.09447530657052994,"teamDeaths":0.006000000052154064,"enemyTowersLeft":1,"deaths":0.003000000026077032,"teamNetWorth":0.1206900030374527,"teamKills":0.00800000037997961},"lastItemPurchased":[0,0,0,0,0,0,0,0,0,0,0]},"npc_dota_hero_sand_king":{"lastAbilityUpgraded":"","victory":false,"state":{"kills":0,"towersLeft":1,"netWorth":0.015790000557899475,"xp":0.1028086394071579,"teamXp":0.0938456803560257,"teamDeaths":0.008999999612569809,"enemyTowersLeft":1,"deaths":0.003000000026077032,"teamNetWorth":0.10711999982595444,"teamKills":0.006000000052154064},"lastItemPurchased":[0,0,0,0,0,0,0,0,0,0,0]},"npc_dota_hero_invoker":{"lastAbilityUpgraded":"","victory":true,"state":{"kills":0.0020000000949949026,"towersLeft":1,"netWorth":0.032519999891519547,"xp":0.12870369851589203,"teamXp":0.09447530657052994,"teamDeaths":0.006000000052154064,"enemyTowersLeft":1,"deaths":0.0010000000474974513,"teamNetWorth":0.1206900030374527,"teamKills":0.00800000037997961},"lastItemPurchased":[0,0,0,0,0,0,0,0,0,0,0]},"npc_dota_hero_lion":{"lastAbilityUpgraded":"","victory":true,"state":{"kills":0.0010000000474974513,"towersLeft":1,"netWorth":0.013240000233054161,"xp":0.05944444611668587,"teamXp":0.09447530657052994,"teamDeaths":0.006000000052154064,"enemyTowersLeft":1,"deaths":0.0010000000474974513,"teamNetWorth":0.1206900030374527,"teamKills":0.00800000037997961},"lastItemPurchased":[0,0,0,0,0,0,0,0,0,0,0]},"npc_dota_hero_ember_spirit":{"lastAbilityUpgraded":"","victory":false,"state":{"kills":0.0010000000474974513,"towersLeft":1,"netWorth":0.02669999934732914,"xp":0.12040123343467712,"teamXp":0.0938456803560257,"teamDeaths":0.008999999612569809,"enemyTowersLeft":1,"deaths":0.0010000000474974513,"teamNetWorth":0.10711999982595444,"teamKills":0.006000000052154064},"lastItemPurchased":[0,0,0,0,0,0,0,0,0,0,0]},"npc_dota_hero_oracle":{"lastAbilityUpgraded":"","victory":false,"state":{"kills":0.0020000000949949026,"towersLeft":1,"netWorth":0.010479999706149101,"xp":0.0575617291033268,"teamXp":0.0938456803560257,"teamDeaths":0.008999999612569809,"enemyTowersLeft":1,"deaths":0.003000000026077032,"teamNetWorth":0.10711999982595444,"teamKills":0.006000000052154064},"lastItemPurchased":[0,0,0,0,0,0,0,0,0,0,0]},"npc_dota_hero_omniknight":{"lastAbilityUpgraded":"","victory":true,"state":{"kills":0,"towersLeft":1,"netWorth":0.016829999163746834,"xp":0.07919753342866898,"teamXp":0.09447530657052994,"teamDeaths":0.006000000052154064,"enemyTowersLeft":1,"deaths":0.0010000000474974513,"teamNetWorth":0.1206900030374527,"teamKills":0.00800000037997961},"lastItemPurchased":[0,0,0,0,0,0,0,0,0,0,1]},"npc_dota_hero_slark":{"lastAbilityUpgraded":"","victory":true,"state":{"kills":0.003000000026077032,"towersLeft":1,"netWorth":0.045090001076459885,"xp":0.15095679461956024,"teamXp":0.09447530657052994,"teamDeaths":0.006000000052154064,"enemyTowersLeft":1,"deaths":0,"teamNetWorth":0.1206900030374527,"teamKills":0.00800000037997961},"lastItemPurchased":[0,0,1,0,0,0,0,0,0,0,0]},"npc_dota_hero_juggernaut":{"lastAbilityUpgraded":"","victory":false,"state":{"kills":0.0020000000949949026,"towersLeft":1,"netWorth":0.04016000032424927,"xp":0.1288580298423767,"teamXp":0.0938456803560257,"teamDeaths":0.008999999612569809,"enemyTowersLeft":1,"deaths":0.0010000000474974513,"teamNetWorth":0.10711999982595444,"teamKills":0.006000000052154064},"lastItemPurchased":[0,0,0,0,0,0,0,0,0,1,0]}}}