{"gameTime":6,"state":{"npc_dota_hero_winter_wyvern":{"lastAbilityUpgraded":"","victory":true,"state":{"kills":0,"towersLeft":1,"netWorth":0.005659999791532755,"xp":0.012438271194696426,"teamXp":0.023308642208576202,"teamDeaths":0.0020000000949949026,"enemyTowersLeft":1,"deaths":0.0010000000474974513,"teamNetWorth":0.051830001175403595,"teamKills":0},"lastItemPurchased":[0,0,0,0,0,0,0,0,0,0,0]},"npc_dota_hero_axe":{"lastAbilityUpgraded":"","victory":true,"state":{"kills":0,"towersLeft":1,"netWorth":0.01348000019788742,"xp":0.020771604031324387,"teamXp":0.023308642208576202,"teamDeaths":0.0020000000949949026,"enemyTowersLeft":1,"deaths":0,"teamNetWorth":0.051830001175403595,"teamKills":0},"lastItemPurchased":[0,0,0,0,0,0,0,0,0,0,0]},"npc_dota_hero_drow_ranger":{"lastAbilityUpgraded":"","victory":true,"state":{"kills":0,"towersLeft":1,"netWorth":0.0065100002102553844,"xp":0.006265432108193636,"teamXp":0.023308642208576202,"teamDeaths":0.0020000000949949026,"enemyTowersLeft":1,"deaths":0.0010000000474974513,"teamNetWorth":0.051830001175403595,"teamKills":0},"lastItemPurchased":[0,0,0,0,0,0,0,0,0,0,0]},"npc_dota_hero_pudge":{"lastAbilityUpgraded":"","victory":true,"state":{"kills":0,"towersLeft":1,"netWorth":0.014539999887347221,"xp":0.04027777910232544,"teamXp":0.023308642208576202,"teamDeaths":0.0020000000949949026,"enemyTowersLeft":1,"deaths":0,"teamNetWorth":0.051830001175403595,"teamKills":0},"lastItemPurchased":[0,0,0,1,0,0,0,0,0,0,0]},"npc_dota_hero_phantom_lancer":{"lastAbilityUpgraded":"","victory":false,"state":{"kills":0,"towersLeft":1,"netWorth":0.010889999568462372,"xp":0.021203704178333282,"teamXp":0.023320987820625305,"teamDeaths":0,"enemyTowersLeft":1,"deaths":0,"teamNetWorth":0.05914999917149544,"teamKills":0.0010000000474974513},"lastItemPurchased":[0,0,0,0,0,1,0,0,0,0,0]},"npc_dota_hero_legion_commander":{"lastAbilityUpgraded":"","victory":false,"state":{"kills":0,"towersLeft":1,"netWorth":0.01145000010728836,"xp":0.017901234328746796,"teamXp":0.023320987820625305,"teamDeaths":0,"enemyTowersLeft":1,"deaths":0,"teamNetWorth":0.05914999917149544,"teamKills":0.0010000000474974513},"lastItemPurchased":[0,0,0,0,0,0,0,0,0,0,0]},"npc_dota_hero_mirana":{"lastAbilityUpgraded":"","victory":false,"state":{"kills":0,"towersLeft":1,"netWorth":0.01157000008970499,"xp":0.025833332911133766,"teamXp":0.023320987820625305,"teamDeaths":0,"enemyTowersLeft":1,"deaths":0,"teamNetWorth":0.05914999917149544,"teamKills":0.0010000000474974513},"lastItemPurchased":[1,0,0,0,0,0,0,0,0,0,0]},"npc_dota_hero_chaos_knight":{"lastAbilityUpgraded":"","victory":false,"state":{"kills":0,"towersLeft":1,"netWorth":0.010049999691545963,"xp":0.03324073925614357,"teamXp":0.023320987820625305,"teamDeaths":0,"enemyTowersLeft":1,"deaths":0,"teamNetWorth":0.05914999917149544,"teamKills":0.0010000000474974513},"lastItemPurchased":[0,0,0,0,0,1,0,0,0,0,0]},"npc_dota_hero_slark":{"lastAbilityUpgraded":"","victory":true,"state":{"kills":0,"towersLeft":1,"netWorth":0.011640000157058239,"xp":0.03679012507200241,"teamXp":0.023308642208576202,"teamDeaths":0.0020000000949949026,"enemyTowersLeft":1,"deaths":0,"teamNetWorth":0.051830001175403595,"teamKills":0},"lastItemPurchased":[0,0,1,0,0,0,0,0,0,0,0]},"npc_dota_hero_juggernaut":{"lastAbilityUpgraded":"","victory":false,"state":{"kills":0.0010000000474974513,"towersLeft":1,"netWorth":0.015189999714493752,"xp":0.018425926566123962,"teamXp":0.023320987820625305,"teamDeaths":0,"enemyTowersLeft":1,"deaths":0,"teamNetWorth":0.05914999917149544,"teamKills":0.0010000000474974513},"lastItemPurchased":[0,0,0,1,0,0,0,0,0,0,0]}}}