{"gameTime":25,"state":{"npc_dota_hero_nyx_assassin":{"lastAbilityUpgraded":"","victory":false,"state":{"kills":0.004000000189989805,"towersLeft":0.9696969985961914,"netWorth":0.0640999972820282,"xp":0.2683333456516266,"teamXp":0.26327160000801086,"teamDeaths":0.01899999938905239,"enemyTowersLeft":0.8787878751754761,"deaths":0.0010000000474974513,"teamNetWorth":0.3093400001525879,"teamKills":0.03200000151991844},"lastItemPurchased":[0,0,0,0,0,0,0,0,0,0,0]},"npc_dota_hero_life_stealer":{"lastAbilityUpgraded":"","victory":false,"state":{"kills":0.0020000000949949026,"towersLeft":0.9696969985961914,"netWorth":0.08326999843120575,"xp":0.32777777314186096,"teamXp":0.26327160000801086,"teamDeaths":0.01899999938905239,"enemyTowersLeft":0.8787878751754761,"deaths":0.0020000000949949026,"teamNetWorth":0.3093400001525879,"teamKills":0.03200000151991844},"lastItemPurchased":[0,0,1,0,0,0,0,0,0,0,0]},"npc_dota_hero_pudge":{"lastAbilityUpgraded":"","victory":false,"state":{"kills":0.008999999612569809,"towersLeft":0.9696969985961914,"netWorth":0.05234000086784363,"xp":0.21722222864627838,"teamXp":0.26327160000801086,"teamDeaths":0.01899999938905239,"enemyTowersLeft":0.8787878751754761,"deaths":0.004999999888241291,"teamNetWorth":0.3093400001525879,"teamKills":0.03200000151991844},"lastItemPurchased":[0,0,0,0,0,0,0,0,0,0,0]},"npc_dota_hero_spirit_breaker":{"lastAbilityUpgraded":"","victory":false,"state":{"kills":0.00800000037997961,"towersLeft":0.9696969985961914,"netWorth":0.04287000000476837,"xp":0.19370371103286743,"teamXp":0.26327160000801086,"teamDeaths":0.01899999938905239,"enemyTowersLeft":0.8787878751754761,"deaths":0.006000000052154064,"teamNetWorth":0.3093400001525879,"teamKills":0.03200000151991844},"lastItemPurchased":[0,0,0,1,0,0,0,0,0,0,0]},"npc_dota_hero_slardar":{"lastAbilityUpgraded":"","victory":true,"state":{"kills":0.004000000189989805,"towersLeft":0.8484848737716675,"netWorth":0.0362199991941452,"xp":0.19879630208015442,"teamXp":0.20061111450195312,"teamDeaths":0.03500000014901161,"enemyTowersLeft":0.939393937587738,"deaths":0.007000000216066837,"teamNetWorth":0.19799000024795532,"teamKills":0.014999999664723873},"lastItemPurchased":[0,0,0,0,0,1,0,0,0,0,0]},"npc_dota_hero_lycan":{"lastAbilityUpgraded":"","victory":true,"state":{"kills":0.004999999888241291,"towersLeft":0.8484848737716675,"netWorth":0.08620999753475189,"xp":0.3171604871749878,"teamXp":0.20061111450195312,"teamDeaths":0.03500000014901161,"enemyTowersLeft":0.939393937587738,"deaths":0.0020000000949949026,"teamNetWorth":0.19799000024795532,"teamKills":0.014999999664723873},"lastItemPurchased":[0,0,0,0,0,0,0,0,0,0,0]},"npc_dota_hero_razor":{"lastAbilityUpgraded":"","victory":false,"state":{"kills":0.008999999612569809,"towersLeft":0.9696969985961914,"netWorth":0.06676000356674194,"xp":0.30932098627090454,"teamXp":0.26327160000801086,"teamDeaths":0.01899999938905239,"enemyTowersLeft":0.8787878751754761,"deaths":0.004999999888241291,"teamNetWorth":0.3093400001525879,"teamKills":0.03200000151991844},"lastItemPurchased":[0,0,0,0,0,0,0,0,1,0,0]},"npc_dota_hero_ogre_magi":{"lastAbilityUpgraded":"","victory":true,"state":{"kills":0.003000000026077032,"towersLeft":0.8484848737716675,"netWorth":0.01940000057220459,"xp":0.1646604984998703,"teamXp":0.20061111450195312,"teamDeaths":0.03500000014901161,"enemyTowersLeft":0.939393937587738,"deaths":0.007000000216066837,"teamNetWorth":0.19799000024795532,"teamKills":0.014999999664723873},"lastItemPurchased":[0,0,0,0,0,0,0,0,0,0,0]},"npc_dota_hero_vengefulspirit":{"lastAbilityUpgraded":"","victory":true,"state":{"kills":0.0010000000474974513,"towersLeft":0.8484848737716675,"netWorth":0.023770000785589218,"xp":0.16203702986240387,"teamXp":0.20061111450195312,"teamDeaths":0.03500000014901161,"enemyTowersLeft":0.939393937587738,"deaths":0.009999999776482582,"teamNetWorth":0.19799000024795532,"teamKills":0.014999999664723873},"lastItemPurchased":[0,0,0,1,0,0,0,0,0,0,0]},"npc_dota_hero_obsidian_destroyer":{"lastAbilityUpgraded":"","victory":true,"state":{"kills":0.0020000000949949026,"towersLeft":0.8484848737716675,"netWorth":0.03238999843597412,"xp":0.16040123999118805,"teamXp":0.20061111450195312,"teamDeaths":0.03500000014901161,"enemyTowersLeft":0.939393937587738,"deaths":0.008999999612569809,"teamNetWorth":0.19799000024795532,"teamKills":0.014999999664723873},"lastItemPurchased":[0,0,0,0,0,0,0,0,0,0,0]}}}