{"gameTime":32,"state":{"npc_dota_hero_nyx_assassin":{"lastAbilityUpgraded":"","victory":false,"state":{"kills":0.004000000189989805,"towersLeft":0.8787878751754761,"netWorth":0.08450999855995178,"xp":0.37416666746139526,"teamXp":0.3807283937931061,"teamDeaths":0.028999999165534973,"enemyTowersLeft":0.7878788113594055,"deaths":0.003000000026077032,"teamNetWorth":0.4248200058937073,"teamKills":0.04100000113248825},"lastItemPurchased":[0,0,0,0,0,0,0,0,0,0,0]},"npc_dota_hero_life_stealer":{"lastAbilityUpgraded":"","victory":false,"state":{"kills":0.006000000052154064,"towersLeft":0.8787878751754761,"netWorth":0.11034999787807465,"xp":0.4644753038883209,"teamXp":0.3807283937931061,"teamDeaths":0.028999999165534973,"enemyTowersLeft":0.7878788113594055,"deaths":0.003000000026077032,"teamNetWorth":0.4248200058937073,"teamKills":0.04100000113248825},"lastItemPurchased":[0,0,0,0,0,0,0,0,0,0,0]},"npc_dota_hero_pudge":{"lastAbilityUpgraded":"","victory":false,"state":{"kills":0.008999999612569809,"towersLeft":0.8787878751754761,"netWorth":0.05931000038981438,"xp":0.27682098746299744,"teamXp":0.3807283937931061,"teamDeaths":0.028999999165534973,"enemyTowersLeft":0.7878788113594055,"deaths":0.00800000037997961,"teamNetWorth":0.4248200058937073,"teamKills":0.04100000113248825},"lastItemPurchased":[0,0,0,0,0,0,0,0,0,0,0]},"npc_dota_hero_spirit_breaker":{"lastAbilityUpgraded":"","victory":false,"state":{"kills":0.009999999776482582,"towersLeft":0.8787878751754761,"netWorth":0.0575300008058548,"xp":0.3021913468837738,"teamXp":0.3807283937931061,"teamDeaths":0.028999999165534973,"enemyTowersLeft":0.7878788113594055,"deaths":0.008999999612569809,"teamNetWorth":0.4248200058937073,"teamKills":0.04100000113248825},"lastItemPurchased":[0,0,0,0,0,0,0,0,0,0,0]},"npc_dota_hero_slardar":{"lastAbilityUpgraded":"","victory":true,"state":{"kills":0.006000000052154064,"towersLeft":0.7575757503509521,"netWorth":0.05770999938249588,"xp":0.30123457312583923,"teamXp":0.3305802345275879,"teamDeaths":0.04399999976158142,"enemyTowersLeft":0.8484848737716675,"deaths":0.009999999776482582,"teamNetWorth":0.32425999641418457,"teamKills":0.020999999716877937},"lastItemPurchased":[0,0,0,0,0,0,0,0,0,0,0]},"npc_dota_hero_lycan":{"lastAbilityUpgraded":"","victory":true,"state":{"kills":0.006000000052154064,"towersLeft":0.7575757503509521,"netWorth":0.1383499950170517,"xp":0.46009260416030884,"teamXp":0.3305802345275879,"teamDeaths":0.04399999976158142,"enemyTowersLeft":0.8484848737716675,"deaths":0.003000000026077032,"teamNetWorth":0.32425999641418457,"teamKills":0.020999999716877937},"lastItemPurchased":[0,0,0,0,0,0,0,0,0,0,0]},"npc_dota_hero_razor":{"lastAbilityUpgraded":"","victory":false,"state":{"kills":0.012000000104308128,"towersLeft":0.8787878751754761,"netWorth":0.11311999708414078,"xp":0.48598766326904297,"teamXp":0.3807283937931061,"teamDeaths":0.028999999165534973,"enemyTowersLeft":0.7878788113594055,"deaths":0.006000000052154064,"teamNetWorth":0.4248200058937073,"teamKills":0.04100000113248825},"lastItemPurchased":[0,0,0,0,0,0,0,0,0,0,0]},"npc_dota_hero_ogre_magi":{"lastAbilityUpgraded":"","victory":true,"state":{"kills":0.004000000189989805,"towersLeft":0.7575757503509521,"netWorth":0.03683999925851822,"xp":0.28225308656692505,"teamXp":0.3305802345275879,"teamDeaths":0.04399999976158142,"enemyTowersLeft":0.8484848737716675,"deaths":0.008999999612569809,"teamNetWorth":0.32425999641418457,"teamKills":0.020999999716877937},"lastItemPurchased":[0,0,0,0,0,0,0,0,0,0,0]},"npc_dota_hero_vengefulspirit":{"lastAbilityUpgraded":"","victory":true,"state":{"kills":0.003000000026077032,"towersLeft":0.7575757503509521,"netWorth":0.03951999917626381,"xp":0.3375617265701294,"teamXp":0.3305802345275879,"teamDeaths":0.04399999976158142,"enemyTowersLeft":0.8484848737716675,"deaths":0.010999999940395355,"teamNetWorth":0.32425999641418457,"teamKills":0.020999999716877937},"lastItemPurchased":[1,0,0,0,0,0,0,0,0,0,0]},"npc_dota_hero_obsidian_destroyer":{"lastAbilityUpgraded":"","victory":true,"state":{"kills":0.0020000000949949026,"towersLeft":0.7575757503509521,"netWorth":0.05183999985456467,"xp":0.2717592716217041,"teamXp":0.3305802345275879,"teamDeaths":0.04399999976158142,"enemyTowersLeft":0.8484848737716675,"deaths":0.010999999940395355,"teamNetWorth":0.32425999641418457,"teamKills":0.020999999716877937},"lastItemPurchased":[0,0,0,0,0,0,0,0,0,0,0]}}}