{"gameTime":35,"state":{"npc_dota_hero_nyx_assassin":{"lastAbilityUpgraded":"","victory":false,"state":{"kills":0.004000000189989805,"towersLeft":0.8484848737716675,"netWorth":0.08827000111341476,"xp":0.44657406210899353,"teamXp":0.4211851954460144,"teamDeaths":0.03400000184774399,"enemyTowersLeft":0.6969696879386902,"deaths":0.004000000189989805,"teamNetWorth":0.435589998960495,"teamKills":0.04399999976158142},"lastItemPurchased":[0,0,0,0,0,0,0,0,0,0,0]},"npc_dota_hero_life_stealer":{"lastAbilityUpgraded":"","victory":false,"state":{"kills":0.00800000037997961,"towersLeft":0.8484848737716675,"netWorth":0.11166000366210938,"xp":0.522469162940979,"teamXp":0.4211851954460144,"teamDeaths":0.03400000184774399,"enemyTowersLeft":0.6969696879386902,"deaths":0.004999999888241291,"teamNetWorth":0.435589998960495,"teamKills":0.04399999976158142},"lastItemPurchased":[0,0,0,0,0,0,0,0,0,0,0]},"npc_dota_hero_pudge":{"lastAbilityUpgraded":"","victory":false,"state":{"kills":0.008999999612569809,"towersLeft":0.8484848737716675,"netWorth":0.06324999779462814,"xp":0.3072839379310608,"teamXp":0.4211851954460144,"teamDeaths":0.03400000184774399,"enemyTowersLeft":0.6969696879386902,"deaths":0.00800000037997961,"teamNetWorth":0.435589998960495,"teamKills":0.04399999976158142},"lastItemPurchased":[0,0,0,0,0,0,0,0,0,0,0]},"npc_dota_hero_spirit_breaker":{"lastAbilityUpgraded":"","victory":false,"state":{"kills":0.009999999776482582,"towersLeft":0.8484848737716675,"netWorth":0.05364000052213669,"xp":0.30660495162010193,"teamXp":0.4211851954460144,"teamDeaths":0.03400000184774399,"enemyTowersLeft":0.6969696879386902,"deaths":0.009999999776482582,"teamNetWorth":0.435589998960495,"teamKills":0.04399999976158142},"lastItemPurchased":[0,0,0,0,0,0,0,0,0,0,0]},"npc_dota_hero_slardar":{"lastAbilityUpgraded":"","victory":true,"state":{"kills":0.006000000052154064,"towersLeft":0.6666666865348816,"netWorth":0.07242999970912933,"xp":0.3845987617969513,"teamXp":0.42247530817985535,"teamDeaths":0.04699999839067459,"enemyTowersLeft":0.8181818127632141,"deaths":0.009999999776482582,"teamNetWorth":0.4378499984741211,"teamKills":0.024000000208616257},"lastItemPurchased":[0,0,0,0,0,0,0,0,0,0,0]},"npc_dota_hero_lycan":{"lastAbilityUpgraded":"","victory":true,"state":{"kills":0.007000000216066837,"towersLeft":0.6666666865348816,"netWorth":0.1897599995136261,"xp":0.5915431976318359,"teamXp":0.42247530817985535,"teamDeaths":0.04699999839067459,"enemyTowersLeft":0.8181818127632141,"deaths":0.004000000189989805,"teamNetWorth":0.4378499984741211,"teamKills":0.024000000208616257},"lastItemPurchased":[0,0,0,0,0,0,0,0,0,0,0]},"npc_dota_hero_razor":{"lastAbilityUpgraded":"","victory":false,"state":{"kills":0.013000000268220901,"towersLeft":0.8484848737716675,"netWorth":0.11877000331878662,"xp":0.522993803024292,"teamXp":0.4211851954460144,"teamDeaths":0.03400000184774399,"enemyTowersLeft":0.6969696879386902,"deaths":0.007000000216066837,"teamNetWorth":0.435589998960495,"teamKills":0.04399999976158142},"lastItemPurchased":[0,0,0,0,0,0,0,0,0,0,0]},"npc_dota_hero_ogre_magi":{"lastAbilityUpgraded":"","victory":true,"state":{"kills":0.004999999888241291,"towersLeft":0.6666666865348816,"netWorth":0.0595100000500679,"xp":0.3881172835826874,"teamXp":0.42247530817985535,"teamDeaths":0.04699999839067459,"enemyTowersLeft":0.8181818127632141,"deaths":0.008999999612569809,"teamNetWorth":0.4378499984741211,"teamKills":0.024000000208616257},"lastItemPurchased":[0,0,0,0,0,0,0,0,0,0,0]},"npc_dota_hero_vengefulspirit":{"lastAbilityUpgraded":"","victory":true,"state":{"kills":0.004000000189989805,"towersLeft":0.6666666865348816,"netWorth":0.0544000007212162,"xp":0.4279938340187073,"teamXp":0.42247530817985535,"teamDeaths":0.04699999839067459,"enemyTowersLeft":0.8181818127632141,"deaths":0.012000000104308128,"teamNetWorth":0.4378499984741211,"teamKills":0.024000000208616257},"lastItemPurchased":[0,0,0,0,0,0,0,0,0,0,0]},"npc_dota_hero_obsidian_destroyer":{"lastAbilityUpgraded":"","victory":true,"state":{"kills":0.0020000000949949026,"towersLeft":0.6666666865348816,"netWorth":0.06174999848008156,"xp":0.32012346386909485,"teamXp":0.42247530817985535,"teamDeaths":0.04699999839067459,"enemyTowersLeft":0.8181818127632141,"deaths":0.012000000104308128,"teamNetWorth":0.4378499984741211,"teamKills":0.024000000208616257},"lastItemPurchased":[0,0,0,0,0,0,0,0,0,0,0]}}}