{"gameTime":35,"state":{"npc_dota_hero_ursa":{"lastAbilityUpgraded":"","victory":true,"state":{"kills":0.00800000037997961,"towersLeft":0.9090909361839294,"netWorth":0.14643999934196472,"xp":0.5784568190574646,"teamXp":0.4043641984462738,"teamDeaths":0.014000000432133675,"enemyTowersLeft":0.4848484992980957,"deaths":0.004000000189989805,"teamNetWorth":0.5594499707221985,"teamKills":0.026000000536441803},"lastItemPurchased":[0,0,0,0,0,0,0,0,0,0,0]},"npc_dota_hero_rubick":{"lastAbilityUpgraded":"","victory":false,"state":{"kills":0.0010000000474974513,"towersLeft":0.4848484992980957,"netWorth":0.03116999939084053,"xp":0.19638888537883759,"teamXp":0.28129011392593384,"teamDeaths":0.026000000536441803,"enemyTowersLeft":0.9090909361839294,"deaths":0.004000000189989805,"teamNetWorth":0.2666899859905243,"teamKills":0.014000000432133675},"lastItemPurchased":[0,0,0,1,0,0,0,0,0,0,0]},"npc_dota_hero_earthshaker":{"lastAbilityUpgraded":"","victory":false,"state":{"kills":0.0010000000474974513,"towersLeft":0.4848484992980957,"netWorth":0.03136000037193298,"xp":0.26691359281539917,"teamXp":0.28129011392593384,"teamDeaths":0.026000000536441803,"enemyTowersLeft":0.9090909361839294,"deaths":0.006000000052154064,"teamNetWorth":0.2666899859905243,"teamKills":0.014000000432133675},"lastItemPurchased":[0,0,0,0,0,0,0,0,0,0,0]},"npc_dota_hero_mirana":{"lastAbilityUpgraded":"","victory":true,"state":{"kills":0.004999999888241291,"towersLeft":0.9090909361839294,"netWorth":0.09828999638557434,"xp":0.33101850748062134,"teamXp":0.4043641984462738,"teamDeaths":0.014000000432133675,"enemyTowersLeft":0.4848484992980957,"deaths":0.003000000026077032,"teamNetWorth":0.5594499707221985,"teamKills":0.026000000536441803},"lastItemPurchased":[0,0,0,0,0,0,0,0,0,0,0]},"npc_dota_hero_ogre_magi":{"lastAbilityUpgraded":"","victory":false,"state":{"kills":0.0020000000949949026,"towersLeft":0.4848484992980957,"netWorth":0.04069000110030174,"xp":0.1749074012041092,"teamXp":0.28129011392593384,"teamDeaths":0.026000000536441803,"enemyTowersLeft":0.9090909361839294,"deaths":0.003000000026077032,"teamNetWorth":0.2666899859905243,"teamKills":0.014000000432133675},"lastItemPurchased":[0,0,0,0,0,0,0,0,0,0,0]},"npc_dota_hero_puck":{"lastAbilityUpgraded":"","victory":false,"state":{"kills":0.006000000052154064,"towersLeft":0.4848484992980957,"netWorth":0.07280000299215317,"xp":0.37030863761901855,"teamXp":0.28129011392593384,"teamDeaths":0.026000000536441803,"enemyTowersLeft":0.9090909361839294,"deaths":0.006000000052154064,"teamNetWorth":0.2666899859905243,"teamKills":0.014000000432133675},"lastItemPurchased":[0,0,0,0,0,0,0,0,0,0,0]},"npc_dota_hero_morphling":{"lastAbilityUpgraded":"","victory":true,"state":{"kills":0.009999999776482582,"towersLeft":0.9090909361839294,"netWorth":0.18509000539779663,"xp":0.5437654256820679,"teamXp":0.4043641984462738,"teamDeaths":0.014000000432133675,"enemyTowersLeft":0.4848484992980957,"deaths":0.0010000000474974513,"teamNetWorth":0.5594499707221985,"teamKills":0.026000000536441803},"lastItemPurchased":[0,0,0,0,0,0,0,1,0,0,0]},"npc_dota_hero_shadow_demon":{"lastAbilityUpgraded":"","victory":true,"state":{"kills":0,"towersLeft":0.9090909361839294,"netWorth":0.07047999650239944,"xp":0.28555554151535034,"teamXp":0.4043641984462738,"teamDeaths":0.014000000432133675,"enemyTowersLeft":0.4848484992980957,"deaths":0.0020000000949949026,"teamNetWorth":0.5594499707221985,"teamKills":0.026000000536441803},"lastItemPurchased":[0,0,0,0,0,0,0,0,0,0,0]},"npc_dota_hero_omniknight":{"lastAbilityUpgraded":"","victory":true,"state":{"kills":0.003000000026077032,"towersLeft":0.9090909361839294,"netWorth":0.05914999917149544,"xp":0.28302469849586487,"teamXp":0.4043641984462738,"teamDeaths":0.014000000432133675,"enemyTowersLeft":0.4848484992980957,"deaths":0.004000000189989805,"teamNetWorth":0.5594499707221985,"teamKills":0.026000000536441803},"lastItemPurchased":[0,0,0,0,0,0,0,0,0,0,0]},"npc_dota_hero_juggernaut":{"lastAbilityUpgraded":"","victory":false,"state":{"kills":0.004000000189989805,"towersLeft":0.4848484992980957,"netWorth":0.09066999703645706,"xp":0.39793211221694946,"teamXp":0.28129011392593384,"teamDeaths":0.026000000536441803,"enemyTowersLeft":0.9090909361839294,"deaths":0.007000000216066837,"teamNetWorth":0.2666899859905243,"teamKills":0.014000000432133675},"lastItemPurchased":[0,0,0,0,0,0,0,0,0,0,0]}}}