{"gameTime":42,"state":{"npc_dota_hero_gyrocopter":{"lastAbilityUpgraded":"","victory":false,"state":{"kills":0.007000000216066837,"towersLeft":0.9090909361839294,"netWorth":0.1680299937725067,"xp":0.7641666531562805,"teamXp":0.553969144821167,"teamDeaths":0.03400000184774399,"enemyTowersLeft":0.6969696879386902,"deaths":0.007000000216066837,"teamNetWorth":0.5393800139427185,"teamKills":0.02199999988079071},"lastItemPurchased":[0,0,0,0,0,0,0,0,0,0,0]},"npc_dota_hero_centaur":{"lastAbilityUpgraded":"","victory":false,"state":{"kills":0.007000000216066837,"towersLeft":0.9090909361839294,"netWorth":0.20747999846935272,"xp":0.8729938268661499,"teamXp":0.553969144821167,"teamDeaths":0.03400000184774399,"enemyTowersLeft":0.6969696879386902,"deaths":0.004999999888241291,"teamNetWorth":0.5393800139427185,"teamKills":0.02199999988079071},"lastItemPurchased":[0,0,0,0,0,0,0,0,0,0,0]},"npc_dota_hero_abyssal_underlord":{"lastAbilityUpgraded":"","victory":false,"state":{"kills":0.0020000000949949026,"towersLeft":0.9090909361839294,"netWorth":0.08188000321388245,"xp":0.5330864191055298,"teamXp":0.553969144821167,"teamDeaths":0.03400000184774399,"enemyTowersLeft":0.6969696879386902,"deaths":0.008999999612569809,"teamNetWorth":0.5393800139427185,"teamKills":0.02199999988079071},"lastItemPurchased":[0,0,0,0,0,0,0,0,0,0,0]},"npc_dota_hero_mirana":{"lastAbilityUpgraded":"","victory":true,"state":{"kills":0.004000000189989805,"towersLeft":0.7272727489471436,"netWorth":0.10204999893903732,"xp":0.5854012370109558,"teamXp":0.5839629769325256,"teamDeaths":0.02199999988079071,"enemyTowersLeft":0.939393937587738,"deaths":0.003000000026077032,"teamNetWorth":0.5327900052070618,"teamKills":0.03400000184774399},"lastItemPurchased":[0,0,0,0,0,0,0,0,0,0,0]},"npc_dota_hero_tinker":{"lastAbilityUpgraded":"","victory":true,"state":{"kills":0.013000000268220901,"towersLeft":0.7272727489471436,"netWorth":0.10407999902963638,"xp":0.49716049432754517,"teamXp":0.5839629769325256,"teamDeaths":0.02199999988079071,"enemyTowersLeft":0.939393937587738,"deaths":0.004999999888241291,"teamNetWorth":0.5327900052070618,"teamKills":0.03400000184774399},"lastItemPurchased":[0,0,0,0,0,0,0,0,0,0,0]},"npc_dota_hero_kunkka":{"lastAbilityUpgraded":"","victory":true,"state":{"kills":0.003000000026077032,"towersLeft":0.7272727489471436,"netWorth":0.02776999957859516,"xp":0.425555557012558,"teamXp":0.5839629769325256,"teamDeaths":0.02199999988079071,"enemyTowersLeft":0.939393937587738,"deaths":0.007000000216066837,"teamNetWorth":0.5327900052070618,"teamKills":0.03400000184774399},"lastItemPurchased":[0,0,0,0,0,0,0,0,0,0,0]},"npc_dota_hero_ogre_magi":{"lastAbilityUpgraded":"","victory":false,"state":{"kills":0.003000000026077032,"towersLeft":0.9090909361839294,"netWorth":0.039889998733997345,"xp":0.2772839367389679,"teamXp":0.553969144821167,"teamDeaths":0.03400000184774399,"enemyTowersLeft":0.6969696879386902,"deaths":0.004999999888241291,"teamNetWorth":0.5393800139427185,"teamKills":0.02199999988079071},"lastItemPurchased":[0,0,0,0,0,0,0,0,0,0,0]},"npc_dota_hero_ancient_apparition":{"lastAbilityUpgraded":"","victory":true,"state":{"kills":0.004000000189989805,"towersLeft":0.7272727489471436,"netWorth":0.09624999761581421,"xp":0.4637036919593811,"teamXp":0.5839629769325256,"teamDeaths":0.02199999988079071,"enemyTowersLeft":0.939393937587738,"deaths":0.003000000026077032,"teamNetWorth":0.5327900052070618,"teamKills":0.03400000184774399},"lastItemPurchased":[0,0,0,0,0,0,0,0,0,0,0]},"npc_dota_hero_disruptor":{"lastAbilityUpgraded":"","victory":false,"state":{"kills":0.003000000026077032,"towersLeft":0.9090909361839294,"netWorth":0.042100001126527786,"xp":0.3223148286342621,"teamXp":0.553969144821167,"teamDeaths":0.03400000184774399,"enemyTowersLeft":0.6969696879386902,"deaths":0.00800000037997961,"teamNetWorth":0.5393800139427185,"teamKills":0.02199999988079071},"lastItemPurchased":[1,0,0,0,0,0,0,0,0,0,0]},"npc_dota_hero_juggernaut":{"lastAbilityUpgraded":"","victory":true,"state":{"kills":0.009999999776482582,"towersLeft":0.7272727489471436,"netWorth":0.20263999700546265,"xp":0.947993814945221,"teamXp":0.5839629769325256,"teamDeaths":0.02199999988079071,"enemyTowersLeft":0.939393937587738,"deaths":0.004000000189989805,"teamNetWorth":0.5327900052070618,"teamKills":0.03400000184774399},"lastItemPurchased":[0,0,0,0,0,0,0,0,0,0,0]}}}