{"gameTime":23,"state":{"npc_dota_hero_warlock":{"lastAbilityUpgraded":"","victory":false,"state":{"kills":0,"towersLeft":0.9696969985961914,"netWorth":0.011500000022351742,"xp":0.06506172567605972,"teamXp":0.13474074006080627,"teamDeaths":0.00800000037997961,"enemyTowersLeft":0.9696969985961914,"deaths":0,"teamNetWorth":0.16429999470710754,"teamKills":0.00800000037997961},"lastItemPurchased":[0,0,0,0,0,0,0,0,0,0,1]},"npc_dota_hero_templar_assassin":{"lastAbilityUpgraded":"","victory":false,"state":{"kills":0.0010000000474974513,"towersLeft":0.9696969985961914,"netWorth":0.04461999982595444,"xp":0.18003086745738983,"teamXp":0.13474074006080627,"teamDeaths":0.00800000037997961,"enemyTowersLeft":0.9696969985961914,"deaths":0.003000000026077032,"teamNetWorth":0.16429999470710754,"teamKills":0.00800000037997961},"lastItemPurchased":[0,0,0,0,0,0,0,0,0,0,0]},"npc_dota_hero_axe":{"lastAbilityUpgraded":"","victory":false,"state":{"kills":0.004000000189989805,"towersLeft":0.9696969985961914,"netWorth":0.044319998472929,"xp":0.1870678961277008,"teamXp":0.13474074006080627,"teamDeaths":0.00800000037997961,"enemyTowersLeft":0.9696969985961914,"deaths":0,"teamNetWorth":0.16429999470710754,"teamKills":0.00800000037997961},"lastItemPurchased":[0,0,0,0,0,0,0,0,0,0,0]},"npc_dota_hero_kunkka":{"lastAbilityUpgraded":"","victory":true,"state":{"kills":0.0010000000474974513,"towersLeft":0.9696969985961914,"netWorth":0.020419999957084656,"xp":0.11336419731378555,"teamXp":0.14372839033603668,"teamDeaths":0.00800000037997961,"enemyTowersLeft":0.9696969985961914,"deaths":0.003000000026077032,"teamNetWorth":0.17934000492095947,"teamKills":0.007000000216066837},"lastItemPurchased":[0,0,0,0,0,0,0,0,0,0,0]},"npc_dota_hero_tidehunter":{"lastAbilityUpgraded":"","victory":true,"state":{"kills":0.0010000000474974513,"towersLeft":0.9696969985961914,"netWorth":0.03556999936699867,"xp":0.15453703701496124,"teamXp":0.14372839033603668,"teamDeaths":0.00800000037997961,"enemyTowersLeft":0.9696969985961914,"deaths":0.0010000000474974513,"teamNetWorth":0.17934000492095947,"teamKills":0.007000000216066837},"lastItemPurchased":[0,0,0,0,0,1,0,0,0,0,0]},"npc_dota_hero_morphling":{"lastAbilityUpgraded":"","victory":false,"state":{"kills":0.0020000000949949026,"towersLeft":0.9696969985961914,"netWorth":0.044520001858472824,"xp":0.1534876525402069,"teamXp":0.13474074006080627,"teamDeaths":0.00800000037997961,"enemyTowersLeft":0.9696969985961914,"deaths":0.0010000000474974513,"teamNetWorth":0.16429999470710754,"teamKills":0.00800000037997961},"lastItemPurchased":[0,0,0,0,0,0,0,0,0,0,0]},"npc_dota_hero_sven":{"lastAbilityUpgraded":"","victory":true,"state":{"kills":0.0020000000949949026,"towersLeft":0.9696969985961914,"netWorth":0.06041000038385391,"xp":0.18160493671894073,"teamXp":0.14372839033603668,"teamDeaths":0.00800000037997961,"enemyTowersLeft":0.9696969985961914,"deaths":0.0020000000949949026,"teamNetWorth":0.17934000492095947,"teamKills":0.007000000216066837},"lastItemPurchased":[0,0,0,0,0,0,0,0,0,1,0]},"npc_dota_hero_shadow_demon":{"lastAbilityUpgraded":"","victory":true,"state":{"kills":0.0010000000474974513,"towersLeft":0.9696969985961914,"netWorth":0.0246799997985363,"xp":0.1088888868689537,"teamXp":0.14372839033603668,"teamDeaths":0.00800000037997961,"enemyTowersLeft":0.9696969985961914,"deaths":0.0010000000474974513,"teamNetWorth":0.17934000492095947,"teamKills":0.007000000216066837},"lastItemPurchased":[0,0,0,1,0,0,0,0,0,0,0]},"npc_dota_hero_jakiro":{"lastAbilityUpgraded":"","victory":false,"state":{"kills":0.0010000000474974513,"towersLeft":0.9696969985961914,"netWorth":0.019339999184012413,"xp":0.0880555585026741,"teamXp":0.13474074006080627,"teamDeaths":0.00800000037997961,"enemyTowersLeft":0.9696969985961914,"deaths":0.004000000189989805,"teamNetWorth":0.16429999470710754,"teamKills":0.00800000037997961},"lastItemPurchased":[0,0,0,0,1,0,0,0,0,0,0]},"npc_dota_hero_batrider":{"lastAbilityUpgraded":"","victory":true,"state":{"kills":0.0020000000949949026,"towersLeft":0.9696969985961914,"netWorth":0.03826000168919563,"xp":0.16024690866470337,"teamXp":0.14372839033603668,"teamDeaths":0.00800000037997961,"enemyTowersLeft":0.9696969985961914,"deaths":0.0010000000474974513,"teamNetWorth":0.17934000492095947,"teamKills":0.007000000216066837},"lastItemPurchased":[0,0,0,0,0,0,0,0,0,0,0]}}}