{"gameTime":36,"state":{"npc_dota_hero_warlock":{"lastAbilityUpgraded":"","victory":false,"state":{"kills":0,"towersLeft":0.8787878751754761,"netWorth":0.01858999952673912,"xp":0.1733333319425583,"teamXp":0.30729013681411743,"teamDeaths":0.023000000044703484,"enemyTowersLeft":0.9090909361839294,"deaths":0.003000000026077032,"teamNetWorth":0.3148300051689148,"teamKills":0.014999999664723873},"lastItemPurchased":[0,0,0,0,0,0,0,0,0,0,0]},"npc_dota_hero_templar_assassin":{"lastAbilityUpgraded":"","victory":false,"state":{"kills":0.0020000000949949026,"towersLeft":0.8787878751754761,"netWorth":0.07128000259399414,"xp":0.39413580298423767,"teamXp":0.30729013681411743,"teamDeaths":0.023000000044703484,"enemyTowersLeft":0.9090909361839294,"deaths":0.00800000037997961,"teamNetWorth":0.3148300051689148,"teamKills":0.014999999664723873},"lastItemPurchased":[0,0,0,0,0,0,0,0,0,0,0]},"npc_dota_hero_axe":{"lastAbilityUpgraded":"","victory":false,"state":{"kills":0.006000000052154064,"towersLeft":0.8787878751754761,"netWorth":0.06915999948978424,"xp":0.3420678973197937,"teamXp":0.30729013681411743,"teamDeaths":0.023000000044703484,"enemyTowersLeft":0.9090909361839294,"deaths":0.0020000000949949026,"teamNetWorth":0.3148300051689148,"teamKills":0.014999999664723873},"lastItemPurchased":[0,0,0,0,0,0,0,0,1,0,0]},"npc_dota_hero_kunkka":{"lastAbilityUpgraded":"","victory":true,"state":{"kills":0.004999999888241291,"towersLeft":0.9090909361839294,"netWorth":0.050370000302791595,"xp":0.2965432107448578,"teamXp":0.34649384021759033,"teamDeaths":0.014000000432133675,"enemyTowersLeft":0.8787878751754761,"deaths":0.004000000189989805,"teamNetWorth":0.3825100064277649,"teamKills":0.020999999716877937},"lastItemPurchased":[1,0,0,0,0,0,0,0,0,0,0]},"npc_dota_hero_tidehunter":{"lastAbilityUpgraded":"","victory":true,"state":{"kills":0.004999999888241291,"towersLeft":0.9090909361839294,"netWorth":0.07244999706745148,"xp":0.35049381852149963,"teamXp":0.34649384021759033,"teamDeaths":0.014000000432133675,"enemyTowersLeft":0.8787878751754761,"deaths":0.003000000026077032,"teamNetWorth":0.3825100064277649,"teamKills":0.020999999716877937},"lastItemPurchased":[0,0,0,0,0,0,0,0,0,0,0]},"npc_dota_hero_morphling":{"lastAbilityUpgraded":"","victory":false,"state":{"kills":0.003000000026077032,"towersLeft":0.8787878751754761,"netWorth":0.11282999813556671,"xp":0.413858026266098,"teamXp":0.30729013681411743,"teamDeaths":0.023000000044703484,"enemyTowersLeft":0.9090909361839294,"deaths":0.0010000000474974513,"teamNetWorth":0.3148300051689148,"teamKills":0.014999999664723873},"lastItemPurchased":[0,0,0,0,0,0,0,0,0,0,1]},"npc_dota_hero_sven":{"lastAbilityUpgraded":"","victory":true,"state":{"kills":0.003000000026077032,"towersLeft":0.9090909361839294,"netWorth":0.1133200004696846,"xp":0.4032716155052185,"teamXp":0.34649384021759033,"teamDeaths":0.014000000432133675,"enemyTowersLeft":0.8787878751754761,"deaths":0.004000000189989805,"teamNetWorth":0.3825100064277649,"teamKills":0.020999999716877937},"lastItemPurchased":[0,0,0,0,0,0,0,0,0,0,0]},"npc_dota_hero_shadow_demon":{"lastAbilityUpgraded":"","victory":true,"state":{"kills":0.003000000026077032,"towersLeft":0.9090909361839294,"netWorth":0.05993000045418739,"xp":0.32935184240341187,"teamXp":0.34649384021759033,"teamDeaths":0.014000000432133675,"enemyTowersLeft":0.8787878751754761,"deaths":0.0020000000949949026,"teamNetWorth":0.3825100064277649,"teamKills":0.020999999716877937},"lastItemPurchased":[1,0,0,0,0,0,0,0,0,0,0]},"npc_dota_hero_jakiro":{"lastAbilityUpgraded":"","victory":false,"state":{"kills":0.004000000189989805,"towersLeft":0.8787878751754761,"netWorth":0.04297000169754028,"xp":0.2130555510520935,"teamXp":0.30729013681411743,"teamDeaths":0.023000000044703484,"enemyTowersLeft":0.9090909361839294,"deaths":0.008999999612569809,"teamNetWorth":0.3148300051689148,"teamKills":0.014999999664723873},"lastItemPurchased":[1,0,0,0,0,0,0,0,0,0,0]},"npc_dota_hero_batrider":{"lastAbilityUpgraded":"","victory":true,"state":{"kills":0.004999999888241291,"towersLeft":0.9090909361839294,"netWorth":0.08643999695777893,"xp":0.3528086543083191,"teamXp":0.34649384021759033,"teamDeaths":0.014000000432133675,"enemyTowersLeft":0.8787878751754761,"deaths":0.0010000000474974513,"teamNetWorth":0.3825100064277649,"teamKills":0.020999999716877937},"lastItemPurchased":[0,1,0,0,0,0,0,0,0,0,0]}}}