{"gameTime":54,"state":{"npc_dota_hero_warlock":{"lastAbilityUpgraded":"","victory":false,"state":{"kills":0.0010000000474974513,"towersLeft":0.5454545617103577,"netWorth":0.035509999841451645,"xp":0.356759250164032,"teamXp":0.6105431914329529,"teamDeaths":0.035999998450279236,"enemyTowersLeft":0.9090909361839294,"deaths":0.004999999888241291,"teamNetWorth":0.5586599707603455,"teamKills":0.026000000536441803},"lastItemPurchased":[0,0,0,0,0,0,0,0,0,0,0]},"npc_dota_hero_templar_assassin":{"lastAbilityUpgraded":"","victory":false,"state":{"kills":0.006000000052154064,"towersLeft":0.5454545617103577,"netWorth":0.16155000030994415,"xp":0.829537034034729,"teamXp":0.6105431914329529,"teamDeaths":0.035999998450279236,"enemyTowersLeft":0.9090909361839294,"deaths":0.010999999940395355,"teamNetWorth":0.5586599707603455,"teamKills":0.026000000536441803},"lastItemPurchased":[0,0,0,0,0,0,0,0,0,0,0]},"npc_dota_hero_axe":{"lastAbilityUpgraded":"","victory":false,"state":{"kills":0.007000000216066837,"towersLeft":0.5454545617103577,"netWorth":0.06646999716758728,"xp":0.5003703832626343,"teamXp":0.6105431914329529,"teamDeaths":0.035999998450279236,"enemyTowersLeft":0.9090909361839294,"deaths":0.006000000052154064,"teamNetWorth":0.5586599707603455,"teamKills":0.026000000536441803},"lastItemPurchased":[0,0,0,0,0,0,0,0,0,0,0]},"npc_dota_hero_kunkka":{"lastAbilityUpgraded":"","victory":true,"state":{"kills":0.006000000052154064,"towersLeft":0.9090909361839294,"netWorth":0.09640999883413315,"xp":0.6276851892471313,"teamXp":0.6693456768989563,"teamDeaths":0.02500000037252903,"enemyTowersLeft":0.5454545617103577,"deaths":0.006000000052154064,"teamNetWorth":0.7214499711990356,"teamKills":0.03400000184774399},"lastItemPurchased":[0,0,0,0,0,0,0,0,0,0,0]},"npc_dota_hero_tidehunter":{"lastAbilityUpgraded":"","victory":true,"state":{"kills":0.004999999888241291,"towersLeft":0.9090909361839294,"netWorth":0.13051000237464905,"xp":0.653333306312561,"teamXp":0.6693456768989563,"teamDeaths":0.02500000037252903,"enemyTowersLeft":0.5454545617103577,"deaths":0.004000000189989805,"teamNetWorth":0.7214499711990356,"teamKills":0.03400000184774399},"lastItemPurchased":[0,0,0,0,0,0,0,0,0,0,0]},"npc_dota_hero_morphling":{"lastAbilityUpgraded":"","victory":false,"state":{"kills":0.007000000216066837,"towersLeft":0.5454545617103577,"netWorth":0.2128400057554245,"xp":0.9295678734779358,"teamXp":0.6105431914329529,"teamDeaths":0.035999998450279236,"enemyTowersLeft":0.9090909361839294,"deaths":0.0020000000949949026,"teamNetWorth":0.5586599707603455,"teamKills":0.026000000536441803},"lastItemPurchased":[0,0,0,0,0,0,0,0,0,0,0]},"npc_dota_hero_sven":{"lastAbilityUpgraded":"","victory":true,"state":{"kills":0.012000000104308128,"towersLeft":0.9090909361839294,"netWorth":0.26579999923706055,"xp":0.8773765563964844,"teamXp":0.6693456768989563,"teamDeaths":0.02500000037252903,"enemyTowersLeft":0.5454545617103577,"deaths":0.00800000037997961,"teamNetWorth":0.7214499711990356,"teamKills":0.03400000184774399},"lastItemPurchased":[0,0,0,0,0,0,0,0,0,0,0]},"npc_dota_hero_shadow_demon":{"lastAbilityUpgraded":"","victory":true,"state":{"kills":0.004000000189989805,"towersLeft":0.9090909361839294,"netWorth":0.10639999806880951,"xp":0.5929629802703857,"teamXp":0.6693456768989563,"teamDeaths":0.02500000037252903,"enemyTowersLeft":0.5454545617103577,"deaths":0.004000000189989805,"teamNetWorth":0.7214499711990356,"teamKills":0.03400000184774399},"lastItemPurchased":[0,0,0,0,0,0,0,0,0,0,0]},"npc_dota_hero_jakiro":{"lastAbilityUpgraded":"","victory":false,"state":{"kills":0.004999999888241291,"towersLeft":0.5454545617103577,"netWorth":0.08229000121355057,"xp":0.4364814758300781,"teamXp":0.6105431914329529,"teamDeaths":0.035999998450279236,"enemyTowersLeft":0.9090909361839294,"deaths":0.012000000104308128,"teamNetWorth":0.5586599707603455,"teamKills":0.026000000536441803},"lastItemPurchased":[0,0,0,0,0,0,0,0,0,0,0]},"npc_dota_hero_batrider":{"lastAbilityUpgraded":"","victory":true,"state":{"kills":0.007000000216066837,"towersLeft":0.9090909361839294,"netWorth":0.12233000248670578,"xp":0.595370352268219,"teamXp":0.6693456768989563,"teamDeaths":0.02500000037252903,"enemyTowersLeft":0.5454545617103577,"deaths":0.003000000026077032,"teamNetWorth":0.7214499711990356,"teamKills":0.03400000184774399},"lastItemPurchased":[0,0,0,0,0,0,0,0,0,0,0]}}}