{"gameTime":63,"state":{"npc_dota_hero_warlock":{"lastAbilityUpgraded":"","victory":false,"state":{"kills":0.0010000000474974513,"towersLeft":0.4848484992980957,"netWorth":0.056609999388456345,"xp":0.5091666579246521,"teamXp":0.7458580136299133,"teamDeaths":0.04100000113248825,"enemyTowersLeft":0.9090909361839294,"deaths":0.004999999888241291,"teamNetWorth":0.7167999744415283,"teamKills":0.03099999949336052},"lastItemPurchased":[0,0,0,0,0,0,0,0,0,0,0]},"npc_dota_hero_templar_assassin":{"lastAbilityUpgraded":"","victory":false,"state":{"kills":0.007000000216066837,"towersLeft":0.4848484992980957,"netWorth":0.21261000633239746,"xp":1.0000617504119873,"teamXp":0.7458580136299133,"teamDeaths":0.04100000113248825,"enemyTowersLeft":0.9090909361839294,"deaths":0.012000000104308128,"teamNetWorth":0.7167999744415283,"teamKills":0.03099999949336052},"lastItemPurchased":[0,0,0,0,0,0,0,0,0,0,0]},"npc_dota_hero_axe":{"lastAbilityUpgraded":"","victory":false,"state":{"kills":0.00800000037997961,"towersLeft":0.4848484992980957,"netWorth":0.0877000018954277,"xp":0.6564815044403076,"teamXp":0.7458580136299133,"teamDeaths":0.04100000113248825,"enemyTowersLeft":0.9090909361839294,"deaths":0.00800000037997961,"teamNetWorth":0.7167999744415283,"teamKills":0.03099999949336052},"lastItemPurchased":[0,0,0,0,0,0,0,0,0,0,0]},"npc_dota_hero_kunkka":{"lastAbilityUpgraded":"","victory":true,"state":{"kills":0.006000000052154064,"towersLeft":0.9090909361839294,"netWorth":0.12117999792098999,"xp":0.7618827223777771,"teamXp":0.8345246911048889,"teamDeaths":0.029999999329447746,"enemyTowersLeft":0.4848484992980957,"deaths":0.00800000037997961,"teamNetWorth":0.9074900150299072,"teamKills":0.039000000804662704},"lastItemPurchased":[0,0,0,0,0,0,0,0,0,0,0]},"npc_dota_hero_tidehunter":{"lastAbilityUpgraded":"","victory":true,"state":{"kills":0.004999999888241291,"towersLeft":0.9090909361839294,"netWorth":0.15424999594688416,"xp":0.8399074077606201,"teamXp":0.8345246911048889,"teamDeaths":0.029999999329447746,"enemyTowersLeft":0.4848484992980957,"deaths":0.004999999888241291,"teamNetWorth":0.9074900150299072,"teamKills":0.039000000804662704},"lastItemPurchased":[0,0,0,0,0,0,0,0,0,0,0]},"npc_dota_hero_morphling":{"lastAbilityUpgraded":"","victory":false,"state":{"kills":0.009999999776482582,"towersLeft":0.4848484992980957,"netWorth":0.2763800024986267,"xp":1.000524640083313,"teamXp":0.7458580136299133,"teamDeaths":0.04100000113248825,"enemyTowersLeft":0.9090909361839294,"deaths":0.0020000000949949026,"teamNetWorth":0.7167999744415283,"teamKills":0.03099999949336052},"lastItemPurchased":[0,0,0,0,0,0,0,0,0,0,0]},"npc_dota_hero_sven":{"lastAbilityUpgraded":"","victory":true,"state":{"kills":0.014999999664723873,"towersLeft":0.9090909361839294,"netWorth":0.33901000022888184,"xp":1.0026851892471313,"teamXp":0.8345246911048889,"teamDeaths":0.029999999329447746,"enemyTowersLeft":0.4848484992980957,"deaths":0.008999999612569809,"teamNetWorth":0.9074900150299072,"teamKills":0.039000000804662704},"lastItemPurchased":[0,0,0,0,0,0,0,0,0,0,0]},"npc_dota_hero_shadow_demon":{"lastAbilityUpgraded":"","victory":true,"state":{"kills":0.004999999888241291,"towersLeft":0.9090909361839294,"netWorth":0.1253100037574768,"xp":0.7341049313545227,"teamXp":0.8345246911048889,"teamDeaths":0.029999999329447746,"enemyTowersLeft":0.4848484992980957,"deaths":0.004999999888241291,"teamNetWorth":0.9074900150299072,"teamKills":0.039000000804662704},"lastItemPurchased":[0,1,0,0,0,0,0,0,0,0,0]},"npc_dota_hero_jakiro":{"lastAbilityUpgraded":"","victory":false,"state":{"kills":0.004999999888241291,"towersLeft":0.4848484992980957,"netWorth":0.08349999785423279,"xp":0.5630555748939514,"teamXp":0.7458580136299133,"teamDeaths":0.04100000113248825,"enemyTowersLeft":0.9090909361839294,"deaths":0.014000000432133675,"teamNetWorth":0.7167999744415283,"teamKills":0.03099999949336052},"lastItemPurchased":[0,0,0,0,0,0,0,0,0,0,0]},"npc_dota_hero_batrider":{"lastAbilityUpgraded":"","victory":true,"state":{"kills":0.00800000037997961,"towersLeft":0.9090909361839294,"netWorth":0.16774000227451324,"xp":0.8340432047843933,"teamXp":0.8345246911048889,"teamDeaths":0.029999999329447746,"enemyTowersLeft":0.4848484992980957,"deaths":0.003000000026077032,"teamNetWorth":0.9074900150299072,"teamKills":0.039000000804662704},"lastItemPurchased":[0,0,0,0,0,0,0,0,0,0,0]}}}