{"gameTime":67,"state":{"npc_dota_hero_warlock":{"lastAbilityUpgraded":"","victory":false,"state":{"kills":0.0020000000949949026,"towersLeft":0.4848484992980957,"netWorth":0.058959998190402985,"xp":0.5512345433235168,"teamXp":0.775660514831543,"teamDeaths":0.04600000008940697,"enemyTowersLeft":0.9090909361839294,"deaths":0.006000000052154064,"teamNetWorth":0.76705002784729,"teamKills":0.035999998450279236},"lastItemPurchased":[0,0,0,0,0,0,0,0,0,0,0]},"npc_dota_hero_templar_assassin":{"lastAbilityUpgraded":"","victory":false,"state":{"kills":0.008999999612569809,"towersLeft":0.4848484992980957,"netWorth":0.2472199946641922,"xp":1.0000617504119873,"teamXp":0.775660514831543,"teamDeaths":0.04600000008940697,"enemyTowersLeft":0.9090909361839294,"deaths":0.014000000432133675,"teamNetWorth":0.76705002784729,"teamKills":0.035999998450279236},"lastItemPurchased":[0,0,0,0,0,0,0,0,0,0,0]},"npc_dota_hero_axe":{"lastAbilityUpgraded":"","victory":false,"state":{"kills":0.00800000037997961,"towersLeft":0.4848484992980957,"netWorth":0.0860700011253357,"xp":0.6784259080886841,"teamXp":0.775660514831543,"teamDeaths":0.04600000008940697,"enemyTowersLeft":0.9090909361839294,"deaths":0.008999999612569809,"teamNetWorth":0.76705002784729,"teamKills":0.035999998450279236},"lastItemPurchased":[0,0,0,0,0,0,0,0,0,0,0]},"npc_dota_hero_kunkka":{"lastAbilityUpgraded":"","victory":true,"state":{"kills":0.006000000052154064,"towersLeft":0.9090909361839294,"netWorth":0.1205499991774559,"xp":0.8136728405952454,"teamXp":0.898746907711029,"teamDeaths":0.03500000014901161,"enemyTowersLeft":0.4848484992980957,"deaths":0.008999999612569809,"teamNetWorth":0.8996800184249878,"teamKills":0.04399999976158142},"lastItemPurchased":[0,0,0,0,0,0,0,0,0,0,0]},"npc_dota_hero_tidehunter":{"lastAbilityUpgraded":"","victory":true,"state":{"kills":0.007000000216066837,"towersLeft":0.9090909361839294,"netWorth":0.17326000332832336,"xp":0.9845678806304932,"teamXp":0.898746907711029,"teamDeaths":0.03500000014901161,"enemyTowersLeft":0.4848484992980957,"deaths":0.004999999888241291,"teamNetWorth":0.8996800184249878,"teamKills":0.04399999976158142},"lastItemPurchased":[0,0,0,1,0,0,0,0,0,0,0]},"npc_dota_hero_morphling":{"lastAbilityUpgraded":"","victory":false,"state":{"kills":0.012000000104308128,"towersLeft":0.4848484992980957,"netWorth":0.2793799936771393,"xp":1.000524640083313,"teamXp":0.775660514831543,"teamDeaths":0.04600000008940697,"enemyTowersLeft":0.9090909361839294,"deaths":0.003000000026077032,"teamNetWorth":0.76705002784729,"teamKills":0.035999998450279236},"lastItemPurchased":[1,0,0,0,0,0,0,0,0,0,0]},"npc_dota_hero_sven":{"lastAbilityUpgraded":"","victory":true,"state":{"kills":0.014999999664723873,"towersLeft":0.9090909361839294,"netWorth":0.3269299864768982,"xp":1.0026851892471313,"teamXp":0.898746907711029,"teamDeaths":0.03500000014901161,"enemyTowersLeft":0.4848484992980957,"deaths":0.009999999776482582,"teamNetWorth":0.8996800184249878,"teamKills":0.04399999976158142},"lastItemPurchased":[0,0,0,0,0,0,0,0,0,0,0]},"npc_dota_hero_shadow_demon":{"lastAbilityUpgraded":"","victory":true,"state":{"kills":0.004999999888241291,"towersLeft":0.9090909361839294,"netWorth":0.10064999759197235,"xp":0.747283935546875,"teamXp":0.898746907711029,"teamDeaths":0.03500000014901161,"enemyTowersLeft":0.4848484992980957,"deaths":0.007000000216066837,"teamNetWorth":0.8996800184249878,"teamKills":0.04399999976158142},"lastItemPurchased":[0,0,0,0,0,0,0,0,0,0,0]},"npc_dota_hero_jakiro":{"lastAbilityUpgraded":"","victory":false,"state":{"kills":0.004999999888241291,"towersLeft":0.4848484992980957,"netWorth":0.0954200029373169,"xp":0.6480555534362793,"teamXp":0.775660514831543,"teamDeaths":0.04600000008940697,"enemyTowersLeft":0.9090909361839294,"deaths":0.014000000432133675,"teamNetWorth":0.76705002784729,"teamKills":0.035999998450279236},"lastItemPurchased":[0,0,0,0,0,0,0,0,0,0,0]},"npc_dota_hero_batrider":{"lastAbilityUpgraded":"","victory":true,"state":{"kills":0.010999999940395355,"towersLeft":0.9090909361839294,"netWorth":0.178289994597435,"xp":0.9455246925354004,"teamXp":0.898746907711029,"teamDeaths":0.03500000014901161,"enemyTowersLeft":0.4848484992980957,"deaths":0.004000000189989805,"teamNetWorth":0.8996800184249878,"teamKills":0.04399999976158142},"lastItemPurchased":[1,0,0,0,0,0,0,0,0,0,0]}}}