{"gameTime":14,"state":{"npc_dota_hero_gyrocopter":{"lastAbilityUpgraded":"","victory":false,"state":{"kills":0.0010000000474974513,"towersLeft":1,"netWorth":0.02855999954044819,"xp":0.1258641928434372,"teamXp":0.10745678842067719,"teamDeaths":0.007000000216066837,"enemyTowersLeft":0.939393937587738,"deaths":0.0020000000949949026,"teamNetWorth":0.13941000401973724,"teamKills":0.003000000026077032},"lastItemPurchased":[0,0,0,0,0,0,0,0,0,0,0]},"npc_dota_hero_centaur":{"lastAbilityUpgraded":"","victory":false,"state":{"kills":0,"towersLeft":1,"netWorth":0.05733000114560127,"xp":0.16490741074085236,"teamXp":0.10745678842067719,"teamDeaths":0.007000000216066837,"enemyTowersLeft":0.939393937587738,"deaths":0,"teamNetWorth":0.13941000401973724,"teamKills":0.003000000026077032},"lastItemPurchased":[0,0,0,0,1,0,0,0,0,0,0]},"npc_dota_hero_abyssal_underlord":{"lastAbilityUpgraded":"","victory":false,"state":{"kills":0.0010000000474974513,"towersLeft":1,"netWorth":0.02986999973654747,"xp":0.1304320991039276,"teamXp":0.10745678842067719,"teamDeaths":0.007000000216066837,"enemyTowersLeft":0.939393937587738,"deaths":0.003000000026077032,"teamNetWorth":0.13941000401973724,"teamKills":0.003000000026077032},"lastItemPurchased":[0,0,0,0,0,0,0,0,0,0,0]},"npc_dota_hero_mirana":{"lastAbilityUpgraded":"","victory":true,"state":{"kills":0,"towersLeft":0.939393937587738,"netWorth":0.015479999594390392,"xp":0.08429012447595596,"teamXp":0.11230246722698212,"teamDeaths":0.003000000026077032,"enemyTowersLeft":1,"deaths":0,"teamNetWorth":0.12488000094890594,"teamKills":0.007000000216066837},"lastItemPurchased":[0,0,0,0,0,0,0,0,0,0,0]},"npc_dota_hero_tinker":{"lastAbilityUpgraded":"","victory":true,"state":{"kills":0.0020000000949949026,"towersLeft":0.939393937587738,"netWorth":0.01940000057220459,"xp":0.11135802417993546,"teamXp":0.11230246722698212,"teamDeaths":0.003000000026077032,"enemyTowersLeft":1,"deaths":0.0020000000949949026,"teamNetWorth":0.12488000094890594,"teamKills":0.007000000216066837},"lastItemPurchased":[0,0,0,0,0,0,0,0,0,0,0]},"npc_dota_hero_kunkka":{"lastAbilityUpgraded":"","victory":true,"state":{"kills":0.0020000000949949026,"towersLeft":0.939393937587738,"netWorth":0.019379999488592148,"xp":0.08975308388471603,"teamXp":0.11230246722698212,"teamDeaths":0.003000000026077032,"enemyTowersLeft":1,"deaths":0.0010000000474974513,"teamNetWorth":0.12488000094890594,"teamKills":0.007000000216066837},"lastItemPurchased":[0,0,0,0,0,0,0,0,0,0,0]},"npc_dota_hero_ogre_magi":{"lastAbilityUpgraded":"","victory":false,"state":{"kills":0.0010000000474974513,"towersLeft":1,"netWorth":0.013880000449717045,"xp":0.053302470594644547,"teamXp":0.10745678842067719,"teamDeaths":0.007000000216066837,"enemyTowersLeft":0.939393937587738,"deaths":0,"teamNetWorth":0.13941000401973724,"teamKills":0.003000000026077032},"lastItemPurchased":[0,0,0,0,0,0,0,0,0,0,0]},"npc_dota_hero_ancient_apparition":{"lastAbilityUpgraded":"","victory":true,"state":{"kills":0,"towersLeft":0.939393937587738,"netWorth":0.02459999918937683,"xp":0.107962965965271,"teamXp":0.11230246722698212,"teamDeaths":0.003000000026077032,"enemyTowersLeft":1,"deaths":0,"teamNetWorth":0.12488000094890594,"teamKills":0.007000000216066837},"lastItemPurchased":[0,0,0,0,0,0,0,0,0,0,0]},"npc_dota_hero_disruptor":{"lastAbilityUpgraded":"","victory":false,"state":{"kills":0,"towersLeft":1,"netWorth":0.009770000353455544,"xp":0.06277777999639511,"teamXp":0.10745678842067719,"teamDeaths":0.007000000216066837,"enemyTowersLeft":0.939393937587738,"deaths":0.0020000000949949026,"teamNetWorth":0.13941000401973724,"teamKills":0.003000000026077032},"lastItemPurchased":[0,0,0,0,0,0,0,0,0,0,0]},"npc_dota_hero_juggernaut":{"lastAbilityUpgraded":"","victory":true,"state":{"kills":0.003000000026077032,"towersLeft":0.939393937587738,"netWorth":0.04602000117301941,"xp":0.16814814507961273,"teamXp":0.11230246722698212,"teamDeaths":0.003000000026077032,"enemyTowersLeft":1,"deaths":0,"teamNetWorth":0.12488000094890594,"teamKills":0.007000000216066837},"lastItemPurchased":[0,0,1,0,0,0,0,0,0,0,0]}}}