{"gameTime":49,"state":{"npc_dota_hero_gyrocopter":{"lastAbilityUpgraded":"","victory":false,"state":{"kills":0.00800000037997961,"towersLeft":0.4848484992980957,"netWorth":0.16836999356746674,"xp":0.84746915102005,"teamXp":0.6299938559532166,"teamDeaths":0.04899999871850014,"enemyTowersLeft":0.6666666865348816,"deaths":0.009999999776482582,"teamNetWorth":0.5558500289916992,"teamKills":0.027000000700354576},"lastItemPurchased":[0,0,0,0,0,0,0,0,0,0,0]},"npc_dota_hero_centaur":{"lastAbilityUpgraded":"","victory":false,"state":{"kills":0.010999999940395355,"towersLeft":0.4848484992980957,"netWorth":0.23483000695705414,"xp":1.0172221660614014,"teamXp":0.6299938559532166,"teamDeaths":0.04899999871850014,"enemyTowersLeft":0.6666666865348816,"deaths":0.00800000037997961,"teamNetWorth":0.5558500289916992,"teamKills":0.027000000700354576},"lastItemPurchased":[0,0,0,0,0,0,0,0,0,0,0]},"npc_dota_hero_abyssal_underlord":{"lastAbilityUpgraded":"","victory":false,"state":{"kills":0.0020000000949949026,"towersLeft":0.4848484992980957,"netWorth":0.08376000076532364,"xp":0.5975925922393799,"teamXp":0.6299938559532166,"teamDeaths":0.04899999871850014,"enemyTowersLeft":0.6666666865348816,"deaths":0.010999999940395355,"teamNetWorth":0.5558500289916992,"teamKills":0.027000000700354576},"lastItemPurchased":[0,0,0,0,0,0,0,0,0,0,0]},"npc_dota_hero_mirana":{"lastAbilityUpgraded":"","victory":true,"state":{"kills":0.006000000052154064,"towersLeft":0.7272727489471436,"netWorth":0.17782999575138092,"xp":0.8132098913192749,"teamXp":0.7475185394287109,"teamDeaths":0.027000000700354576,"enemyTowersLeft":0.5454545617103577,"deaths":0.004000000189989805,"teamNetWorth":0.805109977722168,"teamKills":0.04899999871850014},"lastItemPurchased":[0,0,0,0,0,0,0,0,0,0,0]},"npc_dota_hero_tinker":{"lastAbilityUpgraded":"","victory":true,"state":{"kills":0.01899999938905239,"towersLeft":0.7272727489471436,"netWorth":0.14914000034332275,"xp":0.7405555844306946,"teamXp":0.7475185394287109,"teamDeaths":0.027000000700354576,"enemyTowersLeft":0.5454545617103577,"deaths":0.006000000052154064,"teamNetWorth":0.805109977722168,"teamKills":0.04899999871850014},"lastItemPurchased":[0,0,0,0,0,0,0,0,0,0,0]},"npc_dota_hero_kunkka":{"lastAbilityUpgraded":"","victory":true,"state":{"kills":0.003000000026077032,"towersLeft":0.7272727489471436,"netWorth":0.04538000002503395,"xp":0.5425925850868225,"teamXp":0.7475185394287109,"teamDeaths":0.027000000700354576,"enemyTowersLeft":0.5454545617103577,"deaths":0.008999999612569809,"teamNetWorth":0.805109977722168,"teamKills":0.04899999871850014},"lastItemPurchased":[0,0,0,0,0,0,0,0,0,0,0]},"npc_dota_hero_ogre_magi":{"lastAbilityUpgraded":"","victory":false,"state":{"kills":0.003000000026077032,"towersLeft":0.4848484992980957,"netWorth":0.03641999885439873,"xp":0.34262344241142273,"teamXp":0.6299938559532166,"teamDeaths":0.04899999871850014,"enemyTowersLeft":0.6666666865348816,"deaths":0.008999999612569809,"teamNetWorth":0.5558500289916992,"teamKills":0.027000000700354576},"lastItemPurchased":[0,0,0,0,0,0,0,0,0,0,0]},"npc_dota_hero_ancient_apparition":{"lastAbilityUpgraded":"","victory":true,"state":{"kills":0.004999999888241291,"towersLeft":0.7272727489471436,"netWorth":0.14403000473976135,"xp":0.6340123414993286,"teamXp":0.7475185394287109,"teamDeaths":0.027000000700354576,"enemyTowersLeft":0.5454545617103577,"deaths":0.003000000026077032,"teamNetWorth":0.805109977722168,"teamKills":0.04899999871850014},"lastItemPurchased":[0,0,0,0,0,0,0,0,0,0,0]},"npc_dota_hero_disruptor":{"lastAbilityUpgraded":"","victory":false,"state":{"kills":0.003000000026077032,"towersLeft":0.4848484992980957,"netWorth":0.03246999904513359,"xp":0.345061719417572,"teamXp":0.6299938559532166,"teamDeaths":0.04899999871850014,"enemyTowersLeft":0.6666666865348816,"deaths":0.010999999940395355,"teamNetWorth":0.5558500289916992,"teamKills":0.027000000700354576},"lastItemPurchased":[0,0,0,0,0,0,0,0,0,0,0]},"npc_dota_hero_juggernaut":{"lastAbilityUpgraded":"","victory":true,"state":{"kills":0.01600000075995922,"towersLeft":0.7272727489471436,"netWorth":0.2887299954891205,"xp":1.0072221755981445,"teamXp":0.7475185394287109,"teamDeaths":0.027000000700354576,"enemyTowersLeft":0.5454545617103577,"deaths":0.004999999888241291,"teamNetWorth":0.805109977722168,"teamKills":0.04899999871850014},"lastItemPurchased":[0,0,0,0,0,0,0,0,0,0,1]}}}