{"gameTime":42,"state":{"npc_dota_hero_antimage":{"lastAbilityUpgraded":"","victory":false,"state":{"kills":0.006000000052154064,"towersLeft":0.4848484992980957,"netWorth":0.21018999814987183,"xp":0.786481499671936,"teamXp":0.43522220849990845,"teamDeaths":0.03200000151991844,"enemyTowersLeft":0.9090909361839294,"deaths":0.004999999888241291,"teamNetWorth":0.4491499960422516,"teamKills":0.013000000268220901},"lastItemPurchased":[0,0,0,0,0,0,0,0,0,0,0]},"npc_dota_hero_storm_spirit":{"lastAbilityUpgraded":"","victory":true,"state":{"kills":0.01899999938905239,"towersLeft":0.9090909361839294,"netWorth":0.21913999319076538,"xp":0.8647530674934387,"teamXp":0.5162160396575928,"teamDeaths":0.020999999716877937,"enemyTowersLeft":0.4848484992980957,"deaths":0.007000000216066837,"teamNetWorth":0.6291999816894531,"teamKills":0.03099999949336052},"lastItemPurchased":[0,0,0,0,0,0,0,0,0,0,0]},"npc_dota_hero_axe":{"lastAbilityUpgraded":"","victory":false,"state":{"kills":0.003000000026077032,"towersLeft":0.4848484992980957,"netWorth":0.06032000109553337,"xp":0.37845680117607117,"teamXp":0.43522220849990845,"teamDeaths":0.03200000151991844,"enemyTowersLeft":0.9090909361839294,"deaths":0.008999999612569809,"teamNetWorth":0.4491499960422516,"teamKills":0.013000000268220901},"lastItemPurchased":[0,0,0,0,0,0,0,0,0,0,0]},"npc_dota_hero_drow_ranger":{"lastAbilityUpgraded":"","victory":true,"state":{"kills":0.007000000216066837,"towersLeft":0.9090909361839294,"netWorth":0.18785999715328217,"xp":0.6195370554924011,"teamXp":0.5162160396575928,"teamDeaths":0.020999999716877937,"enemyTowersLeft":0.4848484992980957,"deaths":0.003000000026077032,"teamNetWorth":0.6291999816894531,"teamKills":0.03099999949336052},"lastItemPurchased":[0,0,0,0,0,0,0,0,0,0,0]},"npc_dota_hero_venomancer":{"lastAbilityUpgraded":"","victory":false,"state":{"kills":0.004000000189989805,"towersLeft":0.4848484992980957,"netWorth":0.0919400006532669,"xp":0.38527777791023254,"teamXp":0.43522220849990845,"teamDeaths":0.03200000151991844,"enemyTowersLeft":0.9090909361839294,"deaths":0.008999999612569809,"teamNetWorth":0.4491499960422516,"teamKills":0.013000000268220901},"lastItemPurchased":[0,0,0,0,0,0,0,0,0,0,0]},"npc_dota_hero_dazzle":{"lastAbilityUpgraded":"","victory":false,"state":{"kills":0,"towersLeft":0.4848484992980957,"netWorth":0.05063999816775322,"xp":0.34382715821266174,"teamXp":0.43522220849990845,"teamDeaths":0.03200000151991844,"enemyTowersLeft":0.9090909361839294,"deaths":0.004000000189989805,"teamNetWorth":0.4491499960422516,"teamKills":0.013000000268220901},"lastItemPurchased":[0,0,0,0,0,0,0,0,0,0,0]},"npc_dota_hero_lion":{"lastAbilityUpgraded":"","victory":true,"state":{"kills":0.0020000000949949026,"towersLeft":0.9090909361839294,"netWorth":0.05268000066280365,"xp":0.324444442987442,"teamXp":0.5162160396575928,"teamDeaths":0.020999999716877937,"enemyTowersLeft":0.4848484992980957,"deaths":0.004999999888241291,"teamNetWorth":0.6291999816894531,"teamKills":0.03099999949336052},"lastItemPurchased":[0,0,0,0,0,0,0,0,0,0,0]},"npc_dota_hero_slardar":{"lastAbilityUpgraded":"","victory":true,"state":{"kills":0.0020000000949949026,"towersLeft":0.9090909361839294,"netWorth":0.11980000138282776,"xp":0.4657716155052185,"teamXp":0.5162160396575928,"teamDeaths":0.020999999716877937,"enemyTowersLeft":0.4848484992980957,"deaths":0.0020000000949949026,"teamNetWorth":0.6291999816894531,"teamKills":0.03099999949336052},"lastItemPurchased":[0,0,0,0,0,0,0,0,0,0,0]},"npc_dota_hero_ogre_magi":{"lastAbilityUpgraded":"","victory":true,"state":{"kills":0.0010000000474974513,"towersLeft":0.9090909361839294,"netWorth":0.049720000475645065,"xp":0.3065740764141083,"teamXp":0.5162160396575928,"teamDeaths":0.020999999716877937,"enemyTowersLeft":0.4848484992980957,"deaths":0.004000000189989805,"teamNetWorth":0.6291999816894531,"teamKills":0.03099999949336052},"lastItemPurchased":[0,0,0,0,0,0,0,0,0,0,0]},"npc_dota_hero_abaddon":{"lastAbilityUpgraded":"","victory":false,"state":{"kills":0,"towersLeft":0.4848484992980957,"netWorth":0.03606000170111656,"xp":0.2820678949356079,"teamXp":0.43522220849990845,"teamDeaths":0.03200000151991844,"enemyTowersLeft":0.9090909361839294,"deaths":0.004999999888241291,"teamNetWorth":0.4491499960422516,"teamKills":0.013000000268220901},"lastItemPurchased":[0,0,0,0,0,0,0,0,0,0,0]}}}