{"gameTime":39,"state":{"npc_dota_hero_nyx_assassin":{"lastAbilityUpgraded":"","victory":false,"state":{"kills":0.004000000189989805,"towersLeft":0.5454545617103577,"netWorth":0.0210999995470047,"xp":0.3178086280822754,"teamXp":0.5258827209472656,"teamDeaths":0.04899999871850014,"enemyTowersLeft":0.8787878751754761,"deaths":0.014999999664723873,"teamNetWorth":0.4399699866771698,"teamKills":0.039000000804662704},"lastItemPurchased":[0,0,0,0,0,0,0,0,0,0,0]},"npc_dota_hero_life_stealer":{"lastAbilityUpgraded":"","victory":false,"state":{"kills":0.013000000268220901,"towersLeft":0.5454545617103577,"netWorth":0.14934000372886658,"xp":0.7961111068725586,"teamXp":0.5258827209472656,"teamDeaths":0.04899999871850014,"enemyTowersLeft":0.8787878751754761,"deaths":0.004000000189989805,"teamNetWorth":0.4399699866771698,"teamKills":0.039000000804662704},"lastItemPurchased":[0,0,0,0,0,0,0,0,0,0,0]},"npc_dota_hero_axe":{"lastAbilityUpgraded":"","victory":false,"state":{"kills":0.007000000216066837,"towersLeft":0.5454545617103577,"netWorth":0.06299000233411789,"xp":0.4011419713497162,"teamXp":0.5258827209472656,"teamDeaths":0.04899999871850014,"enemyTowersLeft":0.8787878751754761,"deaths":0.014000000432133675,"teamNetWorth":0.4399699866771698,"teamKills":0.039000000804662704},"lastItemPurchased":[0,0,0,0,0,0,0,0,0,0,0]},"npc_dota_hero_pudge":{"lastAbilityUpgraded":"","victory":true,"state":{"kills":0.012000000104308128,"towersLeft":0.939393937587738,"netWorth":0.08303999900817871,"xp":0.5056172609329224,"teamXp":0.5513271689414978,"teamDeaths":0.04399999976158142,"enemyTowersLeft":0.6060606241226196,"deaths":0.009999999776482582,"teamNetWorth":0.5536199808120728,"teamKills":0.04899999871850014},"lastItemPurchased":[0,0,0,0,0,0,0,0,0,0,0]},"npc_dota_hero_invoker":{"lastAbilityUpgraded":"","victory":false,"state":{"kills":0.009999999776482582,"towersLeft":0.5454545617103577,"netWorth":0.13646000623703003,"xp":0.6946913599967957,"teamXp":0.5258827209472656,"teamDeaths":0.04899999871850014,"enemyTowersLeft":0.8787878751754761,"deaths":0.00800000037997961,"teamNetWorth":0.4399699866771698,"teamKills":0.039000000804662704},"lastItemPurchased":[0,0,0,0,0,0,0,0,0,0,0]},"npc_dota_hero_kunkka":{"lastAbilityUpgraded":"","victory":false,"state":{"kills":0.004999999888241291,"towersLeft":0.5454545617103577,"netWorth":0.0700799971818924,"xp":0.4196605086326599,"teamXp":0.5258827209472656,"teamDeaths":0.04899999871850014,"enemyTowersLeft":0.8787878751754761,"deaths":0.00800000037997961,"teamNetWorth":0.4399699866771698,"teamKills":0.039000000804662704},"lastItemPurchased":[1,0,0,0,0,0,0,0,0,0,0]},"npc_dota_hero_ogre_magi":{"lastAbilityUpgraded":"","victory":true,"state":{"kills":0.008999999612569809,"towersLeft":0.939393937587738,"netWorth":0.08737999945878983,"xp":0.49422839283943176,"teamXp":0.5513271689414978,"teamDeaths":0.04399999976158142,"enemyTowersLeft":0.6060606241226196,"deaths":0.007000000216066837,"teamNetWorth":0.5536199808120728,"teamKills":0.04899999871850014},"lastItemPurchased":[1,0,0,0,0,0,0,0,0,0,0]},"npc_dota_hero_rattletrap":{"lastAbilityUpgraded":"","victory":true,"state":{"kills":0.00800000037997961,"towersLeft":0.939393937587738,"netWorth":0.06830000132322311,"xp":0.42694443464279175,"teamXp":0.5513271689414978,"teamDeaths":0.04399999976158142,"enemyTowersLeft":0.6060606241226196,"deaths":0.012000000104308128,"teamNetWorth":0.5536199808120728,"teamKills":0.04899999871850014},"lastItemPurchased":[0,0,0,0,0,0,0,0,0,0,0]},"npc_dota_hero_obsidian_destroyer":{"lastAbilityUpgraded":"","victory":true,"state":{"kills":0.013000000268220901,"towersLeft":0.939393937587738,"netWorth":0.13356000185012817,"xp":0.5500925779342651,"teamXp":0.5513271689414978,"teamDeaths":0.04399999976158142,"enemyTowersLeft":0.6060606241226196,"deaths":0.008999999612569809,"teamNetWorth":0.5536199808120728,"teamKills":0.04899999871850014},"lastItemPurchased":[0,0,0,0,0,0,0,0,0,0,0]},"npc_dota_hero_juggernaut":{"lastAbilityUpgraded":"","victory":true,"state":{"kills":0.007000000216066837,"towersLeft":0.939393937587738,"netWorth":0.18133999407291412,"xp":0.7797530889511108,"teamXp":0.5513271689414978,"teamDeaths":0.04399999976158142,"enemyTowersLeft":0.6060606241226196,"deaths":0.006000000052154064,"teamNetWorth":0.5536199808120728,"teamKills":0.04899999871850014},"lastItemPurchased":[0,0,1,0,0,0,0,0,0,0,0]}}}