{"gameTime":8,"state":{"npc_dota_hero_storm_spirit":{"lastAbilityUpgraded":"","victory":true,"state":{"kills":0,"towersLeft":1,"netWorth":0.01169000007212162,"xp":0.02500000037252903,"teamXp":0.01335185207426548,"teamDeaths":0.0010000000474974513,"enemyTowersLeft":1,"deaths":0,"teamNetWorth":0.04893999919295311,"teamKills":0},"lastItemPurchased":[0,0,0,0,0,0,0,0,0,0,0]},"npc_dota_hero_sand_king":{"lastAbilityUpgraded":"","victory":true,"state":{"kills":0,"towersLeft":1,"netWorth":0.012860000133514404,"xp":0.015956789255142212,"teamXp":0.01335185207426548,"teamDeaths":0.0010000000474974513,"enemyTowersLeft":1,"deaths":0.0010000000474974513,"teamNetWorth":0.04893999919295311,"teamKills":0},"lastItemPurchased":[0,0,0,0,0,0,0,0,0,0,0]},"npc_dota_hero_night_stalker":{"lastAbilityUpgraded":"","victory":false,"state":{"kills":0,"towersLeft":1,"netWorth":0.008999999612569809,"xp":0.01379629597067833,"teamXp":0.014401234686374664,"teamDeaths":0,"enemyTowersLeft":1,"deaths":0,"teamNetWorth":0.04619999974966049,"teamKills":0.0010000000474974513},"lastItemPurchased":[0,0,0,0,0,0,0,0,0,0,0]},"npc_dota_hero_mirana":{"lastAbilityUpgraded":"","victory":true,"state":{"kills":0,"towersLeft":1,"netWorth":0.007069999817758799,"xp":0.004351851996034384,"teamXp":0.01335185207426548,"teamDeaths":0.0010000000474974513,"enemyTowersLeft":1,"deaths":0,"teamNetWorth":0.04893999919295311,"teamKills":0},"lastItemPurchased":[0,0,0,1,0,0,0,0,0,0,0]},"npc_dota_hero_lion":{"lastAbilityUpgraded":"","victory":true,"state":{"kills":0,"towersLeft":1,"netWorth":0.0062500000931322575,"xp":0.002746913582086563,"teamXp":0.01335185207426548,"teamDeaths":0.0010000000474974513,"enemyTowersLeft":1,"deaths":0,"teamNetWorth":0.04893999919295311,"teamKills":0},"lastItemPurchased":[0,0,0,0,0,0,0,0,0,0,0]},"npc_dota_hero_ogre_magi":{"lastAbilityUpgraded":"","victory":false,"state":{"kills":0,"towersLeft":1,"netWorth":0.008620000444352627,"xp":0.007253086194396019,"teamXp":0.014401234686374664,"teamDeaths":0,"enemyTowersLeft":1,"deaths":0,"teamNetWorth":0.04619999974966049,"teamKills":0.0010000000474974513},"lastItemPurchased":[0,0,0,1,0,0,0,0,0,0,0]},"npc_dota_hero_puck":{"lastAbilityUpgraded":"","victory":false,"state":{"kills":0,"towersLeft":1,"netWorth":0.010339999571442604,"xp":0.023580247536301613,"teamXp":0.014401234686374664,"teamDeaths":0,"enemyTowersLeft":1,"deaths":0,"teamNetWorth":0.04619999974966049,"teamKills":0.0010000000474974513},"lastItemPurchased":[0,0,0,0,0,0,0,0,0,0,0]},"npc_dota_hero_shredder":{"lastAbilityUpgraded":"","victory":false,"state":{"kills":0,"towersLeft":1,"netWorth":0.0062500000931322575,"xp":0.005895061884075403,"teamXp":0.014401234686374664,"teamDeaths":0,"enemyTowersLeft":1,"deaths":0,"teamNetWorth":0.04619999974966049,"teamKills":0.0010000000474974513},"lastItemPurchased":[0,1,0,0,0,0,0,0,0,0,0]},"npc_dota_hero_morphling":{"lastAbilityUpgraded":"","victory":true,"state":{"kills":0,"towersLeft":1,"netWorth":0.011070000007748604,"xp":0.018703702837228775,"teamXp":0.01335185207426548,"teamDeaths":0.0010000000474974513,"enemyTowersLeft":1,"deaths":0,"teamNetWorth":0.04893999919295311,"teamKills":0},"lastItemPurchased":[0,0,0,0,0,0,0,0,0,0,0]},"npc_dota_hero_juggernaut":{"lastAbilityUpgraded":"","victory":false,"state":{"kills":0.0010000000474974513,"towersLeft":1,"netWorth":0.011989999562501907,"xp":0.021481482312083244,"teamXp":0.014401234686374664,"teamDeaths":0,"enemyTowersLeft":1,"deaths":0,"teamNetWorth":0.04619999974966049,"teamKills":0.0010000000474974513},"lastItemPurchased":[0,1,0,0,0,0,0,0,0,0,0]}}}