{"gameTime":45,"state":{"npc_dota_hero_dark_seer":{"lastAbilityUpgraded":"","victory":true,"state":{"kills":0.0010000000474974513,"towersLeft":0.8787878751754761,"netWorth":0.13264000415802002,"xp":0.6137962937355042,"teamXp":0.5823271870613098,"teamDeaths":0.023000000044703484,"enemyTowersLeft":0.27272728085517883,"deaths":0.003000000026077032,"teamNetWorth":0.7152400016784668,"teamKills":0.03700000047683716},"lastItemPurchased":[0,0,0,0,0,0,0,0,0,0,0]},"npc_dota_hero_nyx_assassin":{"lastAbilityUpgraded":"","victory":false,"state":{"kills":0.004999999888241291,"towersLeft":0.24242424964904785,"netWorth":0.09804999828338623,"xp":0.582561731338501,"teamXp":0.49643826484680176,"teamDeaths":0.03700000047683716,"enemyTowersLeft":0.8484848737716675,"deaths":0.006000000052154064,"teamNetWorth":0.40606001019477844,"teamKills":0.020999999716877937},"lastItemPurchased":[0,0,0,0,0,0,0,0,0,0,0]},"npc_dota_hero_rubick":{"lastAbilityUpgraded":"","victory":false,"state":{"kills":0.004999999888241291,"towersLeft":0.24242424964904785,"netWorth":0.028540000319480896,"xp":0.263765424489975,"teamXp":0.49643826484680176,"teamDeaths":0.03700000047683716,"enemyTowersLeft":0.8484848737716675,"deaths":0.008999999612569809,"teamNetWorth":0.40606001019477844,"teamKills":0.020999999716877937},"lastItemPurchased":[0,0,0,0,0,0,0,0,0,0,0]},"npc_dota_hero_phoenix":{"lastAbilityUpgraded":"","victory":true,"state":{"kills":0.003000000026077032,"towersLeft":0.8787878751754761,"netWorth":0.05979999899864197,"xp":0.35540124773979187,"teamXp":0.5823271870613098,"teamDeaths":0.023000000044703484,"enemyTowersLeft":0.27272728085517883,"deaths":0.007000000216066837,"teamNetWorth":0.7152400016784668,"teamKills":0.03700000047683716},"lastItemPurchased":[0,0,0,0,0,0,0,0,0,0,0]},"npc_dota_hero_luna":{"lastAbilityUpgraded":"","victory":false,"state":{"kills":0.006000000052154064,"towersLeft":0.24242424964904785,"netWorth":0.158720001578331,"xp":0.7199691534042358,"teamXp":0.49643826484680176,"teamDeaths":0.03700000047683716,"enemyTowersLeft":0.8484848737716675,"deaths":0.004999999888241291,"teamNetWorth":0.40606001019477844,"teamKills":0.020999999716877937},"lastItemPurchased":[0,0,0,0,0,0,0,0,0,0,0]},"npc_dota_hero_sniper":{"lastAbilityUpgraded":"","victory":false,"state":{"kills":0.004000000189989805,"towersLeft":0.24242424964904785,"netWorth":0.09341999888420105,"xp":0.6199382543563843,"teamXp":0.49643826484680176,"teamDeaths":0.03700000047683716,"enemyTowersLeft":0.8484848737716675,"deaths":0.009999999776482582,"teamNetWorth":0.40606001019477844,"teamKills":0.020999999716877937},"lastItemPurchased":[0,0,0,0,0,0,0,0,0,0,0]},"npc_dota_hero_bounty_hunter":{"lastAbilityUpgraded":"","victory":true,"state":{"kills":0.004000000189989805,"towersLeft":0.8787878751754761,"netWorth":0.1252799928188324,"xp":0.4052160382270813,"teamXp":0.5823271870613098,"teamDeaths":0.023000000044703484,"enemyTowersLeft":0.27272728085517883,"deaths":0.003000000026077032,"teamNetWorth":0.7152400016784668,"teamKills":0.03700000047683716},"lastItemPurchased":[0,0,0,0,0,0,0,0,0,0,0]},"npc_dota_hero_morphling":{"lastAbilityUpgraded":"","victory":true,"state":{"kills":0.010999999940395355,"towersLeft":0.8787878751754761,"netWorth":0.19428999722003937,"xp":0.710586428642273,"teamXp":0.5823271870613098,"teamDeaths":0.023000000044703484,"enemyTowersLeft":0.27272728085517883,"deaths":0.004000000189989805,"teamNetWorth":0.7152400016784668,"teamKills":0.03700000047683716},"lastItemPurchased":[0,0,0,0,0,0,0,0,0,0,0]},"npc_dota_hero_obsidian_destroyer":{"lastAbilityUpgraded":"","victory":true,"state":{"kills":0.017999999225139618,"towersLeft":0.8787878751754761,"netWorth":0.20322999358177185,"xp":0.8266357779502869,"teamXp":0.5823271870613098,"teamDeaths":0.023000000044703484,"enemyTowersLeft":0.27272728085517883,"deaths":0.006000000052154064,"teamNetWorth":0.7152400016784668,"teamKills":0.03700000047683716},"lastItemPurchased":[0,0,0,0,0,0,0,0,0,0,0]},"npc_dota_hero_omniknight":{"lastAbilityUpgraded":"","victory":false,"state":{"kills":0.0010000000474974513,"towersLeft":0.24242424964904785,"netWorth":0.027329999953508377,"xp":0.2959567904472351,"teamXp":0.49643826484680176,"teamDeaths":0.03700000047683716,"enemyTowersLeft":0.8484848737716675,"deaths":0.007000000216066837,"teamNetWorth":0.40606001019477844,"teamKills":0.020999999716877937},"lastItemPurchased":[0,0,0,0,0,0,0,0,0,0,0]}}}