{"gameTime":14,"state":{"npc_dota_hero_crystal_maiden":{"lastAbilityUpgraded":"","victory":true,"state":{"kills":0,"towersLeft":1,"netWorth":0.014949999749660492,"xp":0.07305555790662766,"teamXp":0.11667283624410629,"teamDeaths":0.00800000037997961,"enemyTowersLeft":0.939393937587738,"deaths":0.004000000189989805,"teamNetWorth":0.18166999518871307,"teamKills":0.01899999938905239},"lastItemPurchased":[0,0,1,0,0,0,0,0,0,0,0]},"npc_dota_hero_life_stealer":{"lastAbilityUpgraded":"","victory":true,"state":{"kills":0.0020000000949949026,"towersLeft":1,"netWorth":0.036249998956918716,"xp":0.14416666328907013,"teamXp":0.11667283624410629,"teamDeaths":0.00800000037997961,"enemyTowersLeft":0.939393937587738,"deaths":0.0010000000474974513,"teamNetWorth":0.18166999518871307,"teamKills":0.01899999938905239},"lastItemPurchased":[0,0,0,0,0,0,0,0,0,0,0]},"npc_dota_hero_drow_ranger":{"lastAbilityUpgraded":"","victory":false,"state":{"kills":0.0010000000474974513,"towersLeft":0.939393937587738,"netWorth":0.013749999925494194,"xp":0.07490740716457367,"teamXp":0.07343209534883499,"teamDeaths":0.019999999552965164,"enemyTowersLeft":1,"deaths":0.004000000189989805,"teamNetWorth":0.09222999960184097,"teamKills":0.007000000216066837},"lastItemPurchased":[0,0,0,0,0,0,0,0,0,0,0]},"npc_dota_hero_axe":{"lastAbilityUpgraded":"","victory":true,"state":{"kills":0.004000000189989805,"towersLeft":1,"netWorth":0.0514799989759922,"xp":0.17753086984157562,"teamXp":0.11667283624410629,"teamDeaths":0.00800000037997961,"enemyTowersLeft":0.939393937587738,"deaths":0,"teamNetWorth":0.18166999518871307,"teamKills":0.01899999938905239},"lastItemPurchased":[0,0,0,0,0,0,0,0,0,0,0]},"npc_dota_hero_pudge":{"lastAbilityUpgraded":"","victory":false,"state":{"kills":0.004000000189989805,"towersLeft":0.939393937587738,"netWorth":0.018959999084472656,"xp":0.0541975311934948,"teamXp":0.07343209534883499,"teamDeaths":0.019999999552965164,"enemyTowersLeft":1,"deaths":0.007000000216066837,"teamNetWorth":0.09222999960184097,"teamKills":0.007000000216066837},"lastItemPurchased":[0,0,0,0,0,0,0,0,0,0,0]},"npc_dota_hero_mirana":{"lastAbilityUpgraded":"","victory":true,"state":{"kills":0.0010000000474974513,"towersLeft":1,"netWorth":0.02143000066280365,"xp":0.05836419761180878,"teamXp":0.11667283624410629,"teamDeaths":0.00800000037997961,"enemyTowersLeft":0.939393937587738,"deaths":0.0020000000949949026,"teamNetWorth":0.18166999518871307,"teamKills":0.01899999938905239},"lastItemPurchased":[0,0,0,0,0,0,0,0,0,0,0]},"npc_dota_hero_beastmaster":{"lastAbilityUpgraded":"","victory":false,"state":{"kills":0,"towersLeft":0.939393937587738,"netWorth":0.024460000917315483,"xp":0.10669752955436707,"teamXp":0.07343209534883499,"teamDeaths":0.019999999552965164,"enemyTowersLeft":1,"deaths":0.0010000000474974513,"teamNetWorth":0.09222999960184097,"teamKills":0.007000000216066837},"lastItemPurchased":[0,0,0,0,0,0,0,0,0,0,0]},"npc_dota_hero_obsidian_destroyer":{"lastAbilityUpgraded":"","victory":false,"state":{"kills":0.0020000000949949026,"towersLeft":0.939393937587738,"netWorth":0.028869999572634697,"xp":0.09854938089847565,"teamXp":0.07343209534883499,"teamDeaths":0.019999999552965164,"enemyTowersLeft":1,"deaths":0.0020000000949949026,"teamNetWorth":0.09222999960184097,"teamKills":0.007000000216066837},"lastItemPurchased":[0,0,0,0,0,0,0,0,0,0,0]},"npc_dota_hero_disruptor":{"lastAbilityUpgraded":"","victory":false,"state":{"kills":0,"towersLeft":0.939393937587738,"netWorth":0.0061900001019239426,"xp":0.03280864283442497,"teamXp":0.07343209534883499,"teamDeaths":0.019999999552965164,"enemyTowersLeft":1,"deaths":0.006000000052154064,"teamNetWorth":0.09222999960184097,"teamKills":0.007000000216066837},"lastItemPurchased":[0,0,0,0,0,0,0,0,0,0,0]},"npc_dota_hero_weaver":{"lastAbilityUpgraded":"","victory":true,"state":{"kills":0.012000000104308128,"towersLeft":1,"netWorth":0.05756000056862831,"xp":0.13024690747261047,"teamXp":0.11667283624410629,"teamDeaths":0.00800000037997961,"enemyTowersLeft":0.939393937587738,"deaths":0.0010000000474974513,"teamNetWorth":0.18166999518871307,"teamKills":0.01899999938905239},"lastItemPurchased":[0,0,0,0,0,0,0,0,0,0,0]}}}